tank_id,date,datetime_utc,vv,vh,angle
fukui_00,2017-02-16,1487278774030,5.545673822128886,-9.298099995173411,36.538036862182615
fukui_00,2017-02-28,1488315573000,5.947347416035717,-11.2191493765732,36.53647428687449
fukui_00,2017-03-12,1489352374000,5.616387810784749,-10.574744587033708,36.5307277534863
fukui_00,2017-03-24,1490389174380,5.747757331173058,-10.790787170783666,36.536022994685226
fukui_00,2017-04-05,1491425974840,5.729672044406609,-10.258561158513146,36.53602734344875
fukui_00,2017-04-17,1492462775450,5.1791872179473994,-9.746556629039155,36.53701348223931
fukui_00,2017-04-29,1493499575000,3.5067058500381063,-7.060158322036238,36.535901658750134
fukui_00,2017-05-11,1494536376000,4.1803270907210335,-6.941430508151095,36.52993750521152
fukui_00,2017-05-23,1495573177000,4.817248358199071,-6.466104955367679,36.53297772676675
fukui_00,2017-06-04,1496609978000,4.224917032719091,-7.4842968172457605,36.53457575646044
fukui_00,2017-06-16,1497646778000,4.121279925985653,-6.695849515143966,36.53829563182612
fukui_00,2017-06-28,1498683579000,4.325619254245286,-6.345997029638649,36.537164730069
fukui_00,2017-07-10,1499720379000,4.686106356250549,-6.545163511142031,36.53463091474669
fukui_00,2017-07-22,1500757180000,4.144923934762192,-6.294594332956979,36.5351357971241
fukui_00,2017-08-03,1501793981000,4.527269283210986,-6.401783359500108,36.53268926945982
fukui_00,2017-08-15,1502830782000,3.7831678232843475,-6.10364128747259,36.53727591253572
fukui_00,2017-08-27,1503867582000,3.9763258098595786,-6.204435800906686,36.5350113120517
fukui_00,2017-09-08,1504904382000,4.1239512842192205,-6.872827938969745,36.532918689674155
fukui_00,2017-09-20,1505941183000,4.267188502032084,-7.199562971967591,36.53105336701223
fukui_00,2017-10-02,1506977983000,4.5967964640761645,-7.583132947816618,36.53442884811082
fukui_00,2017-10-14,1508014783000,4.217848770485349,-7.369821750617569,36.53571638475296
fukui_00,2017-10-26,1509051584000,3.9087846807593145,-7.63991382811326,36.53334541921461
fukui_00,2017-11-07,1510088383000,4.364316466998043,-7.667566856751792,36.53344421284994
fukui_00,2017-11-19,1511125183000,4.345599250362239,-10.24852081610074,36.53067234260672
fukui_00,2017-12-01,1512161983000,4.298048269092896,-7.725451721052064,36.53397626270156
fukui_00,2017-12-13,1513198782000,4.6679839169318775,-8.784351009689379,36.535496714529145
fukui_00,2017-12-25,1514235582000,4.684019619409795,-8.874009155845258,36.53935476449819
fukui_00,2018-01-06,1515272381000,4.74293199255003,-9.165324920911885,36.53471325296406
fukui_00,2018-01-18,1516309181000,4.443663415398635,-9.899594087465248,36.529142695117166
fukui_00,2018-01-30,1517345980000,3.2792389632134085,-9.868606897842788,36.532317647880866
fukui_00,2018-02-11,1518382780000,0.43278233991021187,-10.128747436705192,36.532124905401155
fukui_00,2018-02-23,1519419580000,4.1594535805958355,-8.979754629017586,36.540490405121716
fukui_00,2018-03-07,1520456380000,4.379873294601689,-8.772749111900383,36.5445026072247
fukui_00,2018-03-19,1521493180000,4.824394711298603,-10.042239112307689,36.53686428523002
fukui_00,2018-03-31,1522529981000,4.7661532674575025,-9.273665848678478,36.53312604570582
fukui_00,2018-04-12,1523566781000,4.675509891556849,-9.985677780655642,36.53552265268692
fukui_00,2018-04-24,1524603582000,4.896488577457322,-7.508481444213769,36.53893486143533
fukui_00,2018-05-06,1525640382000,4.389424724933348,-8.558394619188949,36.537824812316494
fukui_00,2018-05-18,1526677183000,3.635687565445232,-8.105963655785052,36.536361091058005
fukui_00,2018-05-30,1527713983000,4.65660662566557,-5.227764083384141,36.538549247527655
fukui_00,2018-06-11,1528750784000,4.206802795358431,-5.837128259798321,36.53223922725447
fukui_00,2018-06-23,1529787585000,4.708618509952646,-6.393872230764933,36.535056124080725
fukui_00,2018-06-29,1530305934000,4.61551350187521,-5.522748827251462,36.56765678357895
fukui_00,2018-07-05,1530824385000,4.9253292601592875,-5.717608771106524,36.54283938924022
fukui_00,2018-07-17,1531861186000,5.1285211699412425,-5.860389414052817,36.538152338990834
fukui_00,2018-08-10,1533934788000,3.909049251606215,-5.541269998064503,36.53347869554646
fukui_00,2018-08-22,1534971588000,2.719493798782858,-7.640210044911536,36.53721166317906
fukui_00,2018-09-03,1536008389000,2.957970390236034,-8.240547907800982,36.534142095760856
fukui_00,2018-09-15,1537045189000,3.0164217330737166,-8.642500276275765,36.536476620224754
fukui_00,2018-09-27,1538081990000,3.182556860586645,-9.007573782894166,36.53379670915933
fukui_00,2018-10-09,1539118790000,3.021988588057738,-8.825976317052653,36.53248547519362
fukui_00,2018-10-21,1540155590000,3.2435040326041804,-8.560426426496347,36.5335052210163
fukui_00,2018-11-02,1541192390000,2.673479064736846,-9.67453260401628,36.53440776124127
fukui_00,2018-11-14,1542229190000,3.0575963503545003,-9.704351417899938,36.532577315585435
fukui_00,2018-11-26,1543265989000,2.7378435912825254,-8.825092372551202,36.53392096120819
fukui_00,2018-12-08,1544302789000,2.696721349853801,-9.34197237452337,36.53054281500167
fukui_00,2018-12-20,1545339589000,3.781300605122852,-9.919587657137924,36.53357243846394
fukui_00,2019-01-01,1546376388000,2.777234004288482,-8.773255532152293,36.53415652014253
fukui_00,2019-01-13,1547413188000,4.983669973422948,-9.22445492066077,36.537296276889606
fukui_00,2019-01-25,1548449987000,4.596183797497408,-8.893490046962166,36.53065325165809
fukui_00,2019-02-06,1549486787000,3.528915760712819,-9.288973276944041,36.53411374990125
fukui_00,2019-02-18,1550523587000,3.19514738420609,-9.19616565385812,36.530157292792495
fukui_00,2019-03-02,1551560387000,3.3714281401507624,-8.775962809982412,36.529325505618054
fukui_00,2019-03-14,1552597187000,3.3931421451216406,-7.6690229800569245,36.53950124372871
fukui_00,2019-03-26,1553633987000,4.71215649739597,-8.71853406475816,36.53604527716643
fukui_00,2019-04-07,1554670787000,5.350509596258157,-8.476895330979973,36.53315097377718
fukui_00,2019-04-19,1555707588000,5.150273023904542,-9.84933798909876,36.528444361146605
fukui_00,2019-05-01,1556744388000,3.914476511275188,-8.69117843784375,36.52801450144492
fukui_00,2019-05-13,1557781189000,5.023930086907431,-9.547078808621524,36.53682113037112
fukui_00,2019-05-25,1558817989000,5.419035843458295,-9.354821938320654,36.535616742057954
fukui_00,2019-06-06,1559854790000,5.297727343165233,-9.475852556347684,36.53789280468265
fukui_00,2019-06-18,1560891590000,5.155581093164761,-8.795746918371547,36.536522970861625
fukui_00,2019-06-30,1561928391000,5.120650405380039,-7.870352957252196,36.53231017134107
fukui_00,2019-07-12,1562965192000,5.115452868810103,-8.358579186198153,36.536089511747576
fukui_00,2019-07-24,1564001993000,5.2325206070874675,-8.625708773748885,36.53860169208196
fukui_00,2019-08-05,1565038794000,4.852598766873316,-8.602868682253145,36.537473399588414
fukui_00,2019-08-17,1566075594000,4.851943916580001,-9.139544035426775,36.53026881725232
fukui_00,2019-08-29,1567112395000,4.591882615946101,-8.313681300237977,36.53319787558502
fukui_00,2019-09-10,1568149195000,5.201884607466407,-9.051674747526171,36.537204363204665
fukui_00,2019-09-22,1569185996000,4.696744505205772,-8.933443712064324,36.533539700235394
fukui_00,2019-10-04,1570222796000,4.653054128618484,-8.374096199155169,36.53241437051692
fukui_00,2019-10-16,1571259596000,5.174257575814239,-9.522912270039262,36.53519499108976
fukui_00,2019-10-28,1572296396000,4.601971048729899,-9.086254362494081,36.5333706066369
fukui_00,2019-11-09,1573333196000,5.179869374168677,-9.059955996082396,36.53296812409063
fukui_00,2019-11-21,1574369996000,4.690299796835269,-9.57847934215702,36.53548537988107
fukui_00,2019-12-03,1575406796000,5.0808658716706585,-10.445930856796783,36.53595875648085
fukui_00,2019-12-15,1576443595000,4.270765825817224,-11.106219659611357,36.53064795543606
fukui_00,2019-12-27,1577480395000,4.447091309384205,-10.549158353180964,36.527395854783734
fukui_00,2020-01-08,1578517194000,4.281036404370791,-10.65417826602871,36.53057875415046
fukui_00,2020-01-20,1579553994000,4.088999773933075,-10.801781233760089,36.534709693984446
fukui_00,2020-02-01,1580590793000,3.773200278756269,-10.785370549108503,36.46224220271813
fukui_00,2020-02-13,1581627593000,3.437872227103687,-8.775305427054152,36.46216907850961
fukui_00,2020-02-25,1582664393000,4.584337576449773,-9.648568350809663,36.46104120149675
fukui_00,2020-03-08,1583701193000,3.4991697388637784,-9.440695901731772,36.45621415684506
fukui_00,2020-03-20,1584737993000,4.10766682601381,-9.200967319780673,36.46033909577944
fukui_00,2020-04-01,1585774793000,3.6602944533933632,-7.813357418019946,36.46732196868159
fukui_00,2020-04-13,1586811594000,4.143807328902026,-9.994060814661774,36.46544918277071
fukui_00,2020-04-25,1587848394000,4.315695349805446,-8.998972429251912,36.45986610386214
fukui_00,2020-05-07,1588885195000,5.225523191555399,-8.827380073544015,36.46294877631813
fukui_00,2020-05-19,1589921995000,5.127340914585447,-9.21515591390424,36.46244293713781
fukui_00,2020-05-31,1590958796000,4.607919282700052,-9.234983500587864,36.46575600179038
fukui_00,2020-06-12,1591995597000,4.039425564031686,-9.32574011589448,36.46290963561787
fukui_00,2020-06-24,1593032398000,5.218927441863153,-8.820223612013859,36.46202553586623
fukui_00,2020-07-06,1594069198000,2.755423186234793,-8.34671931359871,36.46284143189357
fukui_00,2020-07-18,1595105999000,5.05839831278222,-9.294671236327698,36.462379846921934
fukui_00,2020-07-30,1596142800000,4.8483256550689,-8.36096688413046,36.45915374614426
fukui_00,2020-08-11,1597179600000,5.185792526630005,-8.400973457407359,36.4628676140214
fukui_00,2020-08-23,1598216401000,4.332614047504054,-9.18258398051451,36.46216095818415
fukui_00,2020-09-04,1599253202000,3.8842546162223117,-9.369703073705274,36.4591618089965
fukui_00,2020-09-16,1600290002000,4.779134726333617,-8.965984023771327,36.46041705445157
fukui_00,2020-09-28,1601326803000,3.836950677686068,-8.799164547167237,36.459791025597326
fukui_00,2020-10-10,1602363603000,4.880732859379008,-8.951020994668454,36.45830990936248
fukui_00,2020-10-22,1603400403000,2.960120221407149,-9.863259922451823,36.462616134108174
fukui_00,2020-11-03,1604437203000,4.368359615518464,-9.663733620620944,36.45698008596916
fukui_00,2020-11-15,1605474003000,5.190172165610306,-11.098272637844914,36.45643080992038
fukui_00,2020-11-27,1606510802000,2.8165957510119575,-7.674734198327139,36.462762761810346
fukui_00,2020-12-09,1607547602000,4.0778787968184025,-8.469069517349373,36.460811803245406
fukui_00,2020-12-21,1608584401000,3.115003662163337,-8.624496672901076,36.4608459189787
fukui_00,2021-01-02,1609621201000,3.0598428621463327,-8.569931120841034,36.45689064500023
fukui_00,2021-01-14,1610658000000,4.411751210507957,-10.185001400510817,36.455303535157874
fukui_00,2021-01-26,1611694800000,4.7581862372117225,-9.370550136839286,36.455199679014726
fukui_00,2021-02-07,1612731599000,3.3049292469150946,-8.212929740660577,36.45803448761145
fukui_00,2021-02-19,1613768399000,4.258066041315104,-9.311060242221055,36.465820496170615
fukui_00,2021-03-03,1614805199000,4.424941408623252,-8.499186424324094,36.468048142125376
fukui_00,2021-03-15,1615841999000,4.367467526466626,-9.682963630678174,36.462144692315924
fukui_00,2021-03-27,1616878799000,4.27803071832146,-9.887680018936686,36.46095715597616
fukui_00,2021-04-08,1617915599000,4.581557004940167,-9.703045777616756,36.46416930379852
fukui_00,2021-04-20,1618952400000,4.847539827995721,-9.541900210865709,36.46578578714005
fukui_00,2021-05-02,1619989200000,3.995468709657041,-8.70430710764402,36.46770312146444
fukui_00,2021-05-14,1621026001000,4.62793165078509,-10.707858426739135,36.46338549694877
fukui_00,2021-05-26,1622062802000,3.4720996238467827,-7.459972529036583,36.45997638789022
fukui_00,2021-06-07,1623099602000,3.473520610554213,-7.096554805715159,36.46178629314634
fukui_00,2021-06-19,1624136403000,3.5398665611167797,-7.238680708683705,36.464276837845595
fukui_00,2021-07-01,1625173204000,3.586237486356116,-6.920094124650228,36.46284057990145
fukui_00,2021-07-13,1626210005000,4.100001552366672,-6.809041961262478,36.46395379737591
fukui_00,2021-07-25,1627246805000,3.5001033318956027,-7.769123950989935,36.46639633281284
fukui_00,2021-08-06,1628283606000,3.4378130827151594,-7.830110016583012,36.46122027125229
fukui_00,2021-08-18,1629320407000,3.151785127390487,-7.5080270907884055,36.46287685648601
fukui_00,2021-08-30,1630357207000,3.7455221420238973,-7.913154174648739,36.464554013698695
fukui_00,2021-09-11,1631394008000,3.211420746454874,-9.385137084507498,36.461174258977664
fukui_00,2021-09-23,1632430808000,3.305128859223796,-7.847848359796635,36.45889792175294
fukui_00,2021-10-05,1633467608000,3.557288233601992,-8.00495385759517,36.45868339518296
fukui_00,2021-10-17,1634504409000,3.2940153451321237,-7.961608431706979,36.45830257628263
fukui_00,2021-10-29,1635541208000,3.7979899154147914,-8.346094239015097,36.45990076585713
fukui_00,2021-11-22,1637614808000,3.6637669680727356,-8.36072487893568,36.456099276464094
fukui_00,2021-12-04,1638651607000,3.6291528102989803,-9.588960341309182,36.455580438595575
fukui_00,2021-12-16,1639688407000,2.899753126242455,-8.82393991326129,36.45635473306541
fukui_00,2021-12-28,1640725206000,3.680890697683941,-8.803030368459442,36.46488890730212
fukui_00,2022-01-09,1641762006000,3.7216298800367618,-9.330028148759771,36.46054580622971
fukui_00,2022-01-21,1642798805000,4.155815026847872,-8.886449444488418,36.45845274016179
fukui_00,2022-02-02,1643835604000,3.5568437854084394,-8.440711565140624,36.46245791086562
fukui_00,2022-02-14,1644872405000,3.9760106704303895,-8.855139585506056,36.4580167055645
fukui_00,2022-02-26,1645909204000,4.040426685728372,-9.327195366125283,36.45950219362778
fukui_00,2022-03-10,1646946004000,4.0055160198393605,-8.89725263316711,36.46523214583039
fukui_00,2022-03-22,1647982805000,4.581712945320986,-8.960954017983564,36.462839022179324
fukui_00,2022-04-03,1649019605000,4.498629121647885,-8.513561093710008,36.46005902568615
fukui_00,2022-04-15,1650056405000,3.8025363708820823,-9.492376839440002,36.462708509050394
fukui_00,2022-04-27,1651093206000,4.009988115155534,-8.357059390996469,36.46088478023242
fukui_00,2022-05-09,1652130006000,4.284329658620004,-9.477183165870878,36.46546452281462
fukui_00,2022-05-21,1653166807000,3.482733407425368,-7.354998152665198,36.468672788263206
fukui_00,2022-06-02,1654203608000,3.985500122655404,-7.949099255065427,36.461732523781926
fukui_00,2022-06-14,1655240409000,3.606618985539595,-8.049741233327705,36.46310409837161
fukui_00,2022-06-26,1656277210000,4.391688309945156,-7.39087240818118,36.45690802915849
fukui_00,2022-07-08,1657314010000,4.397389992663881,-7.072232520045642,36.46201490239405
fukui_00,2022-07-20,1658350811000,4.057408908434431,-7.449885384102976,36.4641787066183
fukui_00,2022-08-01,1659387612000,4.489025739531628,-6.880805531423573,36.46172361526899
fukui_00,2022-08-13,1660424413000,3.8401782152627315,-7.460669119439327,36.46138274267963
fukui_00,2022-08-25,1661461213000,3.705801918046159,-7.293757342210345,36.46206254415029
fukui_00,2022-09-06,1662497988000,4.044612758191488,-9.166669938680103,36.53111553404367
fukui_00,2022-09-18,1663534814000,4.457196079224556,-7.7740867152378135,36.46919713468634
fukui_00,2022-09-30,1664571615000,4.142277636788879,-7.754505413285335,36.457895977332356
fukui_00,2022-10-12,1665608414000,4.320943107263055,-8.837482889710962,36.46634467408575
fukui_00,2022-10-24,1666645215000,4.521585667603407,-9.115588558154007,36.45814851007033
fukui_00,2022-11-05,1667682014000,4.532704718218845,-8.345187666815542,36.464021443810154
fukui_00,2022-11-17,1668718814000,4.077198291220704,-8.300314785287414,36.46329092832063
fukui_00,2022-11-29,1669755614000,4.155226762768595,-8.777750675004006,36.45885589806966
fukui_00,2022-12-11,1670792413000,4.450343284260784,-9.879493007775904,36.4557051263068
fukui_00,2022-12-23,1671829212000,4.443315030545997,-7.777510137117064,36.45541450181745
fukui_00,2023-01-04,1672866012000,4.257747086689641,-8.889595719566387,36.46075781351727
fukui_00,2023-01-16,1673902811000,4.475801909740709,-8.27823056564279,36.47286237887484
fukui_00,2023-01-28,1674939611000,3.776172146668999,-6.954119612929233,36.45588413165634
fukui_00,2023-02-09,1675976410000,4.702773478872311,-9.13337188447087,36.46429268144155
fukui_00,2023-02-21,1677013210000,4.618134510098077,-9.406196966262677,36.46637473574368
fukui_00,2023-03-05,1678050010000,4.350670811512272,-8.704341957136903,36.45750310455178
fukui_00,2023-03-17,1679086810000,4.490831437383006,-6.8845748183505275,36.46845342779402
fukui_00,2023-03-29,1680123610000,4.6238848134697115,-7.84660841869178,36.47125302346339
fukui_00,2023-04-10,1681160411000,4.501504132263557,-8.787322820902062,36.459666119822835
fukui_00,2023-04-22,1682197211000,4.49051448339508,-8.465459397890097,36.460420928850155
fukui_00,2023-05-04,1683234012000,4.44080064718458,-7.590759284841296,36.45705518890203
fukui_00,2023-05-16,1684270813000,3.9552143191812723,-7.370076833016664,36.45585056843454
fukui_00,2023-05-28,1685307613000,5.2378250837810265,-5.489672329252463,36.458143382923645
fukui_00,2023-06-09,1686344413000,4.048353254850039,-7.386836600743898,36.46755880934643
fukui_00,2023-06-21,1687381214000,4.236585240845088,-6.845475491349993,36.46959792818633
fukui_00,2023-07-03,1688418015000,4.8145813235934645,-6.5088941379615886,36.460055964442915
fukui_00,2023-07-15,1689454816000,5.338364242071916,-10.170236793210368,36.45702539087776
fukui_00,2023-07-27,1690491617000,4.364214715900804,-10.14791589383697,36.46214056548504
fukui_00,2023-08-08,1691528417000,4.969846463733144,-9.246002076514376,36.47593789906357
fukui_00,2023-08-20,1692565218000,4.833148621898619,-10.161561301438374,36.46646940138057
fukui_00,2023-09-01,1693602019000,4.12240091677644,-9.869702323046887,36.459313144099646
fukui_00,2023-09-13,1694638819000,4.702397900457056,-9.792913349902102,36.46465437818943
fukui_00,2023-09-25,1695675620000,5.685272859531585,-6.494220634176985,36.457726198927816
fukui_00,2023-10-07,1696712419000,5.424835519380792,-7.1157549163291,36.461892878105964
fukui_00,2023-10-19,1697749220000,4.9790103979434495,-6.58008961113526,36.456973773948235
fukui_00,2023-10-31,1698786019000,3.759017712002645,-7.575895979101396,36.46126280509387
fukui_00,2023-11-12,1699822819000,4.36539322507781,-9.338226117072749,36.45592647705079
fukui_00,2023-11-24,1700859618000,4.447664160619241,-9.365023062193254,36.47036312668487
fukui_00,2023-12-06,1701896418000,3.4534170126041523,-9.349407371062975,36.46349819119532
fukui_00,2023-12-18,1702933217000,3.7487142317947693,-9.919075709176862,36.46257672234795
fukui_00,2023-12-30,1703970017000,3.3143232633410658,-9.665564974895629,36.4576543827857
fukui_00,2024-01-11,1705006816000,4.297252837235456,-8.43709623296116,36.45742440979562
fukui_00,2024-01-23,1706043616000,3.042557236012895,-9.138572287153709,36.459625017293305
fukui_00,2024-02-04,1707080415000,4.767058566249043,-8.584408776478211,36.4629822591363
fukui_00,2024-02-16,1708117215000,4.881588415371911,-9.116462839351884,36.46370792108349
fukui_00,2024-02-28,1709154015000,5.069105337304692,-8.826125931326569,36.464136653193435
fukui_00,2024-03-11,1710190815000,4.176034534620377,-9.185496035685103,36.46318685561941
fukui_00,2024-03-23,1711227616000,4.570991621648118,-9.32783316959448,36.46405878608761
fukui_00,2024-04-04,1712264416000,4.522424760233677,-10.263274116413706,36.46201431187881
fukui_00,2024-04-16,1713301216000,5.190302588424469,-9.269012229081595,36.46391602736877
fukui_00,2024-04-28,1714338017000,5.845649328438586,-8.952292615473855,36.457322190197246
fukui_00,2024-05-10,1715374817000,5.463048630571828,-8.681797786817144,36.4517193534987
fukui_00,2024-05-22,1716411616000,4.947707347160226,-8.72780240515052,36.452972275140084
fukui_00,2024-06-03,1717448416000,4.938172476992481,-8.7019849763634,36.44683853899183
fukui_00,2024-06-15,1718485216000,5.101729114579155,-8.708711101911849,36.44732262016961
fukui_00,2024-07-09,1720558815000,6.170642657390327,-10.011209996535301,36.453115653276576
fukui_00,2024-07-21,1721595614000,6.142010623528278,-9.218096981373757,36.45181246941757
fukui_00,2024-08-02,1722632414000,6.182787238681615,-9.450323238501145,36.44997633039747
fukui_00,2024-08-14,1723669214000,4.4922290996978775,-9.059995631420241,36.46489112498528
fukui_00,2024-08-26,1724706015000,5.705283515460417,-10.258490377996736,36.46100680273543
fukui_00,2024-09-07,1725742815000,5.46046819213785,-11.059504271945977,36.463918466031075
fukui_00,2024-09-19,1726779615000,4.272573086965902,-9.237931192302828,36.46384016536775
fukui_00,2024-10-01,1727816415000,4.7962232748574465,-8.724594779500192,36.469027490929406
fukui_00,2024-10-13,1728853216000,5.124819628297788,-9.47018974454845,36.46104743616576
fukui_00,2024-10-25,1729890015000,4.573847856253281,-9.657358578438268,36.474061333885466
fukui_00,2024-11-06,1730926815000,5.087478014556554,-9.88802319829805,36.46153567955276
fukui_00,2024-11-18,1731963615000,5.74708868348255,-10.860797011095253,36.4542602441692
fukui_00,2024-12-12,1734037213000,3.5071806555680367,-9.604792492688958,36.45286342104966
fukui_00,2024-12-24,1735074012000,5.225919782129852,-11.391672345773362,36.45989215557394
fukui_00,2025-01-05,1736110811000,4.448320623983074,-10.247637411021453,36.45560368969157
fukui_00,2025-01-17,1737147610000,5.45998627268852,-10.179069636864465,36.4586877588533
fukui_00,2025-01-29,1738184409000,5.46246645382465,-11.82483958588732,36.45493680351367
fukui_00,2025-02-10,1739221209000,4.333423913614495,-11.181549728278322,36.45580069455702
fukui_00,2025-02-22,1740258008000,5.022292750203382,-9.939438745344406,36.46396348222774
fukui_00,2025-03-06,1741294808000,5.630332686095057,-8.54157406898265,36.46362237357331
fukui_00,2025-03-18,1742331608000,5.592286433918505,-11.017978342926805,36.463345444654315
fukui_00,2025-03-30,1743368409000,5.734620157193408,-9.870107337808395,36.45358292785385
fukui_00,2025-04-11,1744405209000,5.466963802582752,-11.034152449190863,36.464241200161325
fukui_00,2025-04-23,1745442009000,4.4324913646894455,-11.70124378044362,36.45810459815156
fukui_00,2025-05-05,1746478809000,6.202226717623632,-11.011480096452587,36.455842986739135
fukui_00,2025-05-17,1747515609000,6.435667740201698,-9.557744191694933,36.45327889275769
fukui_00,2025-05-29,1748552408000,5.53577084461089,-10.047909559922926,36.4484016096748
fukui_00,2025-06-10,1749589208000,4.57290505854041,-10.276467511140396,36.44510120498037
fukui_00,2025-06-22,1750626007000,10.87842967828634,-6.898843701679726,36.444581216446906
fukui_00,2025-07-04,1751662806000,5.204868488320582,-9.98839601474331,36.45172545807222
fukui_00,2025-07-16,1752699606000,5.143569655849805,-9.24229053711514,36.45353789483348
fukui_00,2025-07-28,1753736405000,4.882185513177549,-9.188084622001353,36.454340003482564
fukui_00,2025-08-09,1754773205000,4.862059360168561,-10.242324776530422,36.45284797096154
fukui_00,2025-08-21,1755810005000,5.4257707524587895,-9.937360597305466,36.45809543082056
fukui_00,2025-09-02,1756846805000,4.478048098246174,-9.942342585580317,36.46248018438723
fukui_00,2025-09-14,1757883606000,5.262010159582262,-9.640028249674362,36.463513670662394
fukui_00,2025-09-26,1758920406000,5.676777992748923,-10.569222951713913,36.46630253285557
fukui_00,2025-10-08,1759957207000,6.148567128879595,-9.694968599619651,36.45310764123697
fukui_00,2025-10-20,1760994006000,5.433589041729054,-9.115150189150388,36.45968459746025
fukui_00,2025-11-01,1762030806000,5.528385243561863,-10.649194279511102,36.45690999945028
fukui_00,2025-11-13,1763067605000,5.550619802698057,-8.688354112534109,36.46038057869822
fukui_00,2025-11-25,1764104404000,5.282333990307458,-9.75500870114194,36.455514155556486
fukui_00,2025-12-07,1765141203000,5.95362178508986,-9.406337286511105,36.449301079807135
fukui_00,2025-12-19,1766178002000,5.180095698893837,-8.614643461237954,36.45067734752775
fukui_00,2025-12-31,1767214801000,4.588037183019153,-10.321967103339661,36.455278784782905
fukui_00,2026-01-12,1768251600000,5.75592339899971,-8.56813200874153,36.45690774763287
fukui_00,2026-01-24,1769288398000,6.86610890699804,-6.972412722205321,36.4648471080296
fukui_00,2026-02-17,1771361997000,5.358984203442338,-9.686886181352417,36.45967836792895
fukui_00,2026-03-01,1772398797000,5.139478434853665,-8.864618276425968,36.45932784174303
fukui_00,2026-03-13,1773435597000,5.050428844240612,-9.191208597768247,36.463258308848644
fukui_00,2026-03-25,1774472398000,5.4323056681999535,-9.614159964044829,36.46310516964353
fukui_00,2026-04-06,1775509198000,5.765884703840137,-9.430190899054917,36.459248872199815
fukui_00,2026-04-18,1776545998000,5.776500294920555,-8.591378636407386,36.45112073749169
fukui_00,2026-04-30,1777582797000,6.3269097142077415,-9.944756569763156,36.44949856593274
fukui_00,2026-05-12,1778619597000,5.810854994430157,-8.492678922833731,36.45122427204312
fukui_01,2017-02-16,1487278774030,4.978122896121771,-9.9557461784428,36.52810694477545
fukui_01,2017-02-28,1488315573000,5.894616582964742,-9.097741645275983,36.52651359499743
fukui_01,2017-03-12,1489352374000,4.8107629536672665,-9.978426760506977,36.52075720987731
fukui_01,2017-03-24,1490389174380,4.8018922630457315,-8.924581965621812,36.526178435149326
fukui_01,2017-04-05,1491425974840,5.068938269184562,-9.57530046763672,36.52613117370606
fukui_01,2017-04-17,1492462775450,6.085884337647111,-8.643553713096573,36.52707977929681
fukui_01,2017-04-29,1493499575000,5.823785318775663,-9.780873839132722,36.52594944744257
fukui_01,2017-05-11,1494536376000,5.93260913556273,-10.266269193389729,36.52000557439143
fukui_01,2017-05-23,1495573177000,5.972033187747388,-10.410686382275602,36.52303694051975
fukui_01,2017-06-04,1496609978000,5.644888931497169,-9.47118289237319,36.52471042689631
fukui_01,2017-06-16,1497646778000,5.000581430958609,-9.258416964648886,36.52838538264596
fukui_01,2017-06-28,1498683579000,4.6104463098749955,-9.479190704269785,36.52723045400464
fukui_01,2017-07-10,1499720379000,5.396536646076073,-10.432534598228317,36.52470651647592
fukui_01,2017-07-22,1500757180000,5.608033777732439,-11.546826544454243,36.525201365005145
fukui_01,2017-08-03,1501793981000,4.542960467443756,-10.611845783940113,36.522847658918565
fukui_01,2017-08-15,1502830782000,4.081322741860022,-11.869422122282751,36.52740161111055
fukui_01,2017-08-27,1503867582000,4.8829540254617925,-13.123760648201934,36.52507563113022
fukui_01,2017-09-08,1504904382000,3.506965169758195,-11.593976693540196,36.52306695274929
fukui_01,2017-09-20,1505941183000,4.610779525755258,-11.669757529016804,36.52112193804796
fukui_01,2017-10-02,1506977983000,5.04104564183837,-11.489944066215054,36.524492361567745
fukui_01,2017-10-14,1508014783000,5.127302964842338,-12.236828652928338,36.52574255946088
fukui_01,2017-10-26,1509051584000,4.874036646687117,-10.196223421744786,36.523470983442095
fukui_01,2017-11-07,1510088383000,4.1840146946072325,-10.719597204081065,36.52347472433882
fukui_01,2017-11-19,1511125183000,6.249282610751298,-9.678674273837826,36.520771615211174
fukui_01,2017-12-01,1512161983000,8.385507093456638,-9.684221614659297,36.5241197239962
fukui_01,2017-12-13,1513198782000,5.06837020317703,-9.426228975473341,36.52553198275449
fukui_01,2017-12-25,1514235582000,6.342511355474623,-9.881180204181513,36.52945125253897
fukui_01,2018-01-06,1515272381000,3.538534346853663,-9.434308105915516,36.52479937331609
fukui_01,2018-01-18,1516309181000,5.504803505933859,-10.608308331646418,36.519282447529534
fukui_01,2018-01-30,1517345980000,4.587044139919849,-9.692002997952201,36.522455241208625
fukui_01,2018-02-11,1518382780000,1.6330460254603325,-8.54481793043254,36.52224800234936
fukui_01,2018-02-23,1519419580000,4.0124566728525695,-9.6204304573794,36.530600005505136
fukui_01,2018-03-07,1520456380000,5.8261508076085,-10.55538724578813,36.53458879710382
fukui_01,2018-03-19,1521493180000,5.417176615169474,-8.268501259809428,36.5269636664131
fukui_01,2018-03-31,1522529981000,3.901352180863915,-13.23770865140686,36.523259396291486
fukui_01,2018-04-12,1523566781000,3.3360010540880967,-9.735352566025139,36.525608195491905
fukui_01,2018-04-24,1524603582000,4.604373201038129,-9.265541424249042,36.52898932609882
fukui_01,2018-05-06,1525640382000,3.7205498314020606,-9.11149908774538,36.527883373323036
fukui_01,2018-05-18,1526677183000,4.584694890656475,-10.761203634520237,36.52641811090733
fukui_01,2018-05-30,1527713983000,4.253602070091437,-11.629222392637761,36.528675685748595
fukui_01,2018-06-11,1528750784000,4.6088703701702585,-9.10705956978944,36.52229691268038
fukui_01,2018-06-23,1529787585000,4.478256661496506,-11.37854448870842,36.52510164958477
fukui_01,2018-06-29,1530305934000,4.736899542678266,-11.797398350464547,36.55775279480772
fukui_01,2018-07-05,1530824385000,4.413464461186245,-10.243688971031343,36.5329392498911
fukui_01,2018-07-17,1531861186000,3.9604951453276374,-11.273003437793617,36.52823841425889
fukui_01,2018-08-10,1533934788000,4.064134459301835,-13.076072633868845,36.52353631973774
fukui_01,2018-08-22,1534971588000,4.14687413174213,-11.826799551731062,36.52733162536138
fukui_01,2018-09-03,1536008389000,4.260077882493594,-10.917418060198994,36.52418607383183
fukui_01,2018-09-15,1537045189000,4.153672768508519,-11.619632645122904,36.52660334770954
fukui_01,2018-09-27,1538081990000,3.479106116191533,-11.835196723461152,36.52389529195885
fukui_01,2018-10-09,1539118790000,2.4424133239793817,-7.792447312659569,36.5225846553428
fukui_01,2018-10-21,1540155590000,3.7795821386546136,-9.012015759640876,36.52365878698195
fukui_01,2018-11-02,1541192390000,2.9409088984173093,-11.196431265300651,36.52451443454389
fukui_01,2018-11-14,1542229190000,2.5529608783557514,-10.151705109550903,36.52268091769604
fukui_01,2018-11-26,1543265989000,3.164927104808846,-12.307956292007823,36.52403749074369
fukui_01,2018-12-08,1544302789000,3.116942768482875,-9.146147429267108,36.52060861910807
fukui_01,2018-12-20,1545339589000,2.7561237134745302,-11.514021867592364,36.52369224329897
fukui_01,2019-01-01,1546376388000,7.0300204356882015,-9.58150451112768,36.52419931832043
fukui_01,2019-01-13,1547413188000,4.526028958030731,-9.11139101698996,36.5274553941533
fukui_01,2019-01-25,1548449987000,4.691976267788395,-8.661498232759682,36.52069589756695
fukui_01,2019-02-06,1549486787000,3.9098169061361534,-9.407129585019641,36.52418398709589
fukui_01,2019-02-18,1550523587000,4.271630189680544,-8.982519014979001,36.520193201111326
fukui_01,2019-03-02,1551560387000,4.177722163104784,-9.267246106679927,36.519349186925346
fukui_01,2019-03-14,1552597187000,4.734174108328449,-9.22696223043773,36.52953446660615
fukui_01,2019-03-26,1553633987000,3.835444332959181,-9.470688743681757,36.52607223276241
fukui_01,2019-04-07,1554670787000,4.664970788353659,-9.931263377953195,36.523201193578736
fukui_01,2019-04-19,1555707588000,4.455465469337735,-10.40123934548648,36.51856938712489
fukui_01,2019-05-01,1556744388000,4.284761882256604,-9.909351083019676,36.51805570987946
fukui_01,2019-05-13,1557781189000,4.029729494240048,-9.454632721109219,36.526868633689645
fukui_01,2019-05-25,1558817989000,3.84813960570693,-9.91061158969178,36.52566851773373
fukui_01,2019-06-06,1559854790000,3.4766395565123966,-9.710245139111779,36.527946685399264
fukui_01,2019-06-18,1560891590000,3.9409017639092743,-8.98516412761929,36.5265737064084
fukui_01,2019-06-30,1561928391000,4.359572543680923,-8.966454232967212,36.522341651350175
fukui_01,2019-07-12,1562965192000,4.146936125329603,-8.759302192704629,36.52614792926653
fukui_01,2019-07-24,1564001993000,4.526977655691725,-8.0030277203983,36.52867080496003
fukui_01,2019-08-05,1565038794000,4.234598704680959,-8.78675835715932,36.527523509207356
fukui_01,2019-08-17,1566075594000,4.197125457726411,-8.1400988702711,36.5203879311309
fukui_01,2019-08-29,1567112395000,4.395475267364476,-9.600238816705547,36.52322970490681
fukui_01,2019-09-10,1568149195000,4.181846542923724,-8.754382396454913,36.52730866774035
fukui_01,2019-09-22,1569185996000,4.272664700125188,-7.140612612450433,36.5236958893424
fukui_01,2019-10-04,1570222796000,5.290267986910631,-6.81709629751327,36.52256498616538
fukui_01,2019-10-16,1571259596000,4.163952665155184,-7.472563974342543,36.525253163204525
fukui_01,2019-10-28,1572296396000,5.3687575676076476,-6.911692514278904,36.52349730265344
fukui_01,2019-11-09,1573333196000,4.94288143583324,-7.89840316527113,36.52309427332146
fukui_01,2019-11-21,1574369996000,4.811173519653031,-7.396500232463673,36.52555956375803
fukui_01,2019-12-03,1575406796000,4.511240365429077,-6.838465101278425,36.526082541780795
fukui_01,2019-12-15,1576443595000,3.8148095798041974,-8.337965700366004,36.52069015422642
fukui_01,2019-12-27,1577480395000,4.7778109823965655,-8.780725903231541,36.51748812147912
fukui_01,2020-01-08,1578517194000,5.102219671569708,-8.500913331782453,36.520726892599285
fukui_01,2020-01-20,1579553994000,4.987831534870133,-8.81427228473757,36.524805069477146
fukui_01,2020-02-01,1580590793000,4.705225464461345,-8.271304337908015,36.45231741997667
fukui_01,2020-02-13,1581627593000,5.019933228317482,-8.320891682317255,36.45221399861979
fukui_01,2020-02-25,1582664393000,5.419587207759796,-7.342164085314264,36.45112400413095
fukui_01,2020-03-08,1583701193000,4.647822982031567,-8.59482904491291,36.446289232245405
fukui_01,2020-03-20,1584737993000,5.023381276043649,-8.536426562438157,36.45049115675915
fukui_01,2020-04-01,1585774793000,6.476018318621945,-8.13996019187426,36.45747268410826
fukui_01,2020-04-13,1586811594000,5.081351076694151,-8.584632511046928,36.455557925675336
fukui_01,2020-04-25,1587848394000,5.4476214227480835,-8.359652647813155,36.44987630250124
fukui_01,2020-05-07,1588885195000,4.74201021177365,-8.781809377486512,36.453025024905756
fukui_01,2020-05-19,1589921995000,5.441776957002748,-8.038143891165053,36.45248959683078
fukui_01,2020-05-31,1590958796000,5.453848147970466,-9.478648933086202,36.45574737149617
fukui_01,2020-06-12,1591995597000,4.314698507431189,-8.570731201901099,36.4529995528916
fukui_01,2020-06-24,1593032398000,5.580514654800389,-9.426592660630082,36.45202689401261
fukui_01,2020-07-06,1594069198000,6.093452595866746,-10.188490885859595,36.45286590539958
fukui_01,2020-07-18,1595105999000,5.698137065080879,-7.822772408845894,36.45247194632769
fukui_01,2020-07-30,1596142800000,6.0524419697506024,-8.576587165244149,36.44925027571877
fukui_01,2020-08-11,1597179600000,5.048884200894383,-8.067899718341499,36.452955650866755
fukui_01,2020-08-23,1598216401000,4.12371911364316,-9.283596587828898,36.45223791041004
fukui_01,2020-09-04,1599253202000,5.2031549879007075,-8.40538917411821,36.449198688302396
fukui_01,2020-09-16,1600290002000,5.19061213158804,-9.571809429559572,36.45043799159769
fukui_01,2020-09-28,1601326803000,5.201344046350238,-8.337876807961402,36.44981995798317
fukui_01,2020-10-10,1602363603000,4.917781600232435,-10.549572197758867,36.448318519733355
fukui_01,2020-10-22,1603400403000,3.9282918616420717,-9.5814747379141,36.45270120071428
fukui_01,2020-11-03,1604437203000,4.6171645791687785,-8.202024637566948,36.447021147545364
fukui_01,2020-11-15,1605474003000,4.1607248859235915,-8.76497623461776,36.44647298547634
fukui_01,2020-11-27,1606510802000,4.054397801152085,-9.363048038468737,36.452752149263205
fukui_01,2020-12-09,1607547602000,5.2159069376730365,-9.42588884353139,36.45081963200429
fukui_01,2020-12-21,1608584401000,7.675139656520487,-9.212904459585612,36.4508988309799
fukui_01,2021-01-02,1609621201000,4.956976277276866,-9.001545379667814,36.44691709863891
fukui_01,2021-01-14,1610658000000,4.877085116002222,-8.664040710543315,36.445295076908536
fukui_01,2021-01-26,1611694800000,6.288300977892934,-9.897362615273284,36.445311207224655
fukui_01,2021-02-07,1612731599000,5.122500071481941,-8.4843743566617,36.44806795737146
fukui_01,2021-02-19,1613768399000,4.7381105964442956,-8.218809117871801,36.45590532004226
fukui_01,2021-03-03,1614805199000,4.398707490272359,-8.741373976279807,36.458161050369625
fukui_01,2021-03-15,1615841999000,5.12356757327644,-9.13347735263014,36.45222126132752
fukui_01,2021-03-27,1616878799000,4.959536447012234,-8.263459435134338,36.451068675856284
fukui_01,2021-04-08,1617915599000,4.736231111213312,-9.354683687010416,36.454216952772434
fukui_01,2021-04-20,1618952400000,4.753797470045655,-9.026169007234444,36.45580524061092
fukui_01,2021-05-02,1619989200000,4.819725224131958,-8.196094419675802,36.45771124104787
fukui_01,2021-05-14,1621026001000,5.072319744469488,-10.258613109980454,36.453472493651965
fukui_01,2021-05-26,1622062802000,4.326504820394093,-8.985184105754177,36.450056259070585
fukui_01,2021-06-07,1623099602000,4.0667395798603305,-8.729794366363507,36.451866668296965
fukui_01,2021-06-19,1624136403000,5.055010649476603,-8.039552975371251,36.454319816010305
fukui_01,2021-07-01,1625173204000,5.238969542836803,-9.90007635436395,36.45293073181007
fukui_01,2021-07-13,1626210005000,5.350013557401966,-8.902911903281204,36.45400192831127
fukui_01,2021-07-25,1627246805000,4.38057675558114,-9.786169740879298,36.45646130247289
fukui_01,2021-08-06,1628283606000,4.908452438635477,-9.654003465327653,36.45135098978678
fukui_01,2021-08-18,1629320407000,5.383105151078808,-9.932516456911015,36.45292691627949
fukui_01,2021-08-30,1630357207000,4.544960553893653,-9.589126012611946,36.45456570189102
fukui_01,2021-09-11,1631394008000,4.973522370336409,-9.931239709856097,36.451241996588486
fukui_01,2021-09-23,1632430808000,5.277919345493756,-9.608302915519523,36.44897824874214
fukui_01,2021-10-05,1633467608000,4.744668790550566,-9.337834778654656,36.44870607022017
fukui_01,2021-10-17,1634504409000,5.551578602964056,-10.101723076298713,36.44838847078236
fukui_01,2021-10-29,1635541208000,3.287061037456723,-9.338112555406619,36.44993430555807
fukui_01,2021-11-22,1637614808000,5.672644534439626,-9.199941509923775,36.44627558206754
fukui_01,2021-12-04,1638651607000,4.968214622853228,-10.445433396242676,36.445682426352334
fukui_01,2021-12-16,1639688407000,4.6485337949769985,-8.780120309231032,36.446387310912286
fukui_01,2021-12-28,1640725206000,4.877554296123613,-9.682012015144961,36.45498924275588
fukui_01,2022-01-09,1641762006000,4.997740457168605,-9.71852820106866,36.45065300611224
fukui_01,2022-01-21,1642798805000,3.7534048940111266,-9.800718075794652,36.44856439929192
fukui_01,2022-02-02,1643835604000,5.014246178226653,-8.978684300579324,36.45250263173574
fukui_01,2022-02-14,1644872405000,4.094927284959349,-10.401148366138477,36.44807072508926
fukui_01,2022-02-26,1645909204000,4.786634470450626,-10.31744710330703,36.449602565679584
fukui_01,2022-03-10,1646946004000,3.972840658804936,-9.886823543828132,36.455319238822234
fukui_01,2022-03-22,1647982805000,4.255094317115473,-10.125879228895027,36.452950486493954
fukui_01,2022-04-03,1649019605000,4.755305249834548,-9.557800030925126,36.4501795154911
fukui_01,2022-04-15,1650056405000,5.148623433434749,-10.18651814168814,36.452798040343765
fukui_01,2022-04-27,1651093206000,4.169798565013397,-9.820121822551489,36.4509857784848
fukui_01,2022-05-09,1652130006000,4.872132670771059,-10.895643858758463,36.455481201220486
fukui_01,2022-05-21,1653166807000,5.011367238333689,-9.740008219168756,36.45876348346284
fukui_01,2022-06-02,1654203608000,4.834920621440943,-10.876586865055796,36.45177646289803
fukui_01,2022-06-14,1655240409000,3.935248308107183,-9.030439313889458,36.45316887866445
fukui_01,2022-06-26,1656277210000,5.242839155523508,-11.711810958374507,36.44704938896652
fukui_01,2022-07-08,1657314010000,5.43032824329254,-10.96273817668633,36.45210702970857
fukui_01,2022-07-20,1658350811000,4.82673289175315,-10.715719391041217,36.454206273808275
fukui_01,2022-08-01,1659387612000,4.637092617711231,-11.454873504031887,36.45179283815392
fukui_01,2022-08-13,1660424413000,3.5875471110700445,-9.879347382682553,36.4514640332805
fukui_01,2022-08-25,1661461213000,3.7631908280213433,-10.603419998038206,36.452153490497295
fukui_01,2022-09-06,1662497988000,3.1768184661545953,-11.005424425420404,36.52122575828585
fukui_01,2022-09-18,1663534814000,3.6637552051825963,-9.722451369956126,36.459284595126114
fukui_01,2022-09-30,1664571615000,4.122161451708817,-9.868169513497303,36.4479380726529
fukui_01,2022-10-12,1665608414000,3.6604137097595695,-10.250742023004058,36.45643146291693
fukui_01,2022-10-24,1666645215000,4.495882722771758,-10.931659256697566,36.44829019725401
fukui_01,2022-11-05,1667682014000,2.981834129298799,-10.908208131336512,36.454032133793625
fukui_01,2022-11-17,1668718814000,4.18029863782206,-11.062701235465608,36.453305853455305
fukui_01,2022-11-29,1669755614000,4.4854880032813655,-11.403129122397152,36.448938113494975
fukui_01,2022-12-11,1670792413000,3.618389976579045,-10.21009682981369,36.44575115154026
fukui_01,2022-12-23,1671829212000,7.935959842638223,-4.415831289123774,36.44553812797497
fukui_01,2023-01-04,1672866012000,5.895375494428982,-9.878640726760112,36.45082714229015
fukui_01,2023-01-16,1673902811000,3.339918332815016,-10.652379135208406,36.4629197230852
fukui_01,2023-01-28,1674939611000,0.759381920829093,-10.822621562833922,36.44600752258303
fukui_01,2023-02-09,1675976410000,3.760648623721647,-10.414438719485007,36.45429856617234
fukui_01,2023-02-21,1677013210000,2.8422022823066846,-9.715409674255989,36.456490569630446
fukui_01,2023-03-05,1678050010000,4.838669401162539,-9.550770652221532,36.44757959342927
fukui_01,2023-03-17,1679086810000,2.7263295671911782,-10.76915579221544,36.458534822286325
fukui_01,2023-03-29,1680123610000,4.283445684255525,-9.64034076036708,36.461265128057384
fukui_01,2023-04-10,1681160411000,4.665010235757198,-10.31451418992463,36.44973625655616
fukui_01,2023-04-22,1682197211000,3.9884281455222315,-9.583578864854026,36.45046527810849
fukui_01,2023-05-04,1683234012000,4.414991605660049,-9.229557624002261,36.44718514559635
fukui_01,2023-05-16,1684270813000,4.460759636687924,-10.259365289208736,36.44597669274122
fukui_01,2023-05-28,1685307613000,9.062337380162077,-10.250749949936809,36.44818851100471
fukui_01,2023-06-09,1686344413000,4.962480714613374,-8.796406760971177,36.457581029532456
fukui_01,2023-06-21,1687381214000,2.4702011761388274,-9.260505097034862,36.45958808713435
fukui_01,2023-07-03,1688418015000,4.436451488443054,-8.449017896443598,36.450202403083914
fukui_01,2023-07-15,1689454816000,4.6953985547719475,-9.136290763804288,36.44720419707952
fukui_01,2023-07-27,1690491617000,4.444099837893221,-8.763751015675842,36.45218846749805
fukui_01,2023-08-08,1691528417000,4.540135569959695,-7.784220182438778,36.465944918857275
fukui_01,2023-08-20,1692565218000,3.3530068427597377,-10.226219743237973,36.45659120132132
fukui_01,2023-09-01,1693602019000,3.502085503726521,-8.485172870842272,36.44937700811192
fukui_01,2023-09-13,1694638819000,4.29487479500939,-9.57900251920428,36.454753292762184
fukui_01,2023-09-25,1695675620000,3.8933922507337417,-9.388013418709322,36.44785218524206
fukui_01,2023-10-07,1696712419000,3.9959947343697406,-9.97237001347624,36.452003824600325
fukui_01,2023-10-19,1697749220000,4.452242415106411,-8.955196975636236,36.44698531779839
fukui_01,2023-10-31,1698786019000,3.6149416382169366,-9.464916330710297,36.45135613947966
fukui_01,2023-11-12,1699822819000,4.417358553233972,-11.846813281100715,36.44600475953319
fukui_01,2023-11-24,1700859618000,4.496733853402819,-10.148601481370092,36.46040367708611
fukui_01,2023-12-06,1701896418000,3.362621538426119,-9.687817817195182,36.45353169236758
fukui_01,2023-12-18,1702933217000,3.9594064543640504,-11.891508517945013,36.452566605631525
fukui_01,2023-12-30,1703970017000,4.34014051137206,-10.963069027731432,36.44777124931602
fukui_01,2024-01-11,1705006816000,3.621819600132148,-10.468273954146522,36.447435569712354
fukui_01,2024-01-23,1706043616000,2.038387225961448,-9.525102372120136,36.44974244658503
fukui_01,2024-02-04,1707080415000,3.8038933853850696,-9.535813201109011,36.45306277597873
fukui_01,2024-02-16,1708117215000,4.786901034381085,-9.44244908773339,36.45372586729666
fukui_01,2024-02-28,1709154015000,4.040848818971968,-8.789710880371926,36.45423511884655
fukui_01,2024-03-11,1710190815000,3.3548185774388624,-9.560757240835315,36.4532701565572
fukui_01,2024-03-23,1711227616000,3.919195041817425,-10.199610652143882,36.45413947652182
fukui_01,2024-04-04,1712264416000,5.198496217021671,-9.123265877330931,36.45212952300161
fukui_01,2024-04-16,1713301216000,5.591538636927387,-10.242904383002392,36.45401704091428
fukui_01,2024-04-28,1714338017000,4.847820519793201,-9.792779294656452,36.447401560757775
fukui_01,2024-05-10,1715374817000,4.553856464316224,-9.94570374624293,36.44178638316064
fukui_01,2024-05-22,1716411616000,3.6111657260194523,-8.714709693135871,36.44302786012629
fukui_01,2024-06-03,1717448416000,4.107259408505169,-8.610187250055695,36.43689309508563
fukui_01,2024-06-15,1718485216000,4.298134701748498,-7.911832318554295,36.437401270981205
fukui_01,2024-07-09,1720558815000,4.77673093387259,-10.103397394187814,36.44319799911667
fukui_01,2024-07-21,1721595614000,4.198494897540136,-9.209168525190883,36.44195708764171
fukui_01,2024-08-02,1722632414000,4.4103507725097275,-8.113508282681885,36.440122428673284
fukui_01,2024-08-14,1723669214000,4.292185477042228,-8.63291912843332,36.455043783605824
fukui_01,2024-08-26,1724706015000,4.570453927454711,-9.396960909410428,36.45108835066178
fukui_01,2024-09-07,1725742815000,4.210139573780787,-9.85432370870507,36.4540989448877
fukui_01,2024-09-19,1726779615000,4.360363389280311,-7.922266985730552,36.45396230424285
fukui_01,2024-10-01,1727816415000,3.959581399741982,-8.386988340812435,36.45905670745105
fukui_01,2024-10-13,1728853216000,4.1644325138059655,-8.894814038715875,36.45115509395647
fukui_01,2024-10-25,1729890015000,4.544730982313547,-8.492349287921277,36.46417963479589
fukui_01,2024-11-06,1730926815000,3.7337646622392833,-8.409632280202402,36.451624064823584
fukui_01,2024-11-18,1731963615000,4.272166226472288,-8.606900279504526,36.444399339491014
fukui_01,2024-12-12,1734037213000,4.27314136304661,-9.01485083049975,36.442953117409466
fukui_01,2024-12-24,1735074012000,5.270942647052488,-9.734731891997576,36.4498924649995
fukui_01,2025-01-05,1736110811000,4.625416324712851,-8.783534568719597,36.445621396649685
fukui_01,2025-01-17,1737147610000,4.547133318856641,-8.42141619782245,36.44868464080553
fukui_01,2025-01-29,1738184409000,5.7869567594381985,-10.020506966801147,36.4450826362028
fukui_01,2025-02-10,1739221209000,5.69104024920307,-9.588111084758637,36.44591687066941
fukui_01,2025-02-22,1740258008000,4.1557647204447985,-8.410171315790894,36.45397233107022
fukui_01,2025-03-06,1741294808000,4.681182904511881,-8.364140060541777,36.4537370513916
fukui_01,2025-03-18,1742331608000,8.91483938764122,-9.664472347236343,36.45343603256599
fukui_01,2025-03-30,1743368409000,5.085978956456376,-9.587368281630898,36.44371769619869
fukui_01,2025-04-11,1744405209000,5.8621822603693685,-9.155294248782276,36.45442235248944
fukui_01,2025-04-23,1745442009000,4.781642871949356,-9.743592115570026,36.44816553944778
fukui_01,2025-05-05,1746478809000,5.431957595821234,-10.013420219715774,36.44595893203163
fukui_01,2025-05-17,1747515609000,5.486484639711862,-10.308273291989845,36.443323909936375
fukui_01,2025-05-29,1748552408000,4.001586239427193,-9.911295144953588,36.43846690667369
fukui_01,2025-06-10,1749589208000,4.55418043677796,-9.351018543597267,36.435180775425756
fukui_01,2025-06-22,1750626007000,10.408089935693205,-10.717424148971325,36.43463444117711
fukui_01,2025-07-04,1751662806000,3.504366430014055,-8.995893510142889,36.44183818093556
fukui_01,2025-07-16,1752699606000,4.027892098954432,-9.793294567880155,36.44371084212752
fukui_01,2025-07-28,1753736405000,3.774043855984265,-8.777591719172278,36.44446692672511
fukui_01,2025-08-09,1754773205000,3.7105886059492015,-11.28628268285554,36.442989322045136
fukui_01,2025-08-21,1755810005000,3.5507871241253257,-9.420061297701585,36.448239082537214
fukui_01,2025-09-02,1756846805000,3.8382316059278643,-10.51725735642343,36.45260860602357
fukui_01,2025-09-14,1757883606000,5.291940028747276,-10.624652962031366,36.45367410447864
fukui_01,2025-09-26,1758920406000,4.526055796972509,-10.3488220742924,36.45639085908086
fukui_01,2025-10-08,1759957207000,4.84152825401329,-10.273443115515743,36.44318505780835
fukui_01,2025-10-20,1760994006000,4.661137477835123,-11.032719937187224,36.44980491268568
fukui_01,2025-11-01,1762030806000,4.826971590082441,-9.825225646260536,36.446981676540275
fukui_01,2025-11-13,1763067605000,5.180509874575488,-10.530865586883206,36.45045551522394
fukui_01,2025-11-25,1764104404000,8.12609347647858,-10.776168634227052,36.44564210511462
fukui_01,2025-12-07,1765141203000,4.079203540459727,-10.825902037477693,36.439432573066206
fukui_01,2025-12-19,1766178002000,5.137880217157947,-11.106049926533725,36.44084496004916
fukui_01,2025-12-31,1767214801000,4.106973774105977,-11.480468520708184,36.445346639177096
fukui_01,2026-01-12,1768251600000,5.004638884732474,-10.804546526331812,36.44702611287437
fukui_01,2026-01-24,1769288398000,2.2135345193057976,-11.030097945875184,36.45490867626999
fukui_01,2026-02-17,1771361997000,3.4120794207041887,-9.523800073610236,36.44982434430365
fukui_01,2026-03-01,1772398797000,4.718233763984068,-10.353611048533786,36.44944081328025
fukui_01,2026-03-13,1773435597000,4.419993469291154,-10.501389487777645,36.45342861150275
fukui_01,2026-03-25,1774472398000,4.470398241834207,-10.124932709622326,36.4531476920164
fukui_01,2026-04-06,1775509198000,4.120826317586261,-10.478250165324058,36.44938798107834
fukui_01,2026-04-18,1776545998000,5.202177424601128,-10.412321151993163,36.44116909892416
fukui_01,2026-04-30,1777582797000,4.591687669607591,-10.059397741194578,36.43957714637969
fukui_01,2026-05-12,1778619597000,4.843970850968547,-11.139991882945463,36.44138275634117
fukui_02,2017-02-16,1487278774030,3.78737294987585,-6.720672442655653,36.541632731989004
fukui_02,2017-02-28,1488315573000,3.577965407397238,-7.003936111894047,36.54006695639494
fukui_02,2017-03-12,1489352374000,3.825571634437895,-7.036792106840724,36.53435645522793
fukui_02,2017-03-24,1490389174380,4.236458163453829,-6.39066050996065,36.539662641666915
fukui_02,2017-04-05,1491425974840,3.2185707703262803,-7.305374543444596,36.53964321952102
fukui_02,2017-04-17,1492462775450,3.4582373134341147,-6.264259396551809,36.540632749753435
fukui_02,2017-04-29,1493499575000,3.824320300773484,-6.815194713591619,36.53952455885014
fukui_02,2017-05-11,1494536376000,3.0231316573477756,-6.3880523482126765,36.53355584135742
fukui_02,2017-05-23,1495573177000,4.171064836461442,-6.317545684596564,36.53661375724801
fukui_02,2017-06-04,1496609978000,4.684407933237417,-5.924445674759719,36.53818169840744
fukui_02,2017-06-16,1497646778000,3.936892599221295,-6.437442460162708,36.54190116100083
fukui_02,2017-06-28,1498683579000,4.128220387287456,-6.100581053023569,36.5407731049457
fukui_02,2017-07-10,1499720379000,4.045675438635256,-6.275347707684172,36.53825567797254
fukui_02,2017-07-22,1500757180000,4.084427982909152,-5.935345006817746,36.53874278257665
fukui_02,2017-08-03,1501793981000,3.6792403147756616,-5.4794856688441245,36.53631902549758
fukui_02,2017-08-15,1502830782000,4.073298398363648,-5.537803468937338,36.54087530389985
fukui_02,2017-08-27,1503867582000,3.4363356351104173,-5.246532493108401,36.53861630918609
fukui_02,2017-09-08,1504904382000,4.442717046803401,-5.592615872951966,36.536546753355566
fukui_02,2017-09-20,1505941183000,4.040972494685032,-6.204913249343729,36.53468623700173
fukui_02,2017-10-02,1506977983000,3.0415918382643397,-6.489145777616487,36.53803197437649
fukui_02,2017-10-14,1508014783000,3.6028617111713985,-5.931143628774481,36.539325369512675
fukui_02,2017-10-26,1509051584000,3.2671356337670825,-6.01523509819782,36.536960453468446
fukui_02,2017-11-07,1510088383000,3.3510525627235013,-5.933136906151042,36.537036238150534
fukui_02,2017-11-19,1511125183000,3.89607498744206,-6.337599310462814,36.53428832414573
fukui_02,2017-12-01,1512161983000,4.8156203256249706,-6.637156072358813,36.53758982587039
fukui_02,2017-12-13,1513198782000,3.5548077583797033,-5.665693761854624,36.539124703495276
fukui_02,2017-12-25,1514235582000,3.2084711459749204,-6.5579428564593645,36.542955666319095
fukui_02,2018-01-06,1515272381000,3.1683753447456673,-6.146235617205344,36.53831303132302
fukui_02,2018-01-18,1516309181000,2.767606484794918,-5.993127814859338,36.53277112077849
fukui_02,2018-01-30,1517345980000,2.6960394252551074,-5.541752172114745,36.535925559725165
fukui_02,2018-02-11,1518382780000,2.2914708515381927,-8.432086784131064,36.53572086656072
fukui_02,2018-02-23,1519419580000,3.741751187593994,-5.8662745042996285,36.54409751480398
fukui_02,2018-03-07,1520456380000,3.180296737723841,-5.999089932805105,36.54810561769134
fukui_02,2018-03-19,1521493180000,3.2585888498843145,-6.488430604082291,36.54047747368375
fukui_02,2018-03-31,1522529981000,3.125841026871404,-5.788344117760383,36.53676176637482
fukui_02,2018-04-12,1523566781000,4.461466802516524,-6.002367532474146,36.53914112847616
fukui_02,2018-04-24,1524603582000,3.8904733019793785,-5.696152727472524,36.54255227333757
fukui_02,2018-05-06,1525640382000,3.093720601739216,-6.443997826557415,36.54144318605957
fukui_02,2018-05-18,1526677183000,2.680030988365375,-5.3483970926449595,36.53998046251214
fukui_02,2018-05-30,1527713983000,4.036764714691165,-5.212018095120907,36.542169261866384
fukui_02,2018-06-11,1528750784000,3.2550583208579,-5.127330164229359,36.53584813032604
fukui_02,2018-06-23,1529787585000,3.352351155379672,-5.142382470503368,36.538681035300726
fukui_02,2018-06-29,1530305934000,3.0589756470801053,-5.65645732326277,36.571262764009475
fukui_02,2018-07-05,1530824385000,3.6938060835334436,-4.53750438638416,36.54645728360754
fukui_02,2018-07-17,1531861186000,3.5167022060694832,-5.101117341677416,36.541752716712914
fukui_02,2018-08-10,1533934788000,3.9663642952469997,-5.392393368806323,36.53708785021749
fukui_02,2018-08-22,1534971588000,3.7734141354750204,-5.355274515872605,36.54084315733016
fukui_02,2018-09-03,1536008389000,3.6443374268784696,-4.855393519913998,36.53774714174792
fukui_02,2018-09-15,1537045189000,3.631819309802373,-4.290954381923747,36.540092170661225
fukui_02,2018-09-27,1538081990000,4.278313939497727,-4.588795079320715,36.537388549998106
fukui_02,2018-10-09,1539118790000,4.009542223497823,-4.907382610704895,36.53607914038545
fukui_02,2018-10-21,1540155590000,3.3478698298024545,-4.8128258068065275,36.53713950276973
fukui_02,2018-11-02,1541192390000,3.998971593748386,-4.901872599552707,36.53802694330261
fukui_02,2018-11-14,1542229190000,4.043903481095953,-4.959108700777382,36.53619171926724
fukui_02,2018-11-26,1543265989000,3.9844238699148837,-4.016349519664524,36.537518347738924
fukui_02,2018-12-08,1544302789000,3.811879169429081,-3.998241011873194,36.534153691640554
fukui_02,2018-12-20,1545339589000,3.837419196057653,-4.27453592799025,36.53720119763275
fukui_02,2019-01-01,1546376388000,4.503918824818879,-5.04826721379488,36.53778332028354
fukui_02,2019-01-13,1547413188000,3.6275553090880863,-7.680608384877593,36.54092940944296
fukui_02,2019-01-25,1548449987000,3.998958980770227,-6.718352701684824,36.53428696238779
fukui_02,2019-02-06,1549486787000,3.773326751628823,-8.568479398532723,36.53773317101994
fukui_02,2019-02-18,1550523587000,3.0569854136684316,-8.121501060706878,36.53376597671188
fukui_02,2019-03-02,1551560387000,5.445347724999315,-8.057214007031764,36.532918667509826
fukui_02,2019-03-14,1552597187000,3.6161608252554567,-8.772623576231359,36.54313436791309
fukui_02,2019-03-26,1553633987000,5.039948501334586,-8.365627605536142,36.53964857154353
fukui_02,2019-04-07,1554670787000,4.244396662735561,-7.277907906561426,36.536774428497054
fukui_02,2019-04-19,1555707588000,3.769730443306883,-7.613223054475734,36.532070809778794
fukui_02,2019-05-01,1556744388000,4.06647364720964,-6.943678833280253,36.53163084747099
fukui_02,2019-05-13,1557781189000,4.447437806273605,-7.437006675073432,36.540415391861515
fukui_02,2019-05-25,1558817989000,4.832696798075737,-6.916294994465265,36.539238431710274
fukui_02,2019-06-06,1559854790000,3.538360130012678,-7.397952608871031,36.54150099424449
fukui_02,2019-06-18,1560891590000,2.6989195589628885,-9.967635463427811,36.540134510051296
fukui_02,2019-06-30,1561928391000,2.787837713811211,-8.15352697263665,36.53590385225923
fukui_02,2019-07-12,1562965192000,3.3031749516059126,-7.882452856317331,36.53969029247072
fukui_02,2019-07-24,1564001993000,3.0993792713824955,-8.4783799717192,36.54220701608776
fukui_02,2019-08-05,1565038794000,2.860391824146277,-8.413564748020105,36.54107238264647
fukui_02,2019-08-17,1566075594000,3.2575712562208357,-8.558936536840717,36.53389026689266
fukui_02,2019-08-29,1567112395000,3.1343909138401425,-9.535163050656806,36.53678850650152
fukui_02,2019-09-10,1568149195000,3.2325458606038544,-8.41389083488829,36.54081788415179
fukui_02,2019-09-22,1569185996000,4.477885158526137,-5.043653690412395,36.53717143576344
fukui_02,2019-10-04,1570222796000,2.327832442841859,-5.422199256766555,36.53604794449222
fukui_02,2019-10-16,1571259596000,2.958307518086236,-6.348482732945623,36.53882970374275
fukui_02,2019-10-28,1572296396000,3.092212068073945,-5.969718724864857,36.53697717040659
fukui_02,2019-11-09,1573333196000,2.891202602658396,-6.226651202682036,36.53659693935604
fukui_02,2019-11-21,1574369996000,2.997984322775758,-6.419591067822173,36.53908217135008
fukui_02,2019-12-03,1575406796000,2.563009745754942,-7.257325128284866,36.539559936122
fukui_02,2019-12-15,1576443595000,3.1143182042806554,-6.505186229321087,36.53425402126851
fukui_02,2019-12-27,1577480395000,3.6515902052098417,-7.27761782978474,36.53100363824813
fukui_02,2020-01-08,1578517194000,2.5579391367496163,-6.833302442733782,36.5342138769739
fukui_02,2020-01-20,1579553994000,3.3556212276928363,-8.089227718143308,36.538304803238
fukui_02,2020-02-01,1580590793000,3.0585166021085324,-6.853663840795848,36.465726456286944
fukui_02,2020-02-13,1581627593000,2.8215718485320327,-7.992932118135783,36.465676123337836
fukui_02,2020-02-25,1582664393000,2.5657175530482554,-7.830952578185078,36.46451900429923
fukui_02,2020-03-08,1583701193000,2.2134639330764694,-7.470325383980276,36.45988851472118
fukui_02,2020-03-20,1584737993000,2.5511501423418266,-7.154075505715896,36.46400978361002
fukui_02,2020-04-01,1585774793000,3.433103604152333,-6.938104322442646,36.47095986259861
fukui_02,2020-04-13,1586811594000,3.478894510566246,-6.523271066856739,36.46896527681738
fukui_02,2020-04-25,1587848394000,2.024284560982235,-6.309639822751467,36.46337810590763
fukui_02,2020-05-07,1588885195000,2.9832497091833154,-7.316014848546396,36.46642615157929
fukui_02,2020-05-19,1589921995000,2.9704116698531973,-6.24612456362785,36.4660961215337
fukui_02,2020-05-31,1590958796000,2.8534753914934923,-6.461092739137315,36.46923493877253
fukui_02,2020-06-12,1591995597000,2.5931821536611204,-6.431162914243853,36.4664029976076
fukui_02,2020-06-24,1593032398000,2.558191563763209,-6.18851974040104,36.465501938731585
fukui_02,2020-07-06,1594069198000,5.158732762847142,-6.529673226134598,36.4663210412265
fukui_02,2020-07-18,1595105999000,2.4551296645416754,-6.1658566292030015,36.46604555404212
fukui_02,2020-07-30,1596142800000,2.8793611549498284,-6.754107513375303,36.46280706764588
fukui_02,2020-08-11,1597179600000,2.841597940042861,-6.517253591444327,36.46634821520143
fukui_02,2020-08-23,1598216401000,3.113544424195056,-6.280573479083282,36.46566321816955
fukui_02,2020-09-04,1599253202000,4.651583012158523,-9.153240525503719,36.46264414012512
fukui_02,2020-09-16,1600290002000,3.3697395818567744,-8.654402636798034,36.46392422170432
fukui_02,2020-09-28,1601326803000,3.912670057900697,-8.471520849516603,36.46328815390737
fukui_02,2020-10-10,1602363603000,3.9483463005818447,-8.329060938702268,36.46181527534241
fukui_02,2020-10-22,1603400403000,1.3654016145356678,-8.140700041549518,36.46612275169443
fukui_02,2020-11-03,1604437203000,3.8206817671707185,-8.238658448950636,36.46048889441019
fukui_02,2020-11-15,1605474003000,3.1296364815798423,-8.291695786279405,36.45993555393541
fukui_02,2020-11-27,1606510802000,1.4759988412503378,-8.61488790098009,36.46624107993445
fukui_02,2020-12-09,1607547602000,3.1208269019832096,-9.140444929977457,36.46429969959993
fukui_02,2020-12-21,1608584401000,3.141895152992376,-7.827640807433133,36.46436220804851
fukui_02,2021-01-02,1609621201000,3.219715925829687,-8.471986246108905,36.46039584618581
fukui_02,2021-01-14,1610658000000,3.8708139412628633,-8.307406070206937,36.45881576477807
fukui_02,2021-01-26,1611694800000,3.85935125722837,-8.16018333166798,36.45871974365749
fukui_02,2021-02-07,1612731599000,2.1453670151734454,-8.043454964752902,36.46151959279271
fukui_02,2021-02-19,1613768399000,3.29930831450876,-8.894418734836227,36.46931714934064
fukui_02,2021-03-03,1614805199000,3.2676905055841647,-9.648300617238512,36.471554273688064
fukui_02,2021-03-15,1615841999000,3.9573819593838264,-9.268987902821202,36.465632677266825
fukui_02,2021-03-27,1616878799000,3.9177847334588467,-8.35842806998704,36.464603451596815
fukui_02,2021-04-08,1617915599000,3.2760222364375866,-9.704311260339441,36.46782378569524
fukui_02,2021-04-20,1618952400000,3.3637659820813353,-9.355061458881503,36.46928556122782
fukui_02,2021-05-02,1619989200000,3.843571532173651,-9.474849371408322,36.47118958026694
fukui_02,2021-05-14,1621026001000,2.8787169563594164,-9.844167755357997,36.46703853361684
fukui_02,2021-05-26,1622062802000,3.293912650748829,-7.691961720953965,36.46361312661945
fukui_02,2021-06-07,1623099602000,3.836835728403553,-7.8689352500581045,36.46543092808312
fukui_02,2021-06-19,1624136403000,3.0198703857078444,-7.585945697924054,36.467934959786774
fukui_02,2021-07-01,1625173204000,3.862340582101532,-7.771684985795875,36.466338366777585
fukui_02,2021-07-13,1626210005000,3.5913432593329633,-7.219354711923539,36.4675863575561
fukui_02,2021-07-25,1627246805000,4.852802206309974,-8.368664710108678,36.4698737029788
fukui_02,2021-08-06,1628283606000,3.8454260246647274,-8.037776600330487,36.46487909213713
fukui_02,2021-08-18,1629320407000,3.1771216909534163,-7.494161397131175,36.466531391740965
fukui_02,2021-08-30,1630357207000,4.166571375257169,-7.889127060100382,36.468057540998075
fukui_02,2021-09-11,1631394008000,2.8200012246227515,-8.202783845448346,36.46468528260403
fukui_02,2021-09-23,1632430808000,3.1062632100019227,-8.039272448758098,36.4623953447159
fukui_02,2021-10-05,1633467608000,4.067769224924444,-8.637394240967254,36.462182937421304
fukui_02,2021-10-17,1634504409000,3.749332878728676,-8.357671054010064,36.46178912614522
fukui_02,2021-10-29,1635541208000,4.153383707359242,-8.129683696983955,36.46341523360903
fukui_02,2021-11-22,1637614808000,3.0951568548497175,-8.360338959196387,36.45976476556229
fukui_02,2021-12-04,1638651607000,2.6935144885477076,-7.682607336851217,36.45908823408678
fukui_02,2021-12-16,1639688407000,4.084256032788763,-8.539031993315414,36.459834929040554
fukui_02,2021-12-28,1640725206000,3.252623044363241,-8.196357915371923,36.46840121730521
fukui_02,2022-01-09,1641762006000,3.462938543858486,-7.41394067684677,36.46406216771981
fukui_02,2022-01-21,1642798805000,3.4419534504017237,-8.071505072230332,36.461969601070045
fukui_02,2022-02-02,1643835604000,2.5303407029271976,-7.880599286418631,36.465940015521525
fukui_02,2022-02-14,1644872405000,2.761769263308699,-8.33160070490519,36.461496538704836
fukui_02,2022-02-26,1645909204000,2.85061816278257,-7.892948589144188,36.46299280057159
fukui_02,2022-03-10,1646946004000,2.875403571692803,-8.279089382936998,36.46872066171001
fukui_02,2022-03-22,1647982805000,2.8601795221875697,-7.782691943989161,36.46650278571443
fukui_02,2022-04-03,1649019605000,3.2927626693095906,-7.387429054415074,36.46371220475471
fukui_02,2022-04-15,1650056405000,3.0756558322551024,-6.820626224589115,36.46635632947534
fukui_02,2022-04-27,1651093206000,3.483968567400676,-8.086813654582159,36.46452557077506
fukui_02,2022-05-09,1652130006000,3.6047892862173447,-7.889168143935581,36.468976086462675
fukui_02,2022-05-21,1653166807000,3.3764640274654587,-6.099189805355444,36.472163540741064
fukui_02,2022-06-02,1654203608000,3.915814170703995,-6.724295344401217,36.465392499071704
fukui_02,2022-06-14,1655240409000,3.2912498211362955,-6.706466405393467,36.4667477785446
fukui_02,2022-06-26,1656277210000,3.0953665219381974,-6.774439216214019,36.46055980017576
fukui_02,2022-07-08,1657314010000,3.298081223151893,-6.86350529200023,36.46565921289026
fukui_02,2022-07-20,1658350811000,3.5210022272745944,-5.502420927181994,36.467701664714866
fukui_02,2022-08-01,1659387612000,3.958741201793057,-6.953447892853125,36.46537710319581
fukui_02,2022-08-13,1660424413000,3.421048137326678,-7.051756856512617,36.465036229040486
fukui_02,2022-08-25,1661461213000,3.197343373727239,-6.9346045978976285,36.4657089820894
fukui_02,2022-09-06,1662497988000,3.4508917268415673,-6.839353334457339,36.534822246050716
fukui_02,2022-09-18,1663534814000,3.85695308544818,-6.990376107243982,36.47269023795594
fukui_02,2022-09-30,1664571615000,4.167281972635053,-7.410643496475892,36.461412835403884
fukui_02,2022-10-12,1665608414000,4.052862497799015,-7.098840173728074,36.469850909942934
fukui_02,2022-10-24,1666645215000,3.04853148950541,-7.009423621330743,36.461794033050545
fukui_02,2022-11-05,1667682014000,3.8437141907932775,-7.752141568368602,36.46751882653489
fukui_02,2022-11-17,1668718814000,3.9031726656046217,-7.99274109197535,36.466776244555774
fukui_02,2022-11-29,1669755614000,2.9123119331804594,-7.793163914819042,36.462371073591825
fukui_02,2022-12-11,1670792413000,3.4253537736448756,-9.01469691809955,36.459362143147146
fukui_02,2022-12-23,1671829212000,6.113035531062461,-7.928039361426813,36.45893938639635
fukui_02,2023-01-04,1672866012000,3.1524519764381336,-8.578401862485997,36.464265597534194
fukui_02,2023-01-16,1673902811000,3.7106438245840057,-7.926729497506098,36.47637031482051
fukui_02,2023-01-28,1674939611000,0.6575010342212854,-7.443872823027375,36.45939807801546
fukui_02,2023-02-09,1675976410000,3.687364685577017,-8.734124165680111,36.46777758434506
fukui_02,2023-02-21,1677013210000,2.9317266485751547,-8.861057829759915,36.46988890494522
fukui_02,2023-03-05,1678050010000,3.9192916922041636,-8.838516579082949,36.46116874857494
fukui_02,2023-03-17,1679086810000,3.8623363741946615,-8.457705540815828,36.47196623131551
fukui_02,2023-03-29,1680123610000,3.5421014262031494,-9.022161572035044,36.47473828018665
fukui_02,2023-04-10,1681160411000,2.889977923571925,-7.997958459061019,36.463301732835596
fukui_02,2023-04-22,1682197211000,3.518938736051558,-8.610133866997513,36.4639367678988
fukui_02,2023-05-04,1683234012000,4.5621650164076195,-8.237439509450708,36.46068882665262
fukui_02,2023-05-16,1684270813000,2.968687906337486,-7.9605944334063405,36.45948151388436
fukui_02,2023-05-28,1685307613000,9.094482816316852,-6.4671526182452235,36.46180932888473
fukui_02,2023-06-09,1686344413000,3.2802212915360522,-7.246924503177344,36.471047647917146
fukui_02,2023-06-21,1687381214000,4.155090510677817,-8.361216126546562,36.47307519600536
fukui_02,2023-07-03,1688418015000,4.151384325851442,-6.877383146713831,36.463716034403085
fukui_02,2023-07-15,1689454816000,4.254054396888609,-7.181065359408265,36.460700769211414
fukui_02,2023-07-27,1690491617000,4.0104233339705715,-7.114089008084711,36.465810506163365
fukui_02,2023-08-08,1691528417000,3.7326136990955785,-7.09338179596211,36.47943288592862
fukui_02,2023-08-20,1692565218000,4.195130419569791,-6.983449710875123,36.47010015711237
fukui_02,2023-09-01,1693602019000,4.555536764027445,-7.363280859076869,36.46295136316773
fukui_02,2023-09-13,1694638819000,3.7314218535771677,-7.094143443261801,36.468165019953744
fukui_02,2023-09-25,1695675620000,4.158734695224032,-7.270628308066857,36.461357348749054
fukui_02,2023-10-07,1696712419000,4.091333152476169,-7.030203371554087,36.46541348000186
fukui_02,2023-10-19,1697749220000,4.050710177129912,-7.813800267828555,36.46049316260621
fukui_02,2023-10-31,1698786019000,3.175873076391516,-6.919687900056201,36.464774708998846
fukui_02,2023-11-12,1699822819000,2.8112800526446113,-7.20319700377344,36.45943012064247
fukui_02,2023-11-24,1700859618000,3.5624679946968505,-7.141646809568091,36.47386898431254
fukui_02,2023-12-06,1701896418000,3.4206072401850314,-6.730381602040256,36.46698901236984
fukui_02,2023-12-18,1702933217000,3.452712477610121,-7.159886433670722,36.46607684587179
fukui_02,2023-12-30,1703970017000,2.459711314373415,-7.993571614734619,36.461307959467064
fukui_02,2024-01-11,1705006816000,4.140148857095423,-7.759927911265346,36.46091042805168
fukui_02,2024-01-23,1706043616000,2.234611433752602,-8.439262970331857,36.46313584737489
fukui_02,2024-02-04,1707080415000,3.9168998345798016,-7.61511763524247,36.46646760227928
fukui_02,2024-02-16,1708117215000,3.853128450858765,-8.475465508595567,36.46718826152059
fukui_02,2024-02-28,1709154015000,4.094098432200071,-7.514007555148473,36.467801296900184
fukui_02,2024-03-11,1710190815000,4.35787349566147,-7.685364718878998,36.46683711367657
fukui_02,2024-03-23,1711227616000,4.230877347451108,-8.039200169433213,36.46772291288096
fukui_02,2024-04-04,1712264416000,3.610163179407888,-7.575121305446277,36.46564870757735
fukui_02,2024-04-16,1713301216000,4.004052564203065,-7.423545426689791,36.46742807877281
fukui_02,2024-04-28,1714338017000,3.883794522561557,-7.6288935233467186,36.46097155320019
fukui_02,2024-05-10,1715374817000,4.092059125143927,-7.393232708490163,36.455371598287456
fukui_02,2024-05-22,1716411616000,3.9169971598212268,-7.1833963796102,36.4566088089383
fukui_02,2024-06-03,1717448416000,4.828693318254745,-7.018613781026393,36.45051162212041
fukui_02,2024-06-15,1718485216000,4.071444888744819,-7.557837242337196,36.45099891918862
fukui_02,2024-07-09,1720558815000,4.474987655704388,-7.254243015929094,36.45675828096172
fukui_02,2024-07-21,1721595614000,4.750027529517837,-6.770644649965884,36.455452801817565
fukui_02,2024-08-02,1722632414000,5.315658693889874,-7.245347495385497,36.453620601893746
fukui_02,2024-08-14,1723669214000,3.6476895713320356,-7.561864273924868,36.46855596094906
fukui_02,2024-08-26,1724706015000,5.277971598516114,-6.883956418082397,36.46466787121297
fukui_02,2024-09-07,1725742815000,4.29609681806836,-7.528591897605057,36.46759792833298
fukui_02,2024-09-19,1726779615000,4.453206377577346,-6.837873981108841,36.46750479485915
fukui_02,2024-10-01,1727816415000,4.317523134749057,-7.476898711888789,36.47251032058228
fukui_02,2024-10-13,1728853216000,4.089394536510839,-7.6350799737585815,36.46456501401705
fukui_02,2024-10-25,1729890015000,4.632098431302369,-7.06879504047124,36.477580207375944
fukui_02,2024-11-06,1730926815000,3.332929784749667,-7.442816550136769,36.46502437889025
fukui_02,2024-11-18,1731963615000,3.668256331717298,-8.19434798100926,36.45790156634046
fukui_02,2024-12-12,1734037213000,3.440748338618347,-8.527461343427555,36.45653095689872
fukui_02,2024-12-24,1735074012000,3.4590955672675663,-8.43602702790975,36.463409693645744
fukui_02,2025-01-05,1736110811000,3.94811156300293,-8.686707182112523,36.45911015631122
fukui_02,2025-01-17,1737147610000,3.674471461317578,-7.852018659793233,36.462165667355286
fukui_02,2025-01-29,1738184409000,4.218482554228827,-8.096531995273429,36.4585814799979
fukui_02,2025-02-10,1739221209000,3.8536846683071766,-7.821424542983857,36.459454565611594
fukui_02,2025-02-22,1740258008000,3.5036256665576526,-7.377534915482127,36.46748005241856
fukui_02,2025-03-06,1741294808000,3.650089292353996,-6.3812836626620655,36.46714039651971
fukui_02,2025-03-18,1742331608000,4.415180414813554,-7.6147128584439665,36.466854674296094
fukui_02,2025-03-30,1743368409000,4.255628413564362,-8.249053432086143,36.45723254069707
fukui_02,2025-04-11,1744405209000,4.135082809356011,-7.550869194626069,36.46791890555494
fukui_02,2025-04-23,1745442009000,3.9158072101387313,-9.185062993094034,36.461749543235065
fukui_02,2025-05-05,1746478809000,4.720259156299295,-7.691552705655448,36.459476141071015
fukui_02,2025-05-17,1747515609000,3.4662893375076727,-8.190776082346423,36.45691092311546
fukui_02,2025-05-29,1748552408000,4.086505308702676,-9.344545595598358,36.452036924822096
fukui_02,2025-06-10,1749589208000,4.153607330129878,-9.398135733529246,36.448742276535484
fukui_02,2025-06-22,1750626007000,8.674791034331253,-7.510100009698953,36.44825264296871
fukui_02,2025-07-04,1751662806000,4.12827613461496,-8.49087164850273,36.45537781242216
fukui_02,2025-07-16,1752699606000,3.9555457299172168,-8.41558163322171,36.45721287387657
fukui_02,2025-07-28,1753736405000,3.7959499209311782,-8.453392431750316,36.45800123730084
fukui_02,2025-08-09,1754773205000,2.370133575514258,-8.698131167227587,36.456483126128056
fukui_02,2025-08-21,1755810005000,3.837859701399702,-8.597751100065874,36.46174789115341
fukui_02,2025-09-02,1756846805000,3.83936293014533,-8.72643815646835,36.46600198067761
fukui_02,2025-09-14,1757883606000,3.303050606378077,-8.63384335652416,36.4671781385539
fukui_02,2025-09-26,1758920406000,3.1909961940566096,-9.291779653222765,36.46978952506113
fukui_02,2025-10-08,1759957207000,3.934197316917166,-8.567673621688526,36.45675127630144
fukui_02,2025-10-20,1760994006000,3.7621263585068188,-8.839604126245316,36.4633176880044
fukui_02,2025-11-01,1762030806000,4.07556674443846,-8.821253787262586,36.460408981156725
fukui_02,2025-11-13,1763067605000,3.5865981098423743,-8.870501668544618,36.46388684933781
fukui_02,2025-11-25,1764104404000,4.509771485207085,-7.246900328078907,36.45914595359665
fukui_02,2025-12-07,1765141203000,4.068308176571943,-8.754218595417521,36.45293300032206
fukui_02,2025-12-19,1766178002000,4.164707920698692,-9.582023689321257,36.45435038319808
fukui_02,2025-12-31,1767214801000,3.4745090766743383,-9.304268905033135,36.45891563559173
fukui_02,2026-01-12,1768251600000,3.654687280352797,-9.258228422757282,36.460561702509935
fukui_02,2026-01-24,1769288398000,6.063614338752932,-8.754596346466048,36.46834807126501
fukui_02,2026-02-17,1771361997000,3.9736626171111684,-8.798061441136015,36.46331397692363
fukui_02,2026-03-01,1772398797000,4.058260881496388,-9.252078198543241,36.46299863386674
fukui_02,2026-03-13,1773435597000,3.8214719250081957,-8.833803405795793,36.46693157054909
fukui_02,2026-03-25,1774472398000,3.4198732271024785,-8.40477527506103,36.466669063040385
fukui_02,2026-04-06,1775509198000,3.9725920661018477,-8.452614967339606,36.46292136804261
fukui_02,2026-04-18,1776545998000,4.617316489363648,-8.835855925451542,36.454772044837746
fukui_02,2026-04-30,1777582797000,4.339121095470949,-8.427291260261232,36.453177265515514
fukui_02,2026-05-12,1778619597000,4.316221289648947,-9.103435459147018,36.45489368408622
fukui_03,2017-02-16,1487278774030,4.827163794072283,-13.461561508669714,36.53164489590637
fukui_03,2017-02-28,1488315573000,3.963875379912641,-13.190291839922473,36.530060478485645
fukui_03,2017-03-12,1489352374000,5.331317372989127,-13.438542152660133,36.52434125685534
fukui_03,2017-03-24,1490389174380,4.448876798857062,-12.31710156364214,36.529712437209575
fukui_03,2017-04-05,1491425974840,4.5892356643996575,-13.42927078485596,36.5297134377335
fukui_03,2017-04-17,1492462775450,4.763069247328349,-13.432956504210411,36.53063996341252
fukui_03,2017-04-29,1493499575000,5.938001020919322,-12.377967041835428,36.529495479182195
fukui_03,2017-05-11,1494536376000,5.946709274732388,-11.07399895282959,36.523569484926625
fukui_03,2017-05-23,1495573177000,5.197651188104157,-12.32927657397494,36.526618094061064
fukui_03,2017-06-04,1496609978000,6.4780291469350795,-11.18696207326135,36.528264355291554
fukui_03,2017-06-16,1497646778000,5.140548395657542,-11.839953016271176,36.53192668468819
fukui_03,2017-06-28,1498683579000,5.463854540386448,-10.955038463865815,36.53078764885611
fukui_03,2017-07-10,1499720379000,5.535074417170886,-11.841375983275912,36.5282913863784
fukui_03,2017-07-22,1500757180000,5.336641955833166,-11.782213265244492,36.528738970484355
fukui_03,2017-08-03,1501793981000,5.2386128117239315,-10.768039826731291,36.52637943226891
fukui_03,2017-08-15,1502830782000,5.835732725976056,-9.985646834298233,36.53095813463018
fukui_03,2017-08-27,1503867582000,5.008570568866222,-11.421046924403665,36.52863361952944
fukui_03,2017-09-08,1504904382000,6.399528542347046,-10.441217924164897,36.52661064824832
fukui_03,2017-09-20,1505941183000,5.5544253268129875,-10.405431893039392,36.52470339431724
fukui_03,2017-10-02,1506977983000,5.208910079116131,-11.683338652934378,36.528025870911826
fukui_03,2017-10-14,1508014783000,5.560988335319532,-10.314021406399812,36.52931270341821
fukui_03,2017-10-26,1509051584000,5.120005559734776,-10.481660526446833,36.52702128699545
fukui_03,2017-11-07,1510088383000,5.883049663359909,-10.6266608448006,36.52702792281725
fukui_03,2017-11-19,1511125183000,4.8172969861225665,-9.62321699690691,36.5243221853041
fukui_03,2017-12-01,1512161983000,4.240625202513072,-8.500012857581561,36.527661488145995
fukui_03,2017-12-13,1513198782000,4.722824579222688,-9.061757381823803,36.52910526320633
fukui_03,2017-12-25,1514235582000,5.07203351998368,-10.541010825770574,36.53300892712088
fukui_03,2018-01-06,1515272381000,4.20717931211181,-9.79341663015978,36.52833764975212
fukui_03,2018-01-18,1516309181000,4.278707275125043,-8.78750801670276,36.522822179134565
fukui_03,2018-01-30,1517345980000,2.5694324951255747,-9.245666269755457,36.52600752231559
fukui_03,2018-02-11,1518382780000,0.11822477335525379,-11.431530172439498,36.525808385628814
fukui_03,2018-02-23,1519419580000,5.183852980390341,-9.95747254953865,36.53415668414076
fukui_03,2018-03-07,1520456380000,5.302194079924168,-10.433967564994873,36.53813017022696
fukui_03,2018-03-19,1521493180000,3.292994011687903,-9.32350329433691,36.53052631103549
fukui_03,2018-03-31,1522529981000,4.9082298249494025,-10.29530889388145,36.52680372076793
fukui_03,2018-04-12,1523566781000,6.091430317615429,-9.697642542819773,36.529185715939036
fukui_03,2018-04-24,1524603582000,4.933112996629802,-10.35120433539679,36.53253097433794
fukui_03,2018-05-06,1525640382000,4.516816621170324,-9.125761040526122,36.53142706194838
fukui_03,2018-05-18,1526677183000,5.274301711608561,-10.667489533803717,36.52996330870864
fukui_03,2018-05-30,1527713983000,6.706571486593194,-10.276217908921417,36.532238142225495
fukui_03,2018-06-11,1528750784000,5.485483745855436,-9.783309194145795,36.52584664595756
fukui_03,2018-06-23,1529787585000,5.564407324173358,-9.874443290378146,36.52865268610703
fukui_03,2018-06-29,1530305934000,4.361926759853557,-10.975382544665969,36.561297776534985
fukui_03,2018-07-05,1530824385000,6.068335840258822,-9.464533174069217,36.536494022548176
fukui_03,2018-07-17,1531861186000,6.682685777677949,-10.128027897546238,36.53177546424514
fukui_03,2018-08-10,1533934788000,5.677902397536199,-11.89061122047637,36.52706939592534
fukui_03,2018-08-22,1534971588000,5.205812241393603,-12.394546237797723,36.53088022640236
fukui_03,2018-09-03,1536008389000,6.439352427069776,-9.869170464431706,36.52772459900963
fukui_03,2018-09-15,1537045189000,5.923673768697015,-10.890927405696901,36.53015669314185
fukui_03,2018-09-27,1538081990000,7.441893432229797,-11.085967398154198,36.527445642278096
fukui_03,2018-10-09,1539118790000,6.2584896334444595,-11.73342477024316,36.52613611949869
fukui_03,2018-10-21,1540155590000,6.358352617956866,-10.761925780473907,36.52719393844506
fukui_03,2018-11-02,1541192390000,6.955269376697837,-11.2335989422672,36.52806900979092
fukui_03,2018-11-14,1542229190000,5.685354032674649,-11.233530777180007,36.52625452020513
fukui_03,2018-11-26,1543265989000,4.965368943098061,-11.901272375332635,36.527598015843274
fukui_03,2018-12-08,1544302789000,5.828743434000318,-10.967373142865094,36.524149745694885
fukui_03,2018-12-20,1545339589000,5.815627951964661,-10.340911022918885,36.527241775111165
fukui_03,2019-01-01,1546376388000,5.416012170242723,-10.458458486310397,36.52776999396141
fukui_03,2019-01-13,1547413188000,5.204643441228277,-12.16490623557926,36.53099349746886
fukui_03,2019-01-25,1548449987000,5.434888356475443,-10.548524295933236,36.524256441773495
fukui_03,2019-02-06,1549486787000,5.855893499646135,-10.452606025897202,36.527752525243656
fukui_03,2019-02-18,1550523587000,5.778067072346715,-11.41669824728227,36.52376276506243
fukui_03,2019-03-02,1551560387000,5.246742795746732,-10.500153659041127,36.52290633169801
fukui_03,2019-03-14,1552597187000,6.538278845583355,-10.665852663527348,36.5331062450849
fukui_03,2019-03-26,1553633987000,4.4572131426040045,-11.611945434436794,36.529639948667295
fukui_03,2019-04-07,1554670787000,5.346983460846198,-10.98809270339434,36.52675169155379
fukui_03,2019-04-19,1555707588000,5.446853367966562,-11.747539846272257,36.522111904765666
fukui_03,2019-05-01,1556744388000,4.499764553479356,-10.891296737580564,36.52162951893277
fukui_03,2019-05-13,1557781189000,5.563427446581838,-10.331694762621185,36.53040127784203
fukui_03,2019-05-25,1558817989000,5.999877051590527,-12.901675814949945,36.52921383596728
fukui_03,2019-06-06,1559854790000,5.885838587825789,-12.424682766676247,36.53149149713314
fukui_03,2019-06-18,1560891590000,5.8796510388330505,-11.624928210653335,36.53014179286612
fukui_03,2019-06-30,1561928391000,5.547944250416713,-9.369358551429608,36.52588828717878
fukui_03,2019-07-12,1562965192000,5.959165856751944,-11.47480389691223,36.5297031731878
fukui_03,2019-07-24,1564001993000,5.851715121926197,-12.058188138536735,36.53222755724405
fukui_03,2019-08-05,1565038794000,5.772943139644811,-10.550121752101559,36.53107365236924
fukui_03,2019-08-17,1566075594000,6.363205926528714,-11.974049044901388,36.523948727612
fukui_03,2019-08-29,1567112395000,5.424634715910926,-12.601828251195084,36.52677805747917
fukui_03,2019-09-10,1568149195000,6.116728278525295,-12.869214398048904,36.530851965668816
fukui_03,2019-09-22,1569185996000,6.879319248783134,-11.880340437544081,36.527230007111726
fukui_03,2019-10-04,1570222796000,6.176953947945711,-11.538907992088099,36.52610073921047
fukui_03,2019-10-16,1571259596000,5.083890563108445,-11.942553418401241,36.52883862143214
fukui_03,2019-10-28,1572296396000,8.554280152728175,-9.27002708996652,36.52706650557844
fukui_03,2019-11-09,1573333196000,5.983315940442383,-11.463388940960312,36.526639749527995
fukui_03,2019-11-21,1574369996000,5.738421679942572,-10.58465932909605,36.52909881831465
fukui_03,2019-12-03,1575406796000,5.025140977751967,-9.49686067175411,36.529651040803216
fukui_03,2019-12-15,1576443595000,5.7072370616347685,-10.721843186944747,36.52422506305251
fukui_03,2019-12-27,1577480395000,3.2430629713425057,-10.473200859920999,36.521045350542
fukui_03,2020-01-08,1578517194000,5.322105507011792,-11.922689139743504,36.52426397578822
fukui_03,2020-01-20,1579553994000,4.8546510934814275,-10.939298224068645,36.528348273764514
fukui_03,2020-02-01,1580590793000,5.0668899268386145,-11.388888160237077,36.45575040561503
fukui_03,2020-02-13,1581627593000,5.028072499199086,-11.885566323981939,36.45566391494561
fukui_03,2020-02-25,1582664393000,4.5363425121762075,-12.562836026114995,36.45457315785816
fukui_03,2020-03-08,1583701193000,5.746846956518436,-10.73216509889819,36.44989480291992
fukui_03,2020-03-20,1584737993000,6.314336030495648,-10.53335739690569,36.454074169769704
fukui_03,2020-04-01,1585774793000,5.440712136251516,-11.091630491332852,36.461073262709064
fukui_03,2020-04-13,1586811594000,5.348184331978367,-11.42029759096019,36.4589877342854
fukui_03,2020-04-25,1587848394000,6.412451409964635,-12.144170280571371,36.45331494582328
fukui_03,2020-05-07,1588885195000,6.764126436242074,-11.737660351181889,36.456470178944535
fukui_03,2020-05-19,1589921995000,6.044629717809487,-10.671897052930822,36.456101137285216
fukui_03,2020-05-31,1590958796000,6.419883343274712,-12.110194218978787,36.45918787037207
fukui_03,2020-06-12,1591995597000,6.388882777718673,-10.295967611321029,36.45645158000262
fukui_03,2020-06-24,1593032398000,6.444216513422261,-10.911517320075335,36.455450331177886
fukui_03,2020-07-06,1594069198000,5.001734296711388,-12.648908741202051,36.45629800270517
fukui_03,2020-07-18,1595105999000,6.7034198985503,-9.726504454852945,36.45609808582201
fukui_03,2020-07-30,1596142800000,5.822611876389351,-10.256626178782845,36.452855784326225
fukui_03,2020-08-11,1597179600000,5.433132854056589,-11.273421282118111,36.45640200746775
fukui_03,2020-08-23,1598216401000,5.907971329217417,-11.6820334800768,36.45566715802489
fukui_03,2020-09-04,1599253202000,6.440028548733892,-10.235330717609775,36.45262454790482
fukui_03,2020-09-16,1600290002000,6.406377930145363,-10.394276905057973,36.4538703325416
fukui_03,2020-09-28,1601326803000,6.894485096100861,-10.389782284589435,36.45324980168792
fukui_03,2020-10-10,1602363603000,5.940967282031948,-10.31930427858797,36.45174907074498
fukui_03,2020-10-22,1603400403000,5.150449475111317,-11.820330596356783,36.4561441772349
fukui_03,2020-11-03,1604437203000,5.469913022841267,-9.674923716875574,36.450475228607225
fukui_03,2020-11-15,1605474003000,6.317513399489444,-10.514506882237853,36.449922366789686
fukui_03,2020-11-27,1606510802000,4.932178970516816,-10.821504125720653,36.45619620605501
fukui_03,2020-12-09,1607547602000,5.543548989150922,-10.770293202427982,36.454243645919014
fukui_03,2020-12-21,1608584401000,5.738890335954356,-12.316057391278164,36.454355896181895
fukui_03,2021-01-02,1609621201000,3.9754436067805323,-10.347388986541773,36.450361326286114
fukui_03,2021-01-14,1610658000000,5.258294665035973,-9.84073357406645,36.44876500594298
fukui_03,2021-01-26,1611694800000,3.979165147968057,-9.536372566560729,36.44873471478759
fukui_03,2021-02-07,1612731599000,5.336768774739764,-10.591266469159383,36.45148996384931
fukui_03,2021-02-19,1613768399000,6.913468605220735,-9.209740634210824,36.45935948623117
fukui_03,2021-03-03,1614805199000,7.303349636019996,-9.922182226506727,36.46159046413322
fukui_03,2021-03-15,1615841999000,5.5573964669705855,-10.362586137157745,36.455652953892276
fukui_03,2021-03-27,1616878799000,6.505258812863207,-10.306522165974213,36.45465029962264
fukui_03,2021-04-08,1617915599000,5.547796686373844,-10.259946414822046,36.45783274658657
fukui_03,2021-04-20,1618952400000,6.063295265252005,-9.03497005527312,36.45923325197394
fukui_03,2021-05-02,1619989200000,6.502360282951848,-11.221775201630077,36.46114000979611
fukui_03,2021-05-14,1621026001000,6.434321678957316,-9.634333266319638,36.457077392090504
fukui_03,2021-05-26,1622062802000,6.262242463895807,-9.09174056529172,36.45363395650975
fukui_03,2021-06-07,1623099602000,6.052177981528096,-10.454384301755839,36.45543784994564
fukui_03,2021-06-19,1624136403000,6.128155671615102,-10.073816132614681,36.4579385952115
fukui_03,2021-07-01,1625173204000,6.93310289219897,-9.80872798510264,36.45637361321238
fukui_03,2021-07-13,1626210005000,6.494135487321293,-8.763842023081175,36.45760097644352
fukui_03,2021-07-25,1627246805000,5.786460913275685,-9.855904257242631,36.45989981008504
fukui_03,2021-08-06,1628283606000,5.962885874248536,-10.019356346248204,36.45493557440542
fukui_03,2021-08-18,1629320407000,7.228062438679007,-9.103717496865368,36.45654203230466
fukui_03,2021-08-30,1630357207000,7.509638186454372,-10.45739131974204,36.45799605735136
fukui_03,2021-09-11,1631394008000,6.585928170346676,-10.32062224680432,36.45470017544996
fukui_03,2021-09-23,1632430808000,7.005125024403691,-9.967978504137626,36.45243896966868
fukui_03,2021-10-05,1633467608000,6.552995565129908,-11.856486417302103,36.45214226805135
fukui_03,2021-10-17,1634504409000,6.37529028432389,-9.576201360544003,36.45183496373766
fukui_03,2021-10-29,1635541208000,6.679118350020014,-9.189031421360044,36.453401730818484
fukui_03,2021-11-22,1637614808000,5.37617827801045,-9.421089050849128,36.44984723413689
fukui_03,2021-12-04,1638651607000,6.390431619020468,-10.211451671313021,36.44911189330252
fukui_03,2021-12-16,1639688407000,5.674399264798816,-9.244541197302878,36.44980927733256
fukui_03,2021-12-28,1640725206000,6.018026361602281,-10.25015881451357,36.45841277772516
fukui_03,2022-01-09,1641762006000,5.44392516887703,-9.114703156304762,36.45407345913584
fukui_03,2022-01-21,1642798805000,7.243235987781881,-9.797701088456357,36.45199015896221
fukui_03,2022-02-02,1643835604000,5.9517047896187085,-8.451813707654331,36.455927235595254
fukui_03,2022-02-14,1644872405000,5.082816645674875,-9.287654192469235,36.4515032568408
fukui_03,2022-02-26,1645909204000,6.254073729251875,-9.926749061699997,36.45304315223086
fukui_03,2022-03-10,1646946004000,6.395280861626695,-10.865899321423827,36.45877113966655
fukui_03,2022-03-22,1647982805000,6.447746064151302,-8.434047692808306,36.45657153089508
fukui_03,2022-04-03,1649019605000,5.919886672752378,-10.09333087915751,36.45378527455777
fukui_03,2022-04-15,1650056405000,6.6600967719253825,-10.231568614582383,36.456398025300054
fukui_03,2022-04-27,1651093206000,7.054297224771302,-10.0261089227205,36.45456536502824
fukui_03,2022-05-09,1652130006000,6.758576383412654,-10.405663112302664,36.45891925580333
fukui_03,2022-05-21,1653166807000,7.202482499264858,-9.160358260037347,36.462213470834186
fukui_03,2022-06-02,1654203608000,6.859162503812988,-10.303334585073738,36.455394375060465
fukui_03,2022-06-14,1655240409000,5.977773266270215,-8.971451209230072,36.45674809652026
fukui_03,2022-06-26,1656277210000,6.45150408128094,-9.469571006505408,36.450657780831406
fukui_03,2022-07-08,1657314010000,6.915005999743633,-9.612798483001313,36.45570228290206
fukui_03,2022-07-20,1658350811000,6.159230651183554,-9.785074206584273,36.4576743638503
fukui_03,2022-08-01,1659387612000,5.646891096183218,-10.300893597042679,36.455403213154845
fukui_03,2022-08-13,1660424413000,5.75263859011585,-9.929969994781704,36.455060042070436
fukui_03,2022-08-25,1661461213000,5.007051300329116,-8.77014802450466,36.455749991847945
fukui_03,2022-09-06,1662497988000,5.9369423427734205,-8.735980977757828,36.5248731838801
fukui_03,2022-09-18,1663534814000,5.751934766414621,-10.493515741720628,36.462717408308535
fukui_03,2022-09-30,1664571615000,7.468194895205889,-10.511590771492688,36.45139761508209
fukui_03,2022-10-12,1665608414000,7.166398725076722,-9.50690143813259,36.459863814287175
fukui_03,2022-10-24,1666645215000,6.503688946006794,-9.565883928112493,36.451900449901096
fukui_03,2022-11-05,1667682014000,6.540881185402638,-9.256292485178909,36.45748431490785
fukui_03,2022-11-17,1668718814000,6.24665248816942,-10.356007286421415,36.45674572350844
fukui_03,2022-11-29,1669755614000,5.2099462509853,-10.930275733148934,36.452367956261895
fukui_03,2022-12-11,1670792413000,7.266078489891045,-10.400757952887846,36.4493654689719
fukui_03,2022-12-23,1671829212000,5.737591542656049,-7.770850044819911,36.448956106292
fukui_03,2023-01-04,1672866012000,5.016342659550887,-8.880737423280602,36.45428941251729
fukui_03,2023-01-16,1673902811000,6.64361664798988,-11.07181640379216,36.46638668508151
fukui_03,2023-01-28,1674939611000,-0.7241226444583702,-12.463607925852026,36.4494240489822
fukui_03,2023-02-09,1675976410000,5.567919001996106,-10.790818189781525,36.45772024216709
fukui_03,2023-02-21,1677013210000,6.3197126804777275,-12.307964706438133,36.45991468504111
fukui_03,2023-03-05,1678050010000,5.256706901889339,-10.54047777282606,36.45117454358645
fukui_03,2023-03-17,1679086810000,5.476421344008091,-12.32445891115319,36.461964574284586
fukui_03,2023-03-29,1680123610000,6.198292569386464,-11.070240345471179,36.46469901418674
fukui_03,2023-04-10,1681160411000,6.241787162584771,-11.030519592004412,36.45332576255718
fukui_03,2023-04-22,1682197211000,6.339987720314788,-10.21855389628919,36.45392466829641
fukui_03,2023-05-04,1683234012000,5.596031251302133,-11.778859966378354,36.450782341074536
fukui_03,2023-05-16,1684270813000,6.407387751328483,-11.146781564801284,36.44956929477331
fukui_03,2023-05-28,1685307613000,5.99600120115479,-9.968292782461134,36.45180772591342
fukui_03,2023-06-09,1686344413000,6.025962878816614,-11.42234352475004,36.461023606778724
fukui_03,2023-06-21,1687381214000,4.791607537871191,-10.67342311099475,36.463027952105904
fukui_03,2023-07-03,1688418015000,6.442323878831202,-10.378426409509185,36.45378815215125
fukui_03,2023-07-15,1689454816000,6.523546812197912,-10.90649138980103,36.450776621726604
fukui_03,2023-07-27,1690491617000,7.049298445433351,-11.21375221460821,36.45580042776207
fukui_03,2023-08-08,1691528417000,6.45198137037287,-10.768584148219546,36.469396633373535
fukui_03,2023-08-20,1692565218000,6.661892747779808,-10.844659390731984,36.46018459114802
fukui_03,2023-09-01,1693602019000,5.928945209192897,-10.643882985299458,36.452972946633565
fukui_03,2023-09-13,1694638819000,6.016000421287414,-11.588458131081415,36.458181511181216
fukui_03,2023-09-25,1695675620000,5.976657383906471,-12.083658075504323,36.45144597404882
fukui_03,2023-10-07,1696712419000,6.976392169271032,-10.943560757686576,36.45542839544978
fukui_03,2023-10-19,1697749220000,6.945380629972771,-11.64511295826591,36.45043672676209
fukui_03,2023-10-31,1698786019000,7.503495592216962,-10.236102512601285,36.4547809988936
fukui_03,2023-11-12,1699822819000,5.1668737946373815,-10.369950211044992,36.449462856448534
fukui_03,2023-11-24,1700859618000,6.800500601816651,-10.518954991558235,36.46386695406926
fukui_03,2023-12-06,1701896418000,7.256632497467016,-10.945190623931333,36.456956711036696
fukui_03,2023-12-18,1702933217000,3.706434762403582,-11.732976091901937,36.45602529360009
fukui_03,2023-12-30,1703970017000,4.775099052355597,-10.082294730930029,36.45136512215271
fukui_03,2024-01-11,1705006816000,5.70879511240125,-11.475164814224344,36.45087899440648
fukui_03,2024-01-23,1706043616000,2.7825834896128514,-9.165322945139255,36.453161635715595
fukui_03,2024-02-04,1707080415000,6.757683926195779,-9.995029728376368,36.45649934838422
fukui_03,2024-02-16,1708117215000,7.634846497214608,-10.382948990541655,36.45714299425273
fukui_03,2024-02-28,1709154015000,7.531404676278968,-10.45903640640315,36.45785936888528
fukui_03,2024-03-11,1710190815000,6.343830557303697,-9.815485749451266,36.456849520192016
fukui_03,2024-03-23,1711227616000,6.220732935228522,-10.684839056268128,36.45774502669154
fukui_03,2024-04-04,1712264416000,6.968927457207372,-9.671294258025268,36.45571653117966
fukui_03,2024-04-16,1713301216000,4.618091005080786,-9.994994256932179,36.45745301321383
fukui_03,2024-04-28,1714338017000,6.191280674215297,-11.542718262784526,36.45100551119089
fukui_03,2024-05-10,1715374817000,6.490343491264379,-10.499078130687101,36.445367689295615
fukui_03,2024-05-22,1716411616000,7.551803655518126,-10.939002675076875,36.446626090497496
fukui_03,2024-06-03,1717448416000,7.126439896442492,-10.514511700732491,36.44051762993203
fukui_03,2024-06-15,1718485216000,6.9969083972771875,-9.746166740076603,36.44100603932987
fukui_03,2024-07-09,1720558815000,6.448936606851954,-10.714230616285366,36.44679271077896
fukui_03,2024-07-21,1721595614000,6.945143904798176,-11.003476632989292,36.445568112973824
fukui_03,2024-08-02,1722632414000,6.470052628635628,-11.093378246384193,36.44373072940595
fukui_03,2024-08-14,1723669214000,6.176968060778123,-11.830277216108895,36.45862893085295
fukui_03,2024-08-26,1724706015000,6.34834862747683,-10.594640541780574,36.45467913188315
fukui_03,2024-09-07,1725742815000,6.563626019530033,-11.185592379557255,36.45766992686647
fukui_03,2024-09-19,1726779615000,6.294994473835218,-10.022845142819635,36.45755380826905
fukui_03,2024-10-01,1727816415000,6.912218356245127,-10.354657048027997,36.462473416528795
fukui_03,2024-10-13,1728853216000,7.384163599133266,-10.002395255059014,36.454577499381685
fukui_03,2024-10-25,1729890015000,7.6313401218674874,-10.164448094286831,36.46760113583817
fukui_03,2024-11-06,1730926815000,7.0955177862700465,-10.948560413532666,36.45505865033336
fukui_03,2024-11-18,1731963615000,6.454757427948623,-11.191220924024705,36.44799816157985
fukui_03,2024-12-12,1734037213000,6.409736227194784,-10.760144313527865,36.44657565041132
fukui_03,2024-12-24,1735074012000,5.247677082357879,-10.027363110920463,36.453344225758144
fukui_03,2025-01-05,1736110811000,7.402863854208892,-10.470188146927683,36.44905471501074
fukui_03,2025-01-17,1737147610000,6.706173810793238,-10.068877086975418,36.45212530856842
fukui_03,2025-01-29,1738184409000,6.546491622598818,-10.143545885490873,36.4486943161667
fukui_03,2025-02-10,1739221209000,6.379458221132014,-10.597652073475233,36.44950653498112
fukui_03,2025-02-22,1740258008000,6.676039107681784,-10.661555593350917,36.45741626951431
fukui_03,2025-03-06,1741294808000,5.250595095052993,-11.67347050079365,36.45715758403353
fukui_03,2025-03-18,1742331608000,4.56768890193161,-9.902419940741318,36.45686617682252
fukui_03,2025-03-30,1743368409000,6.881166688001838,-11.048765981460008,36.4473315916696
fukui_03,2025-04-11,1744405209000,7.86296077694119,-10.085704099011275,36.45799555640835
fukui_03,2025-04-23,1745442009000,6.5982194673444265,-10.464336704996553,36.45174029200416
fukui_03,2025-05-05,1746478809000,5.778802743894985,-9.99545167759735,36.44954579751577
fukui_03,2025-05-17,1747515609000,6.117521879087381,-9.470125013099759,36.44691914370081
fukui_03,2025-05-29,1748552408000,7.283954928502467,-10.24468151028698,36.44204275275168
fukui_03,2025-06-10,1749589208000,7.006271606218411,-9.403001390290788,36.43877765653518
fukui_03,2025-06-22,1750626007000,6.882853556924172,-11.562197014484289,36.43826080520801
fukui_03,2025-07-04,1751662806000,7.3494567320281305,-9.919692917838322,36.4454318943909
fukui_03,2025-07-16,1752699606000,7.934395037745869,-9.50146858492493,36.44728848720611
fukui_03,2025-07-28,1753736405000,6.468008807603453,-9.786861253984048,36.448081733995124
fukui_03,2025-08-09,1754773205000,4.93438373678972,-10.652888506396978,36.44659317420809
fukui_03,2025-08-21,1755810005000,6.129020870125419,-11.492982006040602,36.4518457518404
fukui_03,2025-09-02,1756846805000,7.616211094535512,-10.84616680711456,36.45602368404992
fukui_03,2025-09-14,1757883606000,7.069589756759696,-10.868079573661015,36.45726020987067
fukui_03,2025-09-26,1758920406000,6.484500931279229,-11.265465458585512,36.45984140594476
fukui_03,2025-10-08,1759957207000,7.7235637255224265,-10.370300575842723,36.44675684315369
fukui_03,2025-10-20,1760994006000,8.068903316946402,-11.38762414626071,36.45339462100052
fukui_03,2025-11-01,1762030806000,6.965618702272907,-10.267743287787267,36.45044681377966
fukui_03,2025-11-13,1763067605000,6.474831133393768,-10.4984947823244,36.453893167743864
fukui_03,2025-11-25,1764104404000,5.741561381388086,-10.6599553678268,36.44923484958768
fukui_03,2025-12-07,1765141203000,7.48793283469132,-10.390526187718333,36.44302788466642
fukui_03,2025-12-19,1766178002000,6.34800624502514,-10.754858068733444,36.44442381648661
fukui_03,2025-12-31,1767214801000,6.911170558749541,-12.974751441336956,36.4489198193687
fukui_03,2026-01-12,1768251600000,5.417416247881789,-12.305672771760863,36.45061658388872
fukui_03,2026-01-24,1769288398000,2.9179750980202073,-13.952339446826898,36.45837625034194
fukui_03,2026-02-17,1771361997000,6.99068789220781,-10.812759455303908,36.453429653026454
fukui_03,2026-03-01,1772398797000,5.7791890537409465,-11.316319781777667,36.453050301712196
fukui_03,2026-03-13,1773435597000,5.820833802899802,-11.673017106594513,36.457006513271416
fukui_03,2026-03-25,1774472398000,6.338705411072165,-11.07114469324525,36.45664220908793
fukui_03,2026-04-06,1775509198000,6.382931332065542,-10.753244339308731,36.4529751222345
fukui_03,2026-04-18,1776545998000,5.75337969199549,-10.511580311583113,36.44478263053276
fukui_03,2026-04-30,1777582797000,7.422182859699996,-9.608905331338114,36.443198895328266
fukui_03,2026-05-12,1778619597000,5.749964003875905,-10.452180160457536,36.44496114435472
fukui_04,2017-02-16,1487278774030,6.066873799975309,-9.00894446124106,36.54521012894673
fukui_04,2017-02-28,1488315573000,5.675847075074977,-9.035060500063363,36.54363646422737
fukui_04,2017-03-12,1489352374000,5.877738167042143,-8.917537217205577,36.537887822264054
fukui_04,2017-03-24,1490389174380,5.577034500510392,-9.176935669568431,36.54319544632194
fukui_04,2017-04-05,1491425974840,5.232152877184246,-8.640828449414514,36.54319830753122
fukui_04,2017-04-17,1492462775450,5.982286487912447,-8.988441065503853,36.54419022857493
fukui_04,2017-04-29,1493499575000,5.580103638922477,-8.09850247387407,36.54308631835399
fukui_04,2017-05-11,1494536376000,6.09209345407612,-8.445394199183914,36.537111013460226
fukui_04,2017-05-23,1495573177000,5.823138421462519,-8.157048725455601,36.54014743724487
fukui_04,2017-06-04,1496609978000,4.896347125704997,-8.317015430959087,36.54175330373812
fukui_04,2017-06-16,1497646778000,5.46840527186348,-7.908441473316103,36.54546269169709
fukui_04,2017-06-28,1498683579000,4.822147574609126,-9.836700365319079,36.544335768337845
fukui_04,2017-07-10,1499720379000,5.223607361148329,-8.655202069705679,36.54180240853752
fukui_04,2017-07-22,1500757180000,5.247673994945043,-8.150100697146737,36.54231438085913
fukui_04,2017-08-03,1501793981000,4.985317191702763,-8.839430907319505,36.539870216496666
fukui_04,2017-08-15,1502830782000,5.552751785274505,-7.7351898972867374,36.54445128449544
fukui_04,2017-08-27,1503867582000,4.937090924119124,-8.559132094546115,36.54217137078721
fukui_04,2017-09-08,1504904382000,5.3213849514434886,-9.317633449571861,36.540100655977476
fukui_04,2017-09-20,1505941183000,5.758255984477841,-8.68385346920311,36.538223650163445
fukui_04,2017-10-02,1506977983000,5.884782454244852,-9.351483607557656,36.54161078263228
fukui_04,2017-10-14,1508014783000,5.807775582381287,-8.699724960855654,36.54287382383176
fukui_04,2017-10-26,1509051584000,5.121924458509623,-9.415250487676516,36.54050480597703
fukui_04,2017-11-07,1510088383000,5.060887860694194,-8.312080336849368,36.54059943585554
fukui_04,2017-11-19,1511125183000,5.955393898099727,-9.10726848363003,36.53783434680811
fukui_04,2017-12-01,1512161983000,7.41229398502705,-8.26299183538518,36.54115772520432
fukui_04,2017-12-13,1513198782000,5.304105356287731,-9.118965115999462,36.54266377362793
fukui_04,2017-12-25,1514235582000,5.218435510947343,-9.307559529262065,36.546538540475225
fukui_04,2018-01-06,1515272381000,4.976627283333543,-9.005791753473652,36.54188487728438
fukui_04,2018-01-18,1516309181000,5.369564092441458,-8.653233840189241,36.53632053680779
fukui_04,2018-01-30,1517345980000,4.867074999004848,-8.961063896206921,36.53949824458446
fukui_04,2018-02-11,1518382780000,4.341680728562437,-9.607338429473971,36.53929349095205
fukui_04,2018-02-23,1519419580000,5.200843548899121,-8.261762347658852,36.54767649784437
fukui_04,2018-03-07,1520456380000,5.5943494445645126,-8.014346056999027,36.55168189992537
fukui_04,2018-03-19,1521493180000,4.239642180808256,-9.83620383552716,36.54402957035636
fukui_04,2018-03-31,1522529981000,5.417318080908585,-7.911959500538134,36.54030047074917
fukui_04,2018-04-12,1523566781000,5.255779857730568,-8.601306939954918,36.5426948302857
fukui_04,2018-04-24,1524603582000,4.8864048827286535,-8.576709753631533,36.5461186152248
fukui_04,2018-05-06,1525640382000,4.71914266348028,-8.758001595273809,36.545003362448846
fukui_04,2018-05-18,1526677183000,5.625437300426083,-8.904544200666187,36.54353923435296
fukui_04,2018-05-30,1527713983000,5.892969796318092,-8.659797837526602,36.54570755433749
fukui_04,2018-06-11,1528750784000,5.168392731703492,-9.284050166849475,36.53941305894273
fukui_04,2018-06-23,1529787585000,5.225128589989689,-8.510684035841958,36.5422408503871
fukui_04,2018-06-29,1530305934000,5.956849020091099,-9.132209427873997,36.57479828798983
fukui_04,2018-07-05,1530824385000,5.23856866176425,-9.028776953352388,36.55000641025212
fukui_04,2018-07-17,1531861186000,4.840285322167428,-8.865305090762703,36.54532657002758
fukui_04,2018-08-10,1533934788000,4.768555587051064,-8.260078492103437,36.54066467584037
fukui_04,2018-08-22,1534971588000,4.584745068438737,-8.982756392416709,36.544392833095735
fukui_04,2018-09-03,1536008389000,4.7302249094149476,-9.394577707819971,36.54131805627961
fukui_04,2018-09-15,1537045189000,5.263602891921515,-8.847154060254704,36.54363860207043
fukui_04,2018-09-27,1538081990000,4.975036600683251,-8.650838554748583,36.54097213825174
fukui_04,2018-10-09,1539118790000,4.987807751660669,-8.06172193344084,36.53966207728046
fukui_04,2018-10-21,1540155590000,5.414937546709231,-8.21309283592354,36.54068300091441
fukui_04,2018-11-02,1541192390000,5.048986299007346,-7.973184754613116,36.54158657618931
fukui_04,2018-11-14,1542229190000,5.610276590603603,-8.28296690230621,36.53974034535455
fukui_04,2018-11-26,1543265989000,5.112197232732474,-8.146805489568422,36.54108456983861
fukui_04,2018-12-08,1544302789000,5.748746779754483,-8.139322403069952,36.537721826699084
fukui_04,2018-12-20,1545339589000,5.567900534759117,-7.930987224754487,36.54074340848253
fukui_04,2019-01-01,1546376388000,6.1740638113188675,-8.019580022971816,36.54132645129532
fukui_04,2019-01-13,1547413188000,5.365584983327079,-7.211198913334684,36.5444834083901
fukui_04,2019-01-25,1548449987000,5.794079948903455,-6.557676983845666,36.537836116044915
fukui_04,2019-02-06,1549486787000,5.450787814057642,-7.459749297630975,36.54129008148822
fukui_04,2019-02-18,1550523587000,5.0511901858307775,-7.166653050126087,36.53731886936225
fukui_04,2019-03-02,1551560387000,4.892045631355968,-8.279638171209442,36.53648264630737
fukui_04,2019-03-14,1552597187000,4.885931833758615,-7.575004857046831,36.54666716725995
fukui_04,2019-03-26,1553633987000,5.48256414937541,-7.971402820632921,36.54320523340774
fukui_04,2019-04-07,1554670787000,4.9028922789002465,-7.812928034127387,36.540331226013706
fukui_04,2019-04-19,1555707588000,5.105970597869027,-8.578142513797737,36.535611376154755
fukui_04,2019-05-01,1556744388000,4.900750842137385,-8.21148423080166,36.53516930934192
fukui_04,2019-05-13,1557781189000,5.410909734799285,-7.285221127928192,36.543996933083136
fukui_04,2019-05-25,1558817989000,5.426119886986691,-7.278799988537761,36.542795115777544
fukui_04,2019-06-06,1559854790000,6.245212061577582,-7.142470710115044,36.54506544642451
fukui_04,2019-06-18,1560891590000,6.179167786952467,-9.228209033176997,36.54367913900026
fukui_04,2019-06-30,1561928391000,6.698943156286777,-6.9086429968441845,36.539477424991176
fukui_04,2019-07-12,1562965192000,5.410436941793169,-9.622759328067547,36.5432474121831
fukui_04,2019-07-24,1564001993000,5.068976416237577,-8.624441635020665,36.54576415311064
fukui_04,2019-08-05,1565038794000,5.0401495622319334,-8.367782309187948,36.544636100969825
fukui_04,2019-08-17,1566075594000,5.015369759954547,-9.632107713820899,36.53742908027516
fukui_04,2019-08-29,1567112395000,6.270281068820094,-10.151178975441905,36.540355873655884
fukui_04,2019-09-10,1568149195000,5.093110232909805,-10.083635308106574,36.54436528410089
fukui_04,2019-09-22,1569185996000,5.404566373467303,-9.247975017497971,36.54072051029678
fukui_04,2019-10-04,1570222796000,5.418909512352998,-10.004715440174762,36.53959284147293
fukui_04,2019-10-16,1571259596000,4.72086850081274,-11.052083557928503,36.54236058623463
fukui_04,2019-10-28,1572296396000,5.065462573358125,-9.883127452022379,36.54054233623565
fukui_04,2019-11-09,1573333196000,4.811721263252697,-10.441103178224663,36.54014057217315
fukui_04,2019-11-21,1574369996000,4.891091091287013,-11.058604592834369,36.54265419311683
fukui_04,2019-12-03,1575406796000,5.814526968493463,-10.478380285661112,36.5431305603773
fukui_04,2019-12-15,1576443595000,4.8184842487908695,-10.77437190201398,36.53782367731194
fukui_04,2019-12-27,1577480395000,4.930900298496405,-11.584897416363022,36.534575101996964
fukui_04,2020-01-08,1578517194000,4.627384312152494,-11.25018949038916,36.53774695193648
fukui_04,2020-01-20,1579553994000,4.552077937420235,-10.666721447224509,36.54187603798821
fukui_04,2020-02-01,1580590793000,4.790155286035682,-10.460654021333774,36.46917527311165
fukui_04,2020-02-13,1581627593000,4.590060095594915,-9.688920326221162,36.46910270200046
fukui_04,2020-02-25,1582664393000,4.749227695289585,-10.197792550870732,36.467976977782314
fukui_04,2020-03-08,1583701193000,4.791916493605107,-9.326494393863415,36.463466833133516
fukui_04,2020-03-20,1584737993000,5.038511970887338,-9.182412130791443,36.467587323255955
fukui_04,2020-04-01,1585774793000,6.905748708716513,-8.103457749664159,36.47456960663207
fukui_04,2020-04-13,1586811594000,5.698563926619463,-7.00978107706134,36.47238241230158
fukui_04,2020-04-25,1587848394000,5.663032808253607,-8.121584255513373,36.46682023790592
fukui_04,2020-05-07,1588885195000,5.171188889237484,-7.901727713460814,36.46988732261152
fukui_04,2020-05-19,1589921995000,5.7034099151587245,-8.197502535247548,36.4696845809567
fukui_04,2020-05-31,1590958796000,5.610110512233922,-8.445965061947728,36.47268907490286
fukui_04,2020-06-12,1591995597000,5.59799565216853,-8.288720238163307,36.46985161641889
fukui_04,2020-06-24,1593032398000,5.791292187865807,-8.445522009523398,36.46896924433848
fukui_04,2020-07-06,1594069198000,7.79290234479925,-10.297542396529005,36.469773229295235
fukui_04,2020-07-18,1595105999000,5.972644308107753,-7.620907042104597,36.46963064544298
fukui_04,2020-07-30,1596142800000,5.778951178276725,-7.743585017599534,36.466407110442915
fukui_04,2020-08-11,1597179600000,5.524682090904942,-7.856744386354247,36.46980760866137
fukui_04,2020-08-23,1598216401000,5.5287574788977825,-7.481881580027492,36.469090161210644
fukui_04,2020-09-04,1599253202000,5.942691639551637,-6.916299088620548,36.466108964255945
fukui_04,2020-09-16,1600290002000,5.480575492140817,-7.815144173680387,36.467367922894525
fukui_04,2020-09-28,1601326803000,5.345912139651428,-8.07366013973843,36.466740871591995
fukui_04,2020-10-10,1602363603000,5.439668982827376,-8.594862894564422,36.46526474301337
fukui_04,2020-10-22,1603400403000,4.9870495069133325,-9.613828495679023,36.46954821408849
fukui_04,2020-11-03,1604437203000,5.54466363425276,-8.506457522763581,36.463911252284575
fukui_04,2020-11-15,1605474003000,5.888452160923024,-7.658253762504532,36.46336265850219
fukui_04,2020-11-27,1606510802000,4.7407589261051895,-9.841824348392853,36.469691087903236
fukui_04,2020-12-09,1607547602000,5.308442801960786,-8.807945283050326,36.46775576590243
fukui_04,2020-12-21,1608584401000,4.8405627526923345,-8.648282337452764,36.46778641723666
fukui_04,2021-01-02,1609621201000,6.163151941579717,-8.41328017350394,36.46383992698563
fukui_04,2021-01-14,1610658000000,5.387052122321968,-8.396205585327275,36.46223419844253
fukui_04,2021-01-26,1611694800000,6.085792792574261,-8.537434051489134,36.46214779723549
fukui_04,2021-02-07,1612731599000,5.751879315840806,-8.508513262078997,36.46498368248267
fukui_04,2021-02-19,1613768399000,5.370255764488833,-7.511404656518905,36.47274712615793
fukui_04,2021-03-03,1614805199000,5.254581696403814,-8.399670323002766,36.47500090346006
fukui_04,2021-03-15,1615841999000,5.960941689825055,-8.59078882852337,36.469078065952715
fukui_04,2021-03-27,1616878799000,5.290716533390659,-8.80002940605641,36.46820629694609
fukui_04,2021-04-08,1617915599000,5.588331339646183,-8.895871123316319,36.4714057649956
fukui_04,2021-04-20,1618952400000,6.364743045384251,-8.275661848530634,36.472734976201906
fukui_04,2021-05-02,1619989200000,5.3308311771175045,-8.097330053428683,36.474641626713485
fukui_04,2021-05-14,1621026001000,5.301771172293199,-8.07750534465516,36.47062661808147
fukui_04,2021-05-26,1622062802000,6.0264839201861085,-7.8156467688602875,36.467230282152286
fukui_04,2021-06-07,1623099602000,6.192016497981332,-8.315742631421239,36.46905001507216
fukui_04,2021-06-19,1624136403000,5.506935654156086,-7.914644404861983,36.47151718060321
fukui_04,2021-07-01,1625173204000,5.7303789193042265,-8.014788176338092,36.4697724416704
fukui_04,2021-07-13,1626210005000,6.407753464571199,-7.316947941635521,36.47119554190254
fukui_04,2021-07-25,1627246805000,5.809106319042037,-7.5067259670713105,36.47334303400511
fukui_04,2021-08-06,1628283606000,5.92345414331574,-7.866342264111786,36.468463742450005
fukui_04,2021-08-18,1629320407000,5.783180722358269,-7.586105865230339,36.470113418794135
fukui_04,2021-08-30,1630357207000,5.825336633125541,-7.532758092273595,36.471505452912915
fukui_04,2021-09-11,1631394008000,5.340448961427698,-8.240551451051108,36.46811788357582
fukui_04,2021-09-23,1632430808000,5.170096075956884,-7.9378433723601365,36.46584197783303
fukui_04,2021-10-05,1633467608000,5.156784286362974,-7.753535501716556,36.46563027267059
fukui_04,2021-10-17,1634504409000,4.691625911221733,-8.75014314129301,36.46523992388594
fukui_04,2021-10-29,1635541208000,5.765056340990482,-8.495648289960085,36.46684065901554
fukui_04,2021-11-22,1637614808000,5.193689326797574,-8.00593407738142,36.46335921732983
fukui_04,2021-12-04,1638651607000,5.67465889958517,-8.298672687772134,36.462537249231886
fukui_04,2021-12-16,1639688407000,9.026430012289964,-9.2962980087277,36.46329897307559
fukui_04,2021-12-28,1640725206000,5.704689602431279,-9.128353348020196,36.471835437076926
fukui_04,2022-01-09,1641762006000,5.610649063026563,-8.763824189569576,36.46749178452837
fukui_04,2022-01-21,1642798805000,5.462654356233405,-9.076428739006486,36.46539035510099
fukui_04,2022-02-02,1643835604000,6.392448897949348,-8.113618327572109,36.46940638695851
fukui_04,2022-02-14,1644872405000,5.629515779959404,-8.268002878634249,36.4649638818767
fukui_04,2022-02-26,1645909204000,5.223466016576108,-9.377245428701821,36.46645001158181
fukui_04,2022-03-10,1646946004000,4.921787996891226,-9.972183312707397,36.47216463088991
fukui_04,2022-03-22,1647982805000,5.422049014809577,-8.61087712608423,36.470090405797336
fukui_04,2022-04-03,1649019605000,5.783205973234908,-9.190829810342386,36.46730381562103
fukui_04,2022-04-15,1650056405000,5.789409128430754,-9.880977749275111,36.46995906487799
fukui_04,2022-04-27,1651093206000,5.27387129346428,-9.297458901641441,36.46813815133006
fukui_04,2022-05-09,1652130006000,6.169730984593532,-10.047072604051683,36.472414932250985
fukui_04,2022-05-21,1653166807000,5.504084089795825,-9.10493588520135,36.4756147640574
fukui_04,2022-06-02,1654203608000,5.443941489892655,-8.448420089463951,36.468974364457374
fukui_04,2022-06-14,1655240409000,5.579983100176308,-8.441097998157625,36.470357914395926
fukui_04,2022-06-26,1656277210000,5.222398343464732,-8.477755001346734,36.46415914005759
fukui_04,2022-07-08,1657314010000,5.062981961371919,-8.575044645305956,36.46925733862782
fukui_04,2022-07-20,1658350811000,5.804824120295942,-8.033539966018868,36.47112079599441
fukui_04,2022-08-01,1659387612000,5.916779912104686,-8.57881713207215,36.468959007452
fukui_04,2022-08-13,1660424413000,5.43956538879597,-9.561787940504189,36.46863793576252
fukui_04,2022-08-25,1661461213000,6.184205691225538,-7.869647821051473,36.46930233829598
fukui_04,2022-09-06,1662497988000,5.348777636401357,-8.552015660473915,36.53846929681446
fukui_04,2022-09-18,1663534814000,5.661000826539838,-8.173583154921808,36.47614509476306
fukui_04,2022-09-30,1664571615000,5.073806509629207,-9.175499859288985,36.46483645384111
fukui_04,2022-10-12,1665608414000,5.551853902475432,-8.208986580936571,36.473277889461976
fukui_04,2022-10-24,1666645215000,5.180252590905373,-8.357671030531902,36.4653911635338
fukui_04,2022-11-05,1667682014000,5.12383423511958,-7.991183742346643,36.47094679932911
fukui_04,2022-11-17,1668718814000,5.3129365623163345,-8.722964212718768,36.47022006532832
fukui_04,2022-11-29,1669755614000,6.002263232984733,-7.3281483796712035,36.465802586081765
fukui_04,2022-12-11,1670792413000,5.297291094437569,-7.734164303867278,36.462947119750666
fukui_04,2022-12-23,1671829212000,9.157836095453831,-6.944779550964323,36.46235729015711
fukui_04,2023-01-04,1672866012000,5.9331477137903965,-9.344297362541514,36.467700299549
fukui_04,2023-01-16,1673902811000,5.352117429074246,-8.123217800676864,36.47980402558344
fukui_04,2023-01-28,1674939611000,3.0240154150434617,-8.15132965340371,36.462839091421586
fukui_04,2023-02-09,1675976410000,5.609947064569268,-8.454445123344273,36.47123785803243
fukui_04,2023-02-21,1677013210000,5.246760120513468,-8.621553198903351,36.47332683451184
fukui_04,2023-03-05,1678050010000,5.391290925908052,-8.229347284999339,36.46476185262872
fukui_04,2023-03-17,1679086810000,4.799518666238775,-8.557901423995167,36.47539913585854
fukui_04,2023-03-29,1680123610000,5.511806883792764,-8.262975489226378,36.47818972483404
fukui_04,2023-04-10,1681160411000,5.29435048485434,-8.505190748318826,36.466907341605754
fukui_04,2023-04-22,1682197211000,5.0258010674554,-8.878471671137211,36.46736033919591
fukui_04,2023-05-04,1683234012000,5.556915247854536,-8.165665548985755,36.46429603407561
fukui_04,2023-05-16,1684270813000,5.678078102686692,-8.166136262471687,36.4631019239331
fukui_04,2023-05-28,1685307613000,7.994020497777926,-8.74477198339162,36.46538663733023
fukui_04,2023-06-09,1686344413000,5.44034355311702,-7.548666702833248,36.47448956271013
fukui_04,2023-06-21,1687381214000,5.418071635699121,-9.278439108694833,36.4765254906743
fukui_04,2023-07-03,1688418015000,5.6583422500442415,-7.113110209305617,36.46731774526596
fukui_04,2023-07-15,1689454816000,6.298373304301836,-7.428310433963897,36.46428596301468
fukui_04,2023-07-27,1690491617000,5.177890347095729,-9.39251386763289,36.46938669005733
fukui_04,2023-08-08,1691528417000,4.71288900414225,-7.849190121631103,36.48286905246399
fukui_04,2023-08-20,1692565218000,6.2702385372584235,-8.109214467319145,36.473719354335714
fukui_04,2023-09-01,1693602019000,5.770362680158217,-9.096037297560615,36.46655184869575
fukui_04,2023-09-13,1694638819000,4.577237039850724,-8.300961480919524,36.471589157251564
fukui_04,2023-09-25,1695675620000,5.275141468001611,-8.457639084073241,36.46497842627159
fukui_04,2023-10-07,1696712419000,5.666729508490951,-7.756296601250716,36.468841007351116
fukui_04,2023-10-19,1697749220000,5.32508143181748,-7.877760201247314,36.46391913440853
fukui_04,2023-10-31,1698786019000,5.830250001858113,-8.488380391422158,36.468207048694296
fukui_04,2023-11-12,1699822819000,6.1398928352740745,-8.497225538735332,36.46286855318356
fukui_04,2023-11-24,1700859618000,5.157837150203969,-8.575901109270214,36.477309515816835
fukui_04,2023-12-06,1701896418000,5.974074978744668,-8.551692440304496,36.47044770853451
fukui_04,2023-12-18,1702933217000,5.7421155239595265,-7.979201346136968,36.46950926703592
fukui_04,2023-12-30,1703970017000,6.05105918639082,-8.503020058357418,36.4648964681469
fukui_04,2024-01-11,1705006816000,6.2289014498307935,-8.199779749530256,36.46435203333811
fukui_04,2024-01-23,1706043616000,4.22777181998668,-9.331314321574459,36.46657632479616
fukui_04,2024-02-04,1707080415000,6.1400559022704355,-8.318503433697607,36.46991395017781
fukui_04,2024-02-16,1708117215000,6.008667748614539,-8.268102121547688,36.470656680538866
fukui_04,2024-02-28,1709154015000,6.3591085299918975,-8.256953039821848,36.47138641484052
fukui_04,2024-03-11,1710190815000,6.596362194768362,-8.327711178608228,36.47044492743575
fukui_04,2024-03-23,1711227616000,6.699701351131948,-8.552978538766522,36.471314414915746
fukui_04,2024-04-04,1712264416000,5.5785496701399815,-8.653406232408646,36.46926783690448
fukui_04,2024-04-16,1713301216000,5.941317889374327,-7.176173467921556,36.47084607875732
fukui_04,2024-04-28,1714338017000,5.9519744137549475,-8.285901211642093,36.464561424760575
fukui_04,2024-05-10,1715374817000,6.2084990621848535,-8.09268403029226,36.45897729212943
fukui_04,2024-05-22,1716411616000,6.216476471104823,-8.327315690817299,36.46020991664165
fukui_04,2024-06-03,1717448416000,6.14024555192308,-8.310408133056654,36.45408205984779
fukui_04,2024-06-15,1718485216000,5.948243543894047,-7.599567351094357,36.454578357727506
fukui_04,2024-07-09,1720558815000,6.164823097531299,-7.3349518054901095,36.460357931665875
fukui_04,2024-07-21,1721595614000,5.666516308064663,-7.993622887831631,36.459059416283914
fukui_04,2024-08-02,1722632414000,5.323912358428328,-8.108700003535658,36.457227081099376
fukui_04,2024-08-14,1723669214000,5.44563829500881,-8.055247506629737,36.47213410906546
fukui_04,2024-08-26,1724706015000,5.328112801332401,-7.815746975966339,36.468265998629796
fukui_04,2024-09-07,1725742815000,5.714308433041287,-8.047425854462883,36.47117307685288
fukui_04,2024-09-19,1726779615000,5.413710866323539,-8.699816606991364,36.47109976338103
fukui_04,2024-10-01,1727816415000,4.913361360848784,-7.703855281193328,36.47597744888537
fukui_04,2024-10-13,1728853216000,5.5030901439382784,-7.93529152600926,36.4679860775211
fukui_04,2024-10-25,1729890015000,4.728769157588545,-7.350594874051444,36.48100676466876
fukui_04,2024-11-06,1730926815000,5.434792530059184,-8.39995989332244,36.46848618414772
fukui_04,2024-11-18,1731963615000,6.049064794645961,-9.444474167628316,36.461505931845274
fukui_04,2024-12-12,1734037213000,5.757002919047659,-10.001171314426776,36.46011482905995
fukui_04,2024-12-24,1735074012000,5.235529253277027,-8.57588185178886,36.46683713168331
fukui_04,2025-01-05,1736110811000,6.212513276596247,-8.411859011255167,36.462554208645656
fukui_04,2025-01-17,1737147610000,5.677797927841296,-8.390693260442339,36.465621143050086
fukui_04,2025-01-29,1738184409000,6.4164138471724295,-8.297830574891268,36.462183721860264
fukui_04,2025-02-10,1739221209000,5.770969057283967,-9.166222920676413,36.4630431673361
fukui_04,2025-02-22,1740258008000,5.206616775619473,-9.58298151741002,36.47091815047989
fukui_04,2025-03-06,1741294808000,5.875631888539107,-8.310655135581147,36.47057275486117
fukui_04,2025-03-18,1742331608000,5.6899655848755675,-8.594102604289017,36.470298328434716
fukui_04,2025-03-30,1743368409000,6.074710126721403,-8.15300958204426,36.46081846790673
fukui_04,2025-04-11,1744405209000,5.9219142949648855,-8.022977512721498,36.471496063740794
fukui_04,2025-04-23,1745442009000,5.78023256988323,-9.26049335940967,36.465360106345635
fukui_04,2025-05-05,1746478809000,5.629598882026487,-7.7525201407044335,36.46310009287757
fukui_04,2025-05-17,1747515609000,6.261135310561633,-7.995841299483139,36.46051585988734
fukui_04,2025-05-29,1748552408000,6.141416787208431,-7.093168939236808,36.455661922865346
fukui_04,2025-06-10,1749589208000,6.067127229752244,-7.972178800954705,36.45234529811796
fukui_04,2025-06-22,1750626007000,11.961255011429085,-5.857172525112075,36.45182345605829
fukui_04,2025-07-04,1751662806000,6.096056564654906,-8.009322884401321,36.45896926892019
fukui_04,2025-07-16,1752699606000,5.891373888328351,-7.235493457323781,36.460788925851645
fukui_04,2025-07-28,1753736405000,5.620975757048435,-7.873481945952159,36.46159041655193
fukui_04,2025-08-09,1754773205000,5.104044369145148,-8.814604353661291,36.46009455457318
fukui_04,2025-08-21,1755810005000,6.083612639533959,-8.3441468871448,36.46533204719442
fukui_04,2025-09-02,1756846805000,5.194614228917064,-7.82156734955159,36.46942878651582
fukui_04,2025-09-14,1757883606000,5.227606044181851,-8.34303839335169,36.47076962040921
fukui_04,2025-09-26,1758920406000,5.024494067117221,-8.086198647460924,36.47323500964512
fukui_04,2025-10-08,1759957207000,5.029351972981986,-8.737176180933764,36.46037065177268
fukui_04,2025-10-20,1760994006000,5.499047397717708,-9.20064938269798,36.46693956663138
fukui_04,2025-11-01,1762030806000,6.0842528933138444,-9.197177078689649,36.46385197046682
fukui_04,2025-11-13,1763067605000,4.977779500302859,-8.648538222322271,36.4673319472501
fukui_04,2025-11-25,1764104404000,10.58509450801814,-8.46500338979839,36.46276627629839
fukui_04,2025-12-07,1765141203000,6.088260518696628,-8.906102861800592,36.45655498269287
fukui_04,2025-12-19,1766178002000,5.916533382184902,-8.977519601742259,36.457936512993506
fukui_04,2025-12-31,1767214801000,9.156738237726586,-9.26137410916246,36.462539246890344
fukui_04,2026-01-12,1768251600000,6.417743320185785,-9.00206492427647,36.46415107756892
fukui_04,2026-01-24,1769288398000,5.904878037205454,-9.416097240200994,36.471786044186544
fukui_04,2026-02-17,1771361997000,5.401201172676419,-8.09153698877218,36.466926182690685
fukui_04,2026-03-01,1772398797000,6.319468582216142,-8.890563084848596,36.46657788286146
fukui_04,2026-03-13,1773435597000,6.512979125686979,-9.090196481470926,36.47051534463766
fukui_04,2026-03-25,1774472398000,6.31859124826231,-8.00521205984291,36.470211253914925
fukui_04,2026-04-06,1775509198000,6.05058416522246,-8.463869600782752,36.466512311163214
fukui_04,2026-04-18,1776545998000,6.311092663894844,-8.055243442432717,36.45835718646165
fukui_04,2026-04-30,1777582797000,6.5022159846071235,-7.368698471582649,36.45675007227764
fukui_04,2026-05-12,1778619597000,5.997019072249893,-8.57347226159058,36.45848082501649
fukui_05,2017-02-16,1487278774030,4.784294350658655,-11.246750238414327,36.53549116144035
fukui_05,2017-02-28,1488315573000,5.552777297508601,-11.215363826053565,36.533903476234386
fukui_05,2017-03-12,1489352374000,4.744234833248147,-10.751403260564867,36.528130844594166
fukui_05,2017-03-24,1490389174380,4.802133205951953,-11.075272577318685,36.5335247916771
fukui_05,2017-04-05,1491425974840,5.043620901217686,-11.942569282665163,36.53345409673308
fukui_05,2017-04-17,1492462775450,5.02032730053234,-10.238963013903588,36.53442916613104
fukui_05,2017-04-29,1493499575000,4.393305318371551,-11.363443872272764,36.533330329640435
fukui_05,2017-05-11,1494536376000,4.435695961008738,-12.003582968017804,36.52739568712309
fukui_05,2017-05-23,1495573177000,4.650812304180681,-11.645156693229495,36.53039736419956
fukui_05,2017-06-04,1496609978000,4.252328008438199,-12.167024243459347,36.532049258091604
fukui_05,2017-06-16,1497646778000,4.835347561245087,-12.407564934484187,36.535771609402985
fukui_05,2017-06-28,1498683579000,4.658329913856398,-11.841545928004647,36.534569562592125
fukui_05,2017-07-10,1499720379000,4.44396082854327,-11.953063017094621,36.53205201563425
fukui_05,2017-07-22,1500757180000,3.649527177828448,-11.57457500884614,36.53257544707261
fukui_05,2017-08-03,1501793981000,4.520733893153466,-10.842396915272472,36.53015364625268
fukui_05,2017-08-15,1502830782000,4.311011191622893,-11.362183485380337,36.5347501381486
fukui_05,2017-08-27,1503867582000,3.796838934142787,-9.981948351790063,36.53240104869076
fukui_05,2017-09-08,1504904382000,4.597597214054145,-10.07702137290642,36.53036141215373
fukui_05,2017-09-20,1505941183000,4.708678241390591,-10.180907103620426,36.52847280616385
fukui_05,2017-10-02,1506977983000,2.9624667824775894,-9.839244471653487,36.53186662499387
fukui_05,2017-10-14,1508014783000,5.216919684499823,-9.847660833268186,36.53310968953119
fukui_05,2017-10-26,1509051584000,5.895081069398926,-9.991022371513683,36.53083736050834
fukui_05,2017-11-07,1510088383000,4.377784321627214,-9.48463233598331,36.53086117400281
fukui_05,2017-11-19,1511125183000,4.8027353190940385,-10.182127443214691,36.52807223871507
fukui_05,2017-12-01,1512161983000,4.823425373865659,-9.184670172868191,36.53145597973011
fukui_05,2017-12-13,1513198782000,5.408016253155855,-10.385301006658882,36.53292469842798
fukui_05,2017-12-25,1514235582000,4.324196456812087,-10.04177791225749,36.53683555178625
fukui_05,2018-01-06,1515272381000,5.126325887890531,-9.3676272704241,36.53218253947194
fukui_05,2018-01-18,1516309181000,4.333375633166989,-9.44598334633245,36.52656732513557
fukui_05,2018-01-30,1517345980000,3.9292733467910357,-9.651637747398683,36.52979335285607
fukui_05,2018-02-11,1518382780000,1.6572200350435635,-11.883843020943736,36.529593635801575
fukui_05,2018-02-23,1519419580000,5.952844368498685,-9.515957222343745,36.537978072760495
fukui_05,2018-03-07,1520456380000,4.2938320282112725,-8.899993908877683,36.54198033895362
fukui_05,2018-03-19,1521493180000,4.622885302531951,-8.482893047375821,36.53427783806831
fukui_05,2018-03-31,1522529981000,4.919462349961693,-8.160390256839475,36.53063818453131
fukui_05,2018-04-12,1523566781000,5.520553573539235,-9.388919928617536,36.53293859493157
fukui_05,2018-04-24,1524603582000,4.7715673201302655,-10.447206040425806,36.536366945259786
fukui_05,2018-05-06,1525640382000,3.542955756664507,-9.83904947075892,36.53526159494241
fukui_05,2018-05-18,1526677183000,4.623359702392073,-8.688806932829046,36.53377679419641
fukui_05,2018-05-30,1527713983000,5.544946008073842,-9.638141606458065,36.53600087984796
fukui_05,2018-06-11,1528750784000,5.381860728208558,-10.297958544552497,36.52964478407387
fukui_05,2018-06-23,1529787585000,4.396301710728139,-10.083246989750368,36.53248238787289
fukui_05,2018-06-29,1530305934000,4.462838057363236,-9.528188141172356,36.565066186132015
fukui_05,2018-07-05,1530824385000,2.953155966369859,-9.318507815797407,36.540250264242026
fukui_05,2018-07-17,1531861186000,4.207226512326569,-9.809193889147311,36.53562019168329
fukui_05,2018-08-10,1533934788000,4.763342208626281,-9.895461306168366,36.530908013630295
fukui_05,2018-08-22,1534971588000,5.167605422399035,-9.427546038893317,36.53471736082138
fukui_05,2018-09-03,1536008389000,4.326127328151271,-9.958181321368743,36.53154829570226
fukui_05,2018-09-15,1537045189000,5.576575375532941,-9.171478245678951,36.53396994279498
fukui_05,2018-09-27,1538081990000,4.8228209747206465,-10.052955041837764,36.53126690958797
fukui_05,2018-10-09,1539118790000,5.40193394147381,-9.854022943933181,36.529955365676294
fukui_05,2018-10-21,1540155590000,4.841745504101594,-10.30078391326444,36.53101215303008
fukui_05,2018-11-02,1541192390000,4.7213780239754035,-10.101252737527895,36.53189172168642
fukui_05,2018-11-14,1542229190000,5.287575459512732,-10.81239515569252,36.53000228909645
fukui_05,2018-11-26,1543265989000,4.270360493617261,-10.214897323543614,36.5313939998235
fukui_05,2018-12-08,1544302789000,4.077502665819787,-9.577597444477776,36.527983672905286
fukui_05,2018-12-20,1545339589000,3.372026629298197,-11.415989113210347,36.53098392907568
fukui_05,2019-01-01,1546376388000,4.374034449858718,-10.6951622786014,36.53159360320279
fukui_05,2019-01-13,1547413188000,4.8793224652973155,-10.60544483247562,36.5348013504175
fukui_05,2019-01-25,1548449987000,3.0775156378153063,-12.163621625865746,36.52808105787057
fukui_05,2019-02-06,1549486787000,4.163387493872064,-10.726165035649437,36.531530417299315
fukui_05,2019-02-18,1550523587000,4.738938696388938,-10.349748968814987,36.52758762805882
fukui_05,2019-03-02,1551560387000,4.838413573376751,-10.46593723542896,36.526728843305186
fukui_05,2019-03-14,1552597187000,5.033928743072476,-12.020975661599675,36.53691621305167
fukui_05,2019-03-26,1553633987000,4.36259776569217,-10.949816520067966,36.53346119267958
fukui_05,2019-04-07,1554670787000,5.644909230638704,-10.35778807743048,36.5305839098188
fukui_05,2019-04-19,1555707588000,4.591077981069628,-11.007909764692357,36.52585724063667
fukui_05,2019-05-01,1556744388000,3.346151467953158,-10.717908674335723,36.525402161671884
fukui_05,2019-05-13,1557781189000,5.504247195893097,-11.11104994696684,36.534241752989345
fukui_05,2019-05-25,1558817989000,6.026097998484384,-9.681869010634152,36.53303193265133
fukui_05,2019-06-06,1559854790000,4.513460794215627,-10.712339422169647,36.53529748756241
fukui_05,2019-06-18,1560891590000,6.366032666827086,-10.940873799376307,36.533912323508815
fukui_05,2019-06-30,1561928391000,5.76546137211529,-10.417329839435393,36.52971365158146
fukui_05,2019-07-12,1562965192000,4.259798936249534,-10.26023258623144,36.53347646686393
fukui_05,2019-07-24,1564001993000,6.071434580305426,-11.103706376160723,36.535997955979
fukui_05,2019-08-05,1565038794000,4.347682670835798,-10.770004888749616,36.53486636368373
fukui_05,2019-08-17,1566075594000,4.493006180928647,-9.87935520828937,36.52770412241991
fukui_05,2019-08-29,1567112395000,2.8656886640824513,-7.598283978009724,36.530617692088356
fukui_05,2019-09-10,1568149195000,5.050001427746787,-8.14550016092402,36.53469187154401
fukui_05,2019-09-22,1569185996000,4.464752310108058,-8.05487516641659,36.530990996478906
fukui_05,2019-10-04,1570222796000,3.715386410987223,-8.72872473620426,36.529847236202286
fukui_05,2019-10-16,1571259596000,3.5234049742765086,-9.899237909897519,36.53260159059454
fukui_05,2019-10-28,1572296396000,3.4795414994112863,-8.560520465210878,36.53081516268884
fukui_05,2019-11-09,1573333196000,3.740392006372318,-8.229755376784182,36.53038228041921
fukui_05,2019-11-21,1574369996000,3.54369367914986,-10.760005860346896,36.53294441413089
fukui_05,2019-12-03,1575406796000,4.389322448942554,-8.377519837043073,36.53343634167356
fukui_05,2019-12-15,1576443595000,3.5435805061647665,-7.992251087331069,36.5280590087129
fukui_05,2019-12-27,1577480395000,3.6844170509475394,-8.755834144914356,36.524867665944036
fukui_05,2020-01-08,1578517194000,3.9842471040158665,-8.967485098578816,36.528079278863785
fukui_05,2020-01-20,1579553994000,3.3598228232565046,-9.645031442579052,36.532182486493866
fukui_05,2020-02-01,1580590793000,3.4209293992094714,-9.881968188493316,36.45945986748735
fukui_05,2020-02-13,1581627593000,3.135974591792517,-8.615237858870879,36.45929925363876
fukui_05,2020-02-25,1582664393000,3.3957466552938005,-8.785501922766024,36.458244488062064
fukui_05,2020-03-08,1583701193000,3.0870793016838367,-8.189289703065345,36.45373301054512
fukui_05,2020-03-20,1584737993000,3.1972443915599125,-8.55240346893027,36.457944189189355
fukui_05,2020-04-01,1585774793000,2.969255818985932,-8.645041143350923,36.46489041980945
fukui_05,2020-04-13,1586811594000,3.8427150692155974,-7.2454778149237,36.46265499759032
fukui_05,2020-04-25,1587848394000,3.7714105543409,-7.186087117782177,36.45702818770656
fukui_05,2020-05-07,1588885195000,3.0669948793082127,-7.779154106747865,36.460155725416804
fukui_05,2020-05-19,1589921995000,3.1325161225657356,-9.377786038633648,36.45994791418948
fukui_05,2020-05-31,1590958796000,3.822332988626897,-7.855625811236911,36.46288683830052
fukui_05,2020-06-12,1591995597000,3.2770801151247624,-12.265330821760076,36.460084104600625
fukui_05,2020-06-24,1593032398000,4.654186182726971,-12.261805555272801,36.459172390143664
fukui_05,2020-07-06,1594069198000,6.776379906580796,-11.826644728831896,36.46002738030403
fukui_05,2020-07-18,1595105999000,5.815911426266185,-11.526786045122947,36.459901025417494
fukui_05,2020-07-30,1596142800000,3.073533890725765,-12.003422620726063,36.456665940772226
fukui_05,2020-08-11,1597179600000,4.998910951963006,-11.404132040671131,36.46006954895824
fukui_05,2020-08-23,1598216401000,3.8232686918092713,-12.628604538555697,36.459389982312835
fukui_05,2020-09-04,1599253202000,3.712771209099058,-12.289116241747095,36.45634228099478
fukui_05,2020-09-16,1600290002000,3.9316419095927513,-12.271514953413845,36.45759045224239
fukui_05,2020-09-28,1601326803000,5.063013802282549,-12.31765610919647,36.45696741137867
fukui_05,2020-10-10,1602363603000,4.956004483684731,-11.739336428834147,36.45546601107929
fukui_05,2020-10-22,1603400403000,5.237733733582717,-12.242483527720207,36.459784422407054
fukui_05,2020-11-03,1604437203000,5.122531644279951,-12.43541374563154,36.454110640865025
fukui_05,2020-11-15,1605474003000,6.098302470315015,-11.454401513513858,36.45355883016216
fukui_05,2020-11-27,1606510802000,5.909031749282606,-12.718680884397935,36.45989813205913
fukui_05,2020-12-09,1607547602000,6.420259515252197,-10.539941442042261,36.45794923732558
fukui_05,2020-12-21,1608584401000,5.638632482993408,-11.500685359831767,36.45798720957795
fukui_05,2021-01-02,1609621201000,4.822580221834703,-12.160878469884425,36.45407161658252
fukui_05,2021-01-14,1610658000000,6.500431895194385,-11.067979818329041,36.4524421553681
fukui_05,2021-01-26,1611694800000,4.831137017986809,-12.103637519864689,36.45244718910131
fukui_05,2021-02-07,1612731599000,4.196201706410256,-11.630783504944853,36.45521196767789
fukui_05,2021-02-19,1613768399000,6.158591905954915,-10.444986524873286,36.46300828372377
fukui_05,2021-03-03,1614805199000,6.31323954861961,-10.334748096550138,36.465232129197815
fukui_05,2021-03-15,1615841999000,4.981982001930314,-10.597493027058746,36.459364721883894
fukui_05,2021-03-27,1616878799000,5.38100071130962,-10.674161575717578,36.45853575354975
fukui_05,2021-04-08,1617915599000,5.262790836682176,-11.440617790652857,36.46166649263149
fukui_05,2021-04-20,1618952400000,5.557553438813117,-10.692194088187698,36.46295300844587
fukui_05,2021-05-02,1619989200000,5.615964731534125,-10.829306621849211,36.46483772939113
fukui_05,2021-05-14,1621026001000,5.812906990773353,-11.713437214466058,36.46087667212093
fukui_05,2021-05-26,1622062802000,6.484267549144211,-10.98040478545138,36.45752222490956
fukui_05,2021-06-07,1623099602000,5.56129749232477,-11.541787920287227,36.45931928423265
fukui_05,2021-06-19,1624136403000,5.01989841239725,-11.578862229534812,36.46177768533203
fukui_05,2021-07-01,1625173204000,4.098770827218952,-11.280240389178513,36.46005837710063
fukui_05,2021-07-13,1626210005000,5.608677935006417,-10.89263816675341,36.46144838764339
fukui_05,2021-07-25,1627246805000,4.93210170993301,-11.330713897155015,36.46360295975503
fukui_05,2021-08-06,1628283606000,5.2995391748527005,-11.342473594447087,36.45872653569167
fukui_05,2021-08-18,1629320407000,3.3160351043460845,-11.634453578922836,36.460371201200644
fukui_05,2021-08-30,1630357207000,4.251628329272066,-12.439922872132827,36.461703722260104
fukui_05,2021-09-11,1631394008000,5.161373848386887,-11.605699587294815,36.4583245096177
fukui_05,2021-09-23,1632430808000,5.352856990992093,-11.990117985158781,36.45606747348532
fukui_05,2021-10-05,1633467608000,5.457875926426263,-11.225473496747817,36.45582823924633
fukui_05,2021-10-17,1634504409000,4.682664213975992,-12.109298977791498,36.45551267950403
fukui_05,2021-10-29,1635541208000,4.98048361709662,-11.81322413809407,36.4570538517356
fukui_05,2021-11-22,1637614808000,4.474806668042258,-11.071673646653565,36.453673944094994
fukui_05,2021-12-04,1638651607000,5.397109676748069,-10.677028249916203,36.452808610358424
fukui_05,2021-12-16,1639688407000,5.8037347216763395,-11.308996185137984,36.453542799469346
fukui_05,2021-12-28,1640725206000,5.369971014123592,-11.16176765260112,36.46204357885579
fukui_05,2022-01-09,1641762006000,4.489798918710382,-11.9593488272753,36.457704997867744
fukui_05,2022-01-21,1642798805000,6.066316234669316,-10.691524886556797,36.455628741916094
fukui_05,2022-02-02,1643835604000,4.011104943341231,-11.479119835714325,36.45965153996237
fukui_05,2022-02-14,1644872405000,4.605867657899993,-12.014204731005627,36.45521216285516
fukui_05,2022-02-26,1645909204000,5.472090455110166,-11.76803331628874,36.45670790508307
fukui_05,2022-03-10,1646946004000,6.024270725402193,-11.434323102839896,36.46242243562606
fukui_05,2022-03-22,1647982805000,4.378228512253202,-12.916089537743918,36.460358225925894
fukui_05,2022-04-03,1649019605000,5.966412236859908,-11.604349768635888,36.4575757849232
fukui_05,2022-04-15,1650056405000,5.951965009073954,-10.557290425397284,36.4602154458461
fukui_05,2022-04-27,1651093206000,5.408247237231917,-11.121369578194285,36.4584522692033
fukui_05,2022-05-09,1652130006000,6.422203368511354,-11.154283701511234,36.46261842215426
fukui_05,2022-05-21,1653166807000,4.951579133768158,-11.122732434374205,36.465850622441444
fukui_05,2022-06-02,1654203608000,6.148020181492327,-11.580651602067672,36.45923829364131
fukui_05,2022-06-14,1655240409000,4.307110257372498,-11.835179180957907,36.46060792278314
fukui_05,2022-06-26,1656277210000,5.61206807171686,-11.024273264636554,36.45444353546882
fukui_05,2022-07-08,1657314010000,5.489219151583826,-11.677451698693734,36.459509536276
fukui_05,2022-07-20,1658350811000,4.208655049850908,-10.34083645912889,36.46132865235199
fukui_05,2022-08-01,1659387612000,4.439301409562468,-10.80488498684968,36.459213813602474
fukui_05,2022-08-13,1660424413000,3.561101415248225,-9.19783166843506,36.458894917969914
fukui_05,2022-08-25,1661461213000,3.629069048942714,-10.422314920186576,36.45955479946405
fukui_05,2022-09-06,1662497988000,2.9836452703274996,-11.386428125787052,36.528764609310024
fukui_05,2022-09-18,1663534814000,4.336722184451714,-12.264022439257293,36.46641399980646
fukui_05,2022-09-30,1664571615000,4.263505031450701,-11.988808472300525,36.45503490331202
fukui_05,2022-10-12,1665608414000,4.579456992894639,-11.99923522783826,36.463498944174376
fukui_05,2022-10-24,1666645215000,4.160494931451841,-11.230227518539282,36.455697422756366
fukui_05,2022-11-05,1667682014000,4.475779522489508,-12.457595211821252,36.461143393895625
fukui_05,2022-11-17,1668718814000,4.195862974403038,-10.025533299279585,36.4604129451554
fukui_05,2022-11-29,1669755614000,3.972597483802771,-11.651214357926396,36.45609363562877
fukui_05,2022-12-11,1670792413000,4.336030396785796,-11.113258090187973,36.4532240648148
fukui_05,2022-12-23,1671829212000,10.570578049564235,-6.652123577860745,36.452631715236016
fukui_05,2023-01-04,1672866012000,4.598801901034061,-10.592789312157668,36.45791494926766
fukui_05,2023-01-16,1673902811000,4.720157117550071,-10.599245832059323,36.470018132988635
fukui_05,2023-01-28,1674939611000,-0.05995210751194829,-12.6515140950898,36.45308899717775
fukui_05,2023-02-09,1675976410000,4.99021010985511,-10.628268175510014,36.461432275693284
fukui_05,2023-02-21,1677013210000,4.2522489016539815,-10.90946323396838,36.46355364361138
fukui_05,2023-03-05,1678050010000,5.445520950688881,-10.95054381369692,36.45501923853444
fukui_05,2023-03-17,1679086810000,4.776675447372346,-10.62634491586697,36.465690924967845
fukui_05,2023-03-29,1680123610000,5.259128828719969,-11.41236265366137,36.46838422511267
fukui_05,2023-04-10,1681160411000,5.282256458148464,-11.00591112310477,36.45715540647508
fukui_05,2023-04-22,1682197211000,5.268871400842009,-12.08979390493536,36.45755881285564
fukui_05,2023-05-04,1683234012000,5.661230860340917,-11.33915160100664,36.454627014288214
fukui_05,2023-05-16,1684270813000,4.831588574913402,-11.355998733490674,36.4534231707543
fukui_05,2023-05-28,1685307613000,5.437138130802066,-10.672934386124014,36.45565495651207
fukui_05,2023-06-09,1686344413000,4.321640499647959,-11.620862652837598,36.464683485829184
fukui_05,2023-06-21,1687381214000,4.875606003667218,-13.033147299793727,36.466738798467155
fukui_05,2023-07-03,1688418015000,4.809085642032735,-11.816101464091455,36.45764987665853
fukui_05,2023-07-15,1689454816000,4.762266827799842,-12.96247290935253,36.4545759522502
fukui_05,2023-07-27,1690491617000,4.048978377438421,-12.540850009500238,36.459657704269304
fukui_05,2023-08-08,1691528417000,4.249559014283139,-12.104509609710254,36.47310916195984
fukui_05,2023-08-20,1692565218000,3.95586477581812,-11.869139334433983,36.464040180253896
fukui_05,2023-09-01,1693602019000,4.568844806497808,-11.473020034574814,36.45680079958782
fukui_05,2023-09-13,1694638819000,3.501657514790699,-13.117500536463982,36.46181221146947
fukui_05,2023-09-25,1695675620000,3.453371457345725,-12.803400248323328,36.45529547722173
fukui_05,2023-10-07,1696712419000,4.689475690882022,-12.192906528754333,36.45913971486559
fukui_05,2023-10-19,1697749220000,3.775516398512141,-13.46979666903793,36.45412589462011
fukui_05,2023-10-31,1698786019000,5.27739393765993,-12.517923037704433,36.4584111502466
fukui_05,2023-11-12,1699822819000,4.974264148952921,-12.7222083939282,36.4530881680626
fukui_05,2023-11-24,1700859618000,5.1202537468886264,-13.025007740335717,36.46751514223656
fukui_05,2023-12-06,1701896418000,3.1903665434056974,-12.92253479875409,36.46067659488855
fukui_05,2023-12-18,1702933217000,4.158576182917878,-12.894974663287947,36.45972228505254
fukui_05,2023-12-30,1703970017000,4.4852834708865865,-12.027847287059041,36.45516175764901
fukui_05,2024-01-11,1705006816000,2.9477917156481968,-11.837260510439597,36.454545984250665
fukui_05,2024-01-23,1706043616000,1.5117135317617456,-12.575033016104824,36.45684738278359
fukui_05,2024-02-04,1707080415000,3.8495362977484864,-11.305963419128977,36.460197998372905
fukui_05,2024-02-16,1708117215000,5.409828534294009,-11.74899124181439,36.460875657698814
fukui_05,2024-02-28,1709154015000,5.058922346268257,-11.933772240751116,36.461656451809795
fukui_05,2024-03-11,1710190815000,3.450393412338292,-11.444722249098461,36.460725682715264
fukui_05,2024-03-23,1711227616000,3.376272576451254,-12.034478335379536,36.46160937382777
fukui_05,2024-04-04,1712264416000,5.393418935851193,-11.940218773360046,36.45958421958733
fukui_05,2024-04-16,1713301216000,4.272982805716024,-11.936452690625485,36.46112139526528
fukui_05,2024-04-28,1714338017000,4.692421211756557,-13.02533811186183,36.45481146306612
fukui_05,2024-05-10,1715374817000,3.4698724315146525,-13.063085335131197,36.44922954936825
fukui_05,2024-05-22,1716411616000,4.9651298893158,-13.070776730724576,36.45046146277226
fukui_05,2024-06-03,1717448416000,6.133095335817666,-11.902823391909696,36.444346297487776
fukui_05,2024-06-15,1718485216000,5.581253912183159,-12.865112142867911,36.44484185351641
fukui_05,2024-07-09,1720558815000,4.383726201251423,-12.549181756783447,36.4506063438923
fukui_05,2024-07-21,1721595614000,4.006325325717347,-12.745974780268664,36.449365246696765
fukui_05,2024-08-02,1722632414000,4.572956569800681,-11.165502564101791,36.44752325773429
fukui_05,2024-08-14,1723669214000,4.145246152846165,-11.212011281640104,36.46242075795499
fukui_05,2024-08-26,1724706015000,4.7622692142348875,-11.721069598999348,36.458548603281685
fukui_05,2024-09-07,1725742815000,4.232388745834563,-12.350244509434908,36.46148605940408
fukui_05,2024-09-19,1726779615000,4.56997360690388,-12.808896733223664,36.46143116031215
fukui_05,2024-10-01,1727816415000,5.144667836644618,-11.515513084525843,36.4662062312247
fukui_05,2024-10-13,1728853216000,5.499294526659078,-11.50399458729533,36.45828504416498
fukui_05,2024-10-25,1729890015000,5.289309226274971,-12.078863164004893,36.471305691264675
fukui_05,2024-11-06,1730926815000,4.318434802704107,-14.152762989594626,36.45874786178531
fukui_05,2024-11-18,1731963615000,4.397910878408259,-12.525817031648028,36.451838165435525
fukui_05,2024-12-12,1734037213000,4.773657082136603,-14.02462808033462,36.450383229396735
fukui_05,2024-12-24,1735074012000,4.84735508265165,-12.219664482191094,36.45704769125579
fukui_05,2025-01-05,1736110811000,3.6085938469178096,-12.287621923874067,36.452773725077144
fukui_05,2025-01-17,1737147610000,4.4468022842463615,-12.561221730784519,36.45581456628769
fukui_05,2025-01-29,1738184409000,5.160506991252623,-11.83826995530678,36.45248321742448
fukui_05,2025-02-10,1739221209000,4.831986190922655,-12.658293456945463,36.45329705720415
fukui_05,2025-02-22,1740258008000,4.953671742852821,-11.25759507486397,36.46112832329987
fukui_05,2025-03-06,1741294808000,4.054289620033929,-11.31822424156718,36.46086180321526
fukui_05,2025-03-18,1742331608000,6.053921446368138,-12.044363055503466,36.460576471386176
fukui_05,2025-03-30,1743368409000,5.052806451946561,-12.767338611768016,36.45113094950737
fukui_05,2025-04-11,1744405209000,6.058137195644965,-12.91183356218687,36.461837299235526
fukui_05,2025-04-23,1745442009000,5.78112447759849,-13.297658792443697,36.45561608726975
fukui_05,2025-05-05,1746478809000,4.282260327772038,-12.257200816309629,36.4534080819965
fukui_05,2025-05-17,1747515609000,4.353015315468835,-13.082344245450031,36.450782270740945
fukui_05,2025-05-29,1748552408000,4.615757759108846,-12.0433164281383,36.44592173325702
fukui_05,2025-06-10,1749589208000,4.293557968627602,-12.669890853904047,36.44265490985062
fukui_05,2025-06-22,1750626007000,6.2750711387972835,-11.547965701846886,36.4420856762106
fukui_05,2025-07-04,1751662806000,6.1842846008376835,-13.040628222356087,36.44923046337626
fukui_05,2025-07-16,1752699606000,5.321232697545509,-13.084918503065401,36.45108790910971
fukui_05,2025-07-28,1753736405000,5.982463553953061,-12.572944207665016,36.45186380438575
fukui_05,2025-08-09,1754773205000,3.92373654069663,-11.873622573730252,36.45041436539462
fukui_05,2025-08-21,1755810005000,5.600426160597084,-12.303012315325528,36.4556530930322
fukui_05,2025-09-02,1756846805000,4.196310846893756,-11.77582615631124,36.459707831247655
fukui_05,2025-09-14,1757883606000,3.9138514459095726,-11.231923390146443,36.46104380972035
fukui_05,2025-09-26,1758920406000,3.2457220146227295,-10.436596736911822,36.46349764638317
fukui_05,2025-10-08,1759957207000,3.5741579445318035,-13.215560330740544,36.45063669126192
fukui_05,2025-10-20,1760994006000,5.24184634441177,-12.592271727738206,36.45725747025812
fukui_05,2025-11-01,1762030806000,4.875499292254009,-13.177448562935178,36.45407289090408
fukui_05,2025-11-13,1763067605000,4.679955830623632,-12.598453719134824,36.45760256406457
fukui_05,2025-11-25,1764104404000,3.3029783414711007,-12.432963575756009,36.45308505711483
fukui_05,2025-12-07,1765141203000,4.031186874641536,-12.779856432844381,36.446871604300625
fukui_05,2025-12-19,1766178002000,3.121081027777115,-12.925039433534536,36.44828913830867
fukui_05,2025-12-31,1767214801000,4.722041243513232,-10.897972639022417,36.45279804881991
fukui_05,2026-01-12,1768251600000,4.992191023199241,-11.823835145566527,36.45440632824857
fukui_05,2026-01-24,1769288398000,2.2111034948421384,-10.967274206691464,36.46200545921001
fukui_05,2026-02-17,1771361997000,5.1617547344065,-12.304180133014217,36.45724775943751
fukui_05,2026-03-01,1772398797000,5.07014969556624,-11.837357816812679,36.45683965972577
fukui_05,2026-03-13,1773435597000,4.5459809399817726,-12.68451378243903,36.46087025694046
fukui_05,2026-03-25,1774472398000,4.565454903870832,-12.516983601558099,36.46044707075458
fukui_05,2026-04-06,1775509198000,5.2268611503805,-13.319335076377401,36.45685189062961
fukui_05,2026-04-18,1776545998000,5.788122014889084,-12.623560727576322,36.44861055352625
fukui_05,2026-04-30,1777582797000,4.483857933003729,-12.889906075221317,36.44701567306162
fukui_05,2026-05-12,1778619597000,4.699432247227407,-13.194604386682313,36.448746726697465
fukui_06,2017-02-16,1487278774030,6.450652769597036,-7.357834899889033,36.5490111095701
fukui_06,2017-02-28,1488315573000,6.0541370819312945,-7.417862990213264,36.54742368669095
fukui_06,2017-03-12,1489352374000,5.273224072002068,-7.992665373015535,36.54168127691796
fukui_06,2017-03-24,1490389174380,6.0747476972278385,-8.356260185781737,36.547073382923614
fukui_06,2017-04-05,1491425974840,7.552892055448242,-5.960019010548055,36.54705249272369
fukui_06,2017-04-17,1492462775450,12.096145482869156,-5.472140638315159,36.547995774664045
fukui_06,2017-04-29,1493499575000,5.972185299960132,-7.262009508246044,36.54685508887672
fukui_06,2017-05-11,1494536376000,6.0026472656755026,-6.134925569172056,36.540910704922354
fukui_06,2017-05-23,1495573177000,7.8906325888969855,-5.627515582315568,36.54396236951939
fukui_06,2017-06-04,1496609978000,7.267307704422535,-5.848618556412565,36.54561292314752
fukui_06,2017-06-16,1497646778000,7.601782285871553,-5.962715921008241,36.54928896586758
fukui_06,2017-06-28,1498683579000,7.7177879452395866,-6.245433766827695,36.54814645191855
fukui_06,2017-07-10,1499720379000,7.776825901879576,-6.302137474602525,36.545628046062156
fukui_06,2017-07-22,1500757180000,7.725497488013286,-6.142515175659333,36.54610204388382
fukui_06,2017-08-03,1501793981000,7.466012724072334,-6.405614555021855,36.54374966095997
fukui_06,2017-08-15,1502830782000,7.232137017860833,-6.32853532278893,36.548303232333716
fukui_06,2017-08-27,1503867582000,5.579498243554436,-7.170550621255334,36.545997451012546
fukui_06,2017-09-08,1504904382000,5.102168645002826,-7.935688447869796,36.54397709306561
fukui_06,2017-09-20,1505941183000,4.691132568235859,-6.383698216291687,36.54204680424539
fukui_06,2017-10-02,1506977983000,8.463882781837127,-7.415971482731034,36.54539659813093
fukui_06,2017-10-14,1508014783000,3.0135459273125194,-5.365405949286064,36.54666263570466
fukui_06,2017-10-26,1509051584000,3.9491411358756072,-6.370776549855635,36.54437243384632
fukui_06,2017-11-07,1510088383000,5.495354605854044,-6.79964330590825,36.544381470693764
fukui_06,2017-11-19,1511125183000,10.09757522921659,-6.140909816126731,36.541687424171805
fukui_06,2017-12-01,1512161983000,8.739794296422753,-6.135228017978886,36.54501682301468
fukui_06,2017-12-13,1513198782000,5.24373207883061,-6.477841699999647,36.546441809822625
fukui_06,2017-12-25,1514235582000,6.436186159119763,-6.6705136272159935,36.55035805733037
fukui_06,2018-01-06,1515272381000,5.2130524984203355,-7.96482292229874,36.545703659886925
fukui_06,2018-01-18,1516309181000,5.202124156588499,-7.816376937726175,36.540195015311475
fukui_06,2018-01-30,1517345980000,5.165019613004711,-7.0402746024794896,36.54335805224134
fukui_06,2018-02-11,1518382780000,2.1284899718464745,-7.258877485332771,36.54315170040774
fukui_06,2018-02-23,1519419580000,5.148447701443302,-7.699569828409874,36.551505658237865
fukui_06,2018-03-07,1520456380000,4.79597983785658,-7.573298267383699,36.55550115613371
fukui_06,2018-03-19,1521493180000,10.953607149722762,-4.689635910439639,36.547876379875895
fukui_06,2018-03-31,1522529981000,5.461637202354396,-7.175468414217608,36.54416168039988
fukui_06,2018-04-12,1523566781000,5.5977570586281225,-6.65096209107759,36.54652509836204
fukui_06,2018-04-24,1524603582000,10.220812970321766,-5.970247577298012,36.54989059503414
fukui_06,2018-05-06,1525640382000,11.431734242045193,-5.530627562549705,36.548780837667344
fukui_06,2018-05-18,1526677183000,10.907466076600047,-5.346612951616203,36.547328922019155
fukui_06,2018-05-30,1527713983000,6.060197357086042,-5.7837744182746915,36.5495744355071
fukui_06,2018-06-11,1528750784000,10.099119555537657,-5.873309390930052,36.54320933110819
fukui_06,2018-06-23,1529787585000,5.415881807713422,-8.102653018198701,36.54600949261534
fukui_06,2018-06-29,1530305934000,6.417858129979116,-7.037395311336185,36.57860644211441
fukui_06,2018-07-05,1530824385000,10.041228251439097,-6.368166987094695,36.55386075268463
fukui_06,2018-07-17,1531861186000,6.699586780144923,-6.599639168416302,36.54914195906879
fukui_06,2018-08-10,1533934788000,6.007635698445238,-5.956925265116441,36.54443662269241
fukui_06,2018-08-22,1534971588000,6.225547544040348,-5.999784324014425,36.548234696982455
fukui_06,2018-09-03,1536008389000,5.350887084490378,-6.745038965043192,36.54509456383124
fukui_06,2018-09-15,1537045189000,8.07007548534291,-6.795429804378309,36.54750648536159
fukui_06,2018-09-27,1538081990000,5.238310514359464,-7.1315515996094945,36.544798929360375
fukui_06,2018-10-09,1539118790000,6.469428528463801,-6.165128395371621,36.54348539674642
fukui_06,2018-10-21,1540155590000,5.725676720998667,-6.995354596321355,36.54455476752983
fukui_06,2018-11-02,1541192390000,5.8076121013535715,-6.415084503049069,36.5454141356751
fukui_06,2018-11-14,1542229190000,4.796614039075678,-6.542568267098593,36.543593424708405
fukui_06,2018-11-26,1543265989000,5.390220997601278,-7.640614606921501,36.5449382819401
fukui_06,2018-12-08,1544302789000,6.440334239730356,-6.154685917310535,36.54150608214231
fukui_06,2018-12-20,1545339589000,5.657821087592455,-6.666371950322609,36.5446083992489
fukui_06,2019-01-01,1546376388000,9.268304959832403,-5.870771847002085,36.545106846751274
fukui_06,2019-01-13,1547413188000,6.231295635961822,-6.641702941942957,36.54836117353856
fukui_06,2019-01-25,1548449987000,6.406368387187602,-6.2405204871805875,36.541605985143086
fukui_06,2019-02-06,1549486787000,5.022947299367946,-7.689831843713491,36.54510420773265
fukui_06,2019-02-18,1550523587000,5.493401912232595,-7.994182755896782,36.54110474474624
fukui_06,2019-03-02,1551560387000,4.979562495817646,-8.190782189142706,36.54026228184855
fukui_06,2019-03-14,1552597187000,4.734823693961398,-8.686612488201408,36.55044519642929
fukui_06,2019-03-26,1553633987000,6.211231882210544,-7.099250395465693,36.546986125588525
fukui_06,2019-04-07,1554670787000,5.793667602349587,-7.085247384478439,36.5441043627631
fukui_06,2019-04-19,1555707588000,7.110897383687628,-6.949348358790733,36.539485781413575
fukui_06,2019-05-01,1556744388000,5.763382335873071,-7.02212953213898,36.538987869377074
fukui_06,2019-05-13,1557781189000,7.094092930983883,-6.436125456492634,36.54777122278235
fukui_06,2019-05-25,1558817989000,7.129505241292739,-6.083585173272369,36.546577600523314
fukui_06,2019-06-06,1559854790000,7.438570728526112,-6.263337484116023,36.54885548896191
fukui_06,2019-06-18,1560891590000,5.500890402549248,-7.725845912458444,36.54750186875754
fukui_06,2019-06-30,1561928391000,5.840667726308595,-7.012935086441023,36.543256740886
fukui_06,2019-07-12,1562965192000,5.793236094165778,-7.212374038926848,36.54706601754443
fukui_06,2019-07-24,1564001993000,5.226493215700881,-7.5500138433446216,36.549588127995484
fukui_06,2019-08-05,1565038794000,6.283690049891275,-6.79446683228726,36.54843529610811
fukui_06,2019-08-17,1566075594000,5.482690441708682,-6.948046306206722,36.541299072438626
fukui_06,2019-08-29,1567112395000,10.070242295548356,-7.2467589182414685,36.544138540944765
fukui_06,2019-09-10,1568149195000,6.403094297560528,-6.881180498586368,36.548210140094014
fukui_06,2019-09-22,1569185996000,4.913761475296937,-7.796620099453402,36.544601777137146
fukui_06,2019-10-04,1570222796000,5.7541917640558715,-6.14195823388068,36.54347048509842
fukui_06,2019-10-16,1571259596000,5.8531333529664735,-6.9799342245302425,36.54618749063899
fukui_06,2019-10-28,1572296396000,6.139532978281213,-6.2118348896207225,36.54440559998266
fukui_06,2019-11-09,1573333196000,6.631954629595398,-6.4908985547879015,36.544007999869265
fukui_06,2019-11-21,1574369996000,4.367482216594406,-7.838646207315039,36.54646209417837
fukui_06,2019-12-03,1575406796000,4.3352216226558,-6.32108041084267,36.54699511024203
fukui_06,2019-12-15,1576443595000,4.542763046909132,-8.629166810806344,36.54159807924041
fukui_06,2019-12-27,1577480395000,3.697115142018086,-8.52073707227325,36.53838854726554
fukui_06,2020-01-08,1578517194000,5.180340417034964,-8.096421649352187,36.541622317607406
fukui_06,2020-01-20,1579553994000,4.610865213498143,-10.360213104736196,36.545708168350174
fukui_06,2020-02-01,1580590793000,5.186328926690783,-8.526333971957651,36.47291487915768
fukui_06,2020-02-13,1581627593000,5.331965939887388,-9.469589940548682,36.472839312187
fukui_06,2020-02-25,1582664393000,8.819021840123263,-8.192527226551519,36.47172340457973
fukui_06,2020-03-08,1583701193000,5.292111420887964,-8.047915431384656,36.46730777974437
fukui_06,2020-03-20,1584737993000,4.361679299239095,-7.866158983829091,36.47149532263833
fukui_06,2020-04-01,1585774793000,7.90337465825003,-8.121865568432492,36.47847673941407
fukui_06,2020-04-13,1586811594000,3.4373175697605345,-8.426671576506939,36.476148860707475
fukui_06,2020-04-25,1587848394000,4.618017667618538,-8.185598950028565,36.47047646700952
fukui_06,2020-05-07,1588885195000,5.734635941979208,-8.15442571437361,36.47362525180341
fukui_06,2020-05-19,1589921995000,6.823899245824652,-6.91943165201133,36.473509579049846
fukui_06,2020-05-31,1590958796000,6.413875027394852,-8.153592848363362,36.47636408337779
fukui_06,2020-06-12,1591995597000,5.1072691467108005,-7.094446733981468,36.47360578385423
fukui_06,2020-06-24,1593032398000,5.7644790804296635,-7.769614355737357,36.472630073386064
fukui_06,2020-07-06,1594069198000,6.9624552594995315,-6.303534868471349,36.47346860685316
fukui_06,2020-07-18,1595105999000,3.713151262140233,-7.901097869899415,36.473499339818964
fukui_06,2020-07-30,1596142800000,3.1654033402314607,-6.966507866303202,36.47027374431394
fukui_06,2020-08-11,1597179600000,6.977639667912305,-7.233374032375495,36.47355426687143
fukui_06,2020-08-23,1598216401000,7.008071834018788,-7.5489289278780465,36.47283745899103
fukui_06,2020-09-04,1599253202000,8.097167664880866,-7.594257626161864,36.46979296681801
fukui_06,2020-09-16,1600290002000,6.532396585791009,-7.709279557185378,36.47103200773394
fukui_06,2020-09-28,1601326803000,2.8311301343461337,-9.982245184726784,36.47041243287077
fukui_06,2020-10-10,1602363603000,5.851472323446312,-7.602882688265741,36.46892081520058
fukui_06,2020-10-22,1603400403000,9.297821114384305,-7.493298806922025,36.473304184888555
fukui_06,2020-11-03,1604437203000,9.65362881451467,-7.970769801930155,36.46765040563972
fukui_06,2020-11-15,1605474003000,6.151281303904545,-8.809020858121189,36.467098041698236
fukui_06,2020-11-27,1606510802000,10.612738586163644,-8.058464653025865,36.47335994846436
fukui_06,2020-12-09,1607547602000,5.43621322231227,-8.810814421572351,36.47142236258876
fukui_06,2020-12-21,1608584401000,12.121881450275596,-6.77700664596367,36.47152416688899
fukui_06,2021-01-02,1609621201000,10.0667533443589,-8.348904200749628,36.46751341086358
fukui_06,2021-01-14,1610658000000,10.297172416624115,-8.07862979903533,36.465911593386906
fukui_06,2021-01-26,1611694800000,9.059931366234398,-8.721977391526373,36.465906720786606
fukui_06,2021-02-07,1612731599000,6.541574151787019,-8.468109566421042,36.4686651680239
fukui_06,2021-02-19,1613768399000,5.058293411679917,-8.551286383164408,36.47650196190146
fukui_06,2021-03-03,1614805199000,5.577419047701956,-8.737344368927415,36.47875921671213
fukui_06,2021-03-15,1615841999000,5.623321126548574,-9.376613912345203,36.47281836870115
fukui_06,2021-03-27,1616878799000,6.173935210282186,-9.30856671054385,36.47207613136614
fukui_06,2021-04-08,1617915599000,6.639701870416998,-9.08683991264062,36.47524173617395
fukui_06,2021-04-20,1618952400000,6.425128817181688,-9.108320500492544,36.476398485673684
fukui_06,2021-05-02,1619989200000,10.664492052340654,-7.8498649868535,36.47831734445029
fukui_06,2021-05-14,1621026001000,6.489547772006123,-9.054326913113957,36.47450401631859
fukui_06,2021-05-26,1622062802000,5.9618703560680615,-8.815497909558037,36.47106672758909
fukui_06,2021-06-07,1623099602000,6.775500006874333,-8.404502819871722,36.47287109378936
fukui_06,2021-06-19,1624136403000,10.633272880327318,-7.707720158507667,36.47534363719537
fukui_06,2021-07-01,1625173204000,7.169506228040243,-9.018769258746259,36.4735290173637
fukui_06,2021-07-13,1626210005000,6.240632011149312,-8.66481279965631,36.4750275004994
fukui_06,2021-07-25,1627246805000,6.316433443448064,-8.415609709875651,36.47705773267237
fukui_06,2021-08-06,1628283606000,6.779557977495382,-8.330071177603779,36.47237010232726
fukui_06,2021-08-18,1629320407000,4.948648990958832,-8.69286333026938,36.47395280808912
fukui_06,2021-08-30,1630357207000,6.175949195871113,-8.832009574350664,36.47516902874044
fukui_06,2021-09-11,1631394008000,5.214225344142095,-9.040586852159384,36.47185753063775
fukui_06,2021-09-23,1632430808000,5.383303607672965,-8.42274166916464,36.4695869670079
fukui_06,2021-10-05,1633467608000,6.232561173151154,-8.678826524827558,36.46931506582839
fukui_06,2021-10-17,1634504409000,4.590732824413115,-9.303476557753276,36.468984404430216
fukui_06,2021-10-29,1635541208000,5.898934233050388,-8.696455811640886,36.47055057571166
fukui_06,2021-11-22,1637614808000,10.046681067178536,-8.7700693599763,36.46727757070257
fukui_06,2021-12-04,1638651607000,4.976225617216039,-8.624902690509382,36.46627616382757
fukui_06,2021-12-16,1639688407000,10.050697146262621,-8.87498009539043,36.466989540406054
fukui_06,2021-12-28,1640725206000,5.25673964201909,-9.254237151495957,36.47559403484653
fukui_06,2022-01-09,1641762006000,5.277799188588996,-9.574034927325162,36.471255224864684
fukui_06,2022-01-21,1642798805000,6.483569709659927,-8.663610767250367,36.46916455305494
fukui_06,2022-02-02,1643835604000,7.718691087495394,-8.896878472050139,36.47310374530249
fukui_06,2022-02-14,1644872405000,5.319569436245469,-9.292576988402997,36.468667183581616
fukui_06,2022-02-26,1645909204000,5.862649005808745,-10.235071856022754,36.47020070576898
fukui_06,2022-03-10,1646946004000,5.898194702509493,-9.937817570227379,36.47591450923994
fukui_06,2022-03-22,1647982805000,5.308200034446829,-9.679302344098936,36.47397663736949
fukui_06,2022-04-03,1649019605000,6.2229993805745165,-9.282103858564838,36.47119728332061
fukui_06,2022-04-15,1650056405000,9.63128977194037,-8.303830430929189,36.47381969564956
fukui_06,2022-04-27,1651093206000,6.013067513417143,-8.982571780150474,36.47199521450318
fukui_06,2022-05-09,1652130006000,6.504674434390067,-8.835572458921419,36.47608913255086
fukui_06,2022-05-21,1653166807000,5.5966604497797015,-9.095737733774307,36.479369315747526
fukui_06,2022-06-02,1654203608000,6.653635840361668,-9.959815722636485,36.472798649231315
fukui_06,2022-06-14,1655240409000,6.558812955686991,-9.38116284092138,36.47417999016781
fukui_06,2022-06-26,1656277210000,6.063781162192995,-10.482421882789932,36.46806467238632
fukui_06,2022-07-08,1657314010000,6.495994001353135,-9.486755157381689,36.47312898922591
fukui_06,2022-07-20,1658350811000,5.467034171599949,-10.391995824379855,36.47482746245169
fukui_06,2022-08-01,1659387612000,6.804633501638389,-9.062876499689946,36.472824183422176
fukui_06,2022-08-13,1660424413000,6.571380954754976,-8.669266254638075,36.47248624322672
fukui_06,2022-08-25,1661461213000,5.3939283398901985,-9.062459713642067,36.47317932204663
fukui_06,2022-09-06,1662497988000,9.06703200232251,-8.296142123956857,36.54238513681827
fukui_06,2022-09-18,1663534814000,6.5627788353829555,-10.015987600797942,36.479876709782445
fukui_06,2022-09-30,1664571615000,5.935904033565786,-9.425967122763486,36.46857043675015
fukui_06,2022-10-12,1665608414000,5.919217612427937,-8.764892301377914,36.47703770271095
fukui_06,2022-10-24,1666645215000,5.6407103136103665,-8.768135548950024,36.469297920569396
fukui_06,2022-11-05,1667682014000,6.0542954559613875,-9.273608180500677,36.47465419645979
fukui_06,2022-11-17,1668718814000,5.822906645588167,-8.224073342284939,36.473918006344356
fukui_06,2022-11-29,1669755614000,10.729154062764126,-7.392274358422367,36.469534256994514
fukui_06,2022-12-11,1670792413000,6.027159072397642,-7.959274575172805,36.466770538155984
fukui_06,2022-12-23,1671829212000,12.886911190383012,-5.31335748723747,36.466130399495015
fukui_06,2023-01-04,1672866012000,11.087525480265562,-8.39806547355187,36.47144549487174
fukui_06,2023-01-16,1673902811000,6.60834227482606,-8.582439877505013,36.48353576463675
fukui_06,2023-01-28,1674939611000,1.2135066820887912,-7.3569629098786375,36.46660226176168
fukui_06,2023-02-09,1675976410000,7.064569781974389,-9.280232231894063,36.47490007597004
fukui_06,2023-02-21,1677013210000,5.959195267245589,-9.187895927263273,36.47709159890626
fukui_06,2023-03-05,1678050010000,6.52288029514334,-9.140379501172195,36.468596047583205
fukui_06,2023-03-17,1679086810000,7.927571180194187,-8.368223291624837,36.47913243831263
fukui_06,2023-03-29,1680123610000,6.51696772255426,-8.25588482862688,36.48187248695625
fukui_06,2023-04-10,1681160411000,7.209106988182358,-8.800261839039967,36.47075191879971
fukui_06,2023-04-22,1682197211000,6.428764362614772,-9.337582113337618,36.4710981515587
fukui_06,2023-05-04,1683234012000,7.72824625595387,-8.991255811616098,36.46819055736019
fukui_06,2023-05-16,1684270813000,7.194892743478153,-9.601981349821108,36.466983919899945
fukui_06,2023-05-28,1685307613000,12.398361086297392,-6.793384318335419,36.46920701058953
fukui_06,2023-06-09,1686344413000,8.473216896728879,-8.466782485223957,36.478198905234706
fukui_06,2023-06-21,1687381214000,8.371933261528378,-9.10127331767453,36.480193800171385
fukui_06,2023-07-03,1688418015000,6.702260721299791,-9.074223883470728,36.47120577857418
fukui_06,2023-07-15,1689454816000,6.30495558736784,-9.770619932360132,36.468213580341185
fukui_06,2023-07-27,1690491617000,7.422512273481517,-9.275863409441932,36.47320401996081
fukui_06,2023-08-08,1691528417000,6.132583841887237,-9.806657314842072,36.486548763717316
fukui_06,2023-08-20,1692565218000,6.550087676753075,-9.679257183332927,36.477600062243916
fukui_06,2023-09-01,1693602019000,6.286063964979949,-8.281432942915835,36.47039976616701
fukui_06,2023-09-13,1694638819000,6.423309358735211,-8.831780337308032,36.47535653713288
fukui_06,2023-09-25,1695675620000,6.275597042160796,-8.424488916844085,36.46885634776046
fukui_06,2023-10-07,1696712419000,5.771782822734971,-7.973156458630958,36.47259645537977
fukui_06,2023-10-19,1697749220000,5.651118428730941,-7.849221934581794,36.46759752263679
fukui_06,2023-10-31,1698786019000,6.594787941364586,-8.071202886187788,36.47196195932224
fukui_06,2023-11-12,1699822819000,10.388442096536096,-8.301348232115197,36.46661739877132
fukui_06,2023-11-24,1700859618000,5.817106544090659,-8.966901107996064,36.481015262066755
fukui_06,2023-12-06,1701896418000,6.031280591152657,-8.092865516068768,36.4741224548765
fukui_06,2023-12-18,1702933217000,7.251953672728477,-7.6642384820556675,36.47317926185514
fukui_06,2023-12-30,1703970017000,7.437507253612577,-6.934138801796518,36.46878913442295
fukui_06,2024-01-11,1705006816000,7.061288045804012,-8.108336635997404,36.46805192627018
fukui_06,2024-01-23,1706043616000,11.767174924591798,-6.7276196438834095,36.4703359843298
fukui_06,2024-02-04,1707080415000,6.681754442633265,-8.347266380864017,36.47366087975441
fukui_06,2024-02-16,1708117215000,6.070940364122753,-8.490270561440761,36.47432877791762
fukui_06,2024-02-28,1709154015000,6.4833977619851115,-7.971320366013722,36.475258622195526
fukui_06,2024-03-11,1710190815000,7.423409587608471,-8.325562596290212,36.47426971651845
fukui_06,2024-03-23,1711227616000,6.078138117070959,-7.861950567247091,36.47514681463808
fukui_06,2024-04-04,1712264416000,6.763699592617647,-7.742851733127572,36.47313812381999
fukui_06,2024-04-16,1713301216000,11.380379742099008,-6.689804043314607,36.47460906474191
fukui_06,2024-04-28,1714338017000,7.9866976398066,-7.415420486021445,36.4684320279946
fukui_06,2024-05-10,1715374817000,6.532833890001752,-8.376642987657544,36.46280248641469
fukui_06,2024-05-22,1716411616000,7.249008068674575,-7.266222424070417,36.4640526518106
fukui_06,2024-06-03,1717448416000,7.520783956450631,-7.456293209014379,36.45791964186838
fukui_06,2024-06-15,1718485216000,7.495097454884121,-7.006421709040471,36.45842065888128
fukui_06,2024-07-09,1720558815000,6.734416635055454,-8.536605558231827,36.46422211016995
fukui_06,2024-07-21,1721595614000,6.874582250654736,-8.288910952211172,36.46296792712236
fukui_06,2024-08-02,1722632414000,7.482141542192091,-7.912138172136546,36.461135867211134
fukui_06,2024-08-14,1723669214000,6.956499069142258,-8.029288251728318,36.476056096717286
fukui_06,2024-08-26,1724706015000,7.421516060679087,-7.607089337555042,36.47209123464732
fukui_06,2024-09-07,1725742815000,7.1049327902311985,-8.941160370169797,36.47510320257372
fukui_06,2024-09-19,1726779615000,6.838265150326492,-8.223525688178308,36.47496852987851
fukui_06,2024-10-01,1727816415000,6.0379519189921,-9.265352766065785,36.47965829441826
fukui_06,2024-10-13,1728853216000,6.128335198828669,-8.177281312808127,36.471747459228354
fukui_06,2024-10-25,1729890015000,5.743482354509544,-8.362659097014097,36.48476948203924
fukui_06,2024-11-06,1730926815000,7.801320490325409,-8.001596456122009,36.47221824228765
fukui_06,2024-11-18,1731963615000,5.930130661608144,-7.722120096514119,36.46540599333328
fukui_06,2024-12-12,1734037213000,6.990312440887376,-9.18607874843645,36.46398020710034
fukui_06,2024-12-24,1735074012000,10.722881100634236,-6.4783217673271976,36.47049908406241
fukui_06,2025-01-05,1736110811000,11.328124549271617,-7.076808747020877,36.466217431233325
fukui_06,2025-01-17,1737147610000,6.229696609188183,-8.23376787467513,36.4692999877771
fukui_06,2025-01-29,1738184409000,8.625415452402075,-8.128273851778063,36.46609385705922
fukui_06,2025-02-10,1739221209000,7.417626527261711,-8.304347000314166,36.46693845967859
fukui_06,2025-02-22,1740258008000,6.2714139632299055,-8.121936064299796,36.47457482128322
fukui_06,2025-03-06,1741294808000,9.555148199836168,-7.87203579892618,36.47432814912358
fukui_06,2025-03-18,1742331608000,11.734720322155901,-5.979056717614933,36.474030303955075
fukui_06,2025-03-30,1743368409000,7.105280760585138,-7.460046254610995,36.464731343915396
fukui_06,2025-04-11,1744405209000,7.028997097368948,-7.955978524104355,36.47542367378359
fukui_06,2025-04-23,1745442009000,11.173958127936954,-7.195893803806009,36.46917788121711
fukui_06,2025-05-05,1746478809000,7.229879029265594,-7.542753609152353,36.46695839069655
fukui_06,2025-05-17,1747515609000,6.523915825386865,-7.889936808740868,36.464338555974344
fukui_06,2025-05-29,1748552408000,7.163916822725952,-7.195120505499026,36.45947679848169
fukui_06,2025-06-10,1749589208000,10.46686574123307,-7.578676644952711,36.4561919447005
fukui_06,2025-06-22,1750626007000,12.136148920266724,-6.494872237907105,36.45566344169023
fukui_06,2025-07-04,1751662806000,8.015783735491723,-7.906913998237799,36.46285848008298
fukui_06,2025-07-16,1752699606000,6.869631386907776,-8.552645532313987,36.46472076777637
fukui_06,2025-07-28,1753736405000,6.8270974503239,-8.30300237239154,36.465491354558004
fukui_06,2025-08-09,1754773205000,8.20306562065951,-9.326785449651585,36.46399647648441
fukui_06,2025-08-21,1755810005000,6.635378720067326,-8.571779621200676,36.46924435344435
fukui_06,2025-09-02,1756846805000,6.272871754106354,-7.681674691993221,36.473198680646234
fukui_06,2025-09-14,1757883606000,7.2342981337479015,-9.30993730858998,36.47468791939918
fukui_06,2025-09-26,1758920406000,5.903418998950692,-8.196530590579675,36.47698777277076
fukui_06,2025-10-08,1759957207000,6.442374869886447,-6.256477632026181,36.46418871507857
fukui_06,2025-10-20,1760994006000,6.074892224015474,-6.775705573161633,36.47080636968769
fukui_06,2025-11-01,1762030806000,9.083135638033616,-7.0753378883558025,36.46759440366685
fukui_06,2025-11-13,1763067605000,6.007852347168604,-6.543070423401123,36.471052939133735
fukui_06,2025-11-25,1764104404000,9.938641479227654,-7.420558612830332,36.466645583672296
fukui_06,2025-12-07,1765141203000,5.8627680586811035,-6.5685884966308326,36.46043941233032
fukui_06,2025-12-19,1766178002000,6.174254413276178,-6.911764669335445,36.46184944515387
fukui_06,2025-12-31,1767214801000,11.690161178436966,-5.675476799941382,36.46635525201484
fukui_06,2026-01-12,1768251600000,11.49067819803485,-5.667568757252693,36.46804630002828
fukui_06,2026-01-24,1769288398000,10.844775215480146,-10.314657590252947,36.47551838593862
fukui_06,2026-02-17,1771361997000,5.7309416378997575,-7.428344743059179,36.47083316488365
fukui_06,2026-03-01,1772398797000,6.818943576785725,-6.537806024908016,36.47047117999562
fukui_06,2026-03-13,1773435597000,6.943693642807557,-6.710508805734995,36.474431923878065
fukui_06,2026-03-25,1774472398000,9.26025500869234,-6.270400508450862,36.47395252929846
fukui_06,2026-04-06,1775509198000,6.587596076192227,-7.040722549462607,36.470390750230564
fukui_06,2026-04-18,1776545998000,7.214535832616056,-6.389264487531226,36.4621992456383
fukui_06,2026-04-30,1777582797000,6.6916312367735316,-6.404319118058271,36.46061187090643
fukui_06,2026-05-12,1778619597000,7.071485292228982,-7.152049013300799,36.46239655215766
fukui_07,2017-02-16,1487278774030,5.067533222578484,-9.703523198162795,36.539138817372326
fukui_07,2017-02-28,1488315573000,3.7661090446566323,-10.525304635861449,36.537555050476726
fukui_07,2017-03-12,1489352374000,5.010531600773432,-9.54306847830609,36.53180913156201
fukui_07,2017-03-24,1490389174380,4.689723168659418,-9.562435202121945,36.53715507884821
fukui_07,2017-04-05,1491425974840,4.253956050387345,-10.024765472975085,36.537096528590205
fukui_07,2017-04-17,1492462775450,4.709634643807454,-9.917307485102262,36.53809077232718
fukui_07,2017-04-29,1493499575000,5.154243886845004,-9.271768028300945,36.53700162892478
fukui_07,2017-05-11,1494536376000,4.874586876241297,-9.271339581362032,36.53106821349472
fukui_07,2017-05-23,1495573177000,5.6071992575247664,-9.56292105760487,36.53405353143029
fukui_07,2017-06-04,1496609978000,4.710678717661913,-9.683096710300996,36.53568283924214
fukui_07,2017-06-16,1497646778000,4.823046578043104,-9.7080058767297,36.539414391332215
fukui_07,2017-06-28,1498683579000,4.437622018529491,-10.056539514820273,36.53823998235889
fukui_07,2017-07-10,1499720379000,5.726962641511399,-10.22427207588306,36.53570424295984
fukui_07,2017-07-22,1500757180000,5.6271309806309855,-9.201720321080368,36.53624900598434
fukui_07,2017-08-03,1501793981000,3.5110180388018657,-9.913005380865444,36.5338008609819
fukui_07,2017-08-15,1502830782000,4.040863334123111,-9.472950832226141,36.538394346141864
fukui_07,2017-08-27,1503867582000,3.3123481956289087,-10.201728526239235,36.53608436280239
fukui_07,2017-09-08,1504904382000,3.900758199267889,-8.767352853339771,36.53401499175045
fukui_07,2017-09-20,1505941183000,4.408325430260958,-8.594912746927337,36.53212766900265
fukui_07,2017-10-02,1506977983000,3.1214543205141183,-9.116919783584498,36.535536692277915
fukui_07,2017-10-14,1508014783000,4.091190134991098,-8.948318638074518,36.53678708539747
fukui_07,2017-10-26,1509051584000,4.395266765530133,-9.456511748782475,36.53447149138535
fukui_07,2017-11-07,1510088383000,3.902528553721049,-9.405670659325626,36.53452165731581
fukui_07,2017-11-19,1511125183000,4.608839660765269,-9.017178116467923,36.53175456356618
fukui_07,2017-12-01,1512161983000,4.030498769527033,-8.24573682906808,36.535106037643
fukui_07,2017-12-13,1513198782000,3.8272183154999166,-9.537179333225172,36.53660753356968
fukui_07,2017-12-25,1514235582000,3.6919367501053437,-10.194165133420546,36.54050733965818
fukui_07,2018-01-06,1515272381000,3.7532830365715064,-10.591324424002938,36.53582877455597
fukui_07,2018-01-18,1516309181000,3.9230133989179374,-9.213793528372626,36.530230205244735
fukui_07,2018-01-30,1517345980000,1.589821766442927,-10.519364724830991,36.53342996192408
fukui_07,2018-02-11,1518382780000,-1.7871498256171712,-12.849434444942682,36.53323063443932
fukui_07,2018-02-23,1519419580000,4.166724240916011,-10.603942654028707,36.54164947231909
fukui_07,2018-03-07,1520456380000,3.8075276643882945,-11.299101951412096,36.54562898605498
fukui_07,2018-03-19,1521493180000,3.0947673988744637,-7.883696995829418,36.53794823340763
fukui_07,2018-03-31,1522529981000,3.5639767597436722,-10.55564216999957,36.53427397054566
fukui_07,2018-04-12,1523566781000,3.9727292377047787,-8.285603076952103,36.536598617647925
fukui_07,2018-04-24,1524603582000,4.939342910538062,-9.487639550628664,36.54003828742555
fukui_07,2018-05-06,1525640382000,3.9218371618427037,-9.869827645476889,36.53893849587515
fukui_07,2018-05-18,1526677183000,3.8532887621902088,-9.987114668707337,36.53743932374713
fukui_07,2018-05-30,1527713983000,3.7479752804618576,-9.27248080328761,36.539643821637505
fukui_07,2018-06-11,1528750784000,4.353294727374292,-8.82162341971631,36.53331230484337
fukui_07,2018-06-23,1529787585000,4.450013001585718,-9.462049720438014,36.536153291607626
fukui_07,2018-06-29,1530305934000,4.405973392422683,-10.724284699327788,36.568703646795
fukui_07,2018-07-05,1530824385000,5.782378506450575,-10.496904019937968,36.54393455816497
fukui_07,2018-07-17,1531861186000,5.1279605811323075,-8.641005418932421,36.5392683171368
fukui_07,2018-08-10,1533934788000,4.609257217353419,-9.702844409270364,36.534578337587234
fukui_07,2018-08-22,1534971588000,4.532576266383513,-10.40465254474097,36.53836228323846
fukui_07,2018-09-03,1536008389000,4.908251417896587,-11.006936332284583,36.53521204585873
fukui_07,2018-09-15,1537045189000,4.6683615158071525,-10.831830544185863,36.53760298384422
fukui_07,2018-09-27,1538081990000,3.874113195689879,-11.102581447343473,36.534925918500534
fukui_07,2018-10-09,1539118790000,4.18902976987836,-10.321209414746663,36.53361996862461
fukui_07,2018-10-21,1540155590000,4.4176414338161845,-9.75030354456693,36.534653288783474
fukui_07,2018-11-02,1541192390000,4.8811456295544335,-10.900506895516195,36.53555851056311
fukui_07,2018-11-14,1542229190000,4.139708740771707,-10.503971072606817,36.53365347490773
fukui_07,2018-11-26,1543265989000,3.7332680553612763,-10.825445673568236,36.535031620422714
fukui_07,2018-12-08,1544302789000,4.862405296647372,-9.837243997770099,36.531661065738156
fukui_07,2018-12-20,1545339589000,3.698530652807527,-9.760173629466102,36.53464788127989
fukui_07,2019-01-01,1546376388000,5.015103218051565,-9.535655587121974,36.53527455299053
fukui_07,2019-01-13,1547413188000,4.54364374535563,-8.752542751319497,36.53844935500557
fukui_07,2019-01-25,1548449987000,4.000043212224381,-8.338067169147829,36.531755138954885
fukui_07,2019-02-06,1549486787000,4.453930757662792,-8.966890454008423,36.535193182625754
fukui_07,2019-02-18,1550523587000,4.171465920967206,-10.451402239424402,36.531260757367946
fukui_07,2019-03-02,1551560387000,3.8045331603469204,-9.808162040884824,36.53039333947894
fukui_07,2019-03-14,1552597187000,3.286730594497341,-11.12432858215297,36.54059066096591
fukui_07,2019-03-26,1553633987000,4.021283046163503,-9.490249729927015,36.537130855192174
fukui_07,2019-04-07,1554670787000,3.505097431249986,-11.155269057408516,36.53426192436278
fukui_07,2019-04-19,1555707588000,3.8095433963322045,-9.954508915502318,36.52953406998771
fukui_07,2019-05-01,1556744388000,4.3932586299879866,-9.475680080984382,36.52908454112519
fukui_07,2019-05-13,1557781189000,3.8724188981259355,-10.298016969126511,36.53789975341767
fukui_07,2019-05-25,1558817989000,3.485509303970894,-10.454350293413826,36.53669560483453
fukui_07,2019-06-06,1559854790000,3.649728187468699,-9.808958466699748,36.53896264173669
fukui_07,2019-06-18,1560891590000,4.960518964243865,-11.665904109789961,36.537594803783485
fukui_07,2019-06-30,1561928391000,5.572293732441798,-11.27616720365332,36.533378670020475
fukui_07,2019-07-12,1562965192000,4.42719123396014,-10.392763273683896,36.53715739188577
fukui_07,2019-07-24,1564001993000,4.873268766396412,-9.83532382629779,36.5396731780589
fukui_07,2019-08-05,1565038794000,4.4894759197803324,-8.172318420323384,36.538538531188415
fukui_07,2019-08-17,1566075594000,3.695602201739148,-8.567467846642906,36.53135836359603
fukui_07,2019-08-29,1567112395000,4.067260474248777,-9.687478247259882,36.534273338611776
fukui_07,2019-09-10,1568149195000,3.835876713565937,-9.003807208752425,36.53833277625328
fukui_07,2019-09-22,1569185996000,4.7276294840191895,-8.558638711860954,36.53464379067652
fukui_07,2019-10-04,1570222796000,4.4581934075458065,-8.701984836255821,36.53351244915414
fukui_07,2019-10-16,1571259596000,4.983873473878975,-9.486056439230051,36.53627220338536
fukui_07,2019-10-28,1572296396000,4.819489777850352,-9.022306357318184,36.53445012930372
fukui_07,2019-11-09,1573333196000,4.726839760403842,-8.63641390074937,36.53404693427182
fukui_07,2019-11-21,1574369996000,4.842486814367148,-8.765641979416722,36.53659239460211
fukui_07,2019-12-03,1575406796000,5.130481409776183,-9.197344257372814,36.537072906179375
fukui_07,2019-12-15,1576443595000,4.756772625890585,-8.201733401644846,36.53171946756702
fukui_07,2019-12-27,1577480395000,3.7023531734516437,-9.36580857523708,36.52854039882097
fukui_07,2020-01-08,1578517194000,4.447627824162135,-9.016629811479499,36.53170784528034
fukui_07,2020-01-20,1579553994000,3.6991514821681597,-9.361810237118657,36.53582680542403
fukui_07,2020-02-01,1580590793000,3.7752384582600667,-8.562826167823477,36.46298744102578
fukui_07,2020-02-13,1581627593000,4.655034697907702,-8.151060063689894,36.46286905774116
fukui_07,2020-02-25,1582664393000,4.698527410603663,-8.737692978340872,36.46176887978351
fukui_07,2020-03-08,1583701193000,3.944056375290356,-9.436434371699153,36.4574357094383
fukui_07,2020-03-20,1584737993000,3.9712919244944023,-8.470877604260702,36.46162409079898
fukui_07,2020-04-01,1585774793000,4.743022641605678,-9.701376554929327,36.46856485897815
fukui_07,2020-04-13,1586811594000,5.811817051800794,-10.921497008300463,36.46618568188737
fukui_07,2020-04-25,1587848394000,5.047430043468992,-10.541322906714173,36.46058961079733
fukui_07,2020-05-07,1588885195000,4.853362446841499,-10.628294239088838,36.463688092631685
fukui_07,2020-05-19,1589921995000,2.7969163435107207,-11.523926425205364,36.46367150399894
fukui_07,2020-05-31,1590958796000,4.099772652924824,-10.803566552900492,36.46644517114341
fukui_07,2020-06-12,1591995597000,5.686495572427966,-10.4609481884405,36.46361027054177
fukui_07,2020-06-24,1593032398000,3.524001190185596,-10.279042672984342,36.462721199587776
fukui_07,2020-07-06,1594069198000,4.9676299780796835,-9.774486911634176,36.46356628308448
fukui_07,2020-07-18,1595105999000,4.157086890846554,-8.606762790832777,36.46359631066946
fukui_07,2020-07-30,1596142800000,2.8733612064919476,-12.039473889070221,36.46037749910467
fukui_07,2020-08-11,1597179600000,3.006956818495386,-11.370485327192501,36.46359300576564
fukui_07,2020-08-23,1598216401000,2.0226674456500984,-11.003838860866738,36.46291508248344
fukui_07,2020-09-04,1599253202000,3.2748576478873184,-10.823215081135748,36.459901513495836
fukui_07,2020-09-16,1600290002000,2.8872347884522296,-11.941639817709182,36.461157245400514
fukui_07,2020-09-28,1601326803000,2.798294113234618,-11.439477720851873,36.46053476029776
fukui_07,2020-10-10,1602363603000,2.9062544340820637,-10.611111069899852,36.459022407443655
fukui_07,2020-10-22,1603400403000,3.7222729625243463,-12.5975726057373,36.46332933177968
fukui_07,2020-11-03,1604437203000,5.395380090860516,-7.968605760996323,36.45767695762814
fukui_07,2020-11-15,1605474003000,3.0928090136294277,-11.003851844388604,36.457130589890625
fukui_07,2020-11-27,1606510802000,4.388747097361672,-9.748005633672255,36.46345333555952
fukui_07,2020-12-09,1607547602000,3.600768234178791,-11.683895426670405,36.46150328735132
fukui_07,2020-12-21,1608584401000,4.80358143936604,-10.667733245949366,36.461545135410894
fukui_07,2021-01-02,1609621201000,2.9859087808058824,-12.448513115705573,36.45764475223448
fukui_07,2021-01-14,1610658000000,2.708933152327398,-13.182285549342005,36.45601011499182
fukui_07,2021-01-26,1611694800000,3.76829704870985,-11.751373737232159,36.45597508152327
fukui_07,2021-02-07,1612731599000,4.1393592015436385,-12.681204197871207,36.45877213182055
fukui_07,2021-02-19,1613768399000,3.262650572022678,-13.016534212401014,36.46653473506337
fukui_07,2021-03-03,1614805199000,2.292592804230848,-13.465227163353816,36.46877038034615
fukui_07,2021-03-15,1615841999000,3.64628860328853,-12.13729181100026,36.46289206754093
fukui_07,2021-03-27,1616878799000,3.4465613359625857,-12.330970987976329,36.4622211598675
fukui_07,2021-04-08,1617915599000,3.4202213978603773,-12.149864392933944,36.46539011908568
fukui_07,2021-04-20,1618952400000,3.8013650127756766,-12.302852918202941,36.46651870315671
fukui_07,2021-05-02,1619989200000,3.841580265361319,-10.577124389369912,36.468394808313356
fukui_07,2021-05-14,1621026001000,3.730306907957884,-10.86022477253992,36.46460508063444
fukui_07,2021-05-26,1622062802000,3.7359540076910296,-11.787597075605916,36.46121446810041
fukui_07,2021-06-07,1623099602000,4.006431337561698,-11.505876411395526,36.463034383498815
fukui_07,2021-06-19,1624136403000,4.244619487799307,-11.494832487754266,36.465503291647465
fukui_07,2021-07-01,1625173204000,4.160748836968868,-11.647525015558053,36.463579520252196
fukui_07,2021-07-13,1626210005000,3.9759991014212055,-12.03859277709254,36.465161710331685
fukui_07,2021-07-25,1627246805000,3.6935249957146823,-11.817715599365599,36.46715535553686
fukui_07,2021-08-06,1628283606000,3.4194715637598576,-11.558807841159963,36.46244928700041
fukui_07,2021-08-18,1629320407000,3.3229701823446107,-12.518051831245934,36.46409540909988
fukui_07,2021-08-30,1630357207000,2.985791446985999,-11.5154601075263,36.46525864494956
fukui_07,2021-09-11,1631394008000,2.87255561529187,-11.759537745108876,36.46186881556777
fukui_07,2021-09-23,1632430808000,3.886693020743707,-13.297604031140853,36.45959588443766
fukui_07,2021-10-05,1633467608000,3.8721889505093166,-12.630431740995498,36.45938201916077
fukui_07,2021-10-17,1634504409000,3.356150069145938,-12.10807551233324,36.45903410248017
fukui_07,2021-10-29,1635541208000,3.0204055891989308,-12.184835926951997,36.46059597901465
fukui_07,2021-11-22,1637614808000,4.252069494402608,-12.920874458682242,36.457364475951444
fukui_07,2021-12-04,1638651607000,2.7910513767574407,-13.498338970005548,36.456353387830205
fukui_07,2021-12-16,1639688407000,4.313054402122035,-10.240349463729643,36.45707931206115
fukui_07,2021-12-28,1640725206000,3.0426011537885818,-13.123585416829034,36.465597847985144
fukui_07,2022-01-09,1641762006000,3.523683335109132,-13.502613009492544,36.46126196652332
fukui_07,2022-01-21,1642798805000,3.1967716273698055,-12.920869886341189,36.45918172252864
fukui_07,2022-02-02,1643835604000,4.245982639126538,-12.606815091309953,36.46319991994716
fukui_07,2022-02-14,1644872405000,3.470387221188696,-12.695416987940291,36.4587679463935
fukui_07,2022-02-26,1645909204000,3.290157347161296,-13.1886018336394,36.46022771811879
fukui_07,2022-03-10,1646946004000,3.338959379479618,-13.223028860931633,36.46594612775868
fukui_07,2022-03-22,1647982805000,2.634334107077186,-12.740647214779706,36.464050934822346
fukui_07,2022-04-03,1649019605000,3.4062058517285885,-12.657705313509108,36.46128492289139
fukui_07,2022-04-15,1650056405000,3.041752543238742,-12.617988826075258,36.46392797077015
fukui_07,2022-04-27,1651093206000,3.5697420794753243,-13.037090023365927,36.46214241671937
fukui_07,2022-05-09,1652130006000,2.135860853514284,-13.284385320585324,36.466170469268455
fukui_07,2022-05-21,1653166807000,4.105685639531222,-13.13789900399895,36.469375874347875
fukui_07,2022-06-02,1654203608000,2.7913575447091774,-12.434524906632898,36.462962421721244
fukui_07,2022-06-14,1655240409000,4.443086930715736,-12.494234504216106,36.46431701356873
fukui_07,2022-06-26,1656277210000,4.032596014893014,-12.114794540177177,36.45812295816881
fukui_07,2022-07-08,1657314010000,3.608099555401137,-11.050888596840675,36.46323368983116
fukui_07,2022-07-20,1658350811000,3.703949225682665,-11.815439899639934,36.46488251817792
fukui_07,2022-08-01,1659387612000,3.440690386820907,-10.803657324789507,36.46293700178354
fukui_07,2022-08-13,1660424413000,3.0016830585659666,-11.662604524511835,36.462602506393154
fukui_07,2022-08-25,1661461213000,3.9955727765678555,-10.24038635707588,36.46327992675845
fukui_07,2022-09-06,1662497988000,3.7564787851958203,-10.495014720190996,36.53251958110423
fukui_07,2022-09-18,1663534814000,4.121066702977702,-11.506757608576537,36.46996758245277
fukui_07,2022-09-30,1664571615000,2.7442760902327636,-11.94108122715405,36.458596529646705
fukui_07,2022-10-12,1665608414000,4.288550449440943,-12.612332394700967,36.46705825610041
fukui_07,2022-10-24,1666645215000,2.926418861385724,-12.701331838944101,36.459376481069484
fukui_07,2022-11-05,1667682014000,3.155518790396807,-13.051145570350316,36.46471586574475
fukui_07,2022-11-17,1668718814000,2.8548332038150375,-13.34069832890138,36.46398181620331
fukui_07,2022-11-29,1669755614000,3.526908730629211,-11.580925617637174,36.45962476816575
fukui_07,2022-12-11,1670792413000,3.250480416515075,-11.951126836469516,36.45694574857085
fukui_07,2022-12-23,1671829212000,15.354485947860546,-3.4197360066896496,36.4561646578223
fukui_07,2023-01-04,1672866012000,4.233985141037477,-12.474056345331137,36.46145026004197
fukui_07,2023-01-16,1673902811000,3.582086983044764,-12.815204814716454,36.47355481658261
fukui_07,2023-01-28,1674939611000,-1.4196189059235416,-11.83137601104247,36.456623171582656
fukui_07,2023-02-09,1675976410000,2.93654132567152,-12.869875770246015,36.46498426458057
fukui_07,2023-02-21,1677013210000,2.687396594197022,-13.547351959018165,36.46709638561261
fukui_07,2023-03-05,1678050010000,2.8951261429728934,-13.417319700639936,36.4587239337938
fukui_07,2023-03-17,1679086810000,2.8072149701581983,-13.336358472766129,36.46922081571727
fukui_07,2023-03-29,1680123610000,3.227178827026805,-13.474765905962322,36.47194361225965
fukui_07,2023-04-10,1681160411000,3.242100700897193,-12.509586073555688,36.460876171936555
fukui_07,2023-04-22,1682197211000,2.9096385334344865,-12.646481427413422,36.46112276841097
fukui_07,2023-05-04,1683234012000,3.681552324183929,-11.325374025964702,36.45831091972741
fukui_07,2023-05-16,1684270813000,2.984528579955361,-11.023666181871425,36.45711777319671
fukui_07,2023-05-28,1685307613000,4.094635903584871,-10.557100342309786,36.4593790563146
fukui_07,2023-06-09,1686344413000,4.258526287609646,-12.378357351532072,36.46825481717892
fukui_07,2023-06-21,1687381214000,2.7752355633298604,-12.127225286656252,36.47029050860833
fukui_07,2023-07-03,1688418015000,4.381241855203814,-12.427489778964857,36.4613513224834
fukui_07,2023-07-15,1689454816000,4.464532266202953,-11.906390359120408,36.458275887575056
fukui_07,2023-07-27,1690491617000,3.2036249052967545,-11.440178771612578,36.46337918156818
fukui_07,2023-08-08,1691528417000,3.837569896441821,-12.53578721646137,36.476669363364216
fukui_07,2023-08-20,1692565218000,4.419406281697172,-11.284231402389532,36.467733822429025
fukui_07,2023-09-01,1693602019000,3.6018617897332845,-11.744414345798447,36.46052314437541
fukui_07,2023-09-13,1694638819000,2.5702380676737833,-10.906857156177272,36.46537100482203
fukui_07,2023-09-25,1695675620000,2.5283025863108293,-11.13623391326871,36.458999538642345
fukui_07,2023-10-07,1696712419000,3.1690620560590177,-11.366975345228118,36.46266751434542
fukui_07,2023-10-19,1697749220000,3.333849892628359,-11.476563929502621,36.45767927749955
fukui_07,2023-10-31,1698786019000,4.838851850371703,-11.840770325846869,36.461972823904944
fukui_07,2023-11-12,1699822819000,3.455085423226256,-11.788000651666783,36.45661968381108
fukui_07,2023-11-24,1700859618000,4.932553677645535,-12.05049214222608,36.47106126615977
fukui_07,2023-12-06,1701896418000,4.205742353281269,-11.84345224566218,36.46423982917942
fukui_07,2023-12-18,1702933217000,2.0637169843302665,-11.937221312645857,36.46328942980787
fukui_07,2023-12-30,1703970017000,3.013154537144801,-14.528625379272738,36.45888141055168
fukui_07,2024-01-11,1705006816000,3.4469198332689213,-11.48883644178898,36.45811616247719
fukui_07,2024-01-23,1706043616000,1.8571909093957555,-13.273301984348885,36.460383268597525
fukui_07,2024-02-04,1707080415000,4.300132024205221,-13.408633243767662,36.463725493638115
fukui_07,2024-02-16,1708117215000,4.221249828916187,-12.611978043691149,36.46441873445953
fukui_07,2024-02-28,1709154015000,4.665520725796311,-11.458396022625445,36.46535180687601
fukui_07,2024-03-11,1710190815000,4.0813660880151685,-12.050627426454689,36.4644463673962
fukui_07,2024-03-23,1711227616000,4.215105264864568,-11.875530024768725,36.46533454315124
fukui_07,2024-04-04,1712264416000,3.906072281840466,-12.509622622670276,36.463283056218465
fukui_07,2024-04-16,1713301216000,3.361481592001496,-13.28996180066729,36.4646483208105
fukui_07,2024-04-28,1714338017000,3.34750653762678,-12.077774276132173,36.458540320917
fukui_07,2024-05-10,1715374817000,3.605269245693886,-11.411437026171313,36.45293415400995
fukui_07,2024-05-22,1716411616000,4.133535776588316,-12.13501821865329,36.45418275894658
fukui_07,2024-06-03,1717448416000,4.097325796177718,-12.572233889360268,36.4480647446753
fukui_07,2024-06-15,1718485216000,3.66644820500464,-12.29247644775381,36.448547590405354
fukui_07,2024-07-09,1720558815000,3.8472359590200593,-12.916925998930685,36.454330369247366
fukui_07,2024-07-21,1721595614000,3.5466747621476564,-11.516779799507312,36.45304411206365
fukui_07,2024-08-02,1722632414000,2.9408277579247737,-11.629450161435985,36.451200486215726
fukui_07,2024-08-14,1723669214000,3.026628763947713,-11.980964513343148,36.46612859267584
fukui_07,2024-08-26,1724706015000,3.2516338829438545,-10.69538906615708,36.46227286444335
fukui_07,2024-09-07,1725742815000,2.753654292555071,-10.708619503117108,36.46518636957937
fukui_07,2024-09-19,1726779615000,2.584530117307096,-10.837874931711916,36.46512930944173
fukui_07,2024-10-01,1727816415000,3.5882565078803466,-11.116741586594745,36.469753153759854
fukui_07,2024-10-13,1728853216000,3.1913245413911766,-12.35888200818736,36.461802867412196
fukui_07,2024-10-25,1729890015000,4.094430041408263,-12.604713273612024,36.4748267163582
fukui_07,2024-11-06,1730926815000,4.015082738406041,-10.536521165257215,36.46229998384467
fukui_07,2024-11-18,1731963615000,4.525002242449935,-11.17046451369598,36.4555162079642
fukui_07,2024-12-12,1734037213000,3.37373317216323,-12.881731003919679,36.45408012286111
fukui_07,2024-12-24,1735074012000,1.9307009573031113,-11.549953853200838,36.46060783846935
fukui_07,2025-01-05,1736110811000,3.95446540587262,-11.180573715539678,36.45634103612605
fukui_07,2025-01-17,1737147610000,3.499585587911698,-11.362649047145016,36.45937555288906
fukui_07,2025-01-29,1738184409000,3.6635695312714502,-12.100460783588408,36.45616114910534
fukui_07,2025-02-10,1739221209000,3.345439849532674,-11.770143327728315,36.45702548275163
fukui_07,2025-02-22,1740258008000,3.6402669580790965,-11.463404691524087,36.46469362934123
fukui_07,2025-03-06,1741294808000,2.592788921469397,-10.815062616524502,36.46439609468355
fukui_07,2025-03-18,1742331608000,3.464394106143782,-10.548354796613765,36.464124262701624
fukui_07,2025-03-30,1743368409000,2.838187411081994,-10.948052049627051,36.45481071177218
fukui_07,2025-04-11,1744405209000,4.418918713683961,-11.159505478332534,36.46551769274446
fukui_07,2025-04-23,1745442009000,4.604534459660565,-10.85565485044134,36.45931926164955
fukui_07,2025-05-05,1746478809000,3.9262112659004162,-11.986949021406245,36.457119973140465
fukui_07,2025-05-17,1747515609000,3.5596309641768107,-10.95497406406452,36.45449084332012
fukui_07,2025-05-29,1748552408000,3.688918328900678,-10.573521612484479,36.44962697271035
fukui_07,2025-06-10,1749589208000,3.7265186949857547,-11.187840413642943,36.44635718616822
fukui_07,2025-06-22,1750626007000,7.752305282470161,-11.094772772852389,36.44580634953364
fukui_07,2025-07-04,1751662806000,4.067756999717857,-10.713758625010156,36.45295341236076
fukui_07,2025-07-16,1752699606000,4.456348088556732,-10.377584306180895,36.45479566996147
fukui_07,2025-07-28,1753736405000,4.188587945449907,-10.112666033386509,36.455550536872266
fukui_07,2025-08-09,1754773205000,3.0527474436264157,-11.21978457059575,36.45409409673333
fukui_07,2025-08-21,1755810005000,3.7350927660574635,-10.577191781640817,36.45933418944903
fukui_07,2025-09-02,1756846805000,2.8375775208717404,-11.027991921517447,36.46323993312044
fukui_07,2025-09-14,1757883606000,2.815700938011026,-10.511376167456161,36.46474171396329
fukui_07,2025-09-26,1758920406000,4.007387829377129,-11.132212752848401,36.4670187191569
fukui_07,2025-10-08,1759957207000,3.2009588482770726,-12.29538727513555,36.454348267586006
fukui_07,2025-10-20,1760994006000,3.181399293038264,-11.733302579231642,36.46096439651534
fukui_07,2025-11-01,1762030806000,3.090451456602238,-10.876833421653068,36.457602901635546
fukui_07,2025-11-13,1763067605000,3.857952979643233,-12.096901903464722,36.46115760164986
fukui_07,2025-11-25,1764104404000,3.069482197374133,-10.471003976594833,36.45678882319611
fukui_07,2025-12-07,1765141203000,3.03690597252654,-10.399001070041521,36.45056830085344
fukui_07,2025-12-19,1766178002000,3.996881664264054,-12.16922476479297,36.45197288321113
fukui_07,2025-12-31,1767214801000,2.8244538954673457,-10.37339879960578,36.456505121545554
fukui_07,2026-01-12,1768251600000,3.462912801527198,-11.736069749149083,36.45813388883333
fukui_07,2026-01-24,1769288398000,-0.7222661733759215,-12.084667778459842,36.46554049196844
fukui_07,2026-02-17,1771361997000,1.850098644826983,-13.063236204547366,36.46092443704546
fukui_07,2026-03-01,1772398797000,3.3046551792281975,-11.824279736373956,36.46054787573878
fukui_07,2026-03-13,1773435597000,2.9639937754663035,-12.244877170705184,36.464551338553434
fukui_07,2026-03-25,1774472398000,3.32914336181164,-11.90546879392791,36.4640771723198
fukui_07,2026-04-06,1775509198000,3.3057365556384766,-11.080639883928841,36.46054423107446
fukui_07,2026-04-18,1776545998000,2.9195009923776385,-10.990625316334032,36.452336317694915
fukui_07,2026-04-30,1777582797000,3.9733269936366806,-10.900007494671675,36.450723135128975
fukui_07,2026-05-12,1778619597000,2.9807424642416906,-12.03142363503287,36.452459308366436
fukui_08,2017-02-16,1487278774030,3.7800722631519177,-8.530983093734838,36.55334891067691
fukui_08,2017-02-28,1488315573000,3.6396551676665676,-10.06887489881371,36.55178555236692
fukui_08,2017-03-12,1489352374000,3.5658163331329114,-9.491335527241471,36.54606215069737
fukui_08,2017-03-24,1490389174380,4.408069636279026,-8.260226363333482,36.55137402809603
fukui_08,2017-04-05,1491425974840,2.570839773933542,-9.079264802615711,36.55135889781246
fukui_08,2017-04-17,1492462775450,2.508931497269401,-8.509884110275529,36.55234930718669
fukui_08,2017-04-29,1493499575000,3.0001483499860453,-8.485802625886956,36.55124754785307
fukui_08,2017-05-11,1494536376000,2.5924173819091134,-8.307664770291554,36.545273766772766
fukui_08,2017-05-23,1495573177000,3.4055397002365657,-7.549402585787209,36.54832543667315
fukui_08,2017-06-04,1496609978000,3.588863197138816,-8.05069209351934,36.54990493801636
fukui_08,2017-06-16,1497646778000,3.093174868718926,-8.247260448832781,36.553613270476795
fukui_08,2017-06-28,1498683579000,3.1356273233786673,-7.784379392656216,36.55249174723381
fukui_08,2017-07-10,1499720379000,3.6585709000834172,-7.600931687380677,36.54997022821442
fukui_08,2017-07-22,1500757180000,3.4650020442980836,-8.737494065478176,36.550475326541964
fukui_08,2017-08-03,1501793981000,2.667845422668551,-7.964894569664996,36.548041226639405
fukui_08,2017-08-15,1502830782000,2.958895096058513,-7.627584573550392,36.552600828482184
fukui_08,2017-08-27,1503867582000,3.4178367271696657,-8.61156781741805,36.550327823118785
fukui_08,2017-09-08,1504904382000,3.724150335849709,-9.24660519237875,36.54826724952514
fukui_08,2017-09-20,1505941183000,4.395953831706685,-8.571322601710625,36.54639899369815
fukui_08,2017-10-02,1506977983000,1.9750154071597048,-8.971930948239313,36.5497615166943
fukui_08,2017-10-14,1508014783000,4.009599482147987,-8.312533081897124,36.55102880418316
fukui_08,2017-10-26,1509051584000,4.921236895409177,-8.798992034596452,36.5486673266038
fukui_08,2017-11-07,1510088383000,2.852003753710754,-8.237755673026097,36.548750751404825
fukui_08,2017-11-19,1511125183000,3.924772131081728,-8.736655006479767,36.545999744890295
fukui_08,2017-12-01,1512161983000,4.475010074890141,-9.037175030802349,36.54931414248746
fukui_08,2017-12-13,1513198782000,4.1778441667704636,-8.187006224419818,36.55083247078576
fukui_08,2017-12-25,1514235582000,3.095860724801617,-8.941226624869191,36.554701020679936
fukui_08,2018-01-06,1515272381000,3.7983811062658024,-8.833927220844332,36.550029477914805
fukui_08,2018-01-18,1516309181000,3.350743827684288,-8.796160400165938,36.544488637862806
fukui_08,2018-01-30,1517345980000,2.152214195617919,-9.05011829447909,36.54765254851814
fukui_08,2018-02-11,1518382780000,0.9955787713145388,-9.084375444707451,36.547443423987175
fukui_08,2018-02-23,1519419580000,4.37280659522076,-8.252042755911248,36.55583977912319
fukui_08,2018-03-07,1520456380000,3.338464213893555,-8.251209034308477,36.55983105758949
fukui_08,2018-03-19,1521493180000,2.311734040454612,-8.50731077383216,36.55219147135677
fukui_08,2018-03-31,1522529981000,3.213163218757304,-8.740028133303314,36.54847172105005
fukui_08,2018-04-12,1523566781000,3.8410782495202427,-8.578515788155906,36.550857108823735
fukui_08,2018-04-24,1524603582000,5.8050098323158865,-7.773282282270002,36.5542785205681
fukui_08,2018-05-06,1525640382000,1.756547756353943,-8.847061576158739,36.55316899319771
fukui_08,2018-05-18,1526677183000,2.6034848433775917,-9.384938371279352,36.551699856454086
fukui_08,2018-05-30,1527713983000,2.4004176590279247,-8.62853233768473,36.55387136206337
fukui_08,2018-06-11,1528750784000,2.250392666682021,-8.970522409032592,36.547568474779574
fukui_08,2018-06-23,1529787585000,3.5415699399940856,-9.184291242641951,36.550405234852064
fukui_08,2018-06-29,1530305934000,3.026894672543478,-9.39699519480529,36.58290203130784
fukui_08,2018-07-05,1530824385000,2.8423542957294003,-8.775112444839987,36.55817755882286
fukui_08,2018-07-17,1531861186000,2.6279881801354334,-9.472055667125371,36.55346862773483
fukui_08,2018-08-10,1533934788000,2.422740140977692,-8.93828147676975,36.548815094694824
fukui_08,2018-08-22,1534971588000,2.1981846959090765,-8.585880229480878,36.552559543913375
fukui_08,2018-09-03,1536008389000,3.4371613342590606,-7.333719038434661,36.5494677534145
fukui_08,2018-09-15,1537045189000,2.617033338259194,-8.099944880897779,36.55180127262735
fukui_08,2018-09-27,1538081990000,4.262574861107383,-8.073183611468622,36.54911472841098
fukui_08,2018-10-09,1539118790000,3.120838495875804,-8.26009671027881,36.547811778435054
fukui_08,2018-10-21,1540155590000,3.0526144087302085,-8.212440586280428,36.54885610366033
fukui_08,2018-11-02,1541192390000,3.431673057082839,-8.61039349765018,36.54974988108289
fukui_08,2018-11-14,1542229190000,4.1131798877125,-8.275704453409498,36.54790259203751
fukui_08,2018-11-26,1543265989000,3.862093299407618,-8.19462088559496,36.549233469520296
fukui_08,2018-12-08,1544302789000,2.6014394884734804,-8.757168573976811,36.5458850710411
fukui_08,2018-12-20,1545339589000,3.5178617938611882,-8.49715430097377,36.54890906360226
fukui_08,2019-01-01,1546376388000,2.079044770433102,-8.536914522959297,36.549493957652366
fukui_08,2019-01-13,1547413188000,3.7686408848411794,-8.068686468623566,36.55266444082479
fukui_08,2019-01-25,1548449987000,2.441998803946033,-9.446059908143315,36.54600538147146
fukui_08,2019-02-06,1549486787000,2.497609611385801,-8.074541144376349,36.54945225774507
fukui_08,2019-02-18,1550523587000,3.429234417018154,-8.053942223246676,36.54548074046127
fukui_08,2019-03-02,1551560387000,3.212319605465339,-9.008380284810858,36.5446357083467
fukui_08,2019-03-14,1552597187000,3.332684770794026,-8.634551699790501,36.554841780175984
fukui_08,2019-03-26,1553633987000,3.8609418139210647,-8.784990304956892,36.551362162987566
fukui_08,2019-04-07,1554670787000,3.1101424622335685,-8.074096132470268,36.54849868544989
fukui_08,2019-04-19,1555707588000,3.7432281886569805,-8.488745368505011,36.543783952369886
fukui_08,2019-05-01,1556744388000,1.8694907366189497,-8.853157416046619,36.543331977174056
fukui_08,2019-05-13,1557781189000,3.894358307833677,-8.098145646048494,36.5521376763966
fukui_08,2019-05-25,1558817989000,3.5738673654426507,-7.617887606495378,36.55095779544178
fukui_08,2019-06-06,1559854790000,2.8631383657062504,-8.010165657041977,36.55321858283029
fukui_08,2019-06-18,1560891590000,2.6288698780918396,-7.820771499417643,36.55183905542598
fukui_08,2019-06-30,1561928391000,2.648531363498775,-8.5001289873187,36.547625287487605
fukui_08,2019-07-12,1562965192000,3.3650532594206597,-7.743403195981123,36.551400652957916
fukui_08,2019-07-24,1564001993000,2.9499019192877043,-8.045454028489536,36.55392034619615
fukui_08,2019-08-05,1565038794000,2.835121171079078,-7.838068356711355,36.55278854681602
fukui_08,2019-08-17,1566075594000,3.063267148281621,-8.748674204578716,36.54559839531698
fukui_08,2019-08-29,1567112395000,2.0969226724209986,-9.389429257041833,36.548504680893764
fukui_08,2019-09-10,1568149195000,3.2501080386617422,-8.306844862936096,36.55252848907981
fukui_08,2019-09-22,1569185996000,3.9106118585287692,-7.5148853060813465,36.54889010579603
fukui_08,2019-10-04,1570222796000,3.4527152902006297,-7.3193846805142915,36.54776245410627
fukui_08,2019-10-16,1571259596000,4.690070613777097,-8.07843063372031,36.550530142814495
fukui_08,2019-10-28,1572296396000,3.234025277755126,-7.795135374421309,36.54869647619193
fukui_08,2019-11-09,1573333196000,3.8848401476150243,-7.895069226049678,36.54830591820661
fukui_08,2019-11-21,1574369996000,3.742650359975544,-7.980866126874456,36.55079880370623
fukui_08,2019-12-03,1575406796000,3.275599325555757,-8.533262502035303,36.55129025900951
fukui_08,2019-12-15,1576443595000,3.770422466371697,-7.857088602618651,36.545974276526124
fukui_08,2019-12-27,1577480395000,4.509418034442019,-7.666062607725195,36.54273471710168
fukui_08,2020-01-08,1578517194000,3.6462693318097656,-8.4297696193835,36.54592132179798
fukui_08,2020-01-20,1579553994000,4.030166487370676,-8.029058560639294,36.55001857483564
fukui_08,2020-02-01,1580590793000,4.883728619171754,-8.009204756827497,36.477085582082445
fukui_08,2020-02-13,1581627593000,3.1442020677950344,-8.408659282335,36.47702312103905
fukui_08,2020-02-25,1582664393000,3.6423743555185717,-7.883132235983028,36.47588497362127
fukui_08,2020-03-08,1583701193000,4.31374949357928,-7.76077333574577,36.47173945076337
fukui_08,2020-03-20,1584737993000,4.958895550706182,-7.613963525162873,36.47585700866186
fukui_08,2020-04-01,1585774793000,2.839573106463828,-8.144412660583983,36.48282070794071
fukui_08,2020-04-13,1586811594000,3.1437949762850055,-7.815092597593905,36.48031685835014
fukui_08,2020-04-25,1587848394000,3.9380375248090234,-7.780647624591735,36.47474419668822
fukui_08,2020-05-07,1588885195000,4.293141121791429,-7.89543630295677,36.47779335127288
fukui_08,2020-05-19,1589921995000,3.3001575852223435,-8.160834005957943,36.47794255767777
fukui_08,2020-05-31,1590958796000,3.3405924423599176,-6.21276950267986,36.480595171223904
fukui_08,2020-06-12,1591995597000,1.5993848856919102,-7.280856692359672,36.47776548144889
fukui_08,2020-06-24,1593032398000,4.16855202039931,-7.360411837134231,36.47686989923816
fukui_08,2020-07-06,1594069198000,2.681043565074873,-9.085503508690017,36.47768242882611
fukui_08,2020-07-18,1595105999000,3.6389938011213263,-7.8406129812053615,36.47790101528538
fukui_08,2020-07-30,1596142800000,3.2960022609041126,-7.624468402003338,36.474664165174886
fukui_08,2020-08-11,1597179600000,2.753568191913397,-9.120571552944067,36.477714859153465
fukui_08,2020-08-23,1598216401000,2.0146479451285093,-11.271837712411626,36.477013512116166
fukui_08,2020-09-04,1599253202000,0.277627934728375,-11.50292771674525,36.47402079863846
fukui_08,2020-09-16,1600290002000,0.35739747477952305,-10.639091755929291,36.47529174330524
fukui_08,2020-09-28,1601326803000,2.4980548658021413,-11.877376601238913,36.47465992702616
fukui_08,2020-10-10,1602363603000,1.6370698204292378,-10.735871319818218,36.47318165888713
fukui_08,2020-10-22,1603400403000,1.1904098287306342,-11.148809646629456,36.47747598403341
fukui_08,2020-11-03,1604437203000,1.4585899066034114,-10.322561370244493,36.471834357729854
fukui_08,2020-11-15,1605474003000,2.2884433291383703,-9.825822410370737,36.47128437802052
fukui_08,2020-11-27,1606510802000,0.5773506601443272,-10.050050061142107,36.47759926507574
fukui_08,2020-12-09,1607547602000,1.7297170362477425,-9.632916806563125,36.475662131314394
fukui_08,2020-12-21,1608584401000,11.204053135143358,-5.643670224195455,36.4757111673137
fukui_08,2021-01-02,1609621201000,1.0271278221192313,-10.19531238571023,36.47176058293001
fukui_08,2021-01-14,1610658000000,2.975248013070918,-8.85941026632374,36.47016472013002
fukui_08,2021-01-26,1611694800000,1.988746331228775,-10.88038233820073,36.47007819956222
fukui_08,2021-02-07,1612731599000,1.266587851301197,-9.946003117673978,36.47289518560528
fukui_08,2021-02-19,1613768399000,2.4493668733359657,-10.408672837208606,36.480666856179006
fukui_08,2021-03-03,1614805199000,2.1020233975646008,-10.616464321407026,36.4829183993809
fukui_08,2021-03-15,1615841999000,1.8286397840656485,-10.360583377851725,36.47698927558846
fukui_08,2021-03-27,1616878799000,1.8476923339481695,-7.7283176481010525,36.47645719882941
fukui_08,2021-04-08,1617915599000,3.6099267341353105,-6.858929595218947,36.47966560322972
fukui_08,2021-04-20,1618952400000,2.7353352387657264,-7.428545070978463,36.480657770239894
fukui_08,2021-05-02,1619989200000,3.605863564748896,-7.359856153754137,36.48255121671535
fukui_08,2021-05-14,1621026001000,2.784124626714372,-6.792674086796055,36.47888778518803
fukui_08,2021-05-26,1622062802000,2.673972731398028,-7.175247875850381,36.47547310142635
fukui_08,2021-06-07,1623099602000,2.6142405466093477,-8.040862320118022,36.47729877927049
fukui_08,2021-06-19,1624136403000,3.4009622904613583,-7.653360042531129,36.47977739895493
fukui_08,2021-07-01,1625173204000,4.180232808363222,-7.552658753670729,36.477690799546885
fukui_08,2021-07-13,1626210005000,2.76945767402329,-6.922801152707625,36.47944307837388
fukui_08,2021-07-25,1627246805000,1.8952282183475004,-7.797790027232775,36.481249426871656
fukui_08,2021-08-06,1628283606000,2.03374196016697,-7.8209206765160815,36.47672960234852
fukui_08,2021-08-18,1629320407000,3.043620125183939,-7.400109533345656,36.47837087096701
fukui_08,2021-08-30,1630357207000,2.6101481001080593,-6.820541402314825,36.47942186323844
fukui_08,2021-09-11,1631394008000,2.8529973685011916,-7.766890850947674,36.47604054381221
fukui_08,2021-09-23,1632430808000,4.689093281063732,-7.669324696887024,36.47375744534971
fukui_08,2021-10-05,1633467608000,3.6820898794183896,-7.122405021147084,36.47354394486809
fukui_08,2021-10-17,1634504409000,4.177391341312331,-8.034946215341929,36.47314706655651
fukui_08,2021-10-29,1635541208000,4.153353142884849,-8.039620701732561,36.47477269043662
fukui_08,2021-11-22,1637614808000,3.9660467877963357,-5.9508998405004805,36.471625770771695
fukui_08,2021-12-04,1638651607000,4.804433160153291,-7.179829580571606,36.47045501845572
fukui_08,2021-12-16,1639688407000,7.594488564685647,-7.049435881006441,36.47119577807324
fukui_08,2021-12-28,1640725206000,4.741469581447302,-6.8547260831884085,36.47975701488397
fukui_08,2022-01-09,1641762006000,4.997274317036887,-6.858627115315105,36.47541834591538
fukui_08,2022-01-21,1642798805000,4.515050529397772,-6.6504423207228305,36.47332879996234
fukui_08,2022-02-02,1643835604000,3.5562112527571,-7.221960123195183,36.477303330313774
fukui_08,2022-02-14,1644872405000,3.3465018205195074,-6.793467576693486,36.47286538983433
fukui_08,2022-02-26,1645909204000,3.808404012168267,-6.920494454501205,36.47436012866908
fukui_08,2022-03-10,1646946004000,4.162885981003275,-7.0215149720293,36.48007607067564
fukui_08,2022-03-22,1647982805000,4.837976188034238,-6.847895112722181,36.47835559717359
fukui_08,2022-04-03,1649019605000,3.9654834610705487,-6.8177077468209495,36.475563730096155
fukui_08,2022-04-15,1650056405000,4.241033281655456,-6.415543539587195,36.478214861328496
fukui_08,2022-04-27,1651093206000,4.727081748414694,-6.719146452366429,36.476382798128185
fukui_08,2022-05-09,1652130006000,4.2472735069320855,-7.079942456807748,36.4803389681092
fukui_08,2022-05-21,1653166807000,3.8243699190778258,-6.498388594213334,36.48352671726496
fukui_08,2022-06-02,1654203608000,3.342405134097549,-6.705072572614534,36.47723627673148
fukui_08,2022-06-14,1655240409000,3.7869516086594555,-7.367784223269547,36.4786062722058
fukui_08,2022-06-26,1656277210000,3.4481172497790493,-7.564329591230717,36.47241582407251
fukui_08,2022-07-08,1657314010000,3.625119092964423,-7.154358059881043,36.477512976057064
fukui_08,2022-07-20,1658350811000,3.5883947518071833,-7.425992243635202,36.47905161476186
fukui_08,2022-08-01,1659387612000,3.835390822732046,-7.084218743008811,36.477218393959
fukui_08,2022-08-13,1660424413000,3.277929225698708,-7.676675897145214,36.47689468940993
fukui_08,2022-08-25,1661461213000,3.0026659067493657,-7.689517970849982,36.477558220670865
fukui_08,2022-09-06,1662497988000,3.725754023796612,-7.678411168829566,36.546841297589644
fukui_08,2022-09-18,1663534814000,3.9625173238451716,-7.747201007132046,36.484058606752285
fukui_08,2022-09-30,1664571615000,5.185422464477828,-6.533496842801748,36.472757578505906
fukui_08,2022-10-12,1665608414000,3.6028588455901818,-8.019210181572074,36.481206679392955
fukui_08,2022-10-24,1666645215000,4.863750005795357,-7.330552562563533,36.473645186405825
fukui_08,2022-11-05,1667682014000,3.7392094710045742,-7.740526318963105,36.47886495548844
fukui_08,2022-11-17,1668718814000,4.293128709547116,-7.42465686018141,36.47812736223036
fukui_08,2022-11-29,1669755614000,2.909310495598455,-7.122662573310504,36.473724261761575
fukui_08,2022-12-11,1670792413000,4.435402235690328,-7.000136925558776,36.47120963571626
fukui_08,2022-12-23,1671829212000,10.644620745855635,-6.062550037201944,36.470298676565015
fukui_08,2023-01-04,1672866012000,4.129019127568851,-8.029361162053162,36.475623950846085
fukui_08,2023-01-16,1673902811000,3.058634716707341,-8.090567674277,36.487727604720355
fukui_08,2023-01-28,1674939611000,-3.6401292730596366,-14.478026475676417,36.47076293855762
fukui_08,2023-02-09,1675976410000,3.2447620689935714,-8.038939133277164,36.47914055141071
fukui_08,2023-02-21,1677013210000,2.1996565598195312,-9.007571921051216,36.4812495789337
fukui_08,2023-03-05,1678050010000,4.402162044966569,-7.204475203201391,36.47302562578155
fukui_08,2023-03-17,1679086810000,3.3432597621006463,-7.4758910702859005,36.48332110801043
fukui_08,2023-03-29,1680123610000,5.074535757239109,-7.215478726100991,36.486098797921635
fukui_08,2023-04-10,1681160411000,4.222641202212008,-7.224940813871157,36.47515700974186
fukui_08,2023-04-22,1682197211000,4.12245396662773,-7.6249564562529955,36.475283447000805
fukui_08,2023-05-04,1683234012000,3.4804008409488922,-6.965821902878771,36.47254387688012
fukui_08,2023-05-16,1684270813000,4.177459067395527,-7.388977268755235,36.47134289408388
fukui_08,2023-05-28,1685307613000,8.725332561350394,-7.199379479429491,36.47365695700356
fukui_08,2023-06-09,1686344413000,4.039449216368655,-7.603171121281585,36.48240086591525
fukui_08,2023-06-21,1687381214000,3.2157909173163155,-8.208849786025656,36.484436313138545
fukui_08,2023-07-03,1688418015000,4.208905592700311,-6.921790381171333,36.47557888964401
fukui_08,2023-07-15,1689454816000,4.322235864626946,-7.267204106493128,36.4725575939688
fukui_08,2023-07-27,1690491617000,4.094592337215894,-7.2159427920573975,36.47765893977528
fukui_08,2023-08-08,1691528417000,2.308786420712645,-7.8461239650986405,36.49078828479399
fukui_08,2023-08-20,1692565218000,3.192009299198482,-7.371976209057754,36.48196057966937
fukui_08,2023-09-01,1693602019000,3.704864762835242,-7.0926050820092845,36.47480106280683
fukui_08,2023-09-13,1694638819000,2.9975401007569644,-7.544205897525179,36.47952261902499
fukui_08,2023-09-25,1695675620000,4.240851630055655,-7.455443018604671,36.47322446432484
fukui_08,2023-10-07,1696712419000,3.482590732958241,-6.686462255536432,36.47677033909625
fukui_08,2023-10-19,1697749220000,4.170698031865609,-6.779935149869918,36.47185156026092
fukui_08,2023-10-31,1698786019000,4.370835870362999,-8.135251377705375,36.476130700154236
fukui_08,2023-11-12,1699822819000,3.2550436593807905,-7.8674761163685165,36.470788616973046
fukui_08,2023-11-24,1700859618000,4.755796905393894,-7.932121576057498,36.48522648711615
fukui_08,2023-12-06,1701896418000,4.020565324675131,-6.66831467167439,36.47836504321415
fukui_08,2023-12-18,1702933217000,2.7170875330735225,-7.990976209093524,36.477428014701104
fukui_08,2023-12-30,1703970017000,2.9717769638041207,-7.658252157326986,36.47315776229303
fukui_08,2024-01-11,1705006816000,3.9352064705398377,-7.487691209058875,36.47226230776186
fukui_08,2024-01-23,1706043616000,1.5288056028506667,-7.962812051363157,36.47450081839347
fukui_08,2024-02-04,1707080415000,3.864411410438457,-8.17044916794316,36.47782399156618
fukui_08,2024-02-16,1708117215000,5.373847966696656,-7.467085776604887,36.47855034780223
fukui_08,2024-02-28,1709154015000,5.178772335672435,-7.196887283310956,36.479654033598784
fukui_08,2024-03-11,1710190815000,3.616508831875001,-7.20609231838401,36.47870627076654
fukui_08,2024-03-23,1711227616000,4.080122202483903,-7.216144997580396,36.47957826552793
fukui_08,2024-04-04,1712264416000,4.5486162986848155,-7.431590193063241,36.477505946939786
fukui_08,2024-04-16,1713301216000,3.5872211120324184,-8.175179160623733,36.47877453420311
fukui_08,2024-04-28,1714338017000,4.447630525895704,-7.0474611015946635,36.47281907605847
fukui_08,2024-05-10,1715374817000,3.956697559093489,-7.106902911463986,36.467230511735046
fukui_08,2024-05-22,1716411616000,4.053323974208792,-6.920923278879269,36.46846098843801
fukui_08,2024-06-03,1717448416000,4.865798936540663,-6.912280507935585,36.46235833716822
fukui_08,2024-06-15,1718485216000,4.219530237814831,-7.100574404285148,36.46285095234544
fukui_08,2024-07-09,1720558815000,4.341410804259339,-6.9925997326091816,36.46861154835448
fukui_08,2024-07-21,1721595614000,4.105096162101198,-7.764189654328914,36.46731416292042
fukui_08,2024-08-02,1722632414000,3.864277015797727,-7.141442257595575,36.46548186676414
fukui_08,2024-08-14,1723669214000,3.27189239331149,-6.987669833905915,36.480409155106514
fukui_08,2024-08-26,1724706015000,4.067702026090123,-6.215585611451315,36.4765280722354
fukui_08,2024-09-07,1725742815000,3.977951301909769,-7.050950214790993,36.47945261791658
fukui_08,2024-09-19,1726779615000,3.8522005742993044,-6.3686227290807125,36.47935884402103
fukui_08,2024-10-01,1727816415000,3.7698790325038427,-7.186915692913441,36.483873766318155
fukui_08,2024-10-13,1728853216000,4.80921231669051,-7.24312249716321,36.47591660676612
fukui_08,2024-10-25,1729890015000,4.19975318703058,-7.705561912605407,36.48893908154323
fukui_08,2024-11-06,1730926815000,3.3721845452668657,-6.742878356029661,36.47639636715571
fukui_08,2024-11-18,1731963615000,3.5607396579470447,-8.439206880157464,36.46975261800863
fukui_08,2024-12-12,1734037213000,3.5938061134044457,-7.782124580375249,36.468386124047875
fukui_08,2024-12-24,1735074012000,4.256312278920728,-7.114982786157772,36.474767490408375
fukui_08,2025-01-05,1736110811000,4.00807883494761,-7.088422525768575,36.47047766618671
fukui_08,2025-01-17,1737147610000,4.285346593536907,-7.664137290239412,36.473527000341704
fukui_08,2025-01-29,1738184409000,5.0598770836763345,-7.509055551904791,36.47043947641516
fukui_08,2025-02-10,1739221209000,4.201529068725625,-8.635888562062204,36.4713051573175
fukui_08,2025-02-22,1740258008000,4.20210540957519,-7.765904691924335,36.47884189501562
fukui_08,2025-03-06,1741294808000,3.678934319124729,-7.866475660972457,36.478500276705184
fukui_08,2025-03-18,1742331608000,3.1651931653510754,-7.843117136555015,36.478220237173694
fukui_08,2025-03-30,1743368409000,4.895590113649563,-6.967640968172242,36.469079547131685
fukui_08,2025-04-11,1744405209000,3.9917095145769728,-6.926680416795899,36.479776634140656
fukui_08,2025-04-23,1745442009000,4.140942562738102,-6.582947327296334,36.4736090568087
fukui_08,2025-05-05,1746478809000,3.8734572330358468,-7.3280057989758065,36.47134935281255
fukui_08,2025-05-17,1747515609000,4.486982191485866,-7.560332477687389,36.46876676885474
fukui_08,2025-05-29,1748552408000,3.8695059697793854,-6.775816327311167,36.46390547308246
fukui_08,2025-06-10,1749589208000,3.5664529781369505,-6.993902874039838,36.46060133440159
fukui_08,2025-06-22,1750626007000,10.409394528365329,-7.7113597000293606,36.460097361551696
fukui_08,2025-07-04,1751662806000,4.1197083057886505,-7.352746105807641,36.46723101978573
fukui_08,2025-07-16,1752699606000,3.7348445636411056,-7.067967085382978,36.469071136865885
fukui_08,2025-07-28,1753736405000,3.694274614587037,-7.491838969733088,36.469853601108646
fukui_08,2025-08-09,1754773205000,3.287011096407186,-7.860140388023032,36.46834358078043
fukui_08,2025-08-21,1755810005000,3.774791976149176,-7.342095913605085,36.47359267219169
fukui_08,2025-09-02,1756846805000,3.247070531173615,-7.39103886505241,36.477366140875915
fukui_08,2025-09-14,1757883606000,4.519425077372471,-7.866879095079641,36.47903526666675
fukui_08,2025-09-26,1758920406000,5.302395080186277,-7.269235213232422,36.481147162037836
fukui_08,2025-10-08,1759957207000,4.399682626084141,-6.671792029919759,36.46861777892819
fukui_08,2025-10-20,1760994006000,4.138082726429182,-6.731870419521344,36.47518899873315
fukui_08,2025-11-01,1762030806000,4.380401759196482,-7.1360937713400405,36.47176808569717
fukui_08,2025-11-13,1763067605000,5.125037555786901,-7.248001961163681,36.47525289519826
fukui_08,2025-11-25,1764104404000,9.121395326587285,-5.109122739311431,36.471013631801185
fukui_08,2025-12-07,1765141203000,4.391671766345748,-6.397694604393415,36.46479906592117
fukui_08,2025-12-19,1766178002000,3.808466815833689,-6.836619899604555,36.46620767562629
fukui_08,2025-12-31,1767214801000,3.453600698922311,-6.817654622973211,36.47078419778615
fukui_08,2026-01-12,1768251600000,4.277040435870495,-6.850540333179905,36.47241469229392
fukui_08,2026-01-24,1769288398000,1.1979883184554907,-8.67142233851571,36.47970465478738
fukui_08,2026-02-17,1771361997000,4.559979331788706,-7.385973064650985,36.475177439426496
fukui_08,2026-03-01,1772398797000,4.870455421653098,-6.421178578062952,36.4748465483897
fukui_08,2026-03-13,1773435597000,3.5597356551286,-6.988439073102148,36.478787430439226
fukui_08,2026-03-25,1774472398000,3.6582131682716774,-6.324163709974828,36.47828809061516
fukui_08,2026-04-06,1775509198000,3.6154863746897177,-6.490729193930438,36.474773526068695
fukui_08,2026-04-18,1776545998000,5.017764423431092,-6.25892527461753,36.46661225689039
fukui_08,2026-04-30,1777582797000,3.7417778890810833,-6.332049217744428,36.465025661488966
fukui_08,2026-05-12,1778619597000,4.380249767012327,-6.4837196114459426,36.46674903981394
fukui_09,2017-02-16,1487278774030,1.297489585220336,-8.01152791344956,36.54366328257363
fukui_09,2017-02-28,1488315573000,2.9946350793745626,-8.140003449881712,36.54207365458953
fukui_09,2017-03-12,1489352374000,1.2522878803950708,-6.790398861134328,36.53632815375351
fukui_09,2017-03-24,1490389174380,0.7713445781238892,-7.711392570174755,36.54168649967885
fukui_09,2017-04-05,1491425974840,2.2517770231310417,-7.43192085631837,36.54162413525243
fukui_09,2017-04-17,1492462775450,5.795493999746817,-8.00245994914824,36.54259834045333
fukui_09,2017-04-29,1493499575000,0.5276475050358316,-7.452333194183421,36.541522925745504
fukui_09,2017-05-11,1494536376000,0.9764020473892712,-8.086055971420285,36.53557458834404
fukui_09,2017-05-23,1495573177000,2.5122332715157043,-7.64937656705905,36.53857574812686
fukui_09,2017-06-04,1496609978000,1.0418870885959433,-7.450489883666786,36.540234475417456
fukui_09,2017-06-16,1497646778000,2.5519354513243586,-7.277077617278125,36.54394273581284
fukui_09,2017-06-28,1498683579000,1.3620078542553045,-8.076093054688474,36.54274573163857
fukui_09,2017-07-10,1499720379000,1.430898647731002,-8.89999284671253,36.5402199736133
fukui_09,2017-07-22,1500757180000,1.8201226589014368,-9.098433050803921,36.5407737637937
fukui_09,2017-08-03,1501793981000,0.8341515757540258,-8.689754234201075,36.538337768460345
fukui_09,2017-08-15,1502830782000,1.9740246508274726,-8.40630489156038,36.54294000976814
fukui_09,2017-08-27,1503867582000,1.121457250517065,-9.769319360711753,36.5406041941672
fukui_09,2017-09-08,1504904382000,1.9677459595372109,-9.093184746764544,36.53855331072955
fukui_09,2017-09-20,1505941183000,1.9944717471804014,-8.064511136799934,36.53664938324903
fukui_09,2017-10-02,1506977983000,1.2204134697416056,-8.198163808922025,36.540061568724184
fukui_09,2017-10-14,1508014783000,1.6064835731844629,-8.581006462711875,36.541302840077655
fukui_09,2017-10-26,1509051584000,0.9859101592060264,-7.899126154178583,36.538999411299066
fukui_09,2017-11-07,1510088383000,1.2754665107932595,-8.587655027476172,36.53903432737886
fukui_09,2017-11-19,1511125183000,2.533599343696599,-8.40183167551783,36.53627207321673
fukui_09,2017-12-01,1512161983000,10.555864105107425,-9.234596051611256,36.53964492322477
fukui_09,2017-12-13,1513198782000,2.2405784770496022,-8.38585394603542,36.541112584956366
fukui_09,2017-12-25,1514235582000,4.87453429066133,-7.93930901072556,36.545038653364536
fukui_09,2018-01-06,1515272381000,2.39161200708979,-6.69667205479433,36.54036055487871
fukui_09,2018-01-18,1516309181000,2.335135662440727,-7.102833799480124,36.534764410853555
fukui_09,2018-01-30,1517345980000,2.2726515516554016,-7.310915933581756,36.537981657760625
fukui_09,2018-02-11,1518382780000,1.9357165893198571,-8.863988433738493,36.537780845887845
fukui_09,2018-02-23,1519419580000,1.18720265886774,-7.306551660535312,36.54618003513337
fukui_09,2018-03-07,1520456380000,1.2587637941848437,-7.971537409218936,36.550163115333696
fukui_09,2018-03-19,1521493180000,4.257981091331227,-6.660391578602925,36.54245110998163
fukui_09,2018-03-31,1522529981000,2.364115783737362,-6.968973928216165,36.538798459322145
fukui_09,2018-04-12,1523566781000,0.998348026291385,-7.573070459043091,36.54110782942807
fukui_09,2018-04-24,1524603582000,6.196552034948595,-7.989541420208425,36.54455943459683
fukui_09,2018-05-06,1525640382000,10.80894013364023,-7.794772690388446,36.543460888039135
fukui_09,2018-05-18,1526677183000,2.1762909785693396,-9.298402045634631,36.541949229073985
fukui_09,2018-05-30,1527713983000,1.3633619883611674,-6.677706908597607,36.54416315761076
fukui_09,2018-06-11,1528750784000,2.38368372882807,-7.710592404075755,36.53782131251311
fukui_09,2018-06-23,1529787585000,1.0444994885928653,-8.85255004335282,36.54067163941909
fukui_09,2018-06-29,1530305934000,1.0710626453571173,-8.455630590874394,36.57318725354277
fukui_09,2018-07-05,1530824385000,1.200347347963362,-8.361484543826474,36.54844985048169
fukui_09,2018-07-17,1531861186000,1.8919311269772776,-8.931960553497033,36.54380029877462
fukui_09,2018-07-29,1532897988000,1.5372217759852371,-8.735263504928243,36.534365478196236
fukui_09,2018-08-10,1533934788000,2.2699162732806375,-8.087363638113741,36.539100968220666
fukui_09,2018-08-22,1534971588000,1.800013741694501,-7.345103335380367,36.54288315196242
fukui_09,2018-09-03,1536008389000,0.9303190213646518,-8.145133512639921,36.53972782367531
fukui_09,2018-09-15,1537045189000,2.2466824547623347,-6.568571502784482,36.54213353432195
fukui_09,2018-09-27,1538081990000,1.397334443354704,-7.513585162876197,36.53946490187985
fukui_09,2018-10-09,1539118790000,1.4256291428826786,-7.831101125249805,36.53815426153969
fukui_09,2018-10-21,1540155590000,2.6108950995333187,-7.484947709285354,36.53918044214579
fukui_09,2018-11-02,1541192390000,1.6898114823802843,-7.554236890512968,36.540075609165385
fukui_09,2018-11-14,1542229190000,2.790089920750123,-7.284551869134515,36.53816604128805
fukui_09,2018-11-26,1543265989000,1.9925994300298997,-8.049104075470149,36.539578510831056
fukui_09,2018-12-08,1544302789000,2.1463208225237014,-6.97988519928566,36.53618476853973
fukui_09,2018-12-20,1545339589000,2.5590330721029684,-7.037837151302444,36.53917889431443
fukui_09,2019-01-01,1546376388000,11.333179126134139,-7.156676962351754,36.539781311531655
fukui_09,2019-01-13,1547413188000,2.8662025501408332,-7.295096373582043,36.54298556219672
fukui_09,2019-01-25,1548449987000,3.6322657499404194,-6.64074835838899,36.53627357267613
fukui_09,2019-02-06,1549486787000,1.2249656226270103,-7.542262180960243,36.539700738853206
fukui_09,2019-02-18,1550523587000,2.5473372135530368,-6.563290208101754,36.53576518247955
fukui_09,2019-03-02,1551560387000,1.5956511661764157,-7.969052585254508,36.53491102558775
fukui_09,2019-03-14,1552597187000,2.4551982384534066,-7.918367082776601,36.54510511981843
fukui_09,2019-03-26,1553633987000,2.5621934956052104,-7.715251843524693,36.54164005935573
fukui_09,2019-04-07,1554670787000,2.428575845925394,-7.182256299596963,36.53878168637395
fukui_09,2019-04-19,1555707588000,1.8095604069711035,-8.145056041602963,36.53405599877244
fukui_09,2019-05-01,1556744388000,1.6868533546526812,-7.46594278740604,36.533607218515556
fukui_09,2019-05-13,1557781189000,2.370318635614108,-8.304342867256212,36.542423355842814
fukui_09,2019-05-25,1558817989000,2.567594010118885,-7.2619037833962885,36.54120970103903
fukui_09,2019-06-06,1559854790000,2.653953780898867,-8.681337382888422,36.5434733341125
fukui_09,2019-06-18,1560891590000,1.952950237009358,-8.842990785729937,36.54211514910598
fukui_09,2019-06-30,1561928391000,3.2040544571262677,-7.397539710687175,36.537895976647356
fukui_09,2019-07-12,1562965192000,1.276309146609808,-8.950180262421753,36.54167221255514
fukui_09,2019-07-24,1564001993000,2.0108706061845396,-8.502866408860756,36.544182911841325
fukui_09,2019-08-05,1565038794000,1.7806567015080008,-7.905216699105161,36.54305181129973
fukui_09,2019-08-17,1566075594000,2.3697396117108953,-8.1874307861724,36.53587292265262
fukui_09,2019-08-29,1567112395000,1.7498139454146635,-8.69763065323545,36.53878914541894
fukui_09,2019-09-10,1568149195000,0.7451764402850091,-9.492256188961331,36.5428591660941
fukui_09,2019-09-22,1569185996000,2.253793560945679,-8.728229659241599,36.539178192538905
fukui_09,2019-10-04,1570222796000,2.5020663945127306,-7.486386990368547,36.53804360053366
fukui_09,2019-10-16,1571259596000,1.1829018003135274,-8.278250330709342,36.54079469667687
fukui_09,2019-10-28,1572296396000,2.5556614548237633,-7.862652868081357,36.538988045595104
fukui_09,2019-11-09,1573333196000,2.842360683848334,-7.115477371483091,36.538577920821965
fukui_09,2019-11-21,1574369996000,2.9728500927167127,-6.476441233591154,36.541112769126656
fukui_09,2019-12-03,1575406796000,2.022489083786766,-8.739281755663727,36.541624706599045
fukui_09,2019-12-15,1576443595000,1.5786011324721017,-7.676165847276501,36.53624058745902
fukui_09,2019-12-27,1577480395000,2.3211732324368937,-7.668908302370848,36.53306307028269
fukui_09,2020-01-08,1578517194000,3.4039982108950437,-7.815894123373022,36.536238284998895
fukui_09,2020-01-20,1579553994000,1.4258446088355015,-8.475095807077702,36.54036505920133
fukui_09,2020-02-01,1580590793000,3.39531687948912,-7.89020891282092,36.467394383942235
fukui_09,2020-02-13,1581627593000,2.8994019751210725,-8.438924913498566,36.46726350801243
fukui_09,2020-02-25,1582664393000,3.630394301844812,-7.939604136667699,36.46618885967455
fukui_09,2020-03-08,1583701193000,3.3635767321715035,-7.30556776007929,36.46200886799325
fukui_09,2020-03-20,1584737993000,3.194271507264107,-7.209061579791756,36.466204550249806
fukui_09,2020-04-01,1585774793000,2.4898346691741593,-7.617454775257261,36.47316871612147
fukui_09,2020-04-13,1586811594000,1.5970943644350302,-8.231763451651085,36.47057997413369
fukui_09,2020-04-25,1587848394000,3.1469620804247724,-8.449503200661026,36.46497954280377
fukui_09,2020-05-07,1588885195000,1.8872863974397573,-8.596779244888891,36.46810610304603
fukui_09,2020-05-19,1589921995000,2.2149251455296866,-8.882402472262172,36.46823658289843
fukui_09,2020-05-31,1590958796000,3.1739204472864007,-8.410087827076122,36.47083169959929
fukui_09,2020-06-12,1591995597000,2.1538370561255076,-9.194137023870494,36.46802040526106
fukui_09,2020-06-24,1593032398000,2.3782523729009664,-9.617859361029549,36.46711434118648
fukui_09,2020-07-06,1594069198000,8.723574489123681,-7.075820191578977,36.467951514548254
fukui_09,2020-07-18,1595105999000,3.421514384377944,-8.270800190534517,36.468168833417344
fukui_09,2020-07-30,1596142800000,2.3964469343143158,-8.43237611904205,36.46493658919878
fukui_09,2020-08-11,1597179600000,2.1462376837353583,-9.272082795041218,36.468013066242264
fukui_09,2020-08-23,1598216401000,1.6946957328818966,-7.989631070047041,36.467312725931045
fukui_09,2020-09-04,1599253202000,2.0037976695107296,-9.446307660795119,36.464301965175544
fukui_09,2020-09-16,1600290002000,0.9024450978803394,-9.490472666574037,36.465547534243896
fukui_09,2020-09-28,1601326803000,3.1630104761681808,-9.901137448258698,36.46492900516167
fukui_09,2020-10-10,1602363603000,1.3394064336503626,-12.537052013259167,36.46341137106709
fukui_09,2020-10-22,1603400403000,0.9863659266616557,-9.940052293914238,36.467711208615796
fukui_09,2020-11-03,1604437203000,0.5046161047407391,-11.189631646319356,36.46207383932928
fukui_09,2020-11-15,1605474003000,-0.7637786869117938,-13.188779385739409,36.46152454157075
fukui_09,2020-11-27,1606510802000,1.9555549479672296,-11.949939272990452,36.467840419411516
fukui_09,2020-12-09,1607547602000,-0.7696389776342085,-12.680944943005418,36.46588624921717
fukui_09,2020-12-21,1608584401000,5.365836140268822,-10.420209714389786,36.46594231019773
fukui_09,2021-01-02,1609621201000,-0.8312547061338179,-12.32664602956948,36.46203010266019
fukui_09,2021-01-14,1610658000000,-0.1305021487558905,-11.063677421986089,36.46039559653093
fukui_09,2021-01-26,1611694800000,0.5015621156900985,-11.234545670603424,36.46036711263241
fukui_09,2021-02-07,1612731599000,3.5311595989981788,-11.280095954892271,36.46316832343677
fukui_09,2021-02-19,1613768399000,3.79241472520759,-10.932602545775568,36.47092804385397
fukui_09,2021-03-03,1614805199000,1.989795979660752,-10.599171392725134,36.473179635838065
fukui_09,2021-03-15,1615841999000,-0.08101571662295547,-10.336061946139312,36.467297474543265
fukui_09,2021-03-27,1616878799000,0.06957126832714387,-11.556053360681242,36.46680201427187
fukui_09,2021-04-08,1617915599000,-0.08001323707182502,-10.998451164334769,36.46995767664028
fukui_09,2021-04-20,1618952400000,-0.08814002620719566,-11.275386321812032,36.47091069937671
fukui_09,2021-05-02,1619989200000,-1.02275141942377,-12.274498345216037,36.47277569800986
fukui_09,2021-05-14,1621026001000,0.26051074323970347,-12.078117990096022,36.469182756212035
fukui_09,2021-05-26,1622062802000,0.31920924776273296,-13.877382353086736,36.46579354450203
fukui_09,2021-06-07,1623099602000,0.5240663586040234,-13.022663322236086,36.46761250116304
fukui_09,2021-06-19,1624136403000,2.242211867583471,-10.85659759348435,36.470069414495754
fukui_09,2021-07-01,1625173204000,0.5586337184198689,-8.381381462736053,36.46798403503031
fukui_09,2021-07-13,1626210005000,0.44657239066923127,-10.300004449574162,36.469733434400496
fukui_09,2021-07-25,1627246805000,-0.8212582205296228,-10.232627433321039,36.47155949544593
fukui_09,2021-08-06,1628283606000,0.7528809661409946,-11.292043902705267,36.46702472114079
fukui_09,2021-08-18,1629320407000,1.0925607777621924,-11.226235649071064,36.46866533325821
fukui_09,2021-08-30,1630357207000,-0.5078094581800318,-11.072138925940186,36.46964287223138
fukui_09,2021-09-11,1631394008000,1.4042841327968014,-10.616952224911111,36.466269264444286
fukui_09,2021-09-23,1632430808000,2.92602606593105,-10.938748092326092,36.463996827875945
fukui_09,2021-10-05,1633467608000,2.153776542321373,-10.319322476392719,36.46376113013539
fukui_09,2021-10-17,1634504409000,0.6600613169299238,-8.59112219139263,36.46344586926031
fukui_09,2021-10-29,1635541208000,1.3494313115938323,-9.407374050333235,36.46498681678148
fukui_09,2021-11-22,1637614808000,0.9308746296074863,-8.975681645781918,36.46195709070805
fukui_09,2021-12-04,1638651607000,0.37453807154511903,-8.223700544263647,36.4607504948241
fukui_09,2021-12-16,1639688407000,7.598683636822078,-8.390340240532433,36.46147508640601
fukui_09,2021-12-28,1640725206000,0.027566725906272908,-7.707202903382685,36.46999805920747
fukui_09,2022-01-09,1641762006000,1.1487377413964641,-8.513871930363113,36.46565945667406
fukui_09,2022-01-21,1642798805000,0.8335926378683054,-8.22528163576943,36.46357548019548
fukui_09,2022-02-02,1643835604000,9.141236406648485,-8.322187510058836,36.467602455240076
fukui_09,2022-02-14,1644872405000,0.7328206108819918,-7.8158216531128035,36.46317403267843
fukui_09,2022-02-26,1645909204000,0.25594432693007424,-8.002402785706431,36.46465151314217
fukui_09,2022-03-10,1646946004000,0.6146725200899261,-7.721004376150024,36.470342933514054
fukui_09,2022-03-22,1647982805000,0.9388724620463688,-9.128179573064925,36.46862844489924
fukui_09,2022-04-03,1649019605000,0.03660062197036524,-9.76512498120354,36.46584647125549
fukui_09,2022-04-15,1650056405000,0.4775594901421429,-8.350539467289495,36.46848942690749
fukui_09,2022-04-27,1651093206000,0.5609150566963261,-8.665099282837062,36.46672222811205
fukui_09,2022-05-09,1652130006000,1.4218781533839304,-9.59034371353737,36.47055620564152
fukui_09,2022-05-21,1653166807000,1.1721420974218717,-9.016481156377905,36.47378773143312
fukui_09,2022-06-02,1654203608000,0.5296164888351901,-7.833005591873309,36.467528008770145
fukui_09,2022-06-14,1655240409000,0.3888475358071462,-8.582858335968739,36.46888471674721
fukui_09,2022-06-26,1656277210000,0.22999379553291863,-7.91021034317931,36.46271316337926
fukui_09,2022-07-08,1657314010000,0.606119062500349,-8.095349251079416,36.46780032036531
fukui_09,2022-07-20,1658350811000,0.875183257177944,-7.419951622407882,36.46927373691937
fukui_09,2022-08-01,1659387612000,1.0341108663055996,-7.759793874651329,36.46751550902387
fukui_09,2022-08-13,1660424413000,-0.26028024131994404,-9.314534701797118,36.46716448884327
fukui_09,2022-08-25,1661461213000,0.39688261234835914,-10.290468626744099,36.46784914740471
fukui_09,2022-09-06,1662497988000,-0.08908758419762142,-11.71977468082628,36.53715989580038
fukui_09,2022-09-18,1663534814000,0.6566495477296563,-11.169887115028736,36.47436386782952
fukui_09,2022-09-30,1664571615000,1.1047783906394901,-12.135192651536563,36.46299286180989
fukui_09,2022-10-12,1665608414000,2.2550173826647675,-11.423971506171164,36.47144210393082
fukui_09,2022-10-24,1666645215000,0.8956785749109187,-11.857780846047396,36.463959212954606
fukui_09,2022-11-05,1667682014000,1.6909887142114464,-11.727814955312988,36.46910683662537
fukui_09,2022-11-17,1668718814000,0.23021881611498105,-10.525323894173654,36.468368682783634
fukui_09,2022-11-29,1669755614000,9.467589769525746,-11.962655432970065,36.46401406013937
fukui_09,2022-12-11,1670792413000,0.404626146331025,-11.875448447442732,36.46150493208138
fukui_09,2022-12-23,1671829212000,12.321141828014575,-6.259314023550488,36.460559519747754
fukui_09,2023-01-04,1672866012000,3.625197074902347,-12.077431629117331,36.465852028706365
fukui_09,2023-01-16,1673902811000,1.735320884101778,-11.259226134702683,36.47794883946453
fukui_09,2023-01-28,1674939611000,-0.7904497801713527,-10.734383185486575,36.46103227964784
fukui_09,2023-02-09,1675976410000,2.300921825129507,-11.81678841812347,36.469368718284095
fukui_09,2023-02-21,1677013210000,2.051559450082704,-11.98676392231013,36.47150053725459
fukui_09,2023-03-05,1678050010000,1.2474477951772707,-11.927752888751924,36.463293697234135
fukui_09,2023-03-17,1679086810000,2.946052997455327,-10.95648826950701,36.47360963877069
fukui_09,2023-03-29,1680123610000,3.4014223412106186,-13.025562857280343,36.47632803598718
fukui_09,2023-04-10,1681160411000,2.423744670560639,-12.422076629047348,36.4654447942456
fukui_09,2023-04-22,1682197211000,3.6447226513972373,-12.114837839475065,36.465520440622626
fukui_09,2023-05-04,1683234012000,4.9970195242947275,-11.291764856378194,36.46291486874802
fukui_09,2023-05-16,1684270813000,4.053863333765181,-12.518925630272063,36.46171603611817
fukui_09,2023-05-28,1685307613000,10.481789506174062,-14.184703584329108,36.46394259658287
fukui_09,2023-06-09,1686344413000,4.545360341976796,-10.617292554015721,36.47264290147157
fukui_09,2023-06-21,1687381214000,6.092675105229084,-12.565185628921798,36.474678328646256
fukui_09,2023-07-03,1688418015000,3.915124925392886,-9.447857933406201,36.46592888532702
fukui_09,2023-07-15,1689454816000,4.270046199665116,-10.545541714317045,36.46286435985517
fukui_09,2023-07-27,1690491617000,3.7354329730082863,-10.518826149310815,36.46794667060188
fukui_09,2023-08-08,1691528417000,4.399640813855789,-8.974650292163547,36.48104183259114
fukui_09,2023-08-20,1692565218000,4.0392229658653385,-9.951049759509116,36.47233300194495
fukui_09,2023-09-01,1693602019000,4.871393602335696,-10.53771477629176,36.465095636945144
fukui_09,2023-09-13,1694638819000,3.681342575121303,-10.067287702671281,36.46976343596113
fukui_09,2023-09-25,1695675620000,0.8491100121072949,-10.18853395438275,36.463590710967594
fukui_09,2023-10-07,1696712419000,1.8474738070095922,-11.28798728130033,36.46706013322888
fukui_09,2023-10-19,1697749220000,2.919993321504926,-9.798621365156974,36.462066740865545
fukui_09,2023-10-31,1698786019000,-0.18148300548984633,-11.045809530021819,36.46636981295717
fukui_09,2023-11-12,1699822819000,0.48621538301561995,-11.581881328437115,36.46102536425516
fukui_09,2023-11-24,1700859618000,0.8442263132739032,-9.898667483427857,36.47544315561955
fukui_09,2023-12-06,1701896418000,0.664823783191848,-10.072335758157049,36.46863632299837
fukui_09,2023-12-18,1702933217000,7.284151180652198,-11.14951824618598,36.46766576818202
fukui_09,2023-12-30,1703970017000,-0.1475116884173468,-11.058133953085148,36.46344456186101
fukui_09,2024-01-11,1705006816000,0.9471500894979067,-11.490736892191169,36.46250579693567
fukui_09,2024-01-23,1706043616000,0.7719199278169072,-11.206397159250507,36.46478769574287
fukui_09,2024-02-04,1707080415000,0.19351424054584196,-11.058714988891099,36.468133848511044
fukui_09,2024-02-16,1708117215000,0.20135218084042167,-11.075851900437886,36.46881551950612
fukui_09,2024-02-28,1709154015000,0.5696920812152229,-11.226569429303469,36.46992389784486
fukui_09,2024-03-11,1710190815000,1.1137030540268946,-11.24027918735391,36.46902438117996
fukui_09,2024-03-23,1711227616000,1.6679716211565445,-10.784939218048414,36.46989745007717
fukui_09,2024-04-04,1712264416000,1.5835862682050972,-10.13515183027071,36.46787564980511
fukui_09,2024-04-16,1713301216000,1.1809135133808173,-10.25872128414472,36.46904243999168
fukui_09,2024-04-28,1714338017000,1.6430149307266377,-10.712351871474059,36.4631143804114
fukui_09,2024-05-10,1715374817000,2.38523011311634,-9.727742116696842,36.457504468086455
fukui_09,2024-05-22,1716411616000,2.0307644699194722,-10.751429023076117,36.45875575950995
fukui_09,2024-06-03,1717448416000,1.999245355300355,-10.87405317745142,36.45263743157786
fukui_09,2024-06-15,1718485216000,2.704220368576221,-10.622238626864553,36.45312053999628
fukui_09,2024-07-09,1720558815000,2.369674654912054,-9.885256020796298,36.45890035332316
fukui_09,2024-07-21,1721595614000,2.778739830499703,-10.400935341746035,36.4576335602387
fukui_09,2024-08-02,1722632414000,1.4351208523752343,-11.98463934792962,36.45579440209801
fukui_09,2024-08-14,1723669214000,1.9848383845188275,-11.259960536646402,36.47070376677931
fukui_09,2024-08-26,1724706015000,1.2756676993339247,-9.894021179744957,36.46684687551319
fukui_09,2024-09-07,1725742815000,1.1278425938526913,-10.40917876837297,36.46976537152757
fukui_09,2024-09-19,1726779615000,0.6273402005327705,-10.262076549224798,36.46969422660221
fukui_09,2024-10-01,1727816415000,1.6940925120012995,-9.962669791558017,36.47415023606
fukui_09,2024-10-13,1728853216000,1.656238729217396,-9.596345344232995,36.46620327655314
fukui_09,2024-10-25,1729890015000,0.7960022546091822,-9.954506183346304,36.479224447560135
fukui_09,2024-11-06,1730926815000,0.44811146711325744,-9.528115244485852,36.46670071627842
fukui_09,2024-11-18,1731963615000,5.052024841778735,-10.96221323880335,36.460117031232976
fukui_09,2024-12-12,1734037213000,-0.24519504661648525,-12.03945871862132,36.45865245704151
fukui_09,2024-12-24,1735074012000,0.27660964218842443,-9.53174595449019,36.46499319986887
fukui_09,2025-01-05,1736110811000,0.6446779977542969,-10.128983805283777,36.46073100235355
fukui_09,2025-01-17,1737147610000,0.003932122847400611,-9.072901342206439,36.463761638485124
fukui_09,2025-01-29,1738184409000,8.604162107541905,-9.601342253482494,36.460748240075546
fukui_09,2025-02-10,1739221209000,1.0212883841844511,-10.18897015443766,36.46160124860824
fukui_09,2025-02-22,1740258008000,1.7336826982178326,-10.406837658825717,36.46908099684333
fukui_09,2025-03-06,1741294808000,1.6967481512920208,-11.24238817761047,36.468789919973354
fukui_09,2025-03-18,1742331608000,9.319107088915201,-9.399163505716155,36.46851101227314
fukui_09,2025-03-30,1743368409000,1.171581923504224,-10.365018107162781,36.4593886630048
fukui_09,2025-04-11,1744405209000,1.4218653436357582,-11.374742929734536,36.47010092189876
fukui_09,2025-04-23,1745442009000,2.0588224911123256,-7.249669134035013,36.463894737116995
fukui_09,2025-05-05,1746478809000,1.6548757643817107,-6.363604519676391,36.461706866198845
fukui_09,2025-05-17,1747515609000,1.5059340982781484,-6.5877221075779735,36.4590621073858
fukui_09,2025-05-29,1748552408000,1.3769852701164669,-6.014565484741717,36.45420720731238
fukui_09,2025-06-10,1749589208000,0.7885649276383402,-5.93541219012547,36.450920346441684
fukui_09,2025-06-22,1750626007000,12.160237098536578,-7.693861333482087,36.45038139804885
fukui_09,2025-07-04,1751662806000,1.4701163426735544,-6.581511954406522,36.45751633560022
fukui_09,2025-07-16,1752699606000,0.7217153773276938,-6.767232094715194,36.45937432402263
fukui_09,2025-07-28,1753736405000,0.6703003198386345,-6.989119879910623,36.46013829757948
fukui_09,2025-08-09,1754773205000,4.878987432325112,-8.359430757142746,36.458698301728916
fukui_09,2025-08-21,1755810005000,1.0699483993207495,-6.796380150028484,36.463914633770386
fukui_09,2025-09-02,1756846805000,0.2519158083569406,-7.023802350787394,36.467642134357106
fukui_09,2025-09-14,1757883606000,0.17430254512758808,-7.732966814455142,36.46933358348147
fukui_09,2025-09-26,1758920406000,0.46176793484345724,-7.46860194151647,36.471419213821086
fukui_09,2025-10-08,1759957207000,1.8816670683253303,-6.785324424027464,36.458925042042964
fukui_09,2025-10-20,1760994006000,0.7341003919369354,-6.405904506094549,36.46555087921727
fukui_09,2025-11-01,1762030806000,-0.12954835232256026,-6.98647651918688,36.461999424981315
fukui_09,2025-11-13,1763067605000,0.8747706896862399,-6.881193747690257,36.465544547461846
fukui_09,2025-11-25,1764104404000,10.624122455311463,-8.324687029796078,36.46138113869293
fukui_09,2025-12-07,1765141203000,2.1756409839687745,-6.337898615062106,36.45516690668073
fukui_09,2025-12-19,1766178002000,0.7668177476376444,-7.544587982382151,36.45655264299514
fukui_09,2025-12-31,1767214801000,6.2488623025502115,-9.058356673091847,36.4610835265724
fukui_09,2026-01-12,1768251600000,0.9278873565958227,-7.77620928804197,36.46270840671531
fukui_09,2026-01-24,1769288398000,2.8910529505662654,-10.459300854658569,36.46992744430256
fukui_09,2026-02-17,1771361997000,2.7729006326000527,-7.159353605399975,36.46552817259635
fukui_09,2026-03-01,1772398797000,2.070624620181892,-7.7495103027743895,36.465126928565304
fukui_09,2026-03-13,1773435597000,1.1355980353738198,-7.103188907356445,36.469130827901054
fukui_09,2026-03-25,1774472398000,1.6805196006177863,-7.5550279121685096,36.468563529367586
fukui_09,2026-04-06,1775509198000,1.0581342412462496,-7.2853316606190655,36.465119094655016
fukui_09,2026-04-18,1776545998000,1.3643303594406526,-6.657608516054294,36.4569091015375
fukui_09,2026-04-30,1777582797000,1.4543294021076263,-6.536075676518332,36.45529987771367
fukui_09,2026-05-12,1778619597000,0.3544281851323366,-7.650869114847214,36.457045039048786
fukui_10,2017-02-16,1487278774030,2.9236470133795085,-7.999969591753511,36.55715349459884
fukui_10,2017-02-28,1488315573000,2.907377244153712,-8.495889062407832,36.55557183573294
fukui_10,2017-03-12,1489352374000,3.302947797051853,-8.935500645740595,36.549854994980834
fukui_10,2017-03-24,1490389174380,2.9479947014717154,-8.49876098885536,36.55523002872983
fukui_10,2017-04-05,1491425974840,2.959690445882655,-8.766357323239745,36.55522137532193
fukui_10,2017-04-17,1492462775450,5.821833847601004,-8.687179976142604,36.55616150594703
fukui_10,2017-04-29,1493499575000,3.0601852806595797,-8.809821465100212,36.5550214701885
fukui_10,2017-05-11,1494536376000,2.9937433209201925,-8.149534847722807,36.54908655577071
fukui_10,2017-05-23,1495573177000,3.2093051071176157,-8.066210658810114,36.55213371269036
fukui_10,2017-06-04,1496609978000,3.5303903246610195,-8.541960528630764,36.553766009173835
fukui_10,2017-06-16,1497646778000,3.4729836641258602,-7.883482154549872,36.55743511284637
fukui_10,2017-06-28,1498683579000,3.0448654413432426,-8.219390453942932,36.556307174005916
fukui_10,2017-07-10,1499720379000,2.6867986277867866,-8.51192983671819,36.553800514387156
fukui_10,2017-07-22,1500757180000,2.8743236959144554,-7.982423829566768,36.55426419309023
fukui_10,2017-08-03,1501793981000,3.254040545107644,-8.365319630445116,36.551888455274266
fukui_10,2017-08-15,1502830782000,3.5334246045965827,-8.189107877491747,36.556460869587
fukui_10,2017-08-27,1503867582000,3.061886098530292,-8.239507062280836,36.554148182136494
fukui_10,2017-09-08,1504904382000,2.614862696470111,-8.36567015036194,36.55211369713179
fukui_10,2017-09-20,1505941183000,4.016585716128784,-7.549978988243526,36.55021819051369
fukui_10,2017-10-02,1506977983000,2.6713370440300706,-9.399313079817643,36.5535496687835
fukui_10,2017-10-14,1508014783000,3.2610696281338116,-7.867060891457253,36.554819760297136
fukui_10,2017-10-26,1509051584000,2.9222632568776867,-8.370012340763317,36.55253301166167
fukui_10,2017-11-07,1510088383000,3.687108376668859,-9.075217275820627,36.55253281802737
fukui_10,2017-11-19,1511125183000,3.176884649619935,-7.845810641469923,36.54983927736878
fukui_10,2017-12-01,1512161983000,3.82237253341719,-7.919809812523423,36.55316909712388
fukui_10,2017-12-13,1513198782000,2.370626109000693,-7.729799007706835,36.554621456909956
fukui_10,2017-12-25,1514235582000,2.7089952356104616,-7.66930059014569,36.558537752522156
fukui_10,2018-01-06,1515272381000,3.542543761462824,-8.927884275374518,36.55385430719033
fukui_10,2018-01-18,1516309181000,3.2101175582293497,-7.892636706196763,36.548337430507914
fukui_10,2018-01-30,1517345980000,3.025181892444118,-7.951868600141834,36.55151093564314
fukui_10,2018-02-11,1518382780000,1.0651221368012962,-7.632447001181758,36.551314941282875
fukui_10,2018-02-23,1519419580000,2.881189655312175,-8.535041145416951,36.559682768809644
fukui_10,2018-03-07,1520456380000,2.5163736288080014,-7.453903979641245,36.563656643090106
fukui_10,2018-03-19,1521493180000,5.17717047541994,-6.821236151563672,36.556045691092066
fukui_10,2018-03-31,1522529981000,3.317676359173368,-9.043206184531774,36.55231769127647
fukui_10,2018-04-12,1523566781000,1.9550214764226188,-7.319881448489279,36.5546993025327
fukui_10,2018-04-24,1524603582000,9.828899785537288,-5.739498293132869,36.558052424319804
fukui_10,2018-05-06,1525640382000,5.379868717119703,-6.640128808408407,36.556950803899745
fukui_10,2018-05-18,1526677183000,4.718529917323082,-8.263601155781757,36.555490742056946
fukui_10,2018-05-30,1527713983000,3.8031570124710363,-9.707996871621537,36.55775053802942
fukui_10,2018-06-11,1528750784000,4.474716430852136,-8.483930097640146,36.55136440190164
fukui_10,2018-06-23,1529787585000,3.230705127832127,-7.959656042945821,36.55417834511288
fukui_10,2018-06-29,1530305934000,2.971496305532104,-8.591858032096116,36.586694078536155
fukui_10,2018-07-05,1530824385000,4.395810071207226,-6.89985127287629,36.562021622902165
fukui_10,2018-07-17,1531861186000,2.911820380727482,-8.178004499712129,36.55729172202293
fukui_10,2018-07-29,1532897988000,2.9472395360014887,-8.655305083148466,36.547855622783985
fukui_10,2018-08-10,1533934788000,2.1418545237908524,-8.946623230735687,36.55259317919572
fukui_10,2018-08-22,1534971588000,2.739234658604765,-8.85399527869842,36.55639084374915
fukui_10,2018-09-03,1536008389000,2.778015682031325,-8.693386380337577,36.55324449024597
fukui_10,2018-09-15,1537045189000,1.9232315303765404,-7.587281535032647,36.55567012453239
fukui_10,2018-09-27,1538081990000,3.4222197982852913,-7.919571426062667,36.552961934844376
fukui_10,2018-10-09,1539118790000,2.6594196186722465,-7.613094514457625,36.55165407796666
fukui_10,2018-10-21,1540155590000,2.36019057243466,-7.391635037316894,36.55270545451878
fukui_10,2018-11-02,1541192390000,2.036939761961721,-7.352216632869358,36.553580453354094
fukui_10,2018-11-14,1542229190000,3.423397848693832,-7.353151170102643,36.551771520300775
fukui_10,2018-11-26,1543265989000,2.906438974366156,-8.065866700055384,36.55310873652896
fukui_10,2018-12-08,1544302789000,3.8057163481003853,-7.591177592375211,36.54967557133075
fukui_10,2018-12-20,1545339589000,3.2642889874297873,-7.573730490235485,36.55275192493643
fukui_10,2019-01-01,1546376388000,4.5047023439278595,-7.905483504453591,36.55329077433218
fukui_10,2019-01-13,1547413188000,2.7578779805982916,-8.030791052323353,36.55651699768795
fukui_10,2019-01-25,1548449987000,2.479317215017257,-8.48594442229413,36.549778302912465
fukui_10,2019-02-06,1549486787000,2.5488324635113395,-7.18213278452609,36.5532730951319
fukui_10,2019-02-18,1550523587000,2.4336615890343283,-7.462628945850041,36.54927240602286
fukui_10,2019-03-02,1551560387000,2.5608765525152957,-7.782430948867816,36.548415345256316
fukui_10,2019-03-14,1552597187000,2.0056007478338174,-7.384522572383706,36.558619823392874
fukui_10,2019-03-26,1553633987000,3.0504639915391434,-8.33699573287389,36.55514430131025
fukui_10,2019-04-07,1554670787000,2.7279396481208527,-7.669280632920204,36.552275413029264
fukui_10,2019-04-19,1555707588000,3.826663078300402,-7.755519086547126,36.547633248523866
fukui_10,2019-05-01,1556744388000,3.8544995786211804,-8.003849330056816,36.547142849110465
fukui_10,2019-05-13,1557781189000,2.6746116185208835,-7.722392031991,36.555913669826055
fukui_10,2019-05-25,1558817989000,2.740783640808658,-7.738996125199459,36.554739705177546
fukui_10,2019-06-06,1559854790000,2.3151795026507704,-7.362995304359539,36.55700691815906
fukui_10,2019-06-18,1560891590000,2.9377235833904707,-8.369666115364293,36.55565254223146
fukui_10,2019-06-30,1561928391000,3.388177608630882,-7.065667660828432,36.55140207581602
fukui_10,2019-07-12,1562965192000,2.828290944077147,-6.489907227536963,36.55521597426121
fukui_10,2019-07-24,1564001993000,2.6226559720416436,-7.600871490210053,36.55774335336999
fukui_10,2019-08-05,1565038794000,2.6179117597884707,-8.51901453368507,36.556584156124934
fukui_10,2019-08-17,1566075594000,3.6122389930329692,-7.593748307155397,36.54947011781988
fukui_10,2019-08-29,1567112395000,2.9642343405157057,-7.850893799673221,36.55228813435134
fukui_10,2019-09-10,1568149195000,3.0721243183925853,-7.712120115609105,36.556359962955916
fukui_10,2019-09-22,1569185996000,2.278803192445352,-6.76154354377514,36.5527371280735
fukui_10,2019-10-04,1570222796000,3.0963184571497133,-7.708465416773341,36.55161219476872
fukui_10,2019-10-16,1571259596000,3.3805566900022965,-7.5280228850140185,36.55434756012789
fukui_10,2019-10-28,1572296396000,3.27179543489822,-7.852005003727485,36.552570097001464
fukui_10,2019-11-09,1573333196000,3.5097118156117233,-7.913244876079794,36.55215116804056
fukui_10,2019-11-21,1574369996000,3.6270262436213683,-8.26835088573457,36.55460505234824
fukui_10,2019-12-03,1575406796000,3.3526276157525734,-7.168694934697,36.55517428296351
fukui_10,2019-12-15,1576443595000,3.5179688354486647,-8.238384348666962,36.549746975725014
fukui_10,2019-12-27,1577480395000,2.6373554391016647,-7.591225564937271,36.54656196202047
fukui_10,2020-01-08,1578517194000,3.098406043331113,-8.467988985134552,36.54978278824047
fukui_10,2020-01-20,1579553994000,2.3257905441723157,-7.603816055142758,36.553865576229676
fukui_10,2020-02-01,1580590793000,2.7020981930249377,-8.28661588448147,36.48084177827799
fukui_10,2020-02-13,1581627593000,2.6982256912769644,-8.150593847953447,36.48074928336525
fukui_10,2020-02-25,1582664393000,2.6906145555376653,-8.75282106290779,36.47965382131457
fukui_10,2020-03-08,1583701193000,2.7965253041344793,-7.194974478628231,36.47558122876338
fukui_10,2020-03-20,1584737993000,2.550032484425551,-8.409157040300974,36.47975484366956
fukui_10,2020-04-01,1585774793000,2.858719125102984,-7.161328523061092,36.48674168731229
fukui_10,2020-04-13,1586811594000,2.986164203853675,-8.205838973134194,36.484081123154645
fukui_10,2020-04-25,1587848394000,3.146670338744355,-8.173996085074544,36.4784097319724
fukui_10,2020-05-07,1588885195000,3.073823730808752,-8.21888887894445,36.48155506819466
fukui_10,2020-05-19,1589921995000,3.4793004235628806,-8.044419448624275,36.48177411619702
fukui_10,2020-05-31,1590958796000,3.0725268574302618,-7.7146960861056435,36.48427188077198
fukui_10,2020-06-12,1591995597000,2.967273206174156,-7.584137758313139,36.48152608431601
fukui_10,2020-06-24,1593032398000,3.4439947485452582,-8.08352522072879,36.48054028451822
fukui_10,2020-07-06,1594069198000,5.488972789454682,-8.417642993406453,36.48137913285828
fukui_10,2020-07-18,1595105999000,3.7180698499640714,-7.453961020743694,36.48177358080636
fukui_10,2020-07-30,1596142800000,1.8107350155453694,-6.773314897444633,36.478546901879085
fukui_10,2020-08-11,1597179600000,2.337450548216844,-6.790273901527703,36.481481997622055
fukui_10,2020-08-23,1598216401000,2.8216630627936112,-8.146427413302796,36.480754462343775
fukui_10,2020-09-04,1599253202000,3.3142764412155765,-7.6756204057881465,36.47772017140155
fukui_10,2020-09-16,1600290002000,3.009918439188958,-8.115493828170242,36.478968282801816
fukui_10,2020-09-28,1601326803000,3.557958381732443,-8.087741408897386,36.47834705938549
fukui_10,2020-10-10,1602363603000,2.6129883975174675,-6.6946801184975175,36.47684742238225
fukui_10,2020-10-22,1603400403000,4.619206160080361,-8.991740684511209,36.481236603038376
fukui_10,2020-11-03,1604437203000,2.815411393407821,-7.684462468311577,36.47555997500385
fukui_10,2020-11-15,1605474003000,3.3484823376647457,-7.929073972508642,36.475007786441545
fukui_10,2020-11-27,1606510802000,3.1534227515216413,-8.351603677031225,36.481273839157936
fukui_10,2020-12-09,1607547602000,2.998644249527713,-7.843079252220473,36.479333800654274
fukui_10,2020-12-21,1608584401000,14.002292070510295,-6.184298473557408,36.47943946118848
fukui_10,2021-01-02,1609621201000,0.7223116002686685,-8.741163393732494,36.475456657679956
fukui_10,2021-01-14,1610658000000,3.723584050226421,-7.784376731803737,36.47384881338785
fukui_10,2021-01-26,1611694800000,3.6954762868367474,-7.245506342517896,36.47382237857629
fukui_10,2021-02-07,1612731599000,2.4128415736565034,-8.323987643119212,36.47658496754425
fukui_10,2021-02-19,1613768399000,2.2693661400673393,-8.603141881003985,36.484442585175884
fukui_10,2021-03-03,1614805199000,2.2316096534854513,-8.39059431209622,36.486661561818494
fukui_10,2021-03-15,1615841999000,2.562316699187108,-8.705077858812947,36.480743245833956
fukui_10,2021-03-27,1616878799000,3.7539770146391453,-8.362878235831094,36.48032475271043
fukui_10,2021-04-08,1617915599000,3.239329427629569,-9.11517900757746,36.48350532401239
fukui_10,2021-04-20,1618952400000,2.9960522814899413,-8.060521872242102,36.48433204833678
fukui_10,2021-05-02,1619989200000,3.569997050851422,-7.529869694439274,36.48622912511714
fukui_10,2021-05-14,1621026001000,3.5483633234315017,-8.232272389851442,36.482756665443574
fukui_10,2021-05-26,1622062802000,3.3490080473145736,-8.656257810625263,36.47931286095063
fukui_10,2021-06-07,1623099602000,3.61202589657311,-8.289767223734028,36.4811281467074
fukui_10,2021-06-19,1624136403000,2.38144750691274,-7.870006450420664,36.48361388526319
fukui_10,2021-07-01,1625173204000,3.459576844756195,-8.76716652704311,36.48146004141569
fukui_10,2021-07-13,1626210005000,3.0780850555986916,-8.071303147052804,36.48327319036399
fukui_10,2021-07-25,1627246805000,3.1048948312466407,-8.15048892838499,36.48499109095671
fukui_10,2021-08-06,1628283606000,3.2263173367290445,-8.06707993561437,36.480623427924414
fukui_10,2021-08-18,1629320407000,3.1554440399055297,-7.741299044079165,36.482214145090104
fukui_10,2021-08-30,1630357207000,3.0640412386441453,-7.710930832708347,36.48309515220527
fukui_10,2021-09-11,1631394008000,2.986125946475229,-7.8184933905963865,36.479778814255226
fukui_10,2021-09-23,1632430808000,2.598102015438353,-7.777560669666432,36.477519480001774
fukui_10,2021-10-05,1633467608000,2.433476600529581,-7.45134343917198,36.47724168767885
fukui_10,2021-10-17,1634504409000,3.069573189502086,-8.044185526617461,36.476921760487315
fukui_10,2021-10-29,1635541208000,3.218796898598634,-7.179655366495494,36.47848565986849
fukui_10,2021-11-22,1637614808000,3.379773986624072,-8.547707138720796,36.47552373491485
fukui_10,2021-12-04,1638651607000,2.747939672014283,-8.602203480803638,36.47419674997409
fukui_10,2021-12-16,1639688407000,5.714021388453308,-8.210677292008317,36.474896802113186
fukui_10,2021-12-28,1640725206000,2.8675006285652316,-8.566828514244667,36.48349988158594
fukui_10,2022-01-09,1641762006000,2.580634901780175,-10.296211350096954,36.47916159262098
fukui_10,2022-01-21,1642798805000,2.2966204093254334,-8.58533201337232,36.47708024523591
fukui_10,2022-02-02,1643835604000,2.7659774688234995,-9.931543822233275,36.481020872531
fukui_10,2022-02-14,1644872405000,2.0348914058951646,-9.825709672204521,36.47659464542647
fukui_10,2022-02-26,1645909204000,2.522204765632749,-8.209082637364855,36.478118136057134
fukui_10,2022-03-10,1646946004000,2.3724979038008724,-7.807221711810949,36.4838549331499
fukui_10,2022-03-22,1647982805000,1.8723636135271495,-8.411207327938323,36.482243958641526
fukui_10,2022-04-03,1649019605000,2.8134081371226776,-8.378515453231524,36.47947113677233
fukui_10,2022-04-15,1650056405000,2.473939076841971,-9.2810470304611,36.482088970553015
fukui_10,2022-04-27,1651093206000,2.329648324137651,-8.264569061656728,36.48024213909496
fukui_10,2022-05-09,1652130006000,3.0783942750271116,-8.44028715346898,36.48402119670503
fukui_10,2022-05-21,1653166807000,2.807628788939282,-8.344487479011041,36.487286450468545
fukui_10,2022-06-02,1654203608000,3.079058450930084,-7.961587379449161,36.4810700115507
fukui_10,2022-06-14,1655240409000,1.4397518856908245,-7.594090499510749,36.48243266745041
fukui_10,2022-06-26,1656277210000,3.453899011987821,-7.9317755689424,36.47632928705411
fukui_10,2022-07-08,1657314010000,3.1775242600513356,-7.686645609665841,36.4813863920129
fukui_10,2022-07-20,1658350811000,2.2675444761711847,-7.154675797562063,36.48275761042967
fukui_10,2022-08-01,1659387612000,3.1061164614330816,-7.719245806280806,36.48107963268574
fukui_10,2022-08-13,1660424413000,0.7831616301845068,-7.095253052674869,36.48075093235144
fukui_10,2022-08-25,1661461213000,3.4203939242128336,-8.01698874424515,36.48143420343731
fukui_10,2022-09-06,1662497988000,3.404487062223837,-6.812133284184758,36.5507598733439
fukui_10,2022-09-18,1663534814000,2.6261831725816975,-7.264201874416914,36.4878015077435
fukui_10,2022-09-30,1664571615000,2.773522907269783,-6.464424541892918,36.47648285718501
fukui_10,2022-10-12,1665608414000,2.971796716711276,-9.3819632105293,36.48495405309115
fukui_10,2022-10-24,1666645215000,3.4932582109956263,-9.667797977438594,36.47757782932477
fukui_10,2022-11-05,1667682014000,2.5669135380179,-8.628089212762328,36.48256757768435
fukui_10,2022-11-17,1668718814000,3.2670750115827305,-7.922565947453234,36.481831024975676
fukui_10,2022-11-29,1669755614000,4.340485947294608,-8.01750309166694,36.47745069028393
fukui_10,2022-12-11,1670792413000,1.3108214042797257,-8.435787063191995,36.47504462220645
fukui_10,2022-12-23,1671829212000,9.716494860604096,-5.837363712166255,36.47404662560971
fukui_10,2023-01-04,1672866012000,2.2278720726902774,-8.6716336354245,36.479367769978964
fukui_10,2023-01-16,1673902811000,3.0501855017198065,-8.431693515194558,36.49146509857759
fukui_10,2023-01-28,1674939611000,0.4324085901079784,-8.314393454863684,36.4745066550626
fukui_10,2023-02-09,1675976410000,1.3816377090295269,-8.190417922875731,36.48281258521994
fukui_10,2023-02-21,1677013210000,1.507121214469845,-8.413315631667238,36.484990662691224
fukui_10,2023-03-05,1678050010000,2.0108862101871874,-9.776928804849101,36.47686798836648
fukui_10,2023-03-17,1679086810000,1.2370353169756818,-9.768234418446927,36.487046675947596
fukui_10,2023-03-29,1680123610000,0.958408709724323,-10.66143800622256,36.48978417363002
fukui_10,2023-04-10,1681160411000,3.3319294635771306,-8.732310182137027,36.47900351957316
fukui_10,2023-04-22,1682197211000,1.0299821703052117,-10.109641450972541,36.479006855526336
fukui_10,2023-05-04,1683234012000,1.553340911291562,-10.27908961014527,36.476463225089006
fukui_10,2023-05-16,1684270813000,1.3479214747913,-9.813549410025399,36.47524946885838
fukui_10,2023-05-28,1685307613000,9.281331822429223,-8.07257515561561,36.477485114414854
fukui_10,2023-06-09,1686344413000,2.2068286879025045,-10.006595242106437,36.48611040134742
fukui_10,2023-06-21,1687381214000,0.5977029468979088,-10.510573751265671,36.4881096386645
fukui_10,2023-07-03,1688418015000,0.8843961259988837,-9.83556969621979,36.47946856370787
fukui_10,2023-07-15,1689454816000,4.050008312108037,-9.844397589095236,36.476454377686785
fukui_10,2023-07-27,1690491617000,4.500702412562008,-9.248927950816194,36.48148606907019
fukui_10,2023-08-08,1691528417000,1.678456511052591,-9.26635010963676,36.49447560256247
fukui_10,2023-08-20,1692565218000,1.6642241218074854,-9.42382159313993,36.48586740399639
fukui_10,2023-09-01,1693602019000,2.4601690361204986,-9.195491195781512,36.478652326709735
fukui_10,2023-09-13,1694638819000,2.318197686226787,-8.264953482100614,36.4832710069797
fukui_10,2023-09-25,1695675620000,1.4802846157955243,-10.616683431590989,36.47712440858267
fukui_10,2023-10-07,1696712419000,1.4040583309251695,-9.261201273090395,36.480512736993944
fukui_10,2023-10-19,1697749220000,1.4694481157029573,-10.393944931210443,36.47553094849844
fukui_10,2023-10-31,1698786019000,1.6669731178399296,-9.966196135632627,36.47986916326584
fukui_10,2023-11-12,1699822819000,2.452651173404284,-10.508589784361437,36.47454044686728
fukui_10,2023-11-24,1700859618000,1.4081859083561943,-9.671934131597528,36.48895137446029
fukui_10,2023-12-06,1701896418000,2.029722891256811,-9.961574329022087,36.482055051589015
fukui_10,2023-12-18,1702933217000,1.1344901645535794,-9.250342021604588,36.481104303262555
fukui_10,2023-12-30,1703970017000,2.2409983762060754,-10.41867136509537,36.47705371533575
fukui_10,2024-01-11,1705006816000,2.319913795593163,-10.164296994530185,36.4759651422804
fukui_10,2024-01-23,1706043616000,3.8698042646114232,-8.204486246626841,36.478245862970496
fukui_10,2024-02-04,1707080415000,1.35964146196196,-9.594602475040267,36.48158894657079
fukui_10,2024-02-16,1708117215000,2.0903688718918563,-8.944101619152452,36.48223394703156
fukui_10,2024-02-28,1709154015000,1.92572798402771,-9.618419915964171,36.48353250404428
fukui_10,2024-03-11,1710190815000,1.5965539945080225,-8.8311009805482,36.48254130347792
fukui_10,2024-03-23,1711227616000,2.5807241468774564,-9.12526454253622,36.48343097337523
fukui_10,2024-04-04,1712264416000,1.9879997684492492,-9.07477666138771,36.48140168697276
fukui_10,2024-04-16,1713301216000,2.889347731055213,-9.184034549224506,36.482543190927935
fukui_10,2024-04-28,1714338017000,1.9859699078072983,-9.549199035091792,36.4766859627161
fukui_10,2024-05-10,1715374817000,2.4748792952642895,-9.752210987380318,36.47105987614236
fukui_10,2024-05-22,1716411616000,3.2894200845767743,-9.952400807493518,36.4723061453471
fukui_10,2024-06-03,1717448416000,2.92907667451006,-9.11402579889464,36.466198619488615
fukui_10,2024-06-15,1718485216000,2.0865571369169746,-8.867243231715365,36.466693947213734
fukui_10,2024-07-09,1720558815000,2.7179855151508554,-7.82089825469428,36.47247822177151
fukui_10,2024-07-21,1721595614000,3.6147763043188674,-9.804651069513712,36.47124186499384
fukui_10,2024-08-02,1722632414000,3.112285965002498,-9.293587759342682,36.46940300409073
fukui_10,2024-08-14,1723669214000,2.1970788613134578,-8.239961254722445,36.48431476788719
fukui_10,2024-08-26,1724706015000,2.6891385897481124,-7.741284554472923,36.48036740946646
fukui_10,2024-09-07,1725742815000,2.9125490950066695,-7.9543435732860335,36.48335178795876
fukui_10,2024-09-19,1726779615000,4.152932498099041,-7.82448945262105,36.48323123401854
fukui_10,2024-10-01,1727816415000,3.008162136912115,-8.807494192215488,36.48756797948218
fukui_10,2024-10-13,1728853216000,2.292934948753622,-8.709147922412075,36.47967105731276
fukui_10,2024-10-25,1729890015000,2.396279556311092,-8.614641102768577,36.49268609566752
fukui_10,2024-11-06,1730926815000,2.5854394964853293,-9.251773376579582,36.48014155793832
fukui_10,2024-11-18,1731963615000,1.8220315947769758,-9.121184513479987,36.473678459571914
fukui_10,2024-12-12,1734037213000,2.7820370395851794,-9.685912060451507,36.47225329097376
fukui_10,2024-12-24,1735074012000,2.858025653764637,-8.549558640945964,36.47844081180416
fukui_10,2025-01-05,1736110811000,3.050260435913151,-9.559824516575707,36.47415376167569
fukui_10,2025-01-17,1737147610000,3.5852864169145873,-9.095296783523702,36.477207332412355
fukui_10,2025-01-29,1738184409000,2.5398412502966483,-9.890806977635677,36.47436331738357
fukui_10,2025-02-10,1739221209000,2.035836864613159,-7.08239875806867,36.47518775691959
fukui_10,2025-02-22,1740258008000,2.3955436129863625,-8.977061056896536,36.4825113339387
fukui_10,2025-03-06,1741294808000,3.7092159051501734,-8.409295882273613,36.48224229761961
fukui_10,2025-03-18,1742331608000,5.756281871399249,-8.75426455152829,36.4819541275653
fukui_10,2025-03-30,1743368409000,3.7495246388115895,-9.779637541608398,36.47301072288507
fukui_10,2025-04-11,1744405209000,2.9349440154918853,-8.168697636755004,36.483676009869036
fukui_10,2025-04-23,1745442009000,3.1119280423780333,-9.088264756401706,36.477429588886956
fukui_10,2025-05-05,1746478809000,2.6752915297310618,-9.16940960938558,36.47522964882846
fukui_10,2025-05-17,1747515609000,2.904156621780915,-8.855337257960416,36.47259307950021
fukui_10,2025-05-29,1748552408000,2.956681021030727,-8.018360033253858,36.46772823653409
fukui_10,2025-06-10,1749589208000,2.5868125423479977,-8.561312436737078,36.46445147018995
fukui_10,2025-06-22,1750626007000,11.926498220083197,-6.690919792989715,36.46394079633812
fukui_10,2025-07-04,1751662806000,2.8578805414364217,-8.606946043918203,36.47112366615233
fukui_10,2025-07-16,1752699606000,2.5969385791420967,-8.48961764694941,36.472973994113474
fukui_10,2025-07-28,1753736405000,2.594549351652401,-8.459470613070083,36.47375217557681
fukui_10,2025-08-09,1754773205000,4.34733217747223,-10.601086219553656,36.47226767238184
fukui_10,2025-08-21,1755810005000,3.1989709859866733,-8.016981268940407,36.47752564387884
fukui_10,2025-09-02,1756846805000,2.3378112923032157,-8.619469074512008,36.481107514879504
fukui_10,2025-09-14,1757883606000,3.0856743366860835,-7.882869269060343,36.482931371050505
fukui_10,2025-09-26,1758920406000,3.348760562423226,-7.537867877846232,36.48492417565675
fukui_10,2025-10-08,1759957207000,2.800378551598757,-7.892924288408693,36.47244273895134
fukui_10,2025-10-20,1760994006000,3.7642247018713313,-8.336235625918775,36.47908010741323
fukui_10,2025-11-01,1762030806000,3.6276694411521304,-7.7506033433496855,36.47552763249859
fukui_10,2025-11-13,1763067605000,3.0040713024546517,-7.7664026958223085,36.47897954968385
fukui_10,2025-11-25,1764104404000,10.941824549252198,-6.504382568729479,36.47491607298754
fukui_10,2025-12-07,1765141203000,3.257905136534639,-8.783190110779845,36.468707314471324
fukui_10,2025-12-19,1766178002000,3.0639196166625373,-8.882355458264628,36.47010348631453
fukui_10,2025-12-31,1767214801000,3.684049722795315,-10.727457581213901,36.47460677930315
fukui_10,2026-01-12,1768251600000,3.305783955553777,-9.481619964760844,36.476296775939666
fukui_10,2026-01-24,1769288398000,3.358261969060859,-7.074887979323645,36.48345823707216
fukui_10,2026-02-17,1771361997000,1.8963733358446302,-9.035453963245681,36.479100831566605
fukui_10,2026-03-01,1772398797000,3.613782126278276,-9.633111825980967,36.47872546170805
fukui_10,2026-03-13,1773435597000,4.303943678388058,-10.145097131615518,36.482684553799835
fukui_10,2026-03-25,1774472398000,1.4997696036572472,-8.020439450945505,36.482035421290654
fukui_10,2026-04-06,1775509198000,2.8301818470302385,-8.211074467357621,36.47865575379965
fukui_10,2026-04-18,1776545998000,3.5369163989760186,-8.529960088328501,36.47046044961652
fukui_10,2026-04-30,1777582797000,3.437636777845377,-7.886088281022242,36.46888248409327
fukui_10,2026-05-12,1778619597000,2.9992642755470804,-8.314681814255929,36.47064544747163
fukui_11,2017-02-16,1487278774030,4.973877455138909,-10.994457368164047,36.54730553105193
fukui_11,2017-02-28,1488315573000,4.356772824574696,-12.410251562341688,36.54572290719298
fukui_11,2017-03-12,1489352374000,4.776316480169328,-10.96424338819944,36.53995726259816
fukui_11,2017-03-24,1490389174380,4.377959932925483,-10.770280300295825,36.54529484527994
fukui_11,2017-04-05,1491425974840,3.6937309080856697,-11.263765147475882,36.54526921246556
fukui_11,2017-04-17,1492462775450,3.871101463122701,-10.862771622703804,36.546242090796966
fukui_11,2017-04-29,1493499575000,4.724060565530065,-10.621531432183394,36.545144276654995
fukui_11,2017-05-11,1494536376000,4.124981463585523,-10.81375543825437,36.539207268576554
fukui_11,2017-05-23,1495573177000,4.3423220209481155,-10.516999695983522,36.54221600301654
fukui_11,2017-06-04,1496609978000,4.811591415507546,-9.787291985458973,36.54384107015809
fukui_11,2017-06-16,1497646778000,3.935322577156024,-10.228509594732072,36.54757849591662
fukui_11,2017-06-28,1498683579000,4.613281110406397,-10.173095654577262,36.546386147267
fukui_11,2017-07-10,1499720379000,4.794420711893842,-9.96368577826839,36.54386854460163
fukui_11,2017-07-22,1500757180000,4.279323533341195,-9.651710581535001,36.54439382329755
fukui_11,2017-08-03,1501793981000,5.355990262751557,-9.833993887478515,36.54194750351904
fukui_11,2017-08-15,1502830782000,4.367744590651581,-9.880224233003764,36.54654746788731
fukui_11,2017-08-27,1503867582000,3.997254462819016,-10.428749563990127,36.544223491363
fukui_11,2017-09-08,1504904382000,2.2373346727249843,-9.014390707132682,36.542165648389634
fukui_11,2017-09-20,1505941183000,2.4750050818082836,-11.004717489247264,36.540291989863185
fukui_11,2017-10-02,1506977983000,2.498781720285033,-10.423183380208567,36.54369022522668
fukui_11,2017-10-14,1508014783000,2.610874384051109,-11.039114292640356,36.544934363327755
fukui_11,2017-10-26,1509051584000,2.692221450982563,-10.707572502526821,36.542627006934346
fukui_11,2017-11-07,1510088383000,3.024781381654666,-10.326242984421063,36.542677460570346
fukui_11,2017-11-19,1511125183000,3.0974793963842466,-10.367190148506856,36.53989053075547
fukui_11,2017-12-01,1512161983000,3.419635175249129,-9.460429041299825,36.54325062682904
fukui_11,2017-12-13,1513198782000,3.92331021353464,-9.86679972178487,36.54473945873725
fukui_11,2017-12-25,1514235582000,3.1010191442501545,-11.082371057350995,36.54865322325396
fukui_11,2018-01-06,1515272381000,4.015360254621156,-10.048799997343727,36.54399361917082
fukui_11,2018-01-18,1516309181000,2.792441611954211,-9.692057507764115,36.53837804446432
fukui_11,2018-01-30,1517345980000,3.1849778906438604,-10.418748107267492,36.54158894033419
fukui_11,2018-02-11,1518382780000,2.2497954467897414,-10.94244127833809,36.54138904994738
fukui_11,2018-02-23,1519419580000,4.032205397959556,-10.70875548487505,36.54979254179893
fukui_11,2018-03-07,1520456380000,2.742245645395163,-10.18969739595027,36.55380178391561
fukui_11,2018-03-19,1521493180000,4.8853997600992285,-9.229658125951438,36.54608832369169
fukui_11,2018-03-31,1522529981000,3.3706447609827017,-10.16728053376863,36.54242950050064
fukui_11,2018-04-12,1523566781000,4.046538519771043,-10.496613816059835,36.544756751865876
fukui_11,2018-04-24,1524603582000,7.252438353465477,-8.402596677211173,36.54818237377771
fukui_11,2018-05-06,1525640382000,3.3323362482730334,-11.099343698207118,36.547074160268245
fukui_11,2018-05-18,1526677183000,2.92697245737582,-11.658947500237577,36.54559146605956
fukui_11,2018-05-30,1527713983000,4.212592194724785,-10.883766498101407,36.54779293581627
fukui_11,2018-06-11,1528750784000,3.8941380513095547,-9.692447356999482,36.5414644966934
fukui_11,2018-06-23,1529787585000,3.5507755805370578,-11.267100795103342,36.544296877999486
fukui_11,2018-06-29,1530305934000,4.051159003306206,-11.192274116750102,36.576776279804676
fukui_11,2018-07-05,1530824385000,2.648910129909726,-11.55533675036117,36.55207517592395
fukui_11,2018-07-17,1531861186000,4.165820253668553,-10.232073170887517,36.547432041961564
fukui_11,2018-07-29,1532897988000,4.209858025572056,-10.457925149184202,36.53796643499308
fukui_11,2018-08-10,1533934788000,4.3857411700123405,-9.887001025531694,36.542730718097765
fukui_11,2018-08-22,1534971588000,4.1761298258144866,-10.856752411078334,36.54651703295648
fukui_11,2018-09-03,1536008389000,3.4597142445360523,-11.847888622964,36.54337144674875
fukui_11,2018-09-15,1537045189000,4.548938551608009,-10.764309521792589,36.54576049777765
fukui_11,2018-09-27,1538081990000,3.6836695279885645,-11.228208327666687,36.543075582840025
fukui_11,2018-10-09,1539118790000,4.372423654668939,-10.686805517334387,36.541766279012435
fukui_11,2018-10-21,1540155590000,3.100199474171818,-10.92413450716788,36.54279595805754
fukui_11,2018-11-02,1541192390000,3.856988380891836,-10.872557165348473,36.54369372523199
fukui_11,2018-11-14,1542229190000,4.359961436041743,-11.982854287343857,36.54180634600564
fukui_11,2018-11-26,1543265989000,3.4005805966588207,-12.213612914260146,36.54319139898875
fukui_11,2018-12-08,1544302789000,3.464552777054487,-11.059433952161264,36.539797696812386
fukui_11,2018-12-20,1545339589000,2.903327708870962,-11.64049708641831,36.54280340442987
fukui_11,2019-01-01,1546376388000,4.000001576934367,-10.439249315391152,36.54340656874942
fukui_11,2019-01-13,1547413188000,5.023525835433127,-11.491222768436801,36.54659681341882
fukui_11,2019-01-25,1548449987000,4.302568230634723,-11.136322165556491,36.53989631357839
fukui_11,2019-02-06,1549486787000,3.160354146906058,-11.387830656529601,36.54334677785112
fukui_11,2019-02-18,1550523587000,4.0192471955216424,-11.696869765102562,36.539406602421124
fukui_11,2019-03-02,1551560387000,3.5057457750328394,-13.264977570590759,36.53855129846928
fukui_11,2019-03-14,1552597187000,4.217827472364829,-12.842677073210075,36.548730503692326
fukui_11,2019-03-26,1553633987000,4.129535321997176,-12.739951096016801,36.54527989050979
fukui_11,2019-04-07,1554670787000,4.7225304804401915,-12.526549987070332,36.54239651850551
fukui_11,2019-04-19,1555707588000,3.849455552153839,-12.390708000654408,36.537669961315366
fukui_11,2019-05-01,1556744388000,3.5029958861795283,-12.90389266705854,36.53722922641261
fukui_11,2019-05-13,1557781189000,4.5032535430841945,-12.023317888777774,36.546064294655054
fukui_11,2019-05-25,1558817989000,3.9245227576379818,-12.180310602879002,36.54484665005595
fukui_11,2019-06-06,1559854790000,2.964021258656525,-12.598769976992521,36.54711611580581
fukui_11,2019-06-18,1560891590000,4.459508908577142,-11.638383398687514,36.54573721055561
fukui_11,2019-06-30,1561928391000,4.53595965450241,-11.716440043659496,36.54153878431605
fukui_11,2019-07-12,1562965192000,2.8587500179922536,-11.27481937238533,36.54530047664298
fukui_11,2019-07-24,1564001993000,5.011380459291154,-10.862397998023155,36.547816825209786
fukui_11,2019-08-05,1565038794000,5.106149028160786,-10.550207192154684,36.54668790511503
fukui_11,2019-08-17,1566075594000,2.83210523921366,-12.263484091516512,36.53950198523461
fukui_11,2019-08-29,1567112395000,3.241046144517976,-10.60802736336913,36.54243574501418
fukui_11,2019-09-10,1568149195000,4.960920482208704,-12.663593313802282,36.54649430013299
fukui_11,2019-09-22,1569185996000,3.6160399515505413,-10.160602406356661,36.542788219692135
fukui_11,2019-10-04,1570222796000,2.8395730126685077,-11.116382523755762,36.54165267174081
fukui_11,2019-10-16,1571259596000,4.232472191465401,-11.081440131020955,36.54442668423663
fukui_11,2019-10-28,1572296396000,3.9417989573782246,-10.30768845899244,36.54261683523732
fukui_11,2019-11-09,1573333196000,3.833248553404805,-11.56726972586387,36.54219918755444
fukui_11,2019-11-21,1574369996000,3.95472602272249,-10.563990110098473,36.544756210623795
fukui_11,2019-12-03,1575406796000,3.564790650368345,-10.67965066238971,36.54524045137766
fukui_11,2019-12-15,1576443595000,4.628248847563029,-10.198279786259222,36.53988036782759
fukui_11,2019-12-27,1577480395000,3.4510317873758476,-10.321558894211002,36.53667453612666
fukui_11,2020-01-08,1578517194000,3.072960710244432,-11.172286729800705,36.53985060295342
fukui_11,2020-01-20,1579553994000,3.508956762072834,-10.996556202986778,36.5439874269885
fukui_11,2020-02-01,1580590793000,3.424260078841691,-11.49995423394054,36.47091241386458
fukui_11,2020-02-13,1581627593000,4.23310188618237,-11.59828501907504,36.470776502501295
fukui_11,2020-02-25,1582664393000,3.9574799525723825,-11.976844189876655,36.46968973006461
fukui_11,2020-03-08,1583701193000,3.460154874092025,-11.9023911745919,36.46569598065845
fukui_11,2020-03-20,1584737993000,3.3671275169233637,-11.210821516093121,36.46988263084959
fukui_11,2020-04-01,1585774793000,3.099163088604164,-10.955251051901946,36.47683019011384
fukui_11,2020-04-13,1586811594000,3.310023487673391,-10.413567516748694,36.4740954136225
fukui_11,2020-04-25,1587848394000,3.9715713262101913,-10.256790292027052,36.468493028120584
fukui_11,2020-05-07,1588885195000,3.0438637868712286,-11.794035292725987,36.471609898340205
fukui_11,2020-05-19,1589921995000,2.3521776049561427,-12.377543652530724,36.471917683026014
fukui_11,2020-05-31,1590958796000,4.689134636254863,-11.87871317843154,36.47436386474672
fukui_11,2020-06-12,1591995597000,2.9759540873611,-12.045040156933553,36.471540210522406
fukui_11,2020-06-24,1593032398000,4.953110824098079,-11.377998458043132,36.47065025348809
fukui_11,2020-07-06,1594069198000,3.9065805786822767,-9.613174311440822,36.47149227387138
fukui_11,2020-07-18,1595105999000,4.037286631824943,-12.182014558044365,36.471864724351526
fukui_11,2020-07-30,1596142800000,3.4167437564539425,-11.143330684454934,36.46862756359189
fukui_11,2020-08-11,1597179600000,2.972304538230779,-10.73327107567261,36.47151597015195
fukui_11,2020-08-23,1598216401000,4.680861870826084,-12.826093806876418,36.470840889902426
fukui_11,2020-09-04,1599253202000,4.451628659470432,-11.17965277531272,36.467813010186994
fukui_11,2020-09-16,1600290002000,5.0095731565298705,-12.11649650048879,36.46905493357827
fukui_11,2020-09-28,1601326803000,4.727616529410321,-11.014906930378617,36.468432722751466
fukui_11,2020-10-10,1602363603000,4.288288692086708,-11.418898638054966,36.466932490810386
fukui_11,2020-10-22,1603400403000,3.855046578160355,-10.738261587514163,36.47123508765262
fukui_11,2020-11-03,1604437203000,4.068877448835474,-10.84163240355921,36.46558890996442
fukui_11,2020-11-15,1605474003000,3.9503753054249593,-12.000533790384715,36.46503510800413
fukui_11,2020-11-27,1606510802000,2.7303985092583933,-11.966197333863143,36.471372245677614
fukui_11,2020-12-09,1607547602000,3.1476331930082115,-12.091683946687718,36.46942345056531
fukui_11,2020-12-21,1608584401000,3.925931478149078,-10.23832185886157,36.469466565116775
fukui_11,2021-01-02,1609621201000,3.5997298305980854,-11.543289303711472,36.46553672450291
fukui_11,2021-01-14,1610658000000,4.199898765118258,-12.233715085560913,36.4639163734213
fukui_11,2021-01-26,1611694800000,4.9917954296534575,-11.452799933164469,36.46388196478525
fukui_11,2021-02-07,1612731599000,3.9030859155156254,-12.513480986158836,36.466685557383464
fukui_11,2021-02-19,1613768399000,3.566091153554108,-12.793956415503047,36.47445164902407
fukui_11,2021-03-03,1614805199000,3.66254136591239,-12.56509347406747,36.476684989139684
fukui_11,2021-03-15,1615841999000,3.7073124462773412,-10.889526138916692,36.47081669412479
fukui_11,2021-03-27,1616878799000,3.101545964826414,-12.43955807787407,36.47048900998211
fukui_11,2021-04-08,1617915599000,3.4946955954939916,-12.205131448637944,36.473636200135864
fukui_11,2021-04-20,1618952400000,4.6572983925416835,-12.715773843631911,36.474420563836816
fukui_11,2021-05-02,1619989200000,3.878459765807265,-11.557257537987729,36.47631108414033
fukui_11,2021-05-14,1621026001000,3.929336900985239,-12.319666914396574,36.47284932405533
fukui_11,2021-05-26,1622062802000,4.737531410030502,-12.125681359583293,36.469487162544524
fukui_11,2021-06-07,1623099602000,4.252230369899488,-11.30337013804959,36.47128727016108
fukui_11,2021-06-19,1624136403000,3.134066525992505,-11.066218083332354,36.47374834141263
fukui_11,2021-07-01,1625173204000,5.05035744018917,-11.709076239966972,36.471502633129745
fukui_11,2021-07-13,1626210005000,4.5655574491643565,-11.500085671698864,36.47341816200722
fukui_11,2021-07-25,1627246805000,4.412135372095368,-12.01097766373282,36.475064518250406
fukui_11,2021-08-06,1628283606000,4.173300406847772,-11.966209128591323,36.47068811503766
fukui_11,2021-08-18,1629320407000,4.347921073487634,-11.083885998657037,36.472342327786805
fukui_11,2021-08-30,1630357207000,4.240256988308877,-12.459792780231602,36.47317186061117
fukui_11,2021-09-11,1631394008000,4.173572287130296,-11.544672551889727,36.469801149363484
fukui_11,2021-09-23,1632430808000,4.089860518220874,-11.497909412178336,36.46752657071754
fukui_11,2021-10-05,1633467608000,4.235294248905847,-11.817613532306261,36.4672978434516
fukui_11,2021-10-17,1634504409000,3.4496692814124623,-10.77461732470789,36.46695811804519
fukui_11,2021-10-29,1635541208000,3.6264196650204954,-10.735149335711961,36.46852395047788
fukui_11,2021-11-22,1637614808000,4.044600054772893,-10.233005873399417,36.46561173210301
fukui_11,2021-12-04,1638651607000,3.8720329228873824,-11.734962140109452,36.46425445498402
fukui_11,2021-12-16,1639688407000,3.792464938647802,-11.614041320153904,36.4650103615815
fukui_11,2021-12-28,1640725206000,4.540238720908543,-11.85739780300275,36.4735048954783
fukui_11,2022-01-09,1641762006000,3.8872418691416315,-11.82760024413826,36.46916495450499
fukui_11,2022-01-21,1642798805000,3.697378710109473,-11.627139635505623,36.46708247809475
fukui_11,2022-02-02,1643835604000,3.4399222105477274,-11.945447722074258,36.47112115680737
fukui_11,2022-02-14,1644872405000,4.249919824027989,-11.020216478709116,36.466679905400156
fukui_11,2022-02-26,1645909204000,3.4187460229556548,-10.901420687538948,36.46815348195507
fukui_11,2022-03-10,1646946004000,3.8766606643315957,-12.129373541577127,36.47387110914816
fukui_11,2022-03-22,1647982805000,4.1746281090189035,-11.201034568661246,36.4723251669062
fukui_11,2022-04-03,1649019605000,4.543403531169405,-12.364821370531093,36.469532870045256
fukui_11,2022-04-15,1650056405000,2.9026663420249967,-11.10241385519153,36.47217921292823
fukui_11,2022-04-27,1651093206000,4.149695517537839,-11.896968339261115,36.47041070968357
fukui_11,2022-05-09,1652130006000,4.258394666482236,-12.65878173343767,36.47408682315744
fukui_11,2022-05-21,1653166807000,3.0764272265821524,-11.343892624763525,36.47730309691611
fukui_11,2022-06-02,1654203608000,3.919232852777342,-13.606554413153846,36.4712094672821
fukui_11,2022-06-14,1655240409000,4.966833693893184,-11.90461027901986,36.472577336276466
fukui_11,2022-06-26,1656277210000,4.524432825411943,-12.360425569183597,36.46639380081756
fukui_11,2022-07-08,1657314010000,4.791271343614906,-14.489633053982997,36.47147907369851
fukui_11,2022-07-20,1658350811000,4.444411642298867,-13.024692892696924,36.47280402927048
fukui_11,2022-08-01,1659387612000,4.810894493525184,-12.775271539362672,36.47118509303196
fukui_11,2022-08-13,1660424413000,4.057309242878933,-14.3689326370709,36.47085552095617
fukui_11,2022-08-25,1661461213000,4.88607098441623,-13.52217544827651,36.47152358771224
fukui_11,2022-09-06,1662497988000,4.040962218860237,-13.295345038231588,36.54088779324316
fukui_11,2022-09-18,1663534814000,5.450567936301091,-11.777265499501206,36.47786532851042
fukui_11,2022-09-30,1664571615000,5.518747047749934,-14.153751513532221,36.466514530466576
fukui_11,2022-10-12,1665608414000,3.291468122993304,-13.756538165257728,36.474955318008455
fukui_11,2022-10-24,1666645215000,4.221220997465614,-14.95301714292882,36.46764359003382
fukui_11,2022-11-05,1667682014000,5.050431678369455,-15.609766023767278,36.472620764063024
fukui_11,2022-11-17,1668718814000,4.251665218758715,-13.59587414550543,36.471887335520165
fukui_11,2022-11-29,1669755614000,4.327995195002637,-13.09838010433805,36.46754272698878
fukui_11,2022-12-11,1670792413000,4.185961041958539,-13.46272500700566,36.46518851576314
fukui_11,2022-12-23,1671829212000,10.726641559253249,-2.7260392599298138,36.46406424216334
fukui_11,2023-01-04,1672866012000,3.695627081914069,-12.081276505237705,36.469386796421354
fukui_11,2023-01-16,1673902811000,4.648355678612941,-13.013192210236037,36.48149082733723
fukui_11,2023-01-28,1674939611000,0.9882984778418954,-13.20491769360757,36.46453423468707
fukui_11,2023-02-09,1675976410000,4.649962027548,-14.588661463330261,36.4729058895217
fukui_11,2023-02-21,1677013210000,3.9558811643981713,-14.041601388612419,36.47500529637567
fukui_11,2023-03-05,1678050010000,4.622708226482286,-12.916477054870434,36.46698286846431
fukui_11,2023-03-17,1679086810000,4.518853198915322,-12.772588252209438,36.47713945594439
fukui_11,2023-03-29,1680123610000,4.0612960541517245,-13.351758520926042,36.47985970326159
fukui_11,2023-04-10,1681160411000,2.669893500625352,-10.287200399222254,36.469127144193294
fukui_11,2023-04-22,1682197211000,3.4560637428029755,-8.091318320117638,36.46903929740455
fukui_11,2023-05-04,1683234012000,3.554918574128193,-10.966417562057536,36.46657482397505
fukui_11,2023-05-16,1684270813000,3.0317025537300006,-11.094669655701708,36.46537443113402
fukui_11,2023-05-28,1685307613000,5.856680736958461,-11.133562512016928,36.46761815297991
fukui_11,2023-06-09,1686344413000,3.538752818293002,-11.968803910104429,36.47615752951784
fukui_11,2023-06-21,1687381214000,5.133108898975842,-9.606647099754275,36.47821150982903
fukui_11,2023-07-03,1688418015000,2.457290643705302,-10.880481231010984,36.46959235907628
fukui_11,2023-07-15,1689454816000,2.4340880446660624,-11.736252176717183,36.466521909811924
fukui_11,2023-07-27,1690491617000,2.997135086852867,-10.245971720755241,36.47161895059249
fukui_11,2023-08-08,1691528417000,1.8552995008501971,-11.89465637153804,36.484577921342044
fukui_11,2023-08-20,1692565218000,2.1813303453563417,-12.38375540510403,36.47599347027911
fukui_11,2023-09-01,1693602019000,1.5166191632837653,-11.561208962625628,36.46877066781918
fukui_11,2023-09-13,1694638819000,3.5858221070313836,-10.799725670936738,36.47327132993665
fukui_11,2023-09-25,1695675620000,3.356404783523714,-11.489506006910092,36.46724626953407
fukui_11,2023-10-07,1696712419000,5.077921545908907,-9.313023817352653,36.47057688711402
fukui_11,2023-10-19,1697749220000,4.984310732291542,-9.718329606022621,36.46559533049786
fukui_11,2023-10-31,1698786019000,2.0816532370920613,-12.225063732968367,36.4698774803796
fukui_11,2023-11-12,1699822819000,1.0567932436183725,-12.629196528298515,36.46455449693401
fukui_11,2023-11-24,1700859618000,2.5787327939309383,-11.981958811766253,36.47898437916045
fukui_11,2023-12-06,1701896418000,2.6727432242728075,-11.178932690737058,36.47214332207934
fukui_11,2023-12-18,1702933217000,1.797311346387317,-10.576335622738448,36.47119549692865
fukui_11,2023-12-30,1703970017000,1.567604874213165,-12.847015018474696,36.46712358917875
fukui_11,2024-01-11,1705006816000,2.9645533417572296,-12.4855644462119,36.46602329044661
fukui_11,2024-01-23,1706043616000,0.8522779821808646,-12.661625260571226,36.468286617721816
fukui_11,2024-02-04,1707080415000,3.5360772603811825,-12.59158322007221,36.47164956511216
fukui_11,2024-02-16,1708117215000,3.208218591293809,-11.5762897827676,36.47235015104475
fukui_11,2024-02-28,1709154015000,3.6957036016113367,-11.875438203338046,36.4736195355091
fukui_11,2024-03-11,1710190815000,3.1579220601301894,-12.05525176784667,36.47268571654105
fukui_11,2024-03-23,1711227616000,3.705665545466308,-12.379617469791206,36.4735679059688
fukui_11,2024-04-04,1712264416000,3.640006557693154,-11.542377903761793,36.4715410327646
fukui_11,2024-04-16,1713301216000,2.9396747503675726,-10.044005119819012,36.47255843382838
fukui_11,2024-04-28,1714338017000,3.7567468369773325,-11.382810191232267,36.46678390076816
fukui_11,2024-05-10,1715374817000,3.739092527495101,-11.408626320969368,36.461194272302166
fukui_11,2024-05-22,1716411616000,3.930579973968247,-10.78264202061675,36.4624338945974
fukui_11,2024-06-03,1717448416000,4.112115543144347,-11.358792917861457,36.456315738887504
fukui_11,2024-06-15,1718485216000,3.601680110528655,-11.40120390156246,36.45680820941926
fukui_11,2024-07-09,1720558815000,3.359067788008112,-11.343147391186449,36.462578832782974
fukui_11,2024-07-21,1721595614000,3.6474810179024373,-11.67381300143078,36.461311793630664
fukui_11,2024-08-02,1722632414000,3.5261364443976952,-12.045977492934451,36.45947217455707
fukui_11,2024-08-14,1723669214000,4.055050587910147,-11.800123558278393,36.47436907892727
fukui_11,2024-08-26,1724706015000,4.028930592785736,-12.558156383694383,36.470505360591616
fukui_11,2024-09-07,1725742815000,4.303349038531786,-12.01629494212072,36.473422117257314
fukui_11,2024-09-19,1726779615000,4.475602222911116,-12.100706900292284,36.47337854932737
fukui_11,2024-10-01,1727816415000,4.537300736777015,-10.911407363132987,36.4776819090829
fukui_11,2024-10-13,1728853216000,4.280722157414585,-11.34110181508514,36.469713064194224
fukui_11,2024-10-25,1729890015000,3.5461280724522872,-11.717524349861241,36.4827309973163
fukui_11,2024-11-06,1730926815000,2.869743002626775,-9.734267338798354,36.47020272613184
fukui_11,2024-11-18,1731963615000,3.0229747409493903,-10.563663242876057,36.46378126700801
fukui_11,2024-12-12,1734037213000,1.5858285917761277,-13.011885735247686,36.462347071590564
fukui_11,2024-12-24,1735074012000,3.1094053470087735,-12.61537377877193,36.468513601619
fukui_11,2025-01-05,1736110811000,3.5512621391051513,-11.15336195531093,36.46423785580224
fukui_11,2025-01-17,1737147610000,3.5329335135592186,-13.041235059963793,36.46729090411698
fukui_11,2025-01-29,1738184409000,5.054938740636497,-11.230229086744053,36.464428195103956
fukui_11,2025-02-10,1739221209000,3.500031662488433,-11.062791871322695,36.46526233847372
fukui_11,2025-02-22,1740258008000,3.3450481545879778,-11.244480171933716,36.472594280416146
fukui_11,2025-03-06,1741294808000,4.403464057387974,-10.934475122206182,36.47229919606641
fukui_11,2025-03-18,1742331608000,6.711384651122397,-9.945009016854002,36.47202365852197
fukui_11,2025-03-30,1743368409000,2.734204218514101,-11.169236461995318,36.46307160392887
fukui_11,2025-04-11,1744405209000,4.069767998714293,-10.678007830044402,36.473757209127406
fukui_11,2025-04-23,1745442009000,3.6458161613005573,-11.781555650067538,36.46758424752671
fukui_11,2025-05-05,1746478809000,3.1450277021495743,-12.303313646040897,36.46536767434495
fukui_11,2025-05-17,1747515609000,3.224765452590309,-11.034316519409114,36.46274940231672
fukui_11,2025-05-29,1748552408000,4.0066970942578,-11.822960124939309,36.45789716796722
fukui_11,2025-06-10,1749589208000,3.64356225118894,-11.74127133979463,36.45461542215645
fukui_11,2025-06-22,1750626007000,10.151320689201976,-11.523506746130884,36.45405858898431
fukui_11,2025-07-04,1751662806000,3.4550462556889188,-11.491520625459039,36.461196033984415
fukui_11,2025-07-16,1752699606000,3.124719128169897,-12.3824560330501,36.46303444544156
fukui_11,2025-07-28,1753736405000,2.8702043056135746,-12.3664836307307,36.463828009761755
fukui_11,2025-08-09,1754773205000,2.9633581674895306,-11.367303615378843,36.46235435217628
fukui_11,2025-08-21,1755810005000,3.1984117911611607,-12.106019509587743,36.46759264414402
fukui_11,2025-09-02,1756846805000,2.1854791886925895,-12.483212341601623,36.47114434870585
fukui_11,2025-09-14,1757883606000,3.6312080956814903,-11.01439602384512,36.47299762158586
fukui_11,2025-09-26,1758920406000,4.224167858556317,-11.650073441933914,36.474943509915995
fukui_11,2025-10-08,1759957207000,4.166478826454579,-11.02422972946031,36.462602898195236
fukui_11,2025-10-20,1760994006000,4.2349759134364335,-11.482122980342659,36.46920937404193
fukui_11,2025-11-01,1762030806000,2.315061025533353,-12.585899645808446,36.46553718938451
fukui_11,2025-11-13,1763067605000,3.8490103670105555,-12.537891342259408,36.46905416224688
fukui_11,2025-11-25,1764104404000,6.936659639786009,-10.574816822537832,36.46503835216363
fukui_11,2025-12-07,1765141203000,3.3778462042363873,-12.408311822372413,36.458824419075945
fukui_11,2025-12-19,1766178002000,3.5214913994110146,-10.48230536400677,36.460220443652524
fukui_11,2025-12-31,1767214801000,4.85854873158734,-10.121497066845784,36.46477150430486
fukui_11,2026-01-12,1768251600000,3.886905937570081,-11.208598574822378,36.466371820513864
fukui_11,2026-01-24,1769288398000,2.830131406966941,-11.027631455318213,36.47346850797044
fukui_11,2026-02-17,1771361997000,3.4415815541471027,-13.826329807195,36.469187181663905
fukui_11,2026-03-01,1772398797000,4.3361584964462505,-12.648897122443927,36.468811155326925
fukui_11,2026-03-13,1773435597000,4.041153197260894,-12.522898629451936,36.47279680861682
fukui_11,2026-03-25,1774472398000,3.9131053596733647,-11.422203393648113,36.47217007231606
fukui_11,2026-04-06,1775509198000,3.5822595911584263,-12.534999660084825,36.46879612560006
fukui_11,2026-04-18,1776545998000,4.623823297297016,-12.488302424643669,36.460585323595396
fukui_11,2026-04-30,1777582797000,3.4232774691672816,-11.575397442962231,36.45898610658284
fukui_11,2026-05-12,1778619597000,3.3298940125563736,-12.595060661798373,36.46070619176647
fukui_12,2017-02-16,1487278774030,5.166330125780702,-8.930451433908068,36.56104095867117
fukui_12,2017-02-28,1488315573000,4.804131462306383,-8.696336203242545,36.55945497666947
fukui_12,2017-03-12,1489352374000,4.541992904577114,-8.85735609681332,36.5537012845488
fukui_12,2017-03-24,1490389174380,4.403431516708101,-7.380944892005458,36.559059189866666
fukui_12,2017-04-05,1491425974840,4.3321009643708015,-8.714123607269446,36.55901045898623
fukui_12,2017-04-17,1492462775450,3.2196506953864743,-8.049637240836363,36.55997409801446
fukui_12,2017-04-29,1493499575000,4.115825715207625,-8.06335392013185,36.55888870197215
fukui_12,2017-05-11,1494536376000,4.649992766597365,-8.012767668850199,36.55294217687442
fukui_12,2017-05-23,1495573177000,5.37908197886316,-8.675477137569677,36.55595921405671
fukui_12,2017-06-04,1496609978000,3.4527900345375024,-7.80527246219784,36.55760557818567
fukui_12,2017-06-16,1497646778000,4.305081501445456,-8.546740413727218,36.56132127485525
fukui_12,2017-06-28,1498683579000,2.049585164621347,-8.357324746151827,36.560120625051916
fukui_12,2017-07-10,1499720379000,2.8435659290975273,-8.011333466177284,36.55760281631749
fukui_12,2017-07-22,1500757180000,2.7073890305824526,-7.7729928733919404,36.558138847351096
fukui_12,2017-08-03,1501793981000,4.117652118141477,-8.064112474136412,36.555707669421636
fukui_12,2017-08-15,1502830782000,5.027752943879166,-7.982378590586074,36.56030701187058
fukui_12,2017-08-27,1503867582000,5.14450197835728,-8.399370287978435,36.55795955274958
fukui_12,2017-09-08,1504904382000,5.258959358819916,-8.949676721788396,36.55592120092329
fukui_12,2017-09-20,1505941183000,4.268841149175388,-8.762361037891592,36.55403391807435
fukui_12,2017-10-02,1506977983000,1.9841642239762753,-7.761656212915867,36.55743615398801
fukui_12,2017-10-14,1508014783000,4.886528800899869,-8.120636896171334,36.55866898271376
fukui_12,2017-10-26,1509051584000,5.1973606937611505,-8.376995157976141,36.556387823362776
fukui_12,2017-11-07,1510088383000,3.4992983446915473,-9.16483600367528,36.55641096602505
fukui_12,2017-11-19,1511125183000,4.920394681604823,-8.098091424896452,36.553629146718436
fukui_12,2017-12-01,1512161983000,6.02716763764026,-7.329867506925746,36.55701153772863
fukui_12,2017-12-13,1513198782000,4.6879537708119,-7.841636062101268,36.55847702314633
fukui_12,2017-12-25,1514235582000,4.426432012483454,-8.422848252615259,36.562398509201444
fukui_12,2018-01-06,1515272381000,4.225333977283017,-7.114602833191997,36.55774143149186
fukui_12,2018-01-18,1516309181000,4.411066601964797,-6.735510972173558,36.55213203315218
fukui_12,2018-01-30,1517345980000,2.920019374364898,-7.434144362706051,36.55535239357571
fukui_12,2018-02-11,1518382780000,2.0295538984055086,-8.289824325064636,36.555152503179784
fukui_12,2018-02-23,1519419580000,5.09083891240567,-7.112392936290051,36.563544715241605
fukui_12,2018-03-07,1520456380000,4.829389748838122,-7.672944837729753,36.56754592795803
fukui_12,2018-03-19,1521493180000,5.50402244111084,-7.143094536261889,36.55982703204132
fukui_12,2018-03-31,1522529981000,3.7273856615694467,-7.4888611472814395,36.55618107647856
fukui_12,2018-04-12,1523566781000,4.786347390521391,-7.396344150143477,36.55849015754568
fukui_12,2018-04-24,1524603582000,5.2671437440333095,-7.09014479874208,36.561924830545344
fukui_12,2018-05-06,1525640382000,2.851379940906066,-6.138250367824794,36.56081861878591
fukui_12,2018-05-18,1526677183000,4.7785513336114915,-6.906961913976165,36.559326710274256
fukui_12,2018-05-30,1527713983000,5.857761721758921,-6.641487730097704,36.561543857685756
fukui_12,2018-06-11,1528750784000,4.04385707342285,-6.805881540630395,36.555198067569876
fukui_12,2018-06-23,1529787585000,5.358091935550694,-8.424287858872079,36.55803855483185
fukui_12,2018-06-29,1530305934000,5.795231931901575,-7.351566143057144,36.59048314707261
fukui_12,2018-07-05,1530824385000,5.023333476504449,-7.468070450453123,36.56581260286627
fukui_12,2018-07-17,1531861186000,5.300731523492932,-8.551645717681417,36.56117872879997
fukui_12,2018-07-29,1532897988000,5.563582622797916,-7.845915813667777,36.55170419085911
fukui_12,2018-08-10,1533934788000,4.54527852513711,-6.718902283999459,36.55647578111536
fukui_12,2018-08-22,1534971588000,3.917609885848859,-7.461068668313171,36.56026319728463
fukui_12,2018-09-03,1536008389000,4.092002719693411,-7.923132934196596,36.55710444571405
fukui_12,2018-09-15,1537045189000,5.000401545169656,-7.4195685771940285,36.559522635931394
fukui_12,2018-09-27,1538081990000,3.9946032175852744,-7.45986723464301,36.556829934749985
fukui_12,2018-10-09,1539118790000,4.941929092851106,-7.90572624814532,36.555518510351234
fukui_12,2018-10-21,1540155590000,5.03803224438911,-7.899065910682252,36.556552180856414
fukui_12,2018-11-02,1541192390000,3.2531917152652,-7.9756745329003005,36.55743826394932
fukui_12,2018-11-14,1542229190000,3.5848186294683195,-7.083317176039409,36.55554880373696
fukui_12,2018-11-26,1543265989000,4.324411136200401,-7.540255866890496,36.55695207620261
fukui_12,2018-12-08,1544302789000,4.624832774235411,-7.787883827802091,36.553544958812495
fukui_12,2018-12-20,1545339589000,4.928902813371467,-7.794590227641355,36.55654920707073
fukui_12,2019-01-01,1546376388000,5.748013229000946,-8.043499139399637,36.55714412177765
fukui_12,2019-01-13,1547413188000,4.057525352609342,-7.312879605053461,36.560360422392286
fukui_12,2019-01-25,1548449987000,4.3024390723567985,-7.959381675291923,36.55363851098089
fukui_12,2019-02-06,1549486787000,5.159939712778104,-6.727967376540095,36.55708011999014
fukui_12,2019-02-18,1550523587000,3.485909410523996,-6.264386413113666,36.55314040884725
fukui_12,2019-03-02,1551560387000,4.147609146706397,-6.899954446191574,36.552284258014176
fukui_12,2019-03-14,1552597187000,3.083847688762411,-6.614914635174405,36.56247202363405
fukui_12,2019-03-26,1553633987000,5.020119150264485,-6.715748720596638,36.559013724595516
fukui_12,2019-04-07,1554670787000,3.4996110967966976,-6.500637856112009,36.556142681000146
fukui_12,2019-04-19,1555707588000,4.351982193770149,-7.09341077660133,36.55141890530364
fukui_12,2019-05-01,1556744388000,2.29013802467195,-7.231301134282418,36.550974272146576
fukui_12,2019-05-13,1557781189000,5.041353739016175,-8.51820311601725,36.559798553559595
fukui_12,2019-05-25,1558817989000,5.185896614267899,-8.067252025614529,36.558584207526216
fukui_12,2019-06-06,1559854790000,5.6663387730518355,-8.576596589283476,36.5608479514771
fukui_12,2019-06-18,1560891590000,2.715068793135421,-7.647018696203623,36.55947589515476
fukui_12,2019-06-30,1561928391000,3.138143523239277,-8.148779099055472,36.55526945681973
fukui_12,2019-07-12,1562965192000,4.762924047922371,-6.9107694048606625,36.559031315437764
fukui_12,2019-07-24,1564001993000,3.281701122698499,-9.687116922063346,36.56154860775029
fukui_12,2019-08-05,1565038794000,4.561798533435878,-9.957606209334902,36.56041808636662
fukui_12,2019-08-17,1566075594000,4.634236986449623,-8.744043269067662,36.55325017595187
fukui_12,2019-08-29,1567112395000,1.979440467437455,-9.885626510667347,36.55616759964915
fukui_12,2019-09-10,1568149195000,4.401720083869447,-9.390430870265176,36.56024041390463
fukui_12,2019-09-22,1569185996000,3.8785090462514606,-8.036024091011068,36.55654569107865
fukui_12,2019-10-04,1570222796000,3.3687214063620643,-8.69325191538362,36.5554101127907
fukui_12,2019-10-16,1571259596000,3.7697191047675362,-9.238382534455797,36.558171224402635
fukui_12,2019-10-28,1572296396000,5.88853347911075,-9.302673823332487,36.55637014024007
fukui_12,2019-11-09,1573333196000,4.897151852977855,-9.39266605053045,36.55594617979014
fukui_12,2019-11-21,1574369996000,5.532293001386737,-8.392661161168224,36.558491869929114
fukui_12,2019-12-03,1575406796000,4.987394439327225,-8.173789936489191,36.5590048916299
fukui_12,2019-12-15,1576443595000,5.007343900140516,-8.316664096341219,36.55361699119233
fukui_12,2019-12-27,1577480395000,3.2675198758936776,-7.234590177532527,36.55041868179747
fukui_12,2020-01-08,1578517194000,4.96941104088535,-7.885059375885248,36.55361679874023
fukui_12,2020-01-20,1579553994000,3.1486033475325965,-7.734876011539427,36.557741104496664
fukui_12,2020-02-01,1580590793000,5.011193930033647,-7.223252713391664,36.48460249215531
fukui_12,2020-02-13,1581627593000,5.5286161049751055,-7.7255886777363605,36.484455074207006
fukui_12,2020-02-25,1582664393000,5.218221571689075,-7.889073849554164,36.48338738173648
fukui_12,2020-03-08,1583701193000,5.148152439892647,-7.84159187725281,36.47946522666199
fukui_12,2020-03-20,1584737993000,5.030214352814438,-7.745844081109644,36.48366140417669
fukui_12,2020-04-01,1585774793000,3.3725253649053313,-8.242445614247272,36.49062050036039
fukui_12,2020-04-13,1586811594000,4.184011413006304,-7.330771907089816,36.48778151615382
fukui_12,2020-04-25,1587848394000,5.39553270617393,-8.385265838169865,36.482169306978776
fukui_12,2020-05-07,1588885195000,2.913074653741169,-7.820375735638062,36.48530056713452
fukui_12,2020-05-19,1589921995000,2.8946314498126804,-7.651965100786206,36.485681832761976
fukui_12,2020-05-31,1590958796000,4.78073669000774,-8.88229256331682,36.48802634079248
fukui_12,2020-06-12,1591995597000,2.665079002037564,-9.741261940817967,36.4852273899944
fukui_12,2020-06-24,1593032398000,5.453317709424107,-10.007802918105003,36.48431769709779
fukui_12,2020-07-06,1594069198000,3.807204526724028,-7.174094286712811,36.485160220164204
fukui_12,2020-07-18,1595105999000,4.098825166751788,-9.044772582125669,36.4856289395977
fukui_12,2020-07-30,1596142800000,3.591488043031102,-8.135979315828301,36.48239067256048
fukui_12,2020-08-11,1597179600000,3.2673620086409016,-8.248757109707698,36.485212733694084
fukui_12,2020-08-23,1598216401000,3.870006083284338,-8.329994718039694,36.48452326475858
fukui_12,2020-09-04,1599253202000,4.928722905009551,-9.789141081341919,36.48149199845205
fukui_12,2020-09-16,1600290002000,5.297790941367686,-9.16366125117067,36.48273175825961
fukui_12,2020-09-28,1601326803000,2.5971811870894617,-8.479613602461797,36.48211108457511
fukui_12,2020-10-10,1602363603000,4.642448526159859,-9.193889654519829,36.48060945911633
fukui_12,2020-10-22,1603400403000,3.6506319162506045,-10.680814654695759,36.484913292561544
fukui_12,2020-11-03,1604437203000,4.382310398057829,-8.990244096823602,36.47926727834955
fukui_12,2020-11-15,1605474003000,3.479570978814876,-9.379862903037191,36.47871328414883
fukui_12,2020-11-27,1606510802000,3.794437005475794,-9.118089479896033,36.48503608108468
fukui_12,2020-12-09,1607547602000,3.344301906298713,-7.256006636132591,36.48308865697253
fukui_12,2020-12-21,1608584401000,3.628640533266103,-7.3221962580379785,36.483146422202225
fukui_12,2021-01-02,1609621201000,3.559771345366839,-8.33550266340685,36.47921019091063
fukui_12,2021-01-14,1610658000000,4.90857524374029,-8.48121624973841,36.477592585489205
fukui_12,2021-01-26,1611694800000,4.648983558155307,-8.471584949089461,36.477571505091824
fukui_12,2021-02-07,1612731599000,3.8641609296387576,-7.8228851857509785,36.480362674243366
fukui_12,2021-02-19,1613768399000,3.9181360125435676,-7.22880723260225,36.488138815277935
fukui_12,2021-03-03,1614805199000,3.4159914403057203,-6.83699823976669,36.490372201881314
fukui_12,2021-03-15,1615841999000,5.120761201028214,-8.345482621858892,36.48450660848799
fukui_12,2021-03-27,1616878799000,2.0003460420836054,-8.700598105691435,36.48426056868844
fukui_12,2021-04-08,1617915599000,3.3655104499563135,-7.980664357916429,36.48740482019214
fukui_12,2021-04-20,1618952400000,5.429670076938809,-8.026733895588912,36.4880986350197
fukui_12,2021-05-02,1619989200000,3.6491915347825374,-7.7302974634985615,36.48997673204899
fukui_12,2021-05-14,1621026001000,2.9303706408879076,-9.197214862391023,36.486616839263085
fukui_12,2021-05-26,1622062802000,5.004033775125987,-9.079496762691473,36.48325065545106
fukui_12,2021-06-07,1623099602000,5.488045810669047,-9.778721598375384,36.4850601412414
fukui_12,2021-06-19,1624136403000,4.299899951833589,-7.8593391029166035,36.48751478972969
fukui_12,2021-07-01,1625173204000,2.919692994595503,-8.924586131257042,36.4852012628564
fukui_12,2021-07-13,1626210005000,5.420667250785581,-8.068337590421137,36.48717702596711
fukui_12,2021-07-25,1627246805000,4.076764149171755,-8.425484841592217,36.48874907667899
fukui_12,2021-08-06,1628283606000,3.7884808862337622,-8.076741357831136,36.48445931064305
fukui_12,2021-08-18,1629320407000,4.594524193289005,-7.89117596996487,36.48611028757528
fukui_12,2021-08-30,1630357207000,2.7933535240876193,-7.567082100869864,36.48684253511157
fukui_12,2021-09-11,1631394008000,3.0980711225824558,-7.808551026018447,36.483474722840754
fukui_12,2021-09-23,1632430808000,2.949642629010605,-7.675992382274666,36.481207104887424
fukui_12,2021-10-05,1633467608000,2.273260292030316,-7.8365299401518245,36.48096552286407
fukui_12,2021-10-17,1634504409000,4.761218633233814,-9.309095306255221,36.4806538934314
fukui_12,2021-10-29,1635541208000,3.9678548254215955,-8.953640953063502,36.48219628811125
fukui_12,2021-11-22,1637614808000,3.150110677695445,-8.420541566867271,36.4794044125684
fukui_12,2021-12-04,1638651607000,5.435114652811263,-9.070823203965524,36.477944467090616
fukui_12,2021-12-16,1639688407000,3.56557240966761,-7.495005910356384,36.478683517012385
fukui_12,2021-12-28,1640725206000,4.863967583115836,-9.036715892156634,36.4871890784862
fukui_12,2022-01-09,1641762006000,3.906764670330203,-7.153122698116032,36.48284929135859
fukui_12,2022-01-21,1642798805000,4.781882085347714,-7.799694601838496,36.48076787270793
fukui_12,2022-02-02,1643835604000,3.710488992778022,-7.5299530425047125,36.48480166142191
fukui_12,2022-02-14,1644872405000,3.8478711493715534,-7.9784719426091035,36.48036261340668
fukui_12,2022-02-26,1645909204000,5.111496449354756,-8.276059461276633,36.48185071078215
fukui_12,2022-03-10,1646946004000,4.662413943279111,-7.709719509858213,36.48755907503588
fukui_12,2022-03-22,1647982805000,3.798577743314429,-7.295466571938939,36.48609029281951
fukui_12,2022-04-03,1649019605000,5.297504698654604,-8.461665945058744,36.48329989946071
fukui_12,2022-04-15,1650056405000,3.981754658860792,-7.932764749760593,36.48594103777281
fukui_12,2022-04-27,1651093206000,4.161987563343976,-8.81101414147079,36.48417989998365
fukui_12,2022-05-09,1652130006000,5.14114578085066,-8.607472152435827,36.48775783423395
fukui_12,2022-05-21,1653166807000,3.6089579268189946,-8.545343699916867,36.49099100333757
fukui_12,2022-06-02,1654203608000,5.0047372803177375,-8.300980256759509,36.484973245669124
fukui_12,2022-06-14,1655240409000,3.3290424949856066,-7.417412618212737,36.48633886600215
fukui_12,2022-06-26,1656277210000,3.830971269372216,-7.174767194101644,36.480171194952284
fukui_12,2022-07-08,1657314010000,3.942858512106015,-6.748042117431884,36.48524016562365
fukui_12,2022-07-20,1658350811000,4.0266372034816325,-7.523554676276881,36.48647947256415
fukui_12,2022-08-01,1659387612000,3.9048966665860685,-7.16721110022496,36.484955203086784
fukui_12,2022-08-13,1660424413000,3.075390401756555,-7.142826547997586,36.484619551882055
fukui_12,2022-08-25,1661461213000,3.184826868474023,-7.9147362156910575,36.48528620722313
fukui_12,2022-09-06,1662497988000,3.8306575164076007,-7.684638281300968,36.554696979997516
fukui_12,2022-09-18,1663534814000,4.0003797950642594,-7.767823204897503,36.49155231254827
fukui_12,2022-09-30,1664571615000,3.9106085642089843,-7.066519725114737,36.48019310624555
fukui_12,2022-10-12,1665608414000,3.545821254171399,-6.581517365934994,36.48863291447991
fukui_12,2022-10-24,1666645215000,3.5921657983231325,-7.538239664893546,36.48142674655264
fukui_12,2022-11-05,1667682014000,3.606162817898684,-6.698155027661819,36.48629371708178
fukui_12,2022-11-17,1668718814000,3.0516456262005356,-7.169520698390748,36.48555118456135
fukui_12,2022-11-29,1669755614000,2.737857719579081,-7.392895707803985,36.481221036621605
fukui_12,2022-12-11,1670792413000,3.1172448168936135,-8.146368173226666,36.478951327149574
fukui_12,2022-12-23,1671829212000,11.203024528741066,-5.634230638288495,36.4777592263968
fukui_12,2023-01-04,1672866012000,3.9249835541908644,-7.2176031006972,36.483059368090466
fukui_12,2023-01-16,1673902811000,4.096762425985811,-6.620411777877072,36.49515879675097
fukui_12,2023-01-28,1674939611000,2.380477693240435,-8.178799895141259,36.47822762166414
fukui_12,2023-02-09,1675976410000,3.651755081860904,-6.989704709138984,36.48657062854454
fukui_12,2023-02-21,1677013210000,4.281705474731658,-6.860565911765443,36.48869335094628
fukui_12,2023-03-05,1678050010000,3.610997617417336,-6.4581780074676525,36.480748073267975
fukui_12,2023-03-17,1679086810000,2.82915425854661,-6.573734483259699,36.49081781392574
fukui_12,2023-03-29,1680123610000,4.594643444473744,-5.2576620712055275,36.493522016308
fukui_12,2023-04-10,1681160411000,4.5543400427613605,-7.242601468035831,36.482885214073114
fukui_12,2023-04-22,1682197211000,4.115741832432115,-6.208206558922576,36.48271698576092
fukui_12,2023-05-04,1683234012000,4.000971117592725,-6.91421768145772,36.480361926029026
fukui_12,2023-05-16,1684270813000,3.7554288155238096,-7.1035477988435085,36.47915957310524
fukui_12,2023-05-28,1685307613000,6.172715264593602,-5.828523176062505,36.48138809878758
fukui_12,2023-06-09,1686344413000,4.715118387064961,-7.20689889319732,36.48982483815827
fukui_12,2023-06-21,1687381214000,3.876647889969989,-7.6474826228354225,36.49187531096348
fukui_12,2023-07-03,1688418015000,4.056527154909696,-8.457165271254881,36.48337392143103
fukui_12,2023-07-15,1689454816000,4.100909234688302,-6.631192866452236,36.48030858086806
fukui_12,2023-07-27,1690491617000,4.632892252658881,-7.0208998472307504,36.485389476646255
fukui_12,2023-08-08,1691528417000,3.6498034108512174,-6.885179680702417,36.498240971338646
fukui_12,2023-08-20,1692565218000,3.4899675123679907,-7.433196337765105,36.48977717884332
fukui_12,2023-09-01,1693602019000,2.5807028614867034,-7.576049636772851,36.48253035256941
fukui_12,2023-09-13,1694638819000,2.8455450530706647,-7.69213731829349,36.486952283546316
fukui_12,2023-09-25,1695675620000,3.1320330055966323,-7.266364632746612,36.48102967735511
fukui_12,2023-10-07,1696712419000,3.2719404552133287,-7.643901006031776,36.48426335410347
fukui_12,2023-10-19,1697749220000,2.670704943056097,-7.356815825980309,36.47927050694672
fukui_12,2023-10-31,1698786019000,3.0018926830818473,-8.594596515158798,36.48355690115456
fukui_12,2023-11-12,1699822819000,2.2856639235311627,-8.452637177298133,36.478230909692854
fukui_12,2023-11-24,1700859618000,3.1330770049362346,-7.793366216474103,36.492649226299626
fukui_12,2023-12-06,1701896418000,2.990212710743077,-8.298232718085622,36.48582157947098
fukui_12,2023-12-18,1702933217000,2.417061559237982,-8.06701578135737,36.48486271359244
fukui_12,2023-12-30,1703970017000,1.776356416344587,-8.89815435535451,36.48088614449888
fukui_12,2024-01-11,1705006816000,2.167648832630391,-7.937095047283636,36.479690147386506
fukui_12,2024-01-23,1706043616000,1.5751969436870668,-6.970308694831895,36.48198314807891
fukui_12,2024-02-04,1707080415000,2.9714612796094766,-8.567979428822403,36.48534009073783
fukui_12,2024-02-16,1708117215000,2.9061331311719183,-8.200763151584674,36.48601944000664
fukui_12,2024-02-28,1709154015000,2.5129544001660475,-8.804373003508536,36.48738358716521
fukui_12,2024-03-11,1710190815000,3.1883818197138836,-10.039924325657621,36.486460991462536
fukui_12,2024-03-23,1711227616000,1.9940582863349314,-9.575007510691194,36.4873324325799
fukui_12,2024-04-04,1712264416000,1.7396521500221187,-8.717635523608303,36.48532305079456
fukui_12,2024-04-16,1713301216000,2.2910436436806907,-9.864510045805924,36.4862468728925
fukui_12,2024-04-28,1714338017000,2.1375866862743087,-8.278256511922379,36.48054964719815
fukui_12,2024-05-10,1715374817000,2.927823301941741,-8.391053223302155,36.474959375156956
fukui_12,2024-05-22,1716411616000,2.9884597555963275,-7.695492036551082,36.476195461744034
fukui_12,2024-06-03,1717448416000,3.3606663910500276,-8.962090262662501,36.47008976325259
fukui_12,2024-06-15,1718485216000,3.39877920274069,-9.186798983089139,36.47057851315748
fukui_12,2024-07-09,1720558815000,3.0329686723245852,-7.987209254302591,36.47634096073199
fukui_12,2024-07-21,1721595614000,2.8688695984012247,-7.977284640676431,36.47509734728946
fukui_12,2024-08-02,1722632414000,2.739688399434074,-8.935886994088118,36.473255951191014
fukui_12,2024-08-14,1723669214000,2.1544854706641887,-8.155027251949122,36.488146872793074
fukui_12,2024-08-26,1724706015000,2.102099572910398,-8.131296406013664,36.48427714401461
fukui_12,2024-09-07,1725742815000,2.874781430667598,-7.968045076973328,36.48721012235439
fukui_12,2024-09-19,1726779615000,2.557773765119279,-8.493525518747061,36.48714986689514
fukui_12,2024-10-01,1727816415000,2.739620163862944,-7.8622864663762755,36.491354247254726
fukui_12,2024-10-13,1728853216000,2.77737039139909,-7.402538489369441,36.483409561397394
fukui_12,2024-10-25,1729890015000,2.878215927776219,-7.821479806655164,36.49642260377105
fukui_12,2024-11-06,1730926815000,3.3845141402998213,-7.059029761567488,36.48389077457859
fukui_12,2024-11-18,1731963615000,2.6642874887364885,-8.316969210587503,36.47757118319006
fukui_12,2024-12-12,1734037213000,2.281509691798605,-9.143299172839653,36.47611357717922
fukui_12,2024-12-24,1735074012000,3.5033795022951177,-8.036044789331646,36.48218842627298
fukui_12,2025-01-05,1736110811000,3.804408170725916,-7.405118889555654,36.47791636864744
fukui_12,2025-01-17,1737147610000,4.3160693558901935,-7.3113004773509624,36.48095361117661
fukui_12,2025-01-29,1738184409000,4.619659097644244,-7.560036125000534,36.478210738196346
fukui_12,2025-02-10,1739221209000,3.10820228501816,-9.563213339478366,36.47903193228532
fukui_12,2025-02-22,1740258008000,4.5399851225000045,-8.633790512466435,36.48626888471387
fukui_12,2025-03-06,1741294808000,3.491682176509094,-7.971273001131016,36.485987865476694
fukui_12,2025-03-18,1742331608000,3.810880716717295,-9.123847514918948,36.48570750751244
fukui_12,2025-03-30,1743368409000,4.135005936783677,-8.353496291527719,36.47685257745018
fukui_12,2025-04-11,1744405209000,3.9180135452413407,-9.049722442106248,36.48755118256846
fukui_12,2025-04-23,1745442009000,2.6362878472359577,-8.430370938557934,36.48134733729732
fukui_12,2025-05-05,1746478809000,3.565647988678609,-8.38504436396788,36.47914412770921
fukui_12,2025-05-17,1747515609000,4.091885748045881,-7.964475119022071,36.47651089102993
fukui_12,2025-05-29,1748552408000,4.764807396643916,-8.462843819426592,36.47166175813248
fukui_12,2025-06-10,1749589208000,3.869824965955252,-8.080950548525282,36.46838130883871
fukui_12,2025-06-22,1750626007000,12.812677421573849,-8.478748161860484,36.46783333075043
fukui_12,2025-07-04,1751662806000,4.218401641333309,-7.2489057477850345,36.47495889351411
fukui_12,2025-07-16,1752699606000,3.3241769984734497,-7.347280223565888,36.476821861171494
fukui_12,2025-07-28,1753736405000,3.145721542043279,-6.960723155188543,36.477596572561474
fukui_12,2025-08-09,1754773205000,2.387142050976092,-8.121141395040706,36.47614882674835
fukui_12,2025-08-21,1755810005000,4.428499808005129,-7.4078605259343275,36.48137865804906
fukui_12,2025-09-02,1756846805000,4.4556644910019285,-7.626842769235183,36.48483918827312
fukui_12,2025-09-14,1757883606000,4.718934810675439,-6.920241838464991,36.486778332433296
fukui_12,2025-09-26,1758920406000,2.4845901646525492,-8.427748489479876,36.488633813247276
fukui_12,2025-10-08,1759957207000,1.8786758786929971,-7.973939202308139,36.47637681949096
fukui_12,2025-10-20,1760994006000,2.7853206493273204,-8.458940203619862,36.482987444004245
fukui_12,2025-11-01,1762030806000,2.8479453776218593,-8.670810610787937,36.4792128227775
fukui_12,2025-11-13,1763067605000,4.522474547621639,-9.737503694769462,36.48273519753634
fukui_12,2025-11-25,1764104404000,3.9409654971988783,-7.762169418009874,36.47882075760689
fukui_12,2025-12-07,1765141203000,2.3619187796148973,-8.268564043679875,36.47261138931407
fukui_12,2025-12-19,1766178002000,3.139865385592692,-8.930744162407272,36.47400576480491
fukui_12,2025-12-31,1767214801000,2.8377184351792937,-7.581570644691652,36.478536863011016
fukui_12,2026-01-12,1768251600000,4.584936498977819,-9.017823637910004,36.480140148592234
fukui_12,2026-01-24,1769288398000,0.927163146769586,-7.452855801878031,36.48713899081841
fukui_12,2026-02-17,1771361997000,3.5620473135672346,-9.186903360389222,36.48298038505928
fukui_12,2026-03-01,1772398797000,3.4443320648933318,-8.442210965351563,36.48258488413214
fukui_12,2026-03-13,1773435597000,2.8661391926734887,-7.938400294811966,36.48658302081951
fukui_12,2026-03-25,1774472398000,3.59593239656551,-8.564369748170742,36.485889379251326
fukui_12,2026-04-06,1775509198000,4.2156762791975915,-8.548185943720053,36.48257120788607
fukui_12,2026-04-18,1776545998000,3.2196531380378612,-8.436768562665854,36.47435275330603
fukui_12,2026-04-30,1777582797000,3.283408006548247,-7.324840160580771,36.47275918551514
fukui_12,2026-05-12,1778619597000,3.762565505451219,-8.299237684806666,36.474486807742764
fukui_13,2017-02-16,1487278774030,1.571662007172819,-10.841011541143782,36.55077210388412
fukui_13,2017-02-28,1488315573000,1.53215718104151,-11.02462063992917,36.54919351501695
fukui_13,2017-03-12,1489352374000,1.4489602102528005,-11.460110095610935,36.54343893958547
fukui_13,2017-03-24,1490389174380,1.0300622883462214,-11.424839940927926,36.54882122501337
fukui_13,2017-04-05,1491425974840,1.0922173888181022,-10.245477310618824,36.54875014208297
fukui_13,2017-04-17,1492462775450,1.4734614768752134,-10.077453458614965,36.54971673022742
fukui_13,2017-04-29,1493499575000,0.9142716945817676,-11.945790964021578,36.54862930018261
fukui_13,2017-05-11,1494536376000,2.376788673484715,-10.742089969339323,36.54269936239087
fukui_13,2017-05-23,1495573177000,2.7732587944804665,-11.151602120947619,36.5456877364306
fukui_13,2017-06-04,1496609978000,2.9997890968240224,-12.360244662462623,36.547368607771546
fukui_13,2017-06-16,1497646778000,2.1569831445532457,-11.831472816385702,36.55105081716698
fukui_13,2017-06-28,1498683579000,2.480891612967964,-10.673139006229894,36.54987136650086
fukui_13,2017-07-10,1499720379000,2.35368328558898,-12.616536001103082,36.547337817526184
fukui_13,2017-07-22,1500757180000,2.331261497057448,-12.488284462262566,36.54788148158177
fukui_13,2017-08-03,1501793981000,2.444401825859005,-12.768991322772314,36.54547916715656
fukui_13,2017-08-15,1502830782000,2.1583789761924144,-13.11564033305431,36.55006920491072
fukui_13,2017-08-27,1503867582000,2.4040812557808406,-12.390682691438188,36.54772402095796
fukui_13,2017-09-08,1504904382000,2.3287727868619674,-10.134328875591608,36.54568500618962
fukui_13,2017-09-20,1505941183000,2.7703193876371066,-11.380612881485945,36.543762342073265
fukui_13,2017-10-02,1506977983000,0.8246350334700887,-10.628915477835369,36.547172214301604
fukui_13,2017-10-14,1508014783000,1.1259288779731453,-12.251761059216559,36.54842253311989
fukui_13,2017-10-26,1509051584000,1.477145233436661,-10.585054874501097,36.54613096855111
fukui_13,2017-11-07,1510088383000,1.3733388390444792,-12.639354155593976,36.54615311350006
fukui_13,2017-11-19,1511125183000,1.6090919652565208,-12.49271753073643,36.54339335823061
fukui_13,2017-12-01,1512161983000,1.4236197289551877,-11.716403011224273,36.546779144653065
fukui_13,2017-12-13,1513198782000,2.5685229972391244,-11.201174977032016,36.548230983983345
fukui_13,2017-12-25,1514235582000,1.085520574786739,-9.864025739444132,36.55216116523119
fukui_13,2018-01-06,1515272381000,2.8376794834962507,-11.901824288572364,36.54746864901318
fukui_13,2018-01-18,1516309181000,1.686876895842767,-11.567433163753812,36.54189084745671
fukui_13,2018-01-30,1517345980000,0.6291459622348476,-10.938501923788596,36.54511644450795
fukui_13,2018-02-11,1518382780000,-2.1413974380534215,-14.463958235944158,36.54490860099367
fukui_13,2018-02-23,1519419580000,2.698824877131134,-12.15880993031438,36.55330880897078
fukui_13,2018-03-07,1520456380000,1.9129561156593309,-11.434907039963722,36.557277411995756
fukui_13,2018-03-19,1521493180000,1.571344660224888,-10.943000363314635,36.54958268451692
fukui_13,2018-03-31,1522529981000,2.594176217460471,-13.703234469944835,36.54592852634244
fukui_13,2018-04-12,1523566781000,1.3051664727657903,-11.961715687947843,36.54822997076796
fukui_13,2018-04-24,1524603582000,1.842713079192083,-10.283121646140364,36.55166546643094
fukui_13,2018-05-06,1525640382000,2.2408347190132014,-10.756302325381647,36.55056642398205
fukui_13,2018-05-18,1526677183000,1.6387968611092325,-10.021517111224894,36.54906765937807
fukui_13,2018-05-30,1527713983000,1.9789400061906717,-10.77436588001246,36.551300833554826
fukui_13,2018-06-11,1528750784000,1.2872828576302986,-10.184065727105786,36.54494630929559
fukui_13,2018-06-23,1529787585000,2.125125433456544,-11.49912868175995,36.547778688264465
fukui_13,2018-06-29,1530305934000,2.764829835753584,-11.238984680019067,36.58022552014942
fukui_13,2018-07-05,1530824385000,1.4524308524299763,-11.415515853475442,36.55558007338951
fukui_13,2018-07-17,1531861186000,1.8871267297208965,-10.948948000678447,36.55090736417808
fukui_13,2018-07-29,1532897988000,1.7722751328096429,-10.476946341324833,36.54147742095656
fukui_13,2018-08-10,1533934788000,1.8980055320378941,-9.146723892661003,36.54621054718904
fukui_13,2018-08-22,1534971588000,1.0824518393397737,-10.372331005013912,36.55000508537361
fukui_13,2018-09-03,1536008389000,0.8187676679402847,-11.286102049378442,36.5468499964628
fukui_13,2018-09-15,1537045189000,1.1231352762037086,-10.657276068292061,36.549266161073525
fukui_13,2018-09-27,1538081990000,0.5192957982116755,-11.003914929205532,36.54657968915908
fukui_13,2018-10-09,1539118790000,0.9530311116573408,-11.020050689259692,36.545271464073345
fukui_13,2018-10-21,1540155590000,1.4716968657306029,-10.467659356569847,36.54631426816236
fukui_13,2018-11-02,1541192390000,0.9370188254151531,-12.358118255049957,36.54720108802026
fukui_13,2018-11-14,1542229190000,1.0600644510283128,-10.192730958067905,36.545299576794434
fukui_13,2018-11-26,1543265989000,1.6982473151436699,-11.187675449715202,36.54670087331659
fukui_13,2018-12-08,1544302789000,0.7203130410773627,-10.58505121495809,36.54329150605864
fukui_13,2018-12-20,1545339589000,1.6662286245180065,-10.746937216459246,36.54630043706051
fukui_13,2019-01-01,1546376388000,0.9932438152465207,-10.12236001658319,36.54689899960496
fukui_13,2019-01-13,1547413188000,1.81129318882899,-11.897003417856272,36.55012892249102
fukui_13,2019-01-25,1548449987000,1.2202752827823071,-11.368264937075098,36.5433801861317
fukui_13,2019-02-06,1549486787000,1.3173582026748667,-12.282647688593197,36.54682145327072
fukui_13,2019-02-18,1550523587000,1.7075827499850362,-11.983664408244188,36.54288638171421
fukui_13,2019-03-02,1551560387000,1.1616855632169831,-11.684284183009305,36.54203126684786
fukui_13,2019-03-14,1552597187000,1.8140677401455876,-12.372674565170655,36.55221416953842
fukui_13,2019-03-26,1553633987000,0.8109577550226285,-11.539123522397473,36.54875902344788
fukui_13,2019-04-07,1554670787000,1.6413768886613072,-11.818321645610864,36.54588717951452
fukui_13,2019-04-19,1555707588000,1.3226807332813193,-11.272257821510618,36.541182573315155
fukui_13,2019-05-01,1556744388000,1.0094750969054886,-12.673711546487228,36.54072013436959
fukui_13,2019-05-13,1557781189000,2.632218097271249,-11.98185593267657,36.54953289437194
fukui_13,2019-05-25,1558817989000,1.9594005350474077,-11.643716558196655,36.54831949488515
fukui_13,2019-06-06,1559854790000,1.647929704160725,-11.487963591860979,36.55059589581735
fukui_13,2019-06-18,1560891590000,1.1546031519959252,-11.841283639421423,36.549231386029305
fukui_13,2019-06-30,1561928391000,1.7884447676306126,-11.617130843520423,36.54501652813342
fukui_13,2019-07-12,1562965192000,1.8988120949510239,-9.507400502147942,36.5487975027793
fukui_13,2019-07-24,1564001993000,2.028115468350652,-10.88476435231407,36.55131139265881
fukui_13,2019-08-05,1565038794000,1.8072510568258187,-10.596242012690672,36.550177354079054
fukui_13,2019-08-17,1566075594000,1.9429143532471058,-10.742298065656929,36.54301017374934
fukui_13,2019-08-29,1567112395000,2.4185247278616107,-9.51094328956829,36.54590885533189
fukui_13,2019-09-10,1568149195000,1.6675698577115219,-11.097796202519124,36.54997117362659
fukui_13,2019-09-22,1569185996000,1.2844617357503605,-11.515686034167857,36.54631385716984
fukui_13,2019-10-04,1570222796000,1.7958391002321432,-10.665671675461025,36.54517316135847
fukui_13,2019-10-16,1571259596000,1.1271070063452775,-11.717327541982012,36.54790390216626
fukui_13,2019-10-28,1572296396000,1.3470771746561712,-10.415892120179375,36.54612064195799
fukui_13,2019-11-09,1573333196000,1.8107992756313915,-11.627197355344737,36.545701084584984
fukui_13,2019-11-21,1574369996000,1.6976472310213293,-12.354324827587424,36.548223673388144
fukui_13,2019-12-03,1575406796000,1.5928914595241244,-10.4637511977791,36.54876168664107
fukui_13,2019-12-15,1576443595000,1.5536591555049937,-11.200412499355876,36.543356029011875
fukui_13,2019-12-27,1577480395000,1.8108538441065805,-12.772686053529059,36.540180884787134
fukui_13,2020-01-08,1578517194000,1.2805203171170372,-11.393083272283175,36.54337446486761
fukui_13,2020-01-20,1579553994000,1.636592530961557,-11.686646226624932,36.54747860270265
fukui_13,2020-02-01,1580590793000,1.0836113431118446,-11.17628012294543,36.4743049770467
fukui_13,2020-02-13,1581627593000,1.5944868551970706,-11.903876128947301,36.47416381360291
fukui_13,2020-02-25,1582664393000,1.4775668577793384,-11.278784538271774,36.47310261809619
fukui_13,2020-03-08,1583701193000,1.4288804761880811,-11.560056597819448,36.46921681554467
fukui_13,2020-03-20,1584737993000,1.7449362278388245,-11.312962293540128,36.47343364273695
fukui_13,2020-04-01,1585774793000,1.194838436769344,-13.188705028676443,36.480398849301366
fukui_13,2020-04-13,1586811594000,2.60639776631844,-11.240401509433534,36.47751044065803
fukui_13,2020-04-25,1587848394000,1.879336631574936,-11.596335790296445,36.47187491261997
fukui_13,2020-05-07,1588885195000,2.0654373907659407,-11.738465806579264,36.47501651822958
fukui_13,2020-05-19,1589921995000,2.8146590312208133,-11.366010688298957,36.475451681693144
fukui_13,2020-05-31,1590958796000,2.089271373671406,-12.013649940332604,36.47774206919947
fukui_13,2020-06-12,1591995597000,1.1934166708907818,-11.302978738134716,36.47493970820617
fukui_13,2020-06-24,1593032398000,1.7665158857610141,-11.93749453755261,36.47401747259649
fukui_13,2020-07-06,1594069198000,2.0832568853736575,-11.532932623831,36.47485645096336
fukui_13,2020-07-18,1595105999000,1.9043307399434328,-10.583628532473858,36.475382866290495
fukui_13,2020-07-30,1596142800000,1.818650097508766,-10.497686144725758,36.47216212815212
fukui_13,2020-08-11,1597179600000,2.1337587287414426,-10.159302379987903,36.47492884283849
fukui_13,2020-08-23,1598216401000,1.0219198111370658,-11.748112154659369,36.474221356248506
fukui_13,2020-09-04,1599253202000,1.5680372467708608,-10.335663584656151,36.471198238286775
fukui_13,2020-09-16,1600290002000,1.388588562080582,-11.117737739414311,36.472441603074095
fukui_13,2020-09-28,1601326803000,1.3062519417389962,-9.499953835772386,36.47182273961176
fukui_13,2020-10-10,1602363603000,1.138736704038555,-10.47253303733331,36.47030803053557
fukui_13,2020-10-22,1603400403000,0.8133443770116502,-10.068161497434836,36.47463788342061
fukui_13,2020-11-03,1604437203000,1.8099497334409058,-10.448436843546773,36.468974513208096
fukui_13,2020-11-15,1605474003000,1.2675542056143263,-11.131201753585286,36.46842455280705
fukui_13,2020-11-27,1606510802000,0.5169565689420904,-11.408531715522546,36.4747490631655
fukui_13,2020-12-09,1607547602000,2.4746165700585596,-9.972339334541058,36.472797092286996
fukui_13,2020-12-21,1608584401000,0.25937453853094294,-11.249455212301209,36.47284391312826
fukui_13,2021-01-02,1609621201000,1.6932751716920884,-13.561730034726354,36.46893170172962
fukui_13,2021-01-14,1610658000000,2.8741547315843596,-10.566798313223252,36.46729433882584
fukui_13,2021-01-26,1611694800000,1.6771280923947873,-10.410716744942746,36.46729089547064
fukui_13,2021-02-07,1612731599000,-0.14527764426455583,-12.337251975137905,36.470064720770054
fukui_13,2021-02-19,1613768399000,0.7714883961343648,-9.699382195425814,36.47785669372928
fukui_13,2021-03-03,1614805199000,1.0046931587088546,-10.468290989326169,36.48010164215734
fukui_13,2021-03-15,1615841999000,1.3331310464516313,-10.274817755144039,36.47420754939139
fukui_13,2021-03-27,1616878799000,1.8926031788895308,-10.668791861777557,36.47401003096476
fukui_13,2021-04-08,1617915599000,2.087602639742811,-11.673341581822259,36.477171556148946
fukui_13,2021-04-20,1618952400000,1.4065751173386758,-10.44968732034164,36.477805147000495
fukui_13,2021-05-02,1619989200000,1.5402667430867418,-10.453232800726395,36.47969213406603
fukui_13,2021-05-14,1621026001000,1.9485492037120862,-9.785621601581774,36.476396425863875
fukui_13,2021-05-26,1622062802000,1.5621518664361485,-9.581512066028038,36.473005502265806
fukui_13,2021-06-07,1623099602000,2.0372645131532976,-11.022357015724948,36.47482003084853
fukui_13,2021-06-19,1624136403000,2.12554466291479,-10.700363224750522,36.4772816290416
fukui_13,2021-07-01,1625173204000,2.1361098052469614,-10.410443590408146,36.474906632888256
fukui_13,2021-07-13,1626210005000,1.9814168545712596,-9.211933862679075,36.476953336640605
fukui_13,2021-07-25,1627246805000,1.5642006062413225,-9.760147640981344,36.47846790401635
fukui_13,2021-08-06,1628283606000,1.7431791913454524,-10.185311227533546,36.474243653542196
fukui_13,2021-08-18,1629320407000,1.7777014829833673,-9.752908355300535,36.475879982869905
fukui_13,2021-08-30,1630357207000,1.6273626822742717,-9.962536124592289,36.47654210688624
fukui_13,2021-09-11,1631394008000,0.5818010547771555,-9.894916927903322,36.47317719995173
fukui_13,2021-09-23,1632430808000,0.8904744473025438,-9.31456609198623,36.47091225625748
fukui_13,2021-10-05,1633467608000,0.5388803206705012,-9.992815515868708,36.47067213811184
fukui_13,2021-10-17,1634504409000,0.9877952641998785,-10.11666829375527,36.47036402029291
fukui_13,2021-10-29,1635541208000,1.4762878615408639,-10.078196116269948,36.471886958138526
fukui_13,2021-11-22,1637614808000,1.4100487456082078,-10.57787157650814,36.46919293891315
fukui_13,2021-12-04,1638651607000,1.818334101083481,-11.074973023240839,36.467672755991096
fukui_13,2021-12-16,1639688407000,1.2987386354907497,-11.121276926425631,36.46837423418141
fukui_13,2021-12-28,1640725206000,1.7141252081736083,-9.975224269711076,36.476911884412516
fukui_13,2022-01-09,1641762006000,1.0609507516175243,-10.876818558702608,36.47257972489
fukui_13,2022-01-21,1642798805000,1.731690922488264,-11.112794387477381,36.47049854419849
fukui_13,2022-02-02,1643835604000,1.2160630704359372,-11.557675656274824,36.47449935200274
fukui_13,2022-02-14,1644872405000,1.4452932756517973,-10.405517573270542,36.47007309501921
fukui_13,2022-02-26,1645909204000,1.1835849962498457,-10.823817422751027,36.471576189562626
fukui_13,2022-03-10,1646946004000,1.3879232227565226,-12.37633178306601,36.477273749589024
fukui_13,2022-03-22,1647982805000,0.5378082099847707,-11.355202269549817,36.47584767744744
fukui_13,2022-04-03,1649019605000,1.7330117856177738,-11.06092916939633,36.4730754335145
fukui_13,2022-04-15,1650056405000,1.24006380149702,-11.954126032811825,36.475714421314045
fukui_13,2022-04-27,1651093206000,1.2659982120780926,-11.50822807699654,36.47393000236404
fukui_13,2022-05-09,1652130006000,2.056570135203926,-11.541809220700511,36.47745573872153
fukui_13,2022-05-21,1653166807000,1.380246634103998,-10.196378101394558,36.48070972140527
fukui_13,2022-06-02,1654203608000,0.9085470927026771,-10.74322418244131,36.47474232348768
fukui_13,2022-06-14,1655240409000,2.2100346984825485,-11.099316516099801,36.476106212769636
fukui_13,2022-06-26,1656277210000,1.6931176183201881,-10.480362802537021,36.46993867520724
fukui_13,2022-07-08,1657314010000,1.2132781870393536,-10.139817220362431,36.47502541857092
fukui_13,2022-07-20,1658350811000,1.9039990438080527,-11.361504994814593,36.4761743382593
fukui_13,2022-08-01,1659387612000,1.6071724928119486,-11.45314084786966,36.47472722871646
fukui_13,2022-08-13,1660424413000,2.08562739611559,-11.70888130739942,36.474387774289276
fukui_13,2022-08-25,1661461213000,1.5126024585428586,-11.083663811978147,36.47507203267721
fukui_13,2022-09-06,1662497988000,1.4269279371626842,-11.491081660031757,36.54448135669713
fukui_13,2022-09-18,1663534814000,1.8224512731943219,-10.632982015892665,36.48127976396836
fukui_13,2022-09-30,1664571615000,0.5189570942119676,-9.792706103426871,36.46989144589242
fukui_13,2022-10-12,1665608414000,1.594875159623761,-9.504783128351441,36.47836144773236
fukui_13,2022-10-24,1666645215000,1.2888651992210873,-10.369955715530548,36.471198575662264
fukui_13,2022-11-05,1667682014000,0.3080431453529039,-11.752525035716369,36.47600938324827
fukui_13,2022-11-17,1668718814000,2.0313229678135767,-11.882201074172821,36.47527845151672
fukui_13,2022-11-29,1669755614000,1.5559088777838566,-12.016200117814714,36.47092199825993
fukui_13,2022-12-11,1670792413000,2.1802482217141272,-10.626191724137065,36.46872439261707
fukui_13,2022-12-23,1671829212000,4.864486823728314,-8.288897652679216,36.467489826199504
fukui_13,2023-01-04,1672866012000,0.0518498529331237,-10.57421083929131,36.47276322804179
fukui_13,2023-01-16,1673902811000,1.6178718145306674,-10.177335204572316,36.484858053983544
fukui_13,2023-01-28,1674939611000,-3.423134531896137,-12.673825491690303,36.46796162732109
fukui_13,2023-02-09,1675976410000,1.5051021035928696,-11.087760695012507,36.47627922990099
fukui_13,2023-02-21,1677013210000,0.9463172870121722,-10.860491769195226,36.478424676696996
fukui_13,2023-03-05,1678050010000,0.7643245481007211,-10.881208797325252,36.47050431834791
fukui_13,2023-03-17,1679086810000,2.176831173367147,-11.604946072432487,36.48051658527425
fukui_13,2023-03-29,1680123610000,1.4988967717706114,-10.891944071168556,36.48324393225966
fukui_13,2023-04-10,1681160411000,1.8211248269273175,-11.193703513914597,36.472667010208504
fukui_13,2023-04-22,1682197211000,0.747983409774131,-10.552586180314922,36.47242149558817
fukui_13,2023-05-04,1683234012000,1.8760533426995551,-10.948332005794855,36.470132965903446
fukui_13,2023-05-16,1684270813000,2.1395447931934,-11.190604314848324,36.46893127806888
fukui_13,2023-05-28,1685307613000,0.9617700169904145,-10.440385797804305,36.471155996095305
fukui_13,2023-06-09,1686344413000,2.0591205809626225,-10.799262198456443,36.47955214688686
fukui_13,2023-06-21,1687381214000,2.298611354196498,-11.56450907014869,36.48158659492816
fukui_13,2023-07-03,1688418015000,1.6842867505995511,-9.848451909916207,36.473159634629035
fukui_13,2023-07-15,1689454816000,1.9036542228653066,-10.04030304279817,36.47009617773524
fukui_13,2023-07-27,1690491617000,0.8974859355445568,-9.803601280943823,36.47515671223684
fukui_13,2023-08-08,1691528417000,1.1257810661153373,-10.343375126221392,36.48795239507867
fukui_13,2023-08-20,1692565218000,1.7901571692126772,-9.258794698217779,36.47954998187678
fukui_13,2023-09-01,1693602019000,1.7062179522640821,-10.278312917104932,36.47231576129406
fukui_13,2023-09-13,1694638819000,1.1606410245724177,-10.043239566873398,36.47668341790587
fukui_13,2023-09-25,1695675620000,1.1524988044937452,-10.74277697159378,36.47080998144723
fukui_13,2023-10-07,1696712419000,0.8159641838460261,-9.89584170362341,36.47398121770415
fukui_13,2023-10-19,1697749220000,1.5029709082652063,-10.624606973812396,36.46896316809181
fukui_13,2023-10-31,1698786019000,1.7065899723849816,-9.610859035131345,36.47328320155299
fukui_13,2023-11-12,1699822819000,1.4543121141158823,-11.843668871495915,36.46793735267692
fukui_13,2023-11-24,1700859618000,0.9594099059141645,-10.746239973008505,36.48235069107642
fukui_13,2023-12-06,1701896418000,2.460476140493851,-10.869410444789159,36.475531433596956
fukui_13,2023-12-18,1702933217000,1.7298988924814858,-12.058596510631183,36.47457296647881
fukui_13,2023-12-30,1703970017000,0.7693548925745228,-11.777183545873395,36.47066844775323
fukui_13,2024-01-11,1705006816000,2.0671204385531667,-11.815379284582878,36.46941364484689
fukui_13,2024-01-23,1706043616000,4.466961430672313,-8.185041055951963,36.47171357866531
fukui_13,2024-02-04,1707080415000,2.418374022344189,-10.861161377919823,36.47504602909089
fukui_13,2024-02-16,1708117215000,2.434065340180891,-11.264150000280804,36.47571307944156
fukui_13,2024-02-28,1709154015000,2.423928687850155,-11.1631403645117,36.477136560054056
fukui_13,2024-03-11,1710190815000,1.4132346187137526,-11.16430175406526,36.47622979882382
fukui_13,2024-03-23,1711227616000,2.009909733583459,-11.037450532631828,36.47711380488803
fukui_13,2024-04-04,1712264416000,3.408508836173668,-10.92997601554958,36.475088946882465
fukui_13,2024-04-16,1713301216000,1.7695421716145252,-13.235384514881284,36.475974203214776
fukui_13,2024-04-28,1714338017000,0.5668563263468497,-13.993546035317815,36.47033012972608
fukui_13,2024-05-10,1715374817000,0.7235188995556403,-10.57692155897967,36.464723278072455
fukui_13,2024-05-22,1716411616000,1.0975930289413836,-12.127366740151249,36.465975903653316
fukui_13,2024-06-03,1717448416000,2.3718724198868473,-11.789104745859653,36.4598495337675
fukui_13,2024-06-15,1718485216000,2.020759353329582,-9.866370741121216,36.46032956847303
fukui_13,2024-07-09,1720558815000,1.395007046387481,-10.950182210279529,36.46612663107283
fukui_13,2024-07-21,1721595614000,1.461432040974174,-10.62840777377129,36.46487356740615
fukui_13,2024-08-02,1722632414000,0.9052347634169977,-10.414054665121938,36.46302837035403
fukui_13,2024-08-14,1723669214000,1.6555486968385318,-10.456870748027374,36.47793513640547
fukui_13,2024-08-26,1724706015000,1.830129810768685,-10.401509071572825,36.47405173017599
fukui_13,2024-09-07,1725742815000,3.1316292889785315,-10.22996259261825,36.477003469735116
fukui_13,2024-09-19,1726779615000,1.4532216410148597,-11.01323538433671,36.476916788097384
fukui_13,2024-10-01,1727816415000,2.5536184790000815,-11.090699676436417,36.481046240738564
fukui_13,2024-10-13,1728853216000,1.4378811003181533,-11.810291891554494,36.47312703824814
fukui_13,2024-10-25,1729890015000,2.435135345345567,-12.560334110909661,36.486147480039676
fukui_13,2024-11-06,1730926815000,1.800763602877938,-11.502374071977062,36.473618616212974
fukui_13,2024-11-18,1731963615000,1.036426298467956,-10.877501199525543,36.46733993038916
fukui_13,2024-12-12,1734037213000,1.5882337391111307,-12.242184710557074,36.46586482651108
fukui_13,2024-12-24,1735074012000,2.784207488604176,-9.289755469929005,36.47189173228476
fukui_13,2025-01-05,1736110811000,1.2722227343476056,-10.297910024935955,36.46762575794329
fukui_13,2025-01-17,1737147610000,0.8865807586724818,-11.556391287935744,36.470672368465664
fukui_13,2025-01-29,1738184409000,1.5359352711293097,-12.388836850573796,36.467982203400545
fukui_13,2025-02-10,1739221209000,0.043046111789814094,-10.1815033584541,36.468816093797244
fukui_13,2025-02-22,1740258008000,0.39244970818556635,-10.079905657942962,36.47597542408149
fukui_13,2025-03-06,1741294808000,0.8359091992999151,-9.496024992041693,36.47571343377525
fukui_13,2025-03-18,1742331608000,1.5015197662801996,-10.547174424965446,36.4754330078384
fukui_13,2025-03-30,1743368409000,0.987435077285723,-10.793174178176866,36.466626179065216
fukui_13,2025-04-11,1744405209000,3.1555363100432636,-9.993600013390315,36.477339044115524
fukui_13,2025-04-23,1745442009000,0.48744143056501577,-11.660142029724263,36.47111098035306
fukui_13,2025-05-05,1746478809000,1.0521699027906095,-13.6690422958682,36.468918807553365
fukui_13,2025-05-17,1747515609000,1.2354849010820712,-10.967536276182575,36.46627945340881
fukui_13,2025-05-29,1748552408000,1.25880258320829,-13.467514147782971,36.46141781765172
fukui_13,2025-06-10,1749589208000,2.504049138014614,-13.002490329144239,36.45813678709932
fukui_13,2025-06-22,1750626007000,1.1654015969039047,-10.885757419965296,36.457589993091666
fukui_13,2025-07-04,1751662806000,4.0488721925173845,-12.299151422312585,36.46474170851667
fukui_13,2025-07-16,1752699606000,4.141688260810113,-11.854591168775906,36.4666095546098
fukui_13,2025-07-28,1753736405000,3.2192545821402634,-12.17717703452602,36.46735844109815
fukui_13,2025-08-09,1754773205000,-0.026002600793498063,-11.191449158256981,36.46592429945121
fukui_13,2025-08-21,1755810005000,2.8471642754224646,-12.822758935825055,36.47115483485038
fukui_13,2025-09-02,1756846805000,1.3407776449045394,-12.187158504367954,36.47456854168852
fukui_13,2025-09-14,1757883606000,1.8571975563540357,-10.855702395064101,36.476557935494455
fukui_13,2025-09-26,1758920406000,2.056720253851914,-10.687245123369637,36.47835001872834
fukui_13,2025-10-08,1759957207000,2.012587317703528,-10.036891443606523,36.46613275318996
fukui_13,2025-10-20,1760994006000,1.3601488065094787,-11.32652781505327,36.47276806801447
fukui_13,2025-11-01,1762030806000,0.5946710032241741,-11.341850904630368,36.46891584605753
fukui_13,2025-11-13,1763067605000,1.613537374783547,-10.693322790241453,36.47245980691567
fukui_13,2025-11-25,1764104404000,0.9029156406662034,-9.703964304825872,36.46860115326343
fukui_13,2025-12-07,1765141203000,1.1910093794956875,-11.592036025986877,36.462387698973714
fukui_13,2025-12-19,1766178002000,1.3747163561149744,-11.389678907268573,36.463783143043536
fukui_13,2025-12-31,1767214801000,1.0286367588837078,-11.668465814184293,36.46829473235284
fukui_13,2026-01-12,1768251600000,1.5384584207631218,-11.790604120141522,36.46992497909216
fukui_13,2026-01-24,1769288398000,3.3811266936438957,-12.112325546770876,36.47684411133422
fukui_13,2026-02-17,1771361997000,2.042140511255161,-11.557908480918387,36.472756036550315
fukui_13,2026-03-01,1772398797000,1.3373946671393806,-11.646133212290872,36.47234083857433
fukui_13,2026-03-13,1773435597000,1.4993176184065626,-11.165257895651864,36.47636402686001
fukui_13,2026-03-25,1774472398000,2.951305630964092,-11.374998427284869,36.47561942418101
fukui_13,2026-04-06,1775509198000,3.4728850508569726,-10.665408836034954,36.472339371487266
fukui_13,2026-04-18,1776545998000,2.371046577828422,-10.00391761655388,36.46412378080977
fukui_13,2026-04-30,1777582797000,2.002314765351963,-9.581351878662742,36.462512065731964
fukui_13,2026-05-12,1778619597000,2.794182095186354,-9.973579458688619,36.4642722381217
fukui_14,2017-02-16,1487278774030,5.393336605554842,-5.687055437134487,36.5642840780632
fukui_14,2017-02-28,1488315573000,5.420140764451415,-5.306367205392971,36.562704469294
fukui_14,2017-03-12,1489352374000,4.041505724185066,-5.924771589069198,36.55697440103456
fukui_14,2017-03-24,1490389174380,4.024126472731781,-5.861753338854254,36.56235872492421
fukui_14,2017-04-05,1491425974840,6.124704555232361,-5.8265898722972524,36.56233749332769
fukui_14,2017-04-17,1492462775450,5.835113951092186,-5.094000018690232,36.563284595387834
fukui_14,2017-04-29,1493499575000,4.512581135713141,-6.144273492755251,36.56215207192817
fukui_14,2017-05-11,1494536376000,4.8732199215662915,-6.046639149088959,36.556194882687436
fukui_14,2017-05-23,1495573177000,5.42371605040105,-5.46175664276412,36.55925387772219
fukui_14,2017-06-04,1496609978000,5.941095844673213,-6.517442956433695,36.56088550004242
fukui_14,2017-06-16,1497646778000,5.5362154228339575,-5.328102102158768,36.56456677644148
fukui_14,2017-06-28,1498683579000,5.764632432108192,-5.939329604495632,36.56343496128139
fukui_14,2017-07-10,1499720379000,5.873489418005988,-5.424516489231724,36.56092146062238
fukui_14,2017-07-22,1500757180000,5.631739698632376,-5.555290711920113,36.56140039689864
fukui_14,2017-08-03,1501793981000,5.74037717028328,-5.312716261139669,36.559023403380955
fukui_14,2017-08-15,1502830782000,5.130740084172001,-6.613413589837964,36.56358176623092
fukui_14,2017-08-27,1503867582000,5.514388891463178,-5.807774587234026,36.561283011456325
fukui_14,2017-09-08,1504904382000,5.7188033897303265,-8.147653423035742,36.55924783319131
fukui_14,2017-09-20,1505941183000,5.31304003511761,-8.821399114462642,36.557337380566445
fukui_14,2017-10-02,1506977983000,4.256712189928272,-8.078092539610697,36.56068807479961
fukui_14,2017-10-14,1508014783000,4.34521329933261,-6.645696617551643,36.561939641397416
fukui_14,2017-10-26,1509051584000,4.486085731592931,-3.528777037329491,36.559660085803145
fukui_14,2017-11-07,1510088383000,4.23158977477952,-6.243350673594009,36.55965809045171
fukui_14,2017-11-19,1511125183000,4.051662983522404,-8.11339985428436,36.556973215965655
fukui_14,2017-12-01,1512161983000,6.148043825838715,-7.168582564539069,36.560292346543996
fukui_14,2017-12-13,1513198782000,5.363159470077957,-6.39634392535177,36.56173475145169
fukui_14,2017-12-25,1514235582000,3.3119368792339268,-7.681286536853929,36.56566909201701
fukui_14,2018-01-06,1515272381000,4.9661481768533555,-6.623287753108972,36.560984660259834
fukui_14,2018-01-18,1516309181000,5.574874027409059,-6.566491140115048,36.55546695530459
fukui_14,2018-01-30,1517345980000,5.441148817415782,-6.808059454610342,36.5586325057312
fukui_14,2018-02-11,1518382780000,1.8576285692894923,-7.794451679457436,36.558431197185904
fukui_14,2018-02-23,1519419580000,5.613219483385235,-7.500438040220846,36.566812897676265
fukui_14,2018-03-07,1520456380000,3.818378637819494,-6.934412736517744,36.57079263988541
fukui_14,2018-03-19,1521493180000,4.148794218030282,-7.219705752176438,36.56317008522267
fukui_14,2018-03-31,1522529981000,5.633917841473225,-8.530303277780318,36.559447579513495
fukui_14,2018-04-12,1523566781000,4.774943442430107,-8.04688121330648,36.56181748055431
fukui_14,2018-04-24,1524603582000,9.642067198049642,-6.863078675101021,36.56518795710453
fukui_14,2018-05-06,1525640382000,6.1726169252062615,-8.296708972137859,36.56408514224469
fukui_14,2018-05-18,1526677183000,6.256136527635723,-7.420481196896341,36.56261943820008
fukui_14,2018-05-30,1527713983000,4.6567534702163345,-7.6698235321671255,36.564870501712
fukui_14,2018-06-11,1528750784000,5.812426638775857,-7.468262117003894,36.55849893214339
fukui_14,2018-06-23,1529787585000,5.443958359946015,-6.560154923494177,36.56130521990861
fukui_14,2018-06-29,1530305934000,5.971891814253425,-8.65383938497811,36.593725799332006
fukui_14,2018-07-05,1530824385000,6.350760500888142,-6.6224712091526285,36.569161778819364
fukui_14,2018-07-17,1531861186000,6.449682434543682,-7.416929657025458,36.56442184883884
fukui_14,2018-07-29,1532897988000,6.331954398131605,-8.1657919655811,36.55495098615208
fukui_14,2018-08-10,1533934788000,6.807516762224212,-8.372526884258356,36.559730828623664
fukui_14,2018-08-22,1534971588000,6.1114253034022905,-8.098185620508417,36.56351705343169
fukui_14,2018-09-03,1536008389000,6.778879570051087,-8.599166467162775,36.560380363085166
fukui_14,2018-09-15,1537045189000,6.364653727691531,-8.814818549448448,36.56279739634385
fukui_14,2018-09-27,1538081990000,6.5872593160171995,-7.667017670521678,36.56008892354815
fukui_14,2018-10-09,1539118790000,6.414829782821356,-8.455385968994177,36.558780063433886
fukui_14,2018-10-21,1540155590000,6.198548514336562,-6.971664668363129,36.55983200629571
fukui_14,2018-11-02,1541192390000,6.472371958185603,-7.302021230466704,36.56069610857153
fukui_14,2018-11-14,1542229190000,6.437338984670797,-6.879938502132634,36.55888664769935
fukui_14,2018-11-26,1543265989000,5.89541506608393,-7.334754234332353,36.56022233528768
fukui_14,2018-12-08,1544302789000,5.432586030044686,-7.646972064878633,36.55681012831036
fukui_14,2018-12-20,1545339589000,6.282314233727239,-7.427986883894238,36.55987572557717
fukui_14,2019-01-01,1546376388000,5.5619375060988725,-6.450247377402853,36.5604022085563
fukui_14,2019-01-13,1547413188000,5.500220418989064,-6.4264846404530624,36.56365168850625
fukui_14,2019-01-25,1548449987000,5.447656778012145,-7.314036177922209,36.55690221995056
fukui_14,2019-02-06,1549486787000,6.0315922478041495,-6.762001862226391,36.5603959429237
fukui_14,2019-02-18,1550523587000,6.218713269708052,-6.7119192001180465,36.55638649242074
fukui_14,2019-03-02,1551560387000,5.4576083381204885,-6.6583733780226195,36.555543452530884
fukui_14,2019-03-14,1552597187000,5.41175504389567,-6.177476397539697,36.565735985474426
fukui_14,2019-03-26,1553633987000,6.028458151109008,-7.10524836934934,36.562261795554456
fukui_14,2019-04-07,1554670787000,5.586474067854134,-6.962217631108198,36.55940889206707
fukui_14,2019-04-19,1555707588000,5.947655622397496,-6.1665633086283975,36.554765587146676
fukui_14,2019-05-01,1556744388000,5.158484212321224,-7.868726454753849,36.55426653370353
fukui_14,2019-05-13,1557781189000,5.700574633176845,-7.350330741671053,36.56304836320428
fukui_14,2019-05-25,1558817989000,6.375818760494808,-7.545522306685792,36.56186530526168
fukui_14,2019-06-06,1559854790000,6.881447943530248,-7.982552751462085,36.564141549299805
fukui_14,2019-06-18,1560891590000,6.403536688214479,-7.808904065799427,36.56277739563214
fukui_14,2019-06-30,1561928391000,5.366617284794927,-9.74925254944288,36.55853359515848
fukui_14,2019-07-12,1562965192000,6.449067620594575,-6.503547622236212,36.56234889487051
fukui_14,2019-07-24,1564001993000,6.166701752428508,-5.849771699341548,36.5648731706991
fukui_14,2019-08-05,1565038794000,6.155538739187684,-5.947013345979242,36.56371802329306
fukui_14,2019-08-17,1566075594000,6.084237883782916,-5.5627917625040535,36.55659731373282
fukui_14,2019-08-29,1567112395000,5.7169762121276095,-7.616659041065028,36.55941535148515
fukui_14,2019-09-10,1568149195000,5.9188795993624055,-5.496673312359777,36.56349014830994
fukui_14,2019-09-22,1569185996000,6.884852854119038,-6.24728989187375,36.55987070757358
fukui_14,2019-10-04,1570222796000,5.795287030490211,-7.0118443479310395,36.55874616733784
fukui_14,2019-10-16,1571259596000,5.773901303133649,-5.562101430124426,36.561466594392456
fukui_14,2019-10-28,1572296396000,5.644460552667306,-6.202907310462137,36.55967612374187
fukui_14,2019-11-09,1573333196000,6.206943581461025,-6.032564764643268,36.55927587466559
fukui_14,2019-11-21,1574369996000,6.182644239530111,-5.037732959684159,36.56173657206795
fukui_14,2019-12-03,1575406796000,6.20546175253169,-5.581495541488133,36.56228945969999
fukui_14,2019-12-15,1576443595000,6.256665309732882,-5.426089443837865,36.55688189370561
fukui_14,2019-12-27,1577480395000,5.321779592913344,-5.9035159879551085,36.55368398676353
fukui_14,2020-01-08,1578517194000,6.5400582725009775,-5.75041589362919,36.55691153465667
fukui_14,2020-01-20,1579553994000,5.2876046688043665,-6.126923090635789,36.56099311585807
fukui_14,2020-02-01,1580590793000,5.92224762688624,-6.142637099365322,36.48775463297767
fukui_14,2020-02-13,1581627593000,5.981961916102991,-5.889462518420004,36.48766251271313
fukui_14,2020-02-25,1582664393000,6.599075134758644,-5.878578477108581,36.48655697549005
fukui_14,2020-03-08,1583701193000,5.859212024937716,-6.113159423709745,36.48280608753337
fukui_14,2020-03-20,1584737993000,6.1732283223089786,-5.871915525031446,36.48698877771793
fukui_14,2020-04-01,1585774793000,7.518141783704471,-5.97294732144053,36.49395855775032
fukui_14,2020-04-13,1586811594000,4.649537727393866,-6.6974521741155,36.49099893321161
fukui_14,2020-04-25,1587848394000,6.442924687344249,-5.071761789617984,36.485327431197305
fukui_14,2020-05-07,1588885195000,5.385097955313195,-5.3478459059249435,36.48846386186918
fukui_14,2020-05-19,1589921995000,6.127319565429179,-5.613700751177208,36.48899608377425
fukui_14,2020-05-31,1590958796000,6.223201679194228,-5.587911912722391,36.49119377041853
fukui_14,2020-06-12,1591995597000,5.074798857652756,-5.730149176226866,36.48842996252222
fukui_14,2020-06-24,1593032398000,6.704909471245402,-5.5341888883530705,36.48746585964121
fukui_14,2020-07-06,1594069198000,7.7408671980045085,-5.038349816646315,36.48830076632334
fukui_14,2020-07-18,1595105999000,6.098041993054707,-4.962420097051464,36.48899780442936
fukui_14,2020-07-30,1596142800000,5.404280168234884,-5.978123770131468,36.48577136611937
fukui_14,2020-08-11,1597179600000,7.550412978382988,-5.821050419294953,36.488385631138485
fukui_14,2020-08-23,1598216401000,5.645750778537667,-5.610247742343678,36.48767519627267
fukui_14,2020-09-04,1599253202000,6.403196316205679,-6.136118337425275,36.48464573611652
fukui_14,2020-09-16,1600290002000,6.122253447959009,-5.751946523191126,36.4858908070077
fukui_14,2020-09-28,1601326803000,5.784267455103329,-5.916438264877267,36.48527140842181
fukui_14,2020-10-10,1602363603000,5.859334157999972,-6.324591827817045,36.48376622545788
fukui_14,2020-10-22,1603400403000,7.6388324578627484,-6.340868965877277,36.488153821711606
fukui_14,2020-11-03,1604437203000,6.327876465020109,-7.431862030123746,36.48247212681097
fukui_14,2020-11-15,1605474003000,6.069655276433863,-6.276157400834908,36.48192306950085
fukui_14,2020-11-27,1606510802000,7.744539019505089,-6.626154235138444,36.48819194977155
fukui_14,2020-12-09,1607547602000,6.383084375725205,-6.52580437616948,36.48626222660155
fukui_14,2020-12-21,1608584401000,7.293634812676964,-7.413416473793196,36.486350051407086
fukui_14,2021-01-02,1609621201000,6.328555050085586,-7.258755787736543,36.48237000840219
fukui_14,2021-01-14,1610658000000,6.254642906982788,-6.093965091527567,36.48075648173596
fukui_14,2021-01-26,1611694800000,7.90532797335921,-6.310980617150109,36.480738984767335
fukui_14,2021-02-07,1612731599000,6.774300752302619,-6.647405593729965,36.48351222953104
fukui_14,2021-02-19,1613768399000,5.466675069445449,-6.370594852245688,36.49134865403914
fukui_14,2021-03-03,1614805199000,5.993096891122905,-6.768254332371014,36.49358240258255
fukui_14,2021-03-15,1615841999000,6.130789364494422,-5.866899904511909,36.48765903878076
fukui_14,2021-03-27,1616878799000,6.007870730415375,-5.622706615147055,36.48756141767162
fukui_14,2021-04-08,1617915599000,6.587544323549094,-5.416026212997439,36.490729153894314
fukui_14,2021-04-20,1618952400000,6.343745378194577,-4.518333552034713,36.4912569330918
fukui_14,2021-05-02,1619989200000,6.716205738218431,-5.725279279564489,36.493159582239684
fukui_14,2021-05-14,1621026001000,6.550315780716269,-5.352175918930365,36.48998775270511
fukui_14,2021-05-26,1622062802000,6.211333094592073,-5.439963737213137,36.48654947705423
fukui_14,2021-06-07,1623099602000,5.849028666476375,-5.465889096779375,36.48836953678486
fukui_14,2021-06-19,1624136403000,6.827884555489231,-5.330358586514607,36.49083509948865
fukui_14,2021-07-01,1625173204000,6.581723868504262,-4.735881531192087,36.48837595421168
fukui_14,2021-07-13,1626210005000,6.265975023071605,-5.3325858734471545,36.49050815970914
fukui_14,2021-07-25,1627246805000,5.96294014488792,-5.436053959524946,36.49190566085492
fukui_14,2021-08-06,1628283606000,5.777941250275996,-5.4347651559544845,36.48785833354032
fukui_14,2021-08-18,1629320407000,6.018723307547506,-5.551836952813416,36.489438930654366
fukui_14,2021-08-30,1630357207000,6.654686246008012,-5.8888685631438085,36.49001248932267
fukui_14,2021-09-11,1631394008000,6.203375655437392,-6.088414423323328,36.48668929535947
fukui_14,2021-09-23,1632430808000,6.228496772996444,-6.106363576750717,36.484420010013274
fukui_14,2021-10-05,1633467608000,6.522406508641959,-6.6186336111455,36.484160339278866
fukui_14,2021-10-17,1634504409000,5.796343777587972,-6.8029664760250235,36.48382388972689
fukui_14,2021-10-29,1635541208000,5.972910868109993,-6.095919819501884,36.48539556105068
fukui_14,2021-11-22,1637614808000,5.528255870454368,-6.7225428381085655,36.48275739280737
fukui_14,2021-12-04,1638651607000,5.917872275141649,-7.4019585972415705,36.48111057305199
fukui_14,2021-12-16,1639688407000,8.071824014049497,-7.989779335590033,36.48181871380522
fukui_14,2021-12-28,1640725206000,5.892117122947472,-8.132725553096803,36.49041637623915
fukui_14,2022-01-09,1641762006000,5.123583234532297,-7.630145545442061,36.48608482494954
fukui_14,2022-01-21,1642798805000,5.523013403163629,-8.588071784224296,36.48400217799817
fukui_14,2022-02-02,1643835604000,5.298414861673613,-8.714995135738436,36.48794541623395
fukui_14,2022-02-14,1644872405000,5.513967002580683,-7.812161968162488,36.483515130353624
fukui_14,2022-02-26,1645909204000,5.973924605565552,-7.326084834010308,36.48502767725919
fukui_14,2022-03-10,1646946004000,6.019590939959475,-7.7623938253446045,36.49075432496967
fukui_14,2022-03-22,1647982805000,5.270182156784145,-7.622472281965727,36.489465477825576
fukui_14,2022-04-03,1649019605000,6.20644456168409,-6.237513233635135,36.48669736442112
fukui_14,2022-04-15,1650056405000,6.108345689017652,-8.342362462960534,36.489316985437895
fukui_14,2022-04-27,1651093206000,6.494422210263429,-6.603790627361497,36.48748003268704
fukui_14,2022-05-09,1652130006000,6.4386146214184095,-6.367432482203809,36.490933821788374
fukui_14,2022-05-21,1653166807000,6.075296929701685,-7.442555497921777,36.49419113466326
fukui_14,2022-06-02,1654203608000,6.232062930231897,-6.491795125582235,36.488289591635294
fukui_14,2022-06-14,1655240409000,6.472887586817788,-6.613213360965817,36.489674562023524
fukui_14,2022-06-26,1656277210000,6.092455348702993,-6.196936881425412,36.48354412364413
fukui_14,2022-07-08,1657314010000,6.35621380080779,-5.823074706181712,36.48862410347059
fukui_14,2022-07-20,1658350811000,5.822142135898253,-6.857446511227832,36.48966598223273
fukui_14,2022-08-01,1659387612000,5.7194630419432695,-6.316136292807405,36.488307372630366
fukui_14,2022-08-13,1660424413000,5.609745374447273,-6.081560791101099,36.48798291851533
fukui_14,2022-08-25,1661461213000,6.206740982040835,-6.320287302872074,36.488674161932686
fukui_14,2022-09-06,1662497988000,5.954766568118194,-6.945649494542339,36.558086474752606
fukui_14,2022-09-18,1663534814000,6.2984602340344,-6.815725689065685,36.49471357417484
fukui_14,2022-09-30,1664571615000,6.451677957308087,-5.834118104907579,36.483393857576175
fukui_14,2022-10-12,1665608414000,5.861734856234249,-7.001044919118905,36.49187694728507
fukui_14,2022-10-24,1666645215000,6.163529992439684,-6.2211915686402195,36.48479021278614
fukui_14,2022-11-05,1667682014000,5.968271539365742,-6.374778522269817,36.489481988283686
fukui_14,2022-11-17,1668718814000,6.047955899161725,-7.553650941081189,36.48875036987602
fukui_14,2022-11-29,1669755614000,7.114545462663619,-7.856403130605159,36.48436650869527
fukui_14,2022-12-11,1670792413000,6.02528196764788,-7.713341507131212,36.48225992980318
fukui_14,2022-12-23,1671829212000,8.970911138100657,-4.511494563681808,36.48096818801836
fukui_14,2023-01-04,1672866012000,5.4744749340959205,-8.367735541392575,36.48627673677239
fukui_14,2023-01-16,1673902811000,5.82106645257938,-7.699408073745156,36.498372279831955
fukui_14,2023-01-28,1674939611000,4.814272490751051,-6.962881950528368,36.48142803366394
fukui_14,2023-02-09,1675976410000,5.815268205808959,-7.150083725611781,36.48973882891924
fukui_14,2023-02-21,1677013210000,6.093243634788374,-7.682508458411905,36.491913535979215
fukui_14,2023-03-05,1678050010000,5.379609982843308,-7.642399401250917,36.4840937220903
fukui_14,2023-03-17,1679086810000,6.75411718701003,-7.989331880255529,36.49396466177992
fukui_14,2023-03-29,1680123610000,6.313371679460783,-6.889369200195093,36.49671111011339
fukui_14,2023-04-10,1681160411000,6.130967177251915,-7.016471314931044,36.48624057387454
fukui_14,2023-04-22,1682197211000,6.4498456246127756,-8.424616064843587,36.48591924424673
fukui_14,2023-05-04,1683234012000,6.152937031291873,-6.9137238408549315,36.48368343046231
fukui_14,2023-05-16,1684270813000,6.460455635065864,-6.65651298942001,36.48247485319494
fukui_14,2023-05-28,1685307613000,8.722128410998877,-5.1132498996948055,36.48470627464466
fukui_14,2023-06-09,1686344413000,6.361686344528915,-7.085525424577753,36.49303326476364
fukui_14,2023-06-21,1687381214000,7.055380978274177,-7.442463931232631,36.495027832825386
fukui_14,2023-07-03,1688418015000,6.03077105858033,-6.225134124285501,36.486693232081976
fukui_14,2023-07-15,1689454816000,7.00705164602819,-8.31772143764626,36.48369298181574
fukui_14,2023-07-27,1690491617000,6.9245363812465435,-9.552577380613965,36.48870683802516
fukui_14,2023-08-08,1691528417000,6.623837659256768,-8.483640447863626,36.50138032924085
fukui_14,2023-08-20,1692565218000,7.040266132035354,-8.03311788244447,36.4930925900803
fukui_14,2023-09-01,1693602019000,6.607254286565457,-9.273995946843192,36.48588440234123
fukui_14,2023-09-13,1694638819000,7.107260833565075,-8.892630239952107,36.490194407893455
fukui_14,2023-09-25,1695675620000,6.071749591571705,-8.946277487461717,36.4843502517574
fukui_14,2023-10-07,1696712419000,6.994427585360065,-7.897240326632458,36.48742880981014
fukui_14,2023-10-19,1697749220000,6.939525983467881,-7.6326480360875255,36.4824426701979
fukui_14,2023-10-31,1698786019000,6.9954040528791275,-7.302470835309623,36.48679170916158
fukui_14,2023-11-12,1699822819000,6.235372447532439,-8.045638930480678,36.48144759486242
fukui_14,2023-11-24,1700859618000,6.519557422720126,-7.28636410600795,36.49586156343259
fukui_14,2023-12-06,1701896418000,6.90006026034016,-7.252184168005685,36.488979973647524
fukui_14,2023-12-18,1702933217000,6.226629141832768,-7.413050306562324,36.488011564070504
fukui_14,2023-12-30,1703970017000,5.386420214325095,-7.407323407232668,36.48428671511064
fukui_14,2024-01-11,1705006816000,5.5280076572118615,-6.79371220586083,36.48288290440436
fukui_14,2024-01-23,1706043616000,8.310285169879243,-6.943572693513071,36.48516533161163
fukui_14,2024-02-04,1707080415000,5.672072558789696,-6.561142672142712,36.48849985742059
fukui_14,2024-02-16,1708117215000,5.455737371814674,-6.6472231907789885,36.4891599816855
fukui_14,2024-02-28,1709154015000,5.821365604933637,-6.269097434606224,36.49075596282128
fukui_14,2024-03-11,1710190815000,7.310401738124661,-7.126033801559437,36.48978163674011
fukui_14,2024-03-23,1711227616000,6.934218141694335,-7.042552320386385,36.490648876277646
fukui_14,2024-04-04,1712264416000,6.199513863527365,-5.683214138783887,36.48863289115079
fukui_14,2024-04-16,1713301216000,7.092524952281495,-7.339271562124943,36.48946095056813
fukui_14,2024-04-28,1714338017000,6.554882752832909,-7.455224597327032,36.483915299780584
fukui_14,2024-05-10,1715374817000,6.255454107325399,-7.379822549026328,36.4782995780607
fukui_14,2024-05-22,1716411616000,6.661756643284173,-7.4567981431269885,36.47953537744033
fukui_14,2024-06-03,1717448416000,6.507323157454266,-7.698340355148629,36.47342188977668
fukui_14,2024-06-15,1718485216000,6.443561287072442,-7.683384045413106,36.47392173796024
fukui_14,2024-07-09,1720558815000,7.088395047275915,-7.455243356304557,36.479716986824386
fukui_14,2024-07-21,1721595614000,6.449853280008173,-7.463218981160834,36.47845394186777
fukui_14,2024-08-02,1722632414000,6.22478048113822,-8.377570382631292,36.47661460798786
fukui_14,2024-08-14,1723669214000,5.7196905601655645,-8.90650228495007,36.49155109320999
fukui_14,2024-08-26,1724706015000,6.465258271264439,-6.217451126442021,36.48760057433202
fukui_14,2024-09-07,1725742815000,6.290623380737975,-6.455096804396143,36.49058677822559
fukui_14,2024-09-19,1726779615000,5.685264223638915,-4.812580800754144,36.4904538366343
fukui_14,2024-10-01,1727816415000,6.028939974649952,-4.773983572468408,36.494493206875035
fukui_14,2024-10-13,1728853216000,5.998487643848193,-4.891991940772215,36.48659198336278
fukui_14,2024-10-25,1729890015000,6.034075466427871,-5.0337516971269975,36.49960375059731
fukui_14,2024-11-06,1730926815000,5.744419944192411,-5.640887459783055,36.487054492765154
fukui_14,2024-11-18,1731963615000,4.6574874088701685,-5.46171863388022,36.480896240454946
fukui_14,2024-12-12,1734037213000,5.2074587932001934,-6.50067599694914,36.47947848181009
fukui_14,2024-12-24,1735074012000,5.143193267186268,-5.36943614858374,36.48535130106251
fukui_14,2025-01-05,1736110811000,6.029342177561989,-6.292345145535202,36.48107582709144
fukui_14,2025-01-17,1737147610000,6.137044183917207,-6.360710961096329,36.48413190858185
fukui_14,2025-01-29,1738184409000,6.31867984395311,-6.416202517831031,36.48157309633075
fukui_14,2025-02-10,1739221209000,4.693644177986016,-6.070250434516337,36.48242550193453
fukui_14,2025-02-22,1740258008000,5.861062802148247,-6.0693257489919725,36.48942626990939
fukui_14,2025-03-06,1741294808000,5.843129950978619,-6.545248067194976,36.48915847007365
fukui_14,2025-03-18,1742331608000,6.81234345541558,-5.847312319989677,36.488863213382544
fukui_14,2025-03-30,1743368409000,6.311552877205598,-5.878317868411828,36.48022804965267
fukui_14,2025-04-11,1744405209000,5.602608020411852,-6.023605868131333,36.49091051166299
fukui_14,2025-04-23,1745442009000,5.071054495073208,-6.369895543716924,36.484670423004545
fukui_14,2025-05-05,1746478809000,6.496123928098033,-5.822336097938934,36.4824594007763
fukui_14,2025-05-17,1747515609000,6.563324281797582,-6.005566891860189,36.479824354636726
fukui_14,2025-05-29,1748552408000,5.148999936908549,-6.302366553400691,36.4749699539503
fukui_14,2025-06-10,1749589208000,5.527102437771386,-6.42128435231652,36.47168079548744
fukui_14,2025-06-22,1750626007000,11.579697331078396,-6.538528368036217,36.471164393037064
fukui_14,2025-07-04,1751662806000,3.985713880057382,-6.3381864748652905,36.47835791039893
fukui_14,2025-07-16,1752699606000,4.200377237756299,-5.074129754474946,36.48021010626475
fukui_14,2025-07-28,1753736405000,5.173705016623351,-6.317416197999062,36.48097546927102
fukui_14,2025-08-09,1754773205000,5.175692923296228,-7.803025773977901,36.47948365683083
fukui_14,2025-08-21,1755810005000,4.4685275147394385,-7.757707835540825,36.4847451417508
fukui_14,2025-09-02,1756846805000,5.05041893960852,-8.771881239838793,36.48802829314327
fukui_14,2025-09-14,1757883606000,8.382368592900045,-7.719657591413742,36.49016359201436
fukui_14,2025-09-26,1758920406000,4.542903290896783,-7.366452360587507,36.49182155335365
fukui_14,2025-10-08,1759957207000,6.260860556088431,-8.004407269387547,36.47968371420051
fukui_14,2025-10-20,1760994006000,6.70072826529411,-8.028747560263115,36.48630630832841
fukui_14,2025-11-01,1762030806000,6.820948146251784,-7.323735583884231,36.48243201209052
fukui_14,2025-11-13,1763067605000,6.249633907326479,-6.6547157952845,36.48588877723872
fukui_14,2025-11-25,1764104404000,9.546544300004296,-5.093354715999818,36.482140775555415
fukui_14,2025-12-07,1765141203000,5.951295885112481,-6.608773117417895,36.47593150497943
fukui_14,2025-12-19,1766178002000,5.733115090183577,-6.7128185250790935,36.47733425564235
fukui_14,2025-12-31,1767214801000,5.556105726154919,-6.830509808964503,36.481844422477984
fukui_14,2026-01-12,1768251600000,6.573174155939861,-6.911554090709999,36.48353508681986
fukui_14,2026-01-24,1769288398000,9.73942857131646,-6.1900661343931365,36.49036414396165
fukui_14,2026-02-17,1771361997000,5.9386032475313835,-6.195276744963076,36.48631693332348
fukui_14,2026-03-01,1772398797000,6.504178508627737,-6.440589546903117,36.48595086986015
fukui_14,2026-03-13,1773435597000,6.229099764483675,-6.778900565694993,36.48991635112641
fukui_14,2026-03-25,1774472398000,6.553191427605895,-6.621433960964975,36.48911914384296
fukui_14,2026-04-06,1775509198000,6.4040662114528955,-7.436471124237083,36.48587818270539
fukui_14,2026-04-18,1776545998000,9.252651944359231,-7.334735639227066,36.47768669450413
fukui_14,2026-04-30,1777582797000,6.204596047418663,-7.9206728828363415,36.47610806829839
fukui_14,2026-05-12,1778619597000,5.950109101288032,-8.65973700976519,36.47788361005233
fukui_15,2017-02-16,1487278774030,3.012886995309857,-10.523172571774236,36.55445797671298
fukui_15,2017-02-28,1488315573000,4.264150736981889,-10.23520841680917,36.55287508226277
fukui_15,2017-03-12,1489352374000,5.271277838219014,-10.361927208988376,36.54711359705278
fukui_15,2017-03-24,1490389174380,5.403314320094834,-9.454681440202297,36.55245213053806
fukui_15,2017-04-05,1491425974840,4.662910063414345,-11.930130227866849,36.55242296162217
fukui_15,2017-04-17,1492462775450,3.9581716950576054,-10.506419350055642,36.55339410155826
fukui_15,2017-04-29,1493499575000,4.543008655995996,-11.640313545432516,36.552302098161846
fukui_15,2017-05-11,1494536376000,4.354742200726355,-10.224999138262508,36.546358306551234
fukui_15,2017-05-23,1495573177000,5.36381766253959,-10.655677800173208,36.54937339131586
fukui_15,2017-06-04,1496609978000,4.758216879854989,-9.256531907781627,36.550995884032766
fukui_15,2017-06-16,1497646778000,4.737514251484778,-9.955542499170756,36.554731960791734
fukui_15,2017-06-28,1498683579000,4.308899828027988,-9.533584347872022,36.553543094616025
fukui_15,2017-07-10,1499720379000,5.023680548409819,-10.259458727659965,36.55102327703807
fukui_15,2017-07-22,1500757180000,5.3194384896130495,-9.915990710917578,36.55155108189594
fukui_15,2017-08-03,1501793981000,4.525558447730413,-10.031149321790314,36.549106069901455
fukui_15,2017-08-15,1502830782000,4.411301270514353,-9.741628916809155,36.553704027025475
fukui_15,2017-08-27,1503867582000,4.108906092207876,-10.43207993705792,36.551380376244964
fukui_15,2017-09-08,1504904382000,4.871610054838446,-9.446406111729958,36.549325337185145
fukui_15,2017-09-20,1505941183000,4.242953974437623,-8.740263683801214,36.547450024066116
fukui_15,2017-10-02,1506977983000,3.521903691816075,-10.876057050766343,36.550848071080104
fukui_15,2017-10-14,1508014783000,4.266448607352599,-9.558792464138746,36.552089291463865
fukui_15,2017-10-26,1509051584000,3.8460800899558367,-9.704219650904951,36.54978022439811
fukui_15,2017-11-07,1510088383000,4.383796804895957,-8.997122585347533,36.549830112476286
fukui_15,2017-11-19,1511125183000,4.357550047027647,-9.369583884238342,36.54704591138157
fukui_15,2017-12-01,1512161983000,3.387566224513277,-9.554410223836541,36.550405997990055
fukui_15,2017-12-13,1513198782000,3.965061523390492,-10.042510178448634,36.551892731870915
fukui_15,2017-12-25,1514235582000,3.804918045888575,-13.891308904833503,36.5558180324724
fukui_15,2018-01-06,1515272381000,4.186223361497049,-12.719692339910523,36.551146141299206
fukui_15,2018-01-18,1516309181000,3.468032093683561,-11.519454054764793,36.545540789239496
fukui_15,2018-01-30,1517345980000,3.80519341643244,-11.753092983292976,36.54874472141025
fukui_15,2018-02-11,1518382780000,0.27024337360182543,-11.592178336523304,36.54854472406309
fukui_15,2018-02-23,1519419580000,4.6102705082776865,-10.730443124429986,36.55695586341107
fukui_15,2018-03-07,1520456380000,4.197898574379191,-10.124657281844724,36.56096201644016
fukui_15,2018-03-19,1521493180000,4.779282462114278,-10.662182147956177,36.55324611748926
fukui_15,2018-03-31,1522529981000,4.98092541186683,-9.709007109492859,36.549580511742406
fukui_15,2018-04-12,1523566781000,4.579109885505538,-10.99050747160832,36.55190884369925
fukui_15,2018-04-24,1524603582000,4.589515160655373,-9.092145510509118,36.555338683302246
fukui_15,2018-05-06,1525640382000,4.422312767740283,-9.788476824940554,36.55423113224853
fukui_15,2018-05-18,1526677183000,3.4525417553381192,-9.671360480780288,36.55274689106045
fukui_15,2018-05-30,1527713983000,4.147880341793707,-10.427945999997494,36.554945519870344
fukui_15,2018-06-11,1528750784000,2.681088083522176,-11.064484984379067,36.54862024389684
fukui_15,2018-06-23,1529787585000,4.07452603220045,-10.04727045051239,36.551453686565864
fukui_15,2018-06-29,1530305934000,4.018574786606506,-9.159051023994982,36.58383534805908
fukui_15,2018-07-05,1530824385000,3.580828125014269,-9.574351887419754,36.55923791265761
fukui_15,2018-07-17,1531861186000,4.3622742400479835,-11.012960718390373,36.554586061116936
fukui_15,2018-07-29,1532897988000,3.9576702801844243,-10.527149737387413,36.54509145125602
fukui_15,2018-08-10,1533934788000,4.169164871485549,-12.674534190980923,36.549887962739255
fukui_15,2018-08-22,1534971588000,4.267615603744387,-12.946515683586549,36.553669673099755
fukui_15,2018-09-03,1536008389000,4.4700594086272325,-10.888409687315896,36.55052494237861
fukui_15,2018-09-15,1537045189000,5.409474411025219,-12.273156286650808,36.55291465413772
fukui_15,2018-09-27,1538081990000,4.4020447346339076,-10.925705369353528,36.55023428863882
fukui_15,2018-10-09,1539118790000,4.609261673604883,-12.691659852894508,36.548923840953655
fukui_15,2018-10-21,1540155590000,5.031545194783385,-11.378984929101897,36.549950748082864
fukui_15,2018-11-02,1541192390000,4.192614259286872,-10.401633487710875,36.550847033156245
fukui_15,2018-11-14,1542229190000,5.0154962469413045,-10.605423253799449,36.54896127645985
fukui_15,2018-11-26,1543265989000,4.904596200264682,-10.919227809478562,36.55034597889931
fukui_15,2018-12-08,1544302789000,4.721506733098095,-11.70165709983811,36.546955811250434
fukui_15,2018-12-20,1545339589000,5.3795552352046725,-11.519854798583632,36.549961746227176
fukui_15,2019-01-01,1546376388000,3.298765669539169,-11.126594428030185,36.550559833963476
fukui_15,2019-01-13,1547413188000,5.360483425060639,-11.523775470051275,36.55375901729543
fukui_15,2019-01-25,1548449987000,4.304685676338878,-10.666221922830392,36.54705054241676
fukui_15,2019-02-06,1549486787000,4.825614241962528,-11.036987207939719,36.55049926927773
fukui_15,2019-02-18,1550523587000,3.4706134150542773,-10.599429394809418,36.5465577270417
fukui_15,2019-03-02,1551560387000,4.653510782422428,-11.511447051279728,36.545704873085015
fukui_15,2019-03-14,1552597187000,4.66262739662651,-12.268564955681049,36.55588460595671
fukui_15,2019-03-26,1553633987000,4.1445044428474205,-11.996012676965426,36.55243296762572
fukui_15,2019-04-07,1554670787000,4.988478305831677,-12.28071972544681,36.54955351119294
fukui_15,2019-04-19,1555707588000,5.262163316271058,-11.597421530789136,36.54482793595425
fukui_15,2019-05-01,1556744388000,4.919564835078614,-11.96346183235698,36.544387337945146
fukui_15,2019-05-13,1557781189000,4.314867095152335,-11.45439560708249,36.55321582174159
fukui_15,2019-05-25,1558817989000,4.521320825507088,-10.92899326611833,36.552000461607626
fukui_15,2019-06-06,1559854790000,4.021661611893571,-11.263656798083003,36.554270052033814
fukui_15,2019-06-18,1560891590000,3.9313439354565647,-11.842680839558685,36.55289199738184
fukui_15,2019-06-30,1561928391000,3.340727494174882,-10.535038858658213,36.54869147127803
fukui_15,2019-07-12,1562965192000,4.169376796191156,-11.562240444105312,36.55245400767404
fukui_15,2019-07-24,1564001993000,4.5172543384764525,-11.24676520441084,36.554971690168344
fukui_15,2019-08-05,1565038794000,4.511499218129441,-12.946561997374882,36.55384110685567
fukui_15,2019-08-17,1566075594000,4.540413365634389,-10.767811134866369,36.546659086056415
fukui_15,2019-08-29,1567112395000,4.0527419043022865,-11.854562395909012,36.54958621051066
fukui_15,2019-09-10,1568149195000,3.7053562435908116,-10.838135096102645,36.55364719440876
fukui_15,2019-09-22,1569185996000,3.89404816175737,-10.69029248901728,36.54994687537104
fukui_15,2019-10-04,1570222796000,4.119938096907356,-10.878362311775067,36.548810561714426
fukui_15,2019-10-16,1571259596000,4.275348669307781,-12.362542567449186,36.551584162741705
fukui_15,2019-10-28,1572296396000,3.9606469725760913,-11.121690159376366,36.549770963337245
fukui_15,2019-11-09,1573333196000,5.376216201417951,-12.595713909757333,36.549358463761806
fukui_15,2019-11-21,1574369996000,5.138835326655294,-11.98472635654965,36.55190766100256
fukui_15,2019-12-03,1575406796000,5.085479560051498,-11.665066957583866,36.55240297150193
fukui_15,2019-12-15,1576443595000,5.428754141196871,-12.474239537577843,36.54703733319079
fukui_15,2019-12-27,1577480395000,4.95886444332331,-11.578800550455648,36.5438318767486
fukui_15,2020-01-08,1578517194000,5.012988290205624,-11.670415617569532,36.54700634740924
fukui_15,2020-01-20,1579553994000,4.371341931517192,-11.91481806644379,36.55114280764826
fukui_15,2020-02-01,1580590793000,5.189478229928638,-11.787169421878762,36.47786156246043
fukui_15,2020-02-13,1581627593000,4.48565734446179,-12.506014605274244,36.47772731066873
fukui_15,2020-02-25,1582664393000,5.049118609328869,-12.385521771394233,36.476638553672025
fukui_15,2020-03-08,1583701193000,4.806611566774227,-12.01064334178847,36.47295314748024
fukui_15,2020-03-20,1584737993000,5.175436626418338,-11.832792818242966,36.47713603640902
fukui_15,2020-04-01,1585774793000,4.387306834089135,-11.307207528499683,36.48408711655695
fukui_15,2020-04-13,1586811594000,3.961712622865997,-11.997156808075639,36.481041926558945
fukui_15,2020-04-25,1587848394000,5.368677683471798,-11.274151939051976,36.47544292987337
fukui_15,2020-05-07,1588885195000,4.219478094721001,-12.190156115128964,36.478557983536135
fukui_15,2020-05-19,1589921995000,4.383445714741743,-10.727199399075657,36.479176203252415
fukui_15,2020-05-31,1590958796000,4.355533045141918,-12.244844844892908,36.48130907303884
fukui_15,2020-06-12,1591995597000,3.337689108039164,-9.961312410809315,36.478487396240226
fukui_15,2020-06-24,1593032398000,3.860115853815069,-11.85735343897772,36.477596248839944
fukui_15,2020-07-06,1594069198000,3.3193305008785647,-10.682478167646655,36.478436159081845
fukui_15,2020-07-18,1595105999000,3.7891195504132695,-10.613216995812431,36.479123135205384
fukui_15,2020-07-30,1596142800000,4.114813904898106,-11.223441706302498,36.47588565274962
fukui_15,2020-08-11,1597179600000,3.603697781276997,-11.637227792647176,36.4784627365503
fukui_15,2020-08-23,1598216401000,4.295116128188221,-12.020776775778783,36.47778614438553
fukui_15,2020-09-04,1599253202000,3.7906456383926463,-10.666530403663165,36.47476323887372
fukui_15,2020-09-16,1600290002000,4.018689670370434,-10.951727081930667,36.47600392365509
fukui_15,2020-09-28,1601326803000,4.605717769125028,-10.349132808567093,36.475381168108136
fukui_15,2020-10-10,1602363603000,3.840486073291152,-10.462844769227386,36.47388371549972
fukui_15,2020-10-22,1603400403000,2.9129435409315123,-10.951409318136282,36.47818311512897
fukui_15,2020-11-03,1604437203000,4.064379986639584,-9.886691054399147,36.4725396589282
fukui_15,2020-11-15,1605474003000,4.118402816634826,-10.726332688169679,36.47198619383555
fukui_15,2020-11-27,1606510802000,3.5183193277661853,-11.503311094484696,36.478316374268296
fukui_15,2020-12-09,1607547602000,4.821497749772233,-10.859402520951686,36.47637014462524
fukui_15,2020-12-21,1608584401000,3.8100465587927714,-11.1875586924576,36.476418751180695
fukui_15,2021-01-02,1609621201000,4.414009750206628,-10.753556165639491,36.472483866872494
fukui_15,2021-01-14,1610658000000,4.206568049472402,-10.048354865938641,36.470865031502356
fukui_15,2021-01-26,1611694800000,4.514073379199253,-10.408478019056965,36.47082828084038
fukui_15,2021-02-07,1612731599000,3.595780581820385,-12.51985951956066,36.47363319520118
fukui_15,2021-02-19,1613768399000,4.292745615618301,-11.051154726556895,36.48140131312477
fukui_15,2021-03-03,1614805199000,4.601739487283447,-11.455679447144353,36.48362994595725
fukui_15,2021-03-15,1615841999000,3.535306266675122,-11.209819052232243,36.47776600309562
fukui_15,2021-03-27,1616878799000,5.305849358461318,-10.60407530048333,36.47774576874651
fukui_15,2021-04-08,1617915599000,5.25729732401146,-10.623154408831178,36.48089563616317
fukui_15,2021-04-20,1618952400000,4.5671019498139875,-10.757524307344804,36.48136980435022
fukui_15,2021-05-02,1619989200000,5.288165216789977,-10.519861819479264,36.483259670865884
fukui_15,2021-05-14,1621026001000,4.883473223308146,-10.816007321432153,36.480108878261426
fukui_15,2021-05-26,1622062802000,4.953895966624019,-10.70148602059594,36.476742842970786
fukui_15,2021-06-07,1623099602000,4.622096248120344,-11.886413578249309,36.47854752260373
fukui_15,2021-06-19,1624136403000,3.6772291028800854,-9.19023598027905,36.481006020043516
fukui_15,2021-07-01,1625173204000,4.411071566777226,-10.832219489656671,36.478448343925315
fukui_15,2021-07-13,1626210005000,4.6969682168099975,-9.444147938061246,36.48067510681995
fukui_15,2021-07-25,1627246805000,4.5093050201069795,-10.992150819030815,36.482014016465484
fukui_15,2021-08-06,1628283606000,4.884149567738529,-10.634817971111925,36.47794748240896
fukui_15,2021-08-18,1629320407000,4.279522951512351,-9.691244120993911,36.479602105439035
fukui_15,2021-08-30,1630357207000,4.19575319000793,-9.86174331336123,36.48011967062447
fukui_15,2021-09-11,1631394008000,4.375210651349113,-8.588958888484644,36.47675122026467
fukui_15,2021-09-23,1632430808000,4.2615954170683334,-8.508646519844069,36.47447435267943
fukui_15,2021-10-05,1633467608000,3.794335939398896,-10.637829415525744,36.47424623535368
fukui_15,2021-10-17,1634504409000,3.520793401144542,-9.346232339975979,36.47390360077557
fukui_15,2021-10-29,1635541208000,4.268879920463582,-10.901272176514073,36.47547319632162
fukui_15,2021-11-22,1637614808000,4.029417329003987,-11.992303067736135,36.472871858753514
fukui_15,2021-12-04,1638651607000,4.415055203357762,-11.677591678307403,36.471202903868
fukui_15,2021-12-16,1639688407000,3.409189109520648,-11.24210578666041,36.47195773959218
fukui_15,2021-12-28,1640725206000,4.043394919692189,-12.279867619907181,36.48045809665626
fukui_15,2022-01-09,1641762006000,3.6569234560642117,-11.99121077009335,36.476114364929266
fukui_15,2022-01-21,1642798805000,3.8804808575900642,-12.325819198733766,36.47403066270818
fukui_15,2022-02-02,1643835604000,4.534176870752139,-11.335514696980114,36.47807031186673
fukui_15,2022-02-14,1644872405000,3.2927084159275553,-12.290680083101558,36.47362953072445
fukui_15,2022-02-26,1645909204000,3.057289111784883,-11.134779878224068,36.475101161440286
fukui_15,2022-03-10,1646946004000,3.993210089098577,-10.920547596068545,36.48081587236212
fukui_15,2022-03-22,1647982805000,4.242048428406339,-11.0409796498722,36.4795846946188
fukui_15,2022-04-03,1649019605000,4.175985662986195,-11.529715534616095,36.476788576577874
fukui_15,2022-04-15,1650056405000,3.831722184493752,-12.4183770053352,36.479436851626645
fukui_15,2022-04-27,1651093206000,4.106011224287857,-12.378957470227165,36.47766846119618
fukui_15,2022-05-09,1652130006000,4.232147180912327,-12.541925725588873,36.48103565555987
fukui_15,2022-05-21,1653166807000,3.6623393729184786,-12.091277411640885,36.484251243638674
fukui_15,2022-06-02,1654203608000,3.6788270710371567,-12.111966290382254,36.478464927663886
fukui_15,2022-06-14,1655240409000,3.7096714451903847,-11.239612358339455,36.47983529490044
fukui_15,2022-06-26,1656277210000,3.861795753346101,-12.39807029508414,36.47365394588494
fukui_15,2022-07-08,1657314010000,3.5659438488242867,-11.628410015824556,36.47873802424373
fukui_15,2022-07-20,1658350811000,3.9515540309128094,-11.046729848189752,36.47975284837047
fukui_15,2022-08-01,1659387612000,3.736946856624421,-10.555710205150907,36.4784434485057
fukui_15,2022-08-13,1660424413000,2.3474344201779576,-12.24485942026211,36.47811617820431
fukui_15,2022-08-25,1661461213000,3.4553943281923596,-11.733991517487526,36.47878297720154
fukui_15,2022-09-06,1662497988000,3.323428030762015,-12.327807207139891,36.548247813212036
fukui_15,2022-09-18,1663534814000,4.830302308675757,-11.06547741258686,36.48481434591142
fukui_15,2022-09-30,1664571615000,4.454577003795292,-10.217057576655503,36.473464451447185
fukui_15,2022-10-12,1665608414000,3.919842685240228,-10.380406149383159,36.48190521187172
fukui_15,2022-10-24,1666645215000,4.224714161204567,-11.164765983785346,36.47490029715263
fukui_15,2022-11-05,1667682014000,4.238514722159509,-11.198654259614957,36.479569106184805
fukui_15,2022-11-17,1668718814000,3.470966464179462,-11.38748318364951,36.47883326435926
fukui_15,2022-11-29,1669755614000,3.0400543525443022,-12.180231756328274,36.47448319597207
fukui_15,2022-12-11,1670792413000,3.924030266817286,-10.882646301487286,36.47244350427658
fukui_15,2022-12-23,1671829212000,4.619144073151983,-10.155747820031987,36.47101370509284
fukui_15,2023-01-04,1672866012000,4.521236699943081,-11.409355083085652,36.47633679409059
fukui_15,2023-01-16,1673902811000,3.528476660045918,-11.320244177101907,36.488438765286574
fukui_15,2023-01-28,1674939611000,0.30204426923515515,-14.108664102975046,36.47148184845413
fukui_15,2023-02-09,1675976410000,3.5068269437913284,-11.4860850282093,36.47985062881067
fukui_15,2023-02-21,1677013210000,3.391530206801233,-11.34372835234578,36.481957373068006
fukui_15,2023-03-05,1678050010000,4.4077774247733545,-11.38715105209099,36.474242730832714
fukui_15,2023-03-17,1679086810000,2.539389580439702,-11.970260250800644,36.484081587532074
fukui_15,2023-03-29,1680123610000,4.354281662982284,-11.25983879182949,36.48680687189518
fukui_15,2023-04-10,1681160411000,3.895404844987151,-10.940077445384967,36.47638371721584
fukui_15,2023-04-22,1682197211000,4.547752133227016,-10.52297120387372,36.47599022438178
fukui_15,2023-05-04,1683234012000,4.970708138728183,-11.652131880228444,36.47383324365105
fukui_15,2023-05-16,1684270813000,3.411688773139711,-12.107930687855639,36.4726338533273
fukui_15,2023-05-28,1685307613000,3.927756222265225,-11.677307690986769,36.4748747363572
fukui_15,2023-06-09,1686344413000,4.27643609949041,-11.187470788263001,36.483105900879195
fukui_15,2023-06-21,1687381214000,3.14572655066662,-10.903263149415366,36.485157420842015
fukui_15,2023-07-03,1688418015000,4.082452975216154,-11.065846839883683,36.476851245880134
fukui_15,2023-07-15,1689454816000,3.842905109974703,-11.001665975755635,36.47378191247851
fukui_15,2023-07-27,1690491617000,3.8160747487029036,-11.046745867705837,36.47887516662734
fukui_15,2023-08-08,1691528417000,3.93060711357212,-10.538983096986609,36.491520439993145
fukui_15,2023-08-20,1692565218000,3.733296951523712,-11.575832599740064,36.483252325346385
fukui_15,2023-09-01,1693602019000,3.5276816805752005,-10.856817891288635,36.4760274999733
fukui_15,2023-09-13,1694638819000,3.6705728136049514,-10.241084856072835,36.48021946901617
fukui_15,2023-09-25,1695675620000,3.49297384129528,-11.314003530095404,36.4745069826625
fukui_15,2023-10-07,1696712419000,4.4364071697997804,-9.94260143638934,36.47752052710461
fukui_15,2023-10-19,1697749220000,4.001535813875539,-11.166248123435663,36.47254270911512
fukui_15,2023-10-31,1698786019000,4.336801868294547,-10.275280321951906,36.476828110572136
fukui_15,2023-11-12,1699822819000,4.299381166990074,-11.742880325375701,36.47150308734273
fukui_15,2023-11-24,1700859618000,3.787055756279859,-11.970411404444286,36.48593047302548
fukui_15,2023-12-06,1701896418000,4.184203383186819,-11.458142179568133,36.479093444831776
fukui_15,2023-12-18,1702933217000,4.221316524508229,-11.706147770262632,36.478142085082446
fukui_15,2023-12-30,1703970017000,4.510674861116053,-12.774053121569926,36.47438087110255
fukui_15,2024-01-11,1705006816000,4.0859387223329975,-13.050924658394349,36.47297161420981
fukui_15,2024-01-23,1706043616000,-0.33844830215578325,-10.134980526744114,36.475236635647676
fukui_15,2024-02-04,1707080415000,4.47269704681148,-12.106992368423843,36.478596202197195
fukui_15,2024-02-16,1708117215000,4.608850725247744,-11.931970732622894,36.479296109603105
fukui_15,2024-02-28,1709154015000,4.808493054303329,-11.493116249375179,36.48087728437861
fukui_15,2024-03-11,1710190815000,4.2776287163921545,-11.466379953760049,36.47994650414488
fukui_15,2024-03-23,1711227616000,4.31210115271902,-12.15893844033562,36.48082303527801
fukui_15,2024-04-04,1712264416000,4.5508217189213385,-13.071091920930158,36.47880067751754
fukui_15,2024-04-16,1713301216000,4.222546083100934,-12.69782447260819,36.4795090812937
fukui_15,2024-04-28,1714338017000,4.579476164098419,-12.402579414714028,36.474042757267206
fukui_15,2024-05-10,1715374817000,4.2807147741323,-11.31179569511216,36.46845596006175
fukui_15,2024-05-22,1716411616000,5.389627250124683,-11.199620835392334,36.46969166749455
fukui_15,2024-06-03,1717448416000,5.047031570823047,-12.866699771544974,36.463578004614135
fukui_15,2024-06-15,1718485216000,4.876524762160352,-11.81789382969308,36.464068711856434
fukui_15,2024-07-09,1720558815000,4.355552548485084,-10.836737112601845,36.46983911235507
fukui_15,2024-07-21,1721595614000,5.188405696511926,-11.3437419534811,36.46857062458427
fukui_15,2024-08-02,1722632414000,5.272133140350243,-12.09530130496811,36.466729899217775
fukui_15,2024-08-14,1723669214000,3.4749879494252807,-10.504357311279868,36.48162941166566
fukui_15,2024-08-26,1724706015000,4.920021136585932,-11.697828224488092,36.47776318211708
fukui_15,2024-09-07,1725742815000,4.72696496347167,-12.366348641029317,36.48068269991294
fukui_15,2024-09-19,1726779615000,4.061351297484902,-10.37627780702739,36.48063564276924
fukui_15,2024-10-01,1727816415000,3.8859358970929563,-10.285263062314348,36.48462871179003
fukui_15,2024-10-13,1728853216000,4.475899346966337,-9.839009828294436,36.47665976636963
fukui_15,2024-10-25,1729890015000,4.4974227680961185,-10.348201916565062,36.489677993086474
fukui_15,2024-11-06,1730926815000,4.541325136071217,-10.333188928186472,36.47715045052475
fukui_15,2024-11-18,1731963615000,3.9413396576772746,-11.252952905310831,36.47103738427696
fukui_15,2024-12-12,1734037213000,4.369786308383933,-11.206315541999578,36.46960677285722
fukui_15,2024-12-24,1735074012000,5.306831803521214,-9.923050406047338,36.47546186394926
fukui_15,2025-01-05,1736110811000,4.978320759630883,-10.458818499829391,36.471188699045484
fukui_15,2025-01-17,1737147610000,4.848172932617038,-10.355964289122351,36.4742371126351
fukui_15,2025-01-29,1738184409000,4.598924652042156,-10.64769113762792,36.471685329460946
fukui_15,2025-02-10,1739221209000,5.099338591305264,-9.368666356053328,36.47252308161074
fukui_15,2025-02-22,1740258008000,3.6171996639279516,-10.151294577995944,36.47954055335786
fukui_15,2025-03-06,1741294808000,5.179444129951255,-9.42193267515197,36.479245256232176
fukui_15,2025-03-18,1742331608000,5.025726868731043,-10.146045980166607,36.47897234726803
fukui_15,2025-03-30,1743368409000,5.095635378477906,-10.039966346256639,36.47032884421977
fukui_15,2025-04-11,1744405209000,5.421780620219553,-10.52872648724294,36.48101892918716
fukui_15,2025-04-23,1745442009000,4.573196899503844,-11.31954020923285,36.474844500618694
fukui_15,2025-05-05,1746478809000,4.927559171858202,-10.818858070633908,36.47262676604493
fukui_15,2025-05-17,1747515609000,4.542333976284324,-10.757392915087609,36.470006406858964
fukui_15,2025-05-29,1748552408000,4.573840653131346,-10.179209701817165,36.46515526215432
fukui_15,2025-06-10,1749589208000,4.682855854283884,-9.970490866140565,36.46187221697062
fukui_15,2025-06-22,1750626007000,8.265969629728701,-10.764622556016384,36.461318782025245
fukui_15,2025-07-04,1751662806000,5.673087331510821,-10.405896041023828,36.46845505146315
fukui_15,2025-07-16,1752699606000,5.52754384267626,-10.476067098683977,36.47029470576488
fukui_15,2025-07-28,1753736405000,5.27141987909717,-11.00755428510945,36.47108679547709
fukui_15,2025-08-09,1754773205000,3.4543956359348207,-11.232840701537622,36.46961293682748
fukui_15,2025-08-21,1755810005000,4.501979241148123,-11.586527353710768,36.474853740463516
fukui_15,2025-09-02,1756846805000,3.8860542430390197,-9.631592799844983,36.47808973183707
fukui_15,2025-09-14,1757883606000,3.7716119481687227,-10.511783380170867,36.480258273865545
fukui_15,2025-09-26,1758920406000,4.650382188166454,-11.463752902840325,36.48189110249911
fukui_15,2025-10-08,1759957207000,5.358170509678477,-11.46952855212577,36.46986272134446
fukui_15,2025-10-20,1760994006000,5.386979379745304,-13.358984083721033,36.47646864948495
fukui_15,2025-11-01,1762030806000,4.998054666646669,-11.583541265881944,36.47248410930422
fukui_15,2025-11-13,1763067605000,4.59773301228025,-15.133852851295849,36.47600260492581
fukui_15,2025-11-25,1764104404000,5.024090671127521,-13.880508347694208,36.47229644898104
fukui_15,2025-12-07,1765141203000,4.80617666530649,-11.331962997617513,36.46608311532579
fukui_15,2025-12-19,1766178002000,4.62897596487625,-10.084363375604429,36.4674785709452
fukui_15,2025-12-31,1767214801000,3.8260514670155343,-11.073699846603999,36.4720310846491
fukui_15,2026-01-12,1768251600000,3.310212210561836,-12.15266039617168,36.47363267100388
fukui_15,2026-01-24,1769288398000,1.3180645286704853,-10.260399680313283,36.48041642226379
fukui_15,2026-02-17,1771361997000,4.295741023231327,-12.9629154800945,36.476445845237905
fukui_15,2026-03-01,1772398797000,3.68173208723156,-12.969964958607163,36.476074762623874
fukui_15,2026-03-13,1773435597000,3.5040613883014635,-13.12347737945143,36.480056486377315
fukui_15,2026-03-25,1774472398000,3.8945605794431484,-13.289681775853106,36.479275742389376
fukui_15,2026-04-06,1775509198000,3.5339624912613585,-13.524636316286008,36.47605198996677
fukui_15,2026-04-18,1776545998000,3.916612137144013,-10.780985829260981,36.467845369899095
fukui_15,2026-04-30,1777582797000,3.020453959383672,-12.12329474635585,36.46624663269635
fukui_15,2026-05-12,1778619597000,4.201702582258223,-10.7101335229915,36.46796805214811
fukui_16,2017-02-16,1487278774030,4.918313333022612,-5.0240185049333075,36.56804213535638
fukui_16,2017-02-28,1488315573000,5.07279486995395,-4.999821007138921,36.566467041564856
fukui_16,2017-03-12,1489352374000,5.328217826751227,-5.448149172988155,36.56071108476206
fukui_16,2017-03-24,1490389174380,5.8101110773294025,-4.793904734572829,36.56610522774922
fukui_16,2017-04-05,1491425974840,4.182604303827127,-5.616384919969151,36.56603626184691
fukui_16,2017-04-17,1492462775450,4.799255391854999,-6.607860497537838,36.56699364296239
fukui_16,2017-04-29,1493499575000,4.970084624866361,-6.3599233347473065,36.565896998706926
fukui_16,2017-05-11,1494536376000,4.643057181930425,-6.24813908088243,36.5599673825597
fukui_16,2017-05-23,1495573177000,5.833579900789495,-6.507831607414249,36.562959059882786
fukui_16,2017-06-04,1496609978000,5.215432521022615,-6.298753750103463,36.5646429940766
fukui_16,2017-06-16,1497646778000,5.35001089579392,-6.9348595153632555,36.568319098719
fukui_16,2017-06-28,1498683579000,4.497984182675612,-8.260078053421552,36.56714681428053
fukui_16,2017-07-10,1499720379000,7.092361266121994,-8.256680630411536,36.56461863406323
fukui_16,2017-07-22,1500757180000,5.901485826499319,-7.728152747539497,36.56514867021532
fukui_16,2017-08-03,1501793981000,5.001272324773015,-7.818162636194664,36.56276521143806
fukui_16,2017-08-15,1502830782000,4.913532836430191,-6.944445556262486,36.56734300256653
fukui_16,2017-08-27,1503867582000,5.080931066235243,-7.0003927596055195,36.56499348049309
fukui_16,2017-09-08,1504904382000,4.793463515870718,-6.676268453094596,36.56297575191041
fukui_16,2017-09-20,1505941183000,5.48143828513796,-6.908661805839007,36.56103815713265
fukui_16,2017-10-02,1506977983000,4.923986819774666,-6.825706938857436,36.56443813305183
fukui_16,2017-10-14,1508014783000,5.3650795721255236,-6.346730367112141,36.565686125256846
fukui_16,2017-10-26,1509051584000,5.290537777617692,-6.595521051262783,36.56340288628137
fukui_16,2017-11-07,1510088383000,4.183163269238488,-6.077636146541163,36.5634249049057
fukui_16,2017-11-19,1511125183000,5.612134150874379,-6.567403608216376,36.56067326693686
fukui_16,2017-12-01,1512161983000,5.583965695700734,-5.964287295771708,36.564053027758355
fukui_16,2017-12-13,1513198782000,4.909041240593882,-6.088087015337698,36.56549392551756
fukui_16,2017-12-25,1514235582000,5.923402909798792,-5.931748034627687,36.56942892169007
fukui_16,2018-01-06,1515272381000,4.808877196723316,-7.201676922368009,36.564734559967114
fukui_16,2018-01-18,1516309181000,4.34942904652906,-6.229720097534752,36.55917591337068
fukui_16,2018-01-30,1517345980000,4.216870290567559,-6.200379852543503,36.56239193001974
fukui_16,2018-02-11,1518382780000,5.025552732387675,-6.846530267001931,36.562186388229335
fukui_16,2018-02-23,1519419580000,5.010969848349571,-6.9294086018736065,36.57057517415293
fukui_16,2018-03-07,1520456380000,5.159228877857539,-5.815480869937366,36.57454908361103
fukui_16,2018-03-19,1521493180000,5.870442706883338,-6.789550252243762,36.56686367178862
fukui_16,2018-03-31,1522529981000,4.4887585164247,-7.041368985220721,36.56320323172114
fukui_16,2018-04-12,1523566781000,5.100417514517235,-6.499773523173491,36.56551377632831
fukui_16,2018-04-24,1524603582000,6.012014971919267,-6.557392029930531,36.56893197129848
fukui_16,2018-05-06,1525640382000,5.538036661669798,-6.923793356530818,36.56782983602742
fukui_16,2018-05-18,1526677183000,5.707193865744563,-6.382257982527703,36.56634411284099
fukui_16,2018-05-30,1527713983000,5.964855135491328,-5.923577470820837,36.568589799089374
fukui_16,2018-06-11,1528750784000,5.826358646812436,-6.30464973334171,36.56222669706777
fukui_16,2018-06-23,1529787585000,4.866083071609066,-6.528083084051057,36.565047732607766
fukui_16,2018-06-29,1530305934000,4.27079753172291,-7.533915859591527,36.597403063070864
fukui_16,2018-07-05,1530824385000,5.939833149238413,-6.0547832401926405,36.57286006611564
fukui_16,2018-07-17,1531861186000,5.668425914361559,-6.796431717783524,36.568173331094314
fukui_16,2018-07-29,1532897988000,5.679959774124429,-5.881278839702354,36.558733308023776
fukui_16,2018-08-10,1533934788000,5.086930441997415,-7.012828691909544,36.56348260564995
fukui_16,2018-08-22,1534971588000,6.057743271616931,-5.008354404640447,36.56728089253205
fukui_16,2018-09-03,1536008389000,4.944961442773866,-7.095258185734644,36.564125843198866
fukui_16,2018-09-15,1537045189000,6.563165751078169,-4.849942653426927,36.566540928544654
fukui_16,2018-09-27,1538081990000,4.015435028659976,-6.846639274774982,36.5638447813708
fukui_16,2018-10-09,1539118790000,5.070506475302551,-6.556832521621633,36.56253883944355
fukui_16,2018-10-21,1540155590000,4.3991568285103435,-7.259495367205208,36.56359539430812
fukui_16,2018-11-02,1541192390000,3.519254186984418,-6.396416661329038,36.56446856278056
fukui_16,2018-11-14,1542229190000,3.9856701783091455,-8.931261864683174,36.56258389673672
fukui_16,2018-11-26,1543265989000,2.8296248514030773,-8.145485992802255,36.563976930198486
fukui_16,2018-12-08,1544302789000,3.8162787131322595,-7.894241098728055,36.5605574138775
fukui_16,2018-12-20,1545339589000,3.4330251137587933,-8.347465939467998,36.56357923769483
fukui_16,2019-01-01,1546376388000,3.766601923379614,-7.238104874543045,36.56416407347141
fukui_16,2019-01-13,1547413188000,3.8549258762534038,-7.7036166538673525,36.567415536269685
fukui_16,2019-01-25,1548449987000,3.792561691531247,-7.025542768492538,36.560647734880554
fukui_16,2019-02-06,1549486787000,3.9070207919331463,-6.155404003024206,36.56410159117121
fukui_16,2019-02-18,1550523587000,3.923956837407812,-6.401268021872378,36.56015907415822
fukui_16,2019-03-02,1551560387000,3.442940008084484,-7.900128230500604,36.559304375354145
fukui_16,2019-03-14,1552597187000,2.9909232258719274,-7.4765532954719625,36.569477330681224
fukui_16,2019-03-26,1553633987000,3.362403785054365,-7.432038412041077,36.56602708375286
fukui_16,2019-04-07,1554670787000,3.9979519916282817,-7.433901208042181,36.56315451151656
fukui_16,2019-04-19,1555707588000,3.7403442182310536,-7.85316521153771,36.55846731141115
fukui_16,2019-05-01,1556744388000,3.4958102186081437,-8.818534122158244,36.5579911742263
fukui_16,2019-05-13,1557781189000,2.855737601458864,-8.575344030455716,36.56680529976739
fukui_16,2019-05-25,1558817989000,3.2440730556050137,-8.137725373097128,36.565595518956805
fukui_16,2019-06-06,1559854790000,3.331836970119272,-8.686904122159032,36.56787336619545
fukui_16,2019-06-18,1560891590000,3.2415927584655053,-8.237325600754009,36.56649841319846
fukui_16,2019-06-30,1561928391000,5.198111555419486,-8.471350563162622,36.56229226870873
fukui_16,2019-07-12,1562965192000,4.997176104219667,-8.609263152602816,36.56606499365774
fukui_16,2019-07-24,1564001993000,4.904846726002712,-8.988408038167327,36.56858043825953
fukui_16,2019-08-05,1565038794000,4.224257509475392,-9.037686034544182,36.56744818744974
fukui_16,2019-08-17,1566075594000,4.555146137616004,-10.054040287629958,36.56030024789899
fukui_16,2019-08-29,1567112395000,4.27976718339411,-8.422855666407509,36.563181938329514
fukui_16,2019-09-10,1568149195000,4.468544988692838,-8.498493922813969,36.567241277063935
fukui_16,2019-09-22,1569185996000,4.9381860962201705,-7.6179138725547775,36.56360197593569
fukui_16,2019-10-04,1570222796000,3.954855347680882,-7.9448529297857835,36.562462010014634
fukui_16,2019-10-16,1571259596000,3.552626751628026,-9.387302080934038,36.56517398624649
fukui_16,2019-10-28,1572296396000,4.934327772437759,-8.429064972499384,36.56341094670333
fukui_16,2019-11-09,1573333196000,3.7510571243090434,-9.199494672385248,36.56298089506814
fukui_16,2019-11-21,1574369996000,4.2240423298770775,-8.439754089022825,36.56549317145796
fukui_16,2019-12-03,1575406796000,4.199263357928712,-9.045477654227307,36.5660435069691
fukui_16,2019-12-15,1576443595000,4.2709493283833675,-8.716017947144689,36.56063177154413
fukui_16,2019-12-27,1577480395000,4.900673487553698,-8.903004603421062,36.557443917984976
fukui_16,2020-01-08,1578517194000,4.648591947171746,-7.874135294607888,36.560656386444805
fukui_16,2020-01-20,1579553994000,4.728710783015196,-8.614668516967484,36.564741454416
fukui_16,2020-02-01,1580590793000,4.80925869945836,-8.365401568755134,36.49140385742637
fukui_16,2020-02-13,1581627593000,4.7238628617557055,-8.26821527351675,36.49126878734186
fukui_16,2020-02-25,1582664393000,4.852535651939956,-8.1303679863979,36.49020940905174
fukui_16,2020-03-08,1583701193000,4.890029083114468,-8.549983039940635,36.486575413995496
fukui_16,2020-03-20,1584737993000,4.654000684526114,-7.784797070078534,36.4907928675281
fukui_16,2020-04-01,1585774793000,4.293917442661654,-7.868721458804606,36.497763625532926
fukui_16,2020-04-13,1586811594000,5.153417506851628,-8.134936958325774,36.4946279226397
fukui_16,2020-04-25,1587848394000,4.9518499967592335,-7.805088020077652,36.488971222682814
fukui_16,2020-05-07,1588885195000,4.447905670946618,-8.810030397510436,36.49212055178208
fukui_16,2020-05-19,1589921995000,4.5384480839251635,-8.678804403538173,36.49280529459876
fukui_16,2020-05-31,1590958796000,5.036832627316421,-8.781817895385789,36.49484489068659
fukui_16,2020-06-12,1591995597000,4.661783092381252,-7.562382931407806,36.49206222242609
fukui_16,2020-06-24,1593032398000,5.114869839026852,-8.40621628685831,36.491122493211854
fukui_16,2020-07-06,1594069198000,4.64643912697089,-7.039364183691311,36.49196032142262
fukui_16,2020-07-18,1595105999000,4.990186109491906,-7.891064982502357,36.49274860097876
fukui_16,2020-07-30,1596142800000,4.597103059312251,-8.331926856301608,36.48952683396241
fukui_16,2020-08-11,1597179600000,4.304990170294258,-7.917853801333655,36.49203695968354
fukui_16,2020-08-23,1598216401000,4.2275030029514715,-8.988728631091494,36.49132247981178
fukui_16,2020-09-04,1599253202000,5.969917216361264,-8.791074335481177,36.48829513410644
fukui_16,2020-09-16,1600290002000,6.0952697627622365,-6.79348105632139,36.48953761163688
fukui_16,2020-09-28,1601326803000,5.906676226742049,-6.044908962533629,36.48891809592293
fukui_16,2020-10-10,1602363603000,4.389878048585693,-6.278778843245123,36.48741052038876
fukui_16,2020-10-22,1603400403000,5.307641032253798,-7.131771487379991,36.49175509172411
fukui_16,2020-11-03,1604437203000,5.778484795854797,-5.464688805040476,36.48607877995764
fukui_16,2020-11-15,1605474003000,4.375088919255429,-7.384840036394177,36.485530482866984
fukui_16,2020-11-27,1606510802000,4.276570159674752,-5.872261433574092,36.49184978376655
fukui_16,2020-12-09,1607547602000,4.5111298852223305,-6.509336795123398,36.489904921395436
fukui_16,2020-12-21,1608584401000,5.249553798006509,-5.965450900090819,36.48995215951914
fukui_16,2021-01-02,1609621201000,4.21777038960216,-6.000381086724754,36.48602506394992
fukui_16,2021-01-14,1610658000000,4.781667636954482,-7.00288355927069,36.484395570596476
fukui_16,2021-01-26,1611694800000,5.538836628782295,-6.525866332182002,36.48439988005285
fukui_16,2021-02-07,1612731599000,4.735210543783979,-6.007917491498702,36.4871626468995
fukui_16,2021-02-19,1613768399000,5.60320316724777,-5.904259221369044,36.49497529994918
fukui_16,2021-03-03,1614805199000,5.7165399775343495,-5.676761501954087,36.49721816692659
fukui_16,2021-03-15,1615841999000,4.495831438368658,-6.259250145169094,36.491307194651455
fukui_16,2021-03-27,1616878799000,6.278188547059992,-6.522074103604314,36.491369441890974
fukui_16,2021-04-08,1617915599000,5.581268218895083,-6.377141003285173,36.49452531698622
fukui_16,2021-04-20,1618952400000,4.880156857307638,-6.146804014949161,36.494901935092926
fukui_16,2021-05-02,1619989200000,5.7615758272998745,-6.360124463442384,36.4967978844564
fukui_16,2021-05-14,1621026001000,5.868266058666791,-7.45262498675582,36.49375244065642
fukui_16,2021-05-26,1622062802000,6.134304350794706,-6.9720189791284275,36.4903652842682
fukui_16,2021-06-07,1623099602000,6.233982324634864,-6.70051139440255,36.49217395072913
fukui_16,2021-06-19,1624136403000,5.982523703323729,-6.327048806155932,36.49463507561735
fukui_16,2021-07-01,1625173204000,4.525626527165109,-6.8312775595411965,36.49201911749541
fukui_16,2021-07-13,1626210005000,4.554220256081841,-5.364516747937632,36.49431208505877
fukui_16,2021-07-25,1627246805000,5.132426893965045,-6.419339168217929,36.49556573537453
fukui_16,2021-08-06,1628283606000,4.025626530016016,-8.290225577077344,36.49161236929964
fukui_16,2021-08-18,1629320407000,4.087693463470469,-7.749070635581742,36.49323249591394
fukui_16,2021-08-30,1630357207000,4.8899025711909765,-8.606754659295278,36.49364691557707
fukui_16,2021-09-11,1631394008000,4.998020152510453,-7.557815861819661,36.49028894545488
fukui_16,2021-09-23,1632430808000,5.021542409012527,-8.156280520818594,36.48803200050635
fukui_16,2021-10-05,1633467608000,5.5127703563313535,-8.487973783125357,36.487781370376986
fukui_16,2021-10-17,1634504409000,6.1218126968009905,-7.42575942692184,36.48747241926782
fukui_16,2021-10-29,1635541208000,5.448166211667204,-7.080333171328568,36.48899397433608
fukui_16,2021-11-22,1637614808000,5.591459160739711,-7.313182147647595,36.48656345452912
fukui_16,2021-12-04,1638651607000,5.286351486089797,-7.506479356924184,36.48477799834676
fukui_16,2021-12-16,1639688407000,5.952354928756941,-8.822024141356554,36.48547662818896
fukui_16,2021-12-28,1640725206000,5.493557176915934,-7.610492792505458,36.49402349668809
fukui_16,2022-01-09,1641762006000,5.781738396695901,-8.268747013346077,36.489693792688456
fukui_16,2022-01-21,1642798805000,5.970155589294773,-7.742017351532784,36.48762217884224
fukui_16,2022-02-02,1643835604000,6.8763136266586375,-7.484021525306108,36.49159515429729
fukui_16,2022-02-14,1644872405000,6.595140629784973,-8.593597231117602,36.48716936894841
fukui_16,2022-02-26,1645909204000,5.540058014213911,-8.789024287906125,36.48868221530036
fukui_16,2022-03-10,1646946004000,5.502451753752639,-8.69727427899336,36.494390096747146
fukui_16,2022-03-22,1647982805000,6.893100667597968,-7.898129092527077,36.49321633565636
fukui_16,2022-04-03,1649019605000,5.462538709433538,-8.51377930781916,36.490446749583235
fukui_16,2022-04-15,1650056405000,5.6233957604854865,-8.715629027981082,36.49307729246933
fukui_16,2022-04-27,1651093206000,6.591692448681027,-8.543786895227441,36.49128961139463
fukui_16,2022-05-09,1652130006000,5.481655840981627,-8.095568519425964,36.49455931880375
fukui_16,2022-05-21,1653166807000,6.51267399114922,-8.13792191059668,36.49782812709177
fukui_16,2022-06-02,1654203608000,5.231265731664993,-8.512487765586627,36.492096298768125
fukui_16,2022-06-14,1655240409000,6.486823878701483,-8.894268411772098,36.49347139596646
fukui_16,2022-06-26,1656277210000,5.672496331405983,-8.815976042827781,36.48731422377395
fukui_16,2022-07-08,1657314010000,5.428531458344137,-6.969707890642869,36.49238401522062
fukui_16,2022-07-20,1658350811000,6.704231765570531,-7.902186103237263,36.493273697218946
fukui_16,2022-08-01,1659387612000,6.20984196181606,-8.127033500828617,36.49208198038485
fukui_16,2022-08-13,1660424413000,5.956279791470573,-9.42542915943299,36.491755187393885
fukui_16,2022-08-25,1661461213000,5.03889223781621,-8.415815196111346,36.49243149495412
fukui_16,2022-09-06,1662497988000,4.867255986185607,-8.81814804197406,36.56192913777579
fukui_16,2022-09-18,1663534814000,5.219627275654945,-8.76475546335859,36.49837775475422
fukui_16,2022-09-30,1664571615000,5.4044879420639305,-9.019118247675102,36.48699902807297
fukui_16,2022-10-12,1665608414000,5.9154763067016,-7.449245044119915,36.49547487230442
fukui_16,2022-10-24,1666645215000,5.773425723085544,-8.658046622640065,36.48857505104758
fukui_16,2022-11-05,1667682014000,5.6677199564782414,-7.691135219997129,36.49310769933958
fukui_16,2022-11-17,1668718814000,5.450727745502148,-8.478034151312997,36.49237650099545
fukui_16,2022-11-29,1669755614000,5.603215485360676,-7.754820107780998,36.488028695350515
fukui_16,2022-12-11,1670792413000,5.675803464196705,-7.849548829795665,36.48607806165519
fukui_16,2022-12-23,1671829212000,7.131092243996072,-6.745728081836049,36.484607417523954
fukui_16,2023-01-04,1672866012000,6.887090504261964,-6.711199139006648,36.48987672027057
fukui_16,2023-01-16,1673902811000,5.785978945251772,-7.094400445340456,36.50196892928047
fukui_16,2023-01-28,1674939611000,-0.28404521257397347,-8.764936751881061,36.48507577516147
fukui_16,2023-02-09,1675976410000,5.298452946839343,-7.613932012514028,36.49338497763195
fukui_16,2023-02-21,1677013210000,6.176220243403729,-6.9647660874976065,36.49554179976966
fukui_16,2023-03-05,1678050010000,6.76537598619703,-7.549086431673338,36.487868369994004
fukui_16,2023-03-17,1679086810000,4.979309696230441,-7.825560519584589,36.49762513159764
fukui_16,2023-03-29,1680123610000,6.183030798884798,-6.481452830477866,36.500347015485936
fukui_16,2023-04-10,1681160411000,5.335917515424242,-7.34189666788016,36.49002828264306
fukui_16,2023-04-22,1682197211000,6.609854484523306,-7.529952428679385,36.489526947163796
fukui_16,2023-05-04,1683234012000,6.803547021460196,-8.616588153700322,36.48749227117334
fukui_16,2023-05-16,1684270813000,5.701456345410822,-7.648101392559418,36.486285074356154
fukui_16,2023-05-28,1685307613000,6.285023144943955,-9.032935118342118,36.48850839546476
fukui_16,2023-06-09,1686344413000,6.8974420014456514,-6.3491467684787075,36.496651705961234
fukui_16,2023-06-21,1687381214000,5.385588415033118,-7.0848644526846085,36.49868933571552
fukui_16,2023-07-03,1688418015000,6.433110836405027,-7.350071255974154,36.49051966894466
fukui_16,2023-07-15,1689454816000,6.69738639475956,-6.883682983173787,36.487475822322736
fukui_16,2023-07-27,1690491617000,5.7437822320559,-6.6802730172065115,36.49250778814373
fukui_16,2023-08-08,1691528417000,5.2290875206757566,-7.104433364252458,36.50505260180602
fukui_16,2023-08-20,1692565218000,5.414029979908301,-8.31757291835429,36.4969031415452
fukui_16,2023-09-01,1693602019000,5.841559034759307,-7.931757717132705,36.48966942842077
fukui_16,2023-09-13,1694638819000,5.071508065326144,-6.823902293009711,36.49379887658066
fukui_16,2023-09-25,1695675620000,5.273099387575995,-7.367624073581405,36.48816630660342
fukui_16,2023-10-07,1696712419000,4.98267148247318,-7.452797003332364,36.491088682984326
fukui_16,2023-10-19,1697749220000,5.519742483491235,-7.134177099060314,36.48606496914267
fukui_16,2023-10-31,1698786019000,6.158747543373064,-6.958924786216551,36.49039618830648
fukui_16,2023-11-12,1699822819000,5.60371058209772,-7.6311798018503785,36.48505431983121
fukui_16,2023-11-24,1700859618000,6.436428160145348,-6.794176432602296,36.49946088840256
fukui_16,2023-12-06,1701896418000,6.791993514600788,-7.091997710310359,36.4926264855048
fukui_16,2023-12-18,1702933217000,5.7905770259640486,-7.1061756848301085,36.491672145217905
fukui_16,2023-12-30,1703970017000,5.943799326551347,-6.749473263808591,36.48803576412735
fukui_16,2024-01-11,1705006816000,7.22839190049982,-7.219077004359234,36.4865140452701
fukui_16,2024-01-23,1706043616000,4.938756506999942,-7.151255877519872,36.488824886058715
fukui_16,2024-02-04,1707080415000,6.796316515949506,-5.955933921037833,36.49214671258849
fukui_16,2024-02-16,1708117215000,6.302742734409409,-5.39668675887796,36.49281689863647
fukui_16,2024-02-28,1709154015000,6.980807265596002,-5.8507214708401625,36.49450645540504
fukui_16,2024-03-11,1710190815000,7.288571450096619,-5.245015862833475,36.493580823819315
fukui_16,2024-03-23,1711227616000,7.122488440698963,-5.633915001934432,36.49446458302571
fukui_16,2024-04-04,1712264416000,5.88328883450243,-5.415523566533851,36.492441358034625
fukui_16,2024-04-16,1713301216000,6.039342305930489,-5.6153642533737536,36.49309139365466
fukui_16,2024-04-28,1714338017000,6.037475900488627,-7.098170879539154,36.487685291060366
fukui_16,2024-05-10,1715374817000,6.0800739363276906,-7.340623270622054,36.48208890278505
fukui_16,2024-05-22,1716411616000,7.119668832282773,-7.116749105813589,36.48333271234342
fukui_16,2024-06-03,1717448416000,5.8560435128306825,-7.287898471216711,36.477206893609804
fukui_16,2024-06-15,1718485216000,6.169959056947161,-7.351156806831003,36.477692405804156
fukui_16,2024-07-09,1720558815000,5.722260716483675,-6.958367368562152,36.483484570389315
fukui_16,2024-07-21,1721595614000,5.337431936298004,-7.459414607873338,36.48224752798578
fukui_16,2024-08-02,1722632414000,5.03907807352276,-7.284583950551071,36.480406399982634
fukui_16,2024-08-14,1723669214000,6.388854656883954,-6.454304278801233,36.4953088011417
fukui_16,2024-08-26,1724706015000,4.8616060484722174,-7.594091952363352,36.49140131603501
fukui_16,2024-09-07,1725742815000,5.263133706103336,-8.912972789227092,36.49437812731761
fukui_16,2024-09-19,1726779615000,5.040486105661759,-8.107919536190401,36.494277026303955
fukui_16,2024-10-01,1727816415000,5.240260417730922,-8.591463525137279,36.498148232639416
fukui_16,2024-10-13,1728853216000,4.6713803011493615,-8.777822481825238,36.49023847612825
fukui_16,2024-10-25,1729890015000,5.654297361068745,-8.875577782801082,36.503257067689496
fukui_16,2024-11-06,1730926815000,4.790763115567057,-8.42415871251594,36.490716728348
fukui_16,2024-11-18,1731963615000,4.994507767999476,-9.748904280929377,36.48470350626225
fukui_16,2024-12-12,1734037213000,5.263069790804728,-8.59364685130324,36.48323067724043
fukui_16,2024-12-24,1735074012000,4.66746613822359,-8.137698732057938,36.48898861033272
fukui_16,2025-01-05,1736110811000,4.9942951953959565,-7.642508560078195,36.48472216950745
fukui_16,2025-01-17,1737147610000,5.078117960970707,-8.055898676574579,36.48777541738424
fukui_16,2025-01-29,1738184409000,5.695107954471778,-7.982293911236016,36.4853595712931
fukui_16,2025-02-10,1739221209000,5.4128639174016815,-7.752707585969142,36.48618107508815
fukui_16,2025-02-22,1740258008000,4.348239687622825,-7.821987743648488,36.4930720945925
fukui_16,2025-03-06,1741294808000,4.478829682711767,-8.560015506431077,36.49282347766134
fukui_16,2025-03-18,1742331608000,4.455647461198958,-8.227737600617,36.49253618793497
fukui_16,2025-03-30,1743368409000,4.674382870035289,-8.753759306160388,36.484005830745254
fukui_16,2025-04-11,1744405209000,5.5324337406386945,-8.097644031420373,36.49470941737785
fukui_16,2025-04-23,1745442009000,5.017332819158436,-8.959795738202567,36.488474677092235
fukui_16,2025-05-05,1746478809000,5.370113451506723,-8.236374032620828,36.486270425113624
fukui_16,2025-05-17,1747515609000,5.703056705294605,-8.12601474835138,36.48363822184073
fukui_16,2025-05-29,1748552408000,6.1576050798515665,-8.692831786498852,36.478782323207795
fukui_16,2025-06-10,1749589208000,5.897950614382886,-7.522808608660568,36.47550336812764
fukui_16,2025-06-22,1750626007000,6.155141775712754,-11.23779464946705,36.47495047038033
fukui_16,2025-07-04,1751662806000,6.059664723693815,-7.715755995483581,36.48210930219636
fukui_16,2025-07-16,1752699606000,5.816897386519806,-7.228891944547431,36.483990478895365
fukui_16,2025-07-28,1753736405000,5.62680964174219,-6.6953577919285,36.484729317892395
fukui_16,2025-08-09,1754773205000,4.190183027860827,-7.429872966400699,36.48328867611948
fukui_16,2025-08-21,1755810005000,5.69642510178038,-7.118411932362847,36.488530958998254
fukui_16,2025-09-02,1756846805000,5.7265470749741905,-7.155451094016537,36.49168271279422
fukui_16,2025-09-14,1757883606000,4.5987327473664745,-7.2072794277015415,36.49393054690544
fukui_16,2025-09-26,1758920406000,5.612270547105437,-6.327464925717285,36.495464335294216
fukui_16,2025-10-08,1759957207000,4.775731297207499,-7.671998082412829,36.48349022399887
fukui_16,2025-10-20,1760994006000,5.961664695359088,-7.8633715918431975,36.49011849920455
fukui_16,2025-11-01,1762030806000,5.014174487408251,-8.298887928229702,36.486033901425266
fukui_16,2025-11-13,1763067605000,6.505140952808088,-7.9084786886030285,36.4895602884893
fukui_16,2025-11-25,1764104404000,4.942259367785603,-7.632623300946285,36.4859565844016
fukui_16,2025-12-07,1765141203000,5.548453702737955,-9.604849027622812,36.47974618534792
fukui_16,2025-12-19,1766178002000,6.14720230779215,-9.196306577931926,36.48115230629935
fukui_16,2025-12-31,1767214801000,6.051521152038325,-7.986475351209304,36.48565590452439
fukui_16,2026-01-12,1768251600000,5.560047739643574,-8.397613562966974,36.48729059718522
fukui_16,2026-01-24,1769288398000,6.263986362910569,-6.929833239210827,36.49396014414111
fukui_16,2026-02-17,1771361997000,6.672772539685657,-7.1059723923199964,36.490121371382045
fukui_16,2026-03-01,1772398797000,6.883036836385496,-7.279204443923888,36.48970593825304
fukui_16,2026-03-13,1773435597000,6.960246165278017,-6.7091699627186925,36.493731057550015
fukui_16,2026-03-25,1774472398000,6.803248673870968,-7.509505416269472,36.49284954277956
fukui_16,2026-04-06,1775509198000,5.66286064945444,-8.590446461377335,36.4897013070404
fukui_16,2026-04-18,1776545998000,6.155683855426879,-8.874259746636165,36.48148013678196
fukui_16,2026-04-30,1777582797000,4.964711864648651,-8.672238689791136,36.47987048161127
fukui_16,2026-05-12,1778619597000,4.48710626256462,-8.723008528899612,36.481645368517675
fukui_17,2017-02-16,1487278774030,3.874811504589242,-9.87067738685704,36.558106742836195
fukui_17,2017-02-28,1488315573000,2.85200789458545,-10.701787028739703,36.55654247617439
fukui_17,2017-03-12,1489352374000,1.9784025885144538,-10.862131482269708,36.55080245464442
fukui_17,2017-03-24,1490389174380,2.8996513225855236,-10.077810696563636,36.55611655870292
fukui_17,2017-04-05,1491425974840,1.6163905538558914,-11.89741245043121,36.556087401129346
fukui_17,2017-04-17,1492462775450,2.3737608884823955,-11.312846395090913,36.55706949123907
fukui_17,2017-04-29,1493499575000,1.5280973025636608,-12.462300736890105,36.55597808972426
fukui_17,2017-05-11,1494536376000,1.7877724637617922,-11.838945137821401,36.55002857247501
fukui_17,2017-05-23,1495573177000,1.9130993715086797,-11.932707508230092,36.55304854196139
fukui_17,2017-06-04,1496609978000,1.8758023079015296,-12.38295435610571,36.55463972616955
fukui_17,2017-06-16,1497646778000,2.511482511530126,-12.54687993984792,36.55837621634238
fukui_17,2017-06-28,1498683579000,2.967687081248691,-12.78922106078126,36.557218250821755
fukui_17,2017-07-10,1499720379000,4.405085985103199,-8.973391849524353,36.55469754040314
fukui_17,2017-07-22,1500757180000,2.368786643827598,-11.330150540495325,36.55521399468731
fukui_17,2017-08-03,1501793981000,-0.4270195848561795,-10.924395920841226,36.55276776880559
fukui_17,2017-08-15,1502830782000,3.8284801488977753,-12.661302818076738,36.55734192579435
fukui_17,2017-08-27,1503867582000,2.49751545894601,-12.993661151680012,36.55506752299933
fukui_17,2017-09-08,1504904382000,1.6718684130977024,-11.458640030466851,36.552997341085266
fukui_17,2017-09-20,1505941183000,2.1370697439640214,-15.368249774115183,36.55112249698492
fukui_17,2017-10-02,1506977983000,2.77519304844188,-14.11894974340255,36.55450783697121
fukui_17,2017-10-14,1508014783000,2.794339360661941,-13.725001538065822,36.55577690246505
fukui_17,2017-10-26,1509051584000,2.0228388788073235,-14.088123009222759,36.55341966797268
fukui_17,2017-11-07,1510088383000,2.0667520114569826,-13.008643812443728,36.55350248778394
fukui_17,2017-11-19,1511125183000,1.8719766907633926,-12.718692157551205,36.55073648299098
fukui_17,2017-12-01,1512161983000,4.427996686276534,-12.498033406934939,36.55405238371412
fukui_17,2017-12-13,1513198782000,2.250454357138554,-12.77050628313268,36.555579911570796
fukui_17,2017-12-25,1514235582000,3.787222795622843,-11.693500041615113,36.55946735565237
fukui_17,2018-01-06,1515272381000,4.743929512458937,-11.001949435957478,36.55479073067006
fukui_17,2018-01-18,1516309181000,4.282668613980089,-9.389213782215768,36.549219626211844
fukui_17,2018-01-30,1517345980000,4.973908158845599,-9.589605583189686,36.55238972839863
fukui_17,2018-02-11,1518382780000,-0.6245075350351325,-10.123291784523877,36.552187639124234
fukui_17,2018-02-23,1519419580000,4.899705286562002,-9.478233183203473,36.56060201631468
fukui_17,2018-03-07,1520456380000,4.179015541479554,-9.794640236601534,36.564608384220705
fukui_17,2018-03-19,1521493180000,5.380049095940526,-10.43103094969092,36.55693029230973
fukui_17,2018-03-31,1522529981000,4.217605605334052,-9.609601427305515,36.553225951792875
fukui_17,2018-04-12,1523566781000,4.724374115514439,-10.488281191063006,36.55558736508609
fukui_17,2018-04-24,1524603582000,6.393413795715917,-9.493707592343421,36.55901076691533
fukui_17,2018-05-06,1525640382000,5.486630573713746,-10.135377176401057,36.557904458016765
fukui_17,2018-05-18,1526677183000,5.0701775642955615,-11.561771559987289,36.55641979995465
fukui_17,2018-05-30,1527713983000,4.690869384686167,-10.042496462492696,36.55862402062372
fukui_17,2018-06-11,1528750784000,4.557976952481468,-10.54839920207633,36.55229089763272
fukui_17,2018-06-23,1529787585000,4.535234593797156,-9.750271333016151,36.55513276508809
fukui_17,2018-06-29,1530305934000,4.092336677191106,-10.678067840329453,36.587448249023375
fukui_17,2018-07-05,1530824385000,5.207222208020428,-9.184453519692742,36.56293094845636
fukui_17,2018-07-17,1531861186000,4.464002561366028,-10.531327330277357,36.558230083144345
fukui_17,2018-07-29,1532897988000,3.867225467556112,-9.542234169936224,36.54872822974903
fukui_17,2018-08-10,1533934788000,4.832551502516034,-9.982811143510931,36.553554052324266
fukui_17,2018-08-22,1534971588000,3.9078962556229144,-9.845270480765885,36.55732010895348
fukui_17,2018-09-03,1536008389000,4.993869880649426,-9.977844698303436,36.55419029866135
fukui_17,2018-09-15,1537045189000,4.250972868289819,-10.720162565291814,36.55655677527381
fukui_17,2018-09-27,1538081990000,4.544697527072461,-10.458131119282148,36.55387035817554
fukui_17,2018-10-09,1539118790000,3.846855415002024,-10.251927441705668,36.55256325576591
fukui_17,2018-10-21,1540155590000,3.790638156814454,-10.229000733463785,36.55360183678384
fukui_17,2018-11-02,1541192390000,3.730279210479737,-10.232596976498685,36.554503025224335
fukui_17,2018-11-14,1542229190000,3.9654073796255145,-9.194851858604554,36.5526438074004
fukui_17,2018-11-26,1543265989000,4.644274520375039,-9.349139812204884,36.55398586958845
fukui_17,2018-12-08,1544302789000,4.447472782362005,-12.559333097158095,36.55062265022127
fukui_17,2018-12-20,1545339589000,4.291252098272442,-9.337231565722366,36.55363931532767
fukui_17,2019-01-01,1546376388000,5.70694109181978,-10.21319727795344,36.554244167258645
fukui_17,2019-01-13,1547413188000,3.7145367139883763,-11.4551497289593,36.55741814781034
fukui_17,2019-01-25,1548449987000,4.489542479245822,-9.662726263447444,36.55073748481455
fukui_17,2019-02-06,1549486787000,3.8024108763664373,-10.461556381049482,36.55417606645037
fukui_17,2019-02-18,1550523587000,3.8200237083890065,-10.085572895023784,36.55023775903039
fukui_17,2019-03-02,1551560387000,4.321870515299509,-10.828195942738397,36.54938116682134
fukui_17,2019-03-14,1552597187000,4.226878262117518,-11.145949035756182,36.55957043106237
fukui_17,2019-03-26,1553633987000,3.7040503989376217,-10.95293076961441,36.55611276579883
fukui_17,2019-04-07,1554670787000,4.171645077311344,-10.969122417467215,36.55323223506702
fukui_17,2019-04-19,1555707588000,4.517868920331703,-11.401798054536494,36.54851856597584
fukui_17,2019-05-01,1556744388000,3.1171619557733474,-9.90642272026234,36.54807761480444
fukui_17,2019-05-13,1557781189000,3.587235399689203,-10.413207042349653,36.55687613640684
fukui_17,2019-05-25,1558817989000,4.166670701869848,-11.03822554855909,36.555676605487356
fukui_17,2019-06-06,1559854790000,2.9235442778512204,-10.989995952299715,36.5579389878841
fukui_17,2019-06-18,1560891590000,4.700819579855039,-10.91000683684155,36.556583047528065
fukui_17,2019-06-30,1561928391000,4.418684105681468,-10.662767456718145,36.5523575212356
fukui_17,2019-07-12,1562965192000,3.9856629096108724,-10.366479042327857,36.556133474789966
fukui_17,2019-07-24,1564001993000,4.469063280206116,-10.620317774970566,36.55865207570444
fukui_17,2019-08-05,1565038794000,4.0577805451438875,-11.471686952492643,36.55751377329442
fukui_17,2019-08-17,1566075594000,4.437402554817284,-12.558684997336378,36.55034781699694
fukui_17,2019-08-29,1567112395000,4.968336043566849,-9.829432566060882,36.55325585528895
fukui_17,2019-09-10,1568149195000,3.589627111869595,-11.093102336199955,36.5572886421703
fukui_17,2019-09-22,1569185996000,4.6722265250203625,-10.800041344881983,36.5536155372477
fukui_17,2019-10-04,1570222796000,3.72756285636124,-10.589752109016516,36.55249071086041
fukui_17,2019-10-16,1571259596000,3.2344582200554406,-11.573259350306595,36.55526278141811
fukui_17,2019-10-28,1572296396000,3.215596040407109,-10.396843906072704,36.55342898185978
fukui_17,2019-11-09,1573333196000,2.595071924484022,-11.414110969326801,36.553037306841674
fukui_17,2019-11-21,1574369996000,2.2616604210604874,-10.834159683214008,36.555557487318836
fukui_17,2019-12-03,1575406796000,3.0893302698038463,-11.076616439500508,36.556050713256916
fukui_17,2019-12-15,1576443595000,2.36852640735874,-10.294278569337408,36.55069982189665
fukui_17,2019-12-27,1577480395000,2.661155688741563,-9.694043776070119,36.54748509836232
fukui_17,2020-01-08,1578517194000,2.456972583535518,-9.37884847636759,36.550666505032346
fukui_17,2020-01-20,1579553994000,2.1151239918654037,-10.095904495470522,36.55477841916125
fukui_17,2020-02-01,1580590793000,2.1823549510229654,-10.2630925574764,36.481393728400604
fukui_17,2020-02-13,1581627593000,2.5219951097949997,-10.902939227096615,36.4813139747005
fukui_17,2020-02-25,1582664393000,3.4468525800109426,-9.877037566885646,36.48018078751487
fukui_17,2020-03-08,1583701193000,2.417149191027573,-9.81864926146129,36.47668620263057
fukui_17,2020-03-20,1584737993000,2.3767116679127107,-9.778080946280072,36.480831674196594
fukui_17,2020-04-01,1585774793000,3.524644056848754,-9.741217296967196,36.4877883429512
fukui_17,2020-04-13,1586811594000,2.3247970321275044,-9.222841059727271,36.48461847483466
fukui_17,2020-04-25,1587848394000,4.17757366037328,-10.001087669750948,36.47902345926087
fukui_17,2020-05-07,1588885195000,2.6462953533284996,-10.0357651980667,36.48209338178839
fukui_17,2020-05-19,1589921995000,3.400150126795538,-9.144228306244145,36.48291614716084
fukui_17,2020-05-31,1590958796000,2.852370222299417,-10.720426523788085,36.48488292511458
fukui_17,2020-06-12,1591995597000,2.9368921100399827,-10.073292550050057,36.482047221914605
fukui_17,2020-06-24,1593032398000,3.934365858993498,-10.676502105146476,36.481157460395565
fukui_17,2020-07-06,1594069198000,4.387769414853701,-9.770421739937609,36.48199558776612
fukui_17,2020-07-18,1595105999000,3.15175093521095,-10.275355269069344,36.48285086988757
fukui_17,2020-07-30,1596142800000,4.365304712939005,-10.760364253881576,36.47962125818277
fukui_17,2020-08-11,1597179600000,3.541969509472216,-11.503594608219164,36.48200706296489
fukui_17,2020-08-23,1598216401000,3.4868049243039327,-10.230414448670345,36.48132293103608
fukui_17,2020-09-04,1599253202000,4.118497696090473,-11.445433505645438,36.47831910526271
fukui_17,2020-09-16,1600290002000,3.3717869354042143,-10.17615364870478,36.47957908250493
fukui_17,2020-09-28,1601326803000,2.343550043450532,-11.150123244915438,36.478950580935546
fukui_17,2020-10-10,1602363603000,3.856479837863749,-10.863790541395234,36.47745873294715
fukui_17,2020-10-22,1603400403000,4.0806111913780505,-11.147411321096081,36.48177220768659
fukui_17,2020-11-03,1604437203000,3.0309069861366846,-10.984290252452984,36.47612518813126
fukui_17,2020-11-15,1605474003000,3.3061165984076606,-10.768698935697781,36.475575535747176
fukui_17,2020-11-27,1606510802000,3.3319637553729375,-11.975041921057796,36.48189377696533
fukui_17,2020-12-09,1607547602000,2.393185290395818,-10.810461352320907,36.47993592486675
fukui_17,2020-12-21,1608584401000,4.383036363677419,-9.690144905184496,36.479993575901794
fukui_17,2021-01-02,1609621201000,3.0835874540253347,-11.533338076816404,36.47605679279495
fukui_17,2021-01-14,1610658000000,3.831320346015795,-10.096266601372273,36.474453877610536
fukui_17,2021-01-26,1611694800000,3.761566284447149,-10.458535276399353,36.474378400658686
fukui_17,2021-02-07,1612731599000,2.233125154476332,-10.108803386830946,36.477191071502105
fukui_17,2021-02-19,1613768399000,3.1874619327082145,-10.54405530527679,36.48496905155022
fukui_17,2021-03-03,1614805199000,2.291852032526924,-11.143710076322783,36.48719781866214
fukui_17,2021-03-15,1615841999000,3.5193989883555035,-10.86419837832712,36.48129964241978
fukui_17,2021-03-27,1616878799000,2.864269688616747,-11.259367111427924,36.481447034959864
fukui_17,2021-04-08,1617915599000,2.539155414360323,-10.654390676120311,36.48463878809498
fukui_17,2021-04-20,1618952400000,3.434147246554493,-10.89538403053175,36.48494336377728
fukui_17,2021-05-02,1619989200000,2.968345256884751,-10.229259608949548,36.48682706812769
fukui_17,2021-05-14,1621026001000,3.1478491461319646,-10.655203027887078,36.48385397929118
fukui_17,2021-05-26,1622062802000,3.5351537565353093,-11.29669253977647,36.480455514371315
fukui_17,2021-06-07,1623099602000,3.241707658306037,-11.041753394256455,36.482263572576414
fukui_17,2021-06-19,1624136403000,4.344794785561935,-10.502531720979318,36.484748456522
fukui_17,2021-07-01,1625173204000,3.6406575614405594,-10.985977028739802,36.48199549571215
fukui_17,2021-07-13,1626210005000,3.061170709511745,-11.01649117245876,36.484404146465856
fukui_17,2021-07-25,1627246805000,3.6143066581017216,-9.557976977828641,36.48555331832631
fukui_17,2021-08-06,1628283606000,3.2018012972767433,-9.929944260407705,36.481692875174275
fukui_17,2021-08-18,1629320407000,3.8465623076916162,-11.551796635633714,36.48334522875905
fukui_17,2021-08-30,1630357207000,4.699695027033485,-9.768549591661003,36.48369567100637
fukui_17,2021-09-11,1631394008000,4.780257410604267,-11.287859881068181,36.48031627989384
fukui_17,2021-09-23,1632430808000,5.175938991245199,-11.180365647677052,36.47803616523742
fukui_17,2021-10-05,1633467608000,4.438940649288244,-11.038276686995069,36.47781867333126
fukui_17,2021-10-17,1634504409000,3.609977262303958,-11.358343696635773,36.47745022124793
fukui_17,2021-10-29,1635541208000,3.6698658782383378,-11.646436017348847,36.47904497848273
fukui_17,2021-11-22,1637614808000,3.2748767779785255,-11.649149460329554,36.47658127479008
fukui_17,2021-12-04,1638651607000,3.144059873043895,-10.812707695215945,36.4747497752878
fukui_17,2021-12-16,1639688407000,5.4783957556624046,-11.440465353767657,36.47550714874645
fukui_17,2021-12-28,1640725206000,3.399351371599666,-11.280379102852974,36.48403976139764
fukui_17,2022-01-09,1641762006000,3.7689288130500933,-11.631756562991322,36.47969891896672
fukui_17,2022-01-21,1642798805000,3.0825679774431447,-12.026292465335496,36.47761710022635
fukui_17,2022-02-02,1643835604000,3.9833965728407184,-10.802073142538326,36.481615753929205
fukui_17,2022-02-14,1644872405000,4.432423676597565,-11.785142714597384,36.47717457826434
fukui_17,2022-02-26,1645909204000,4.7455088477928085,-10.835619467537995,36.478647508002545
fukui_17,2022-03-10,1646946004000,3.390667629924268,-11.398048094733875,36.48437466694108
fukui_17,2022-03-22,1647982805000,4.800577542931385,-10.737511042672335,36.48330487782144
fukui_17,2022-04-03,1649019605000,4.393380061399608,-10.095826775173274,36.48053126044832
fukui_17,2022-04-15,1650056405000,3.570000530090612,-12.833177672684046,36.48317018455327
fukui_17,2022-04-27,1651093206000,4.953974761662602,-10.581293522422555,36.48137055050825
fukui_17,2022-05-09,1652130006000,4.073263768520334,-11.554473848580383,36.4846129515688
fukui_17,2022-05-21,1653166807000,4.725351055747111,-11.554170633644581,36.48780889637392
fukui_17,2022-06-02,1654203608000,4.254954193787993,-10.919208211828852,36.482208677056846
fukui_17,2022-06-14,1655240409000,4.586910851413393,-10.696426802665549,36.4835562571095
fukui_17,2022-06-26,1656277210000,3.5505104857145695,-11.697284763219987,36.47737058426659
fukui_17,2022-07-08,1657314010000,3.9219262967691244,-10.78704947309921,36.48247467210348
fukui_17,2022-07-20,1658350811000,3.857244217664227,-10.607199245315101,36.483328202861166
fukui_17,2022-08-01,1659387612000,4.6590909019038875,-9.573214733733968,36.48219021798355
fukui_17,2022-08-13,1660424413000,4.817251489355548,-11.258449674509986,36.481845285624956
fukui_17,2022-08-25,1661461213000,4.784000958467658,-10.860110855031856,36.48252275265427
fukui_17,2022-09-06,1662497988000,5.316480646094055,-11.720184051477325,36.552021279946146
fukui_17,2022-09-18,1663534814000,5.508721454129078,-11.40168514999082,36.488354121664614
fukui_17,2022-09-30,1664571615000,5.527103067525271,-11.495740061230721,36.47704445450463
fukui_17,2022-10-12,1665608414000,5.451969452019028,-11.199043490823117,36.485496313808056
fukui_17,2022-10-24,1666645215000,4.235055074488195,-11.101524186225458,36.47861820163477
fukui_17,2022-11-05,1667682014000,4.491044786063987,-10.065262807026764,36.48316049141783
fukui_17,2022-11-17,1668718814000,4.373290266568722,-10.567862608936556,36.48241609706282
fukui_17,2022-11-29,1669755614000,5.0540064615421425,-9.71389192805708,36.47803213847403
fukui_17,2022-12-11,1670792413000,5.3106110435892395,-9.592651156118546,36.47618784022834
fukui_17,2022-12-23,1671829212000,11.446844864927794,-5.5922349809223535,36.47458643425168
fukui_17,2023-01-04,1672866012000,5.441457124152674,-9.048709304752885,36.47989911152365
fukui_17,2023-01-16,1673902811000,4.268936088512308,-9.597819104742825,36.49200288855674
fukui_17,2023-01-28,1674939611000,-3.098643582673382,-15.012097057917533,36.47504178716084
fukui_17,2023-02-09,1675976410000,4.883046626405515,-9.200248986891374,36.48341500060301
fukui_17,2023-02-21,1677013210000,5.476137742145435,-10.268099406841486,36.485528083799394
fukui_17,2023-03-05,1678050010000,4.617171895718292,-10.02580205719588,36.47797302167149
fukui_17,2023-03-17,1679086810000,5.401775734367067,-9.020519434378826,36.487630042641584
fukui_17,2023-03-29,1680123610000,5.131029962689196,-9.493056705721004,36.49037781305069
fukui_17,2023-04-10,1681160411000,4.853383140791811,-9.683447500528438,36.48011424979815
fukui_17,2023-04-22,1682197211000,5.706824231031042,-9.121010395627739,36.47957274610066
fukui_17,2023-05-04,1683234012000,5.038874289312788,-9.165470085023077,36.47752213624789
fukui_17,2023-05-16,1684270813000,4.382366485725926,-9.435480812340343,36.4763227395605
fukui_17,2023-05-28,1685307613000,7.219406755995137,-7.932944394683739,36.4786210643641
fukui_17,2023-06-09,1686344413000,4.754747320195104,-9.616127307757091,36.48669196311892
fukui_17,2023-06-21,1687381214000,4.807414885712348,-9.44987937600814,36.48873327144984
fukui_17,2023-07-03,1688418015000,5.3711346201480294,-8.913011245366496,36.48055299496019
fukui_17,2023-07-15,1689454816000,5.177793778617271,-9.086523993938512,36.47751280432313
fukui_17,2023-07-27,1690491617000,4.952542080589126,-9.62799857297534,36.482620510391264
fukui_17,2023-08-08,1691528417000,5.408362565947254,-9.633994229546479,36.49509539469948
fukui_17,2023-08-20,1692565218000,4.5189170262106,-10.759267543714758,36.486941587167045
fukui_17,2023-09-01,1693602019000,4.68194222132679,-9.650505166924521,36.479764569675645
fukui_17,2023-09-13,1694638819000,5.250746781750196,-10.451302803973139,36.48381124721352
fukui_17,2023-09-25,1695675620000,5.156482861154347,-10.82427379164613,36.478196648275755
fukui_17,2023-10-07,1696712419000,4.976276239159875,-10.953511438744261,36.48106943791343
fukui_17,2023-10-19,1697749220000,5.751848311451372,-10.577167093153863,36.47612354297354
fukui_17,2023-10-31,1698786019000,6.129129506247999,-10.066293030507591,36.48041587053304
fukui_17,2023-11-12,1699822819000,5.148767950043667,-9.695304840028482,36.47506568972962
fukui_17,2023-11-24,1700859618000,5.695508694344123,-10.206335733836841,36.48950623296077
fukui_17,2023-12-06,1701896418000,6.298003466192577,-9.98537467061088,36.48265445115747
fukui_17,2023-12-18,1702933217000,5.509435110640833,-9.909539381218822,36.48172874067062
fukui_17,2023-12-30,1703970017000,5.440661724009964,-9.996601645701617,36.47812356507752
fukui_17,2024-01-11,1705006816000,4.976482289564467,-9.494725021012734,36.476557030542565
fukui_17,2024-01-23,1706043616000,-0.9895044454000003,-11.368058222699196,36.47878977881121
fukui_17,2024-02-04,1707080415000,4.868699019684074,-9.71278990433408,36.48213010765822
fukui_17,2024-02-16,1708117215000,6.366950056347065,-8.97894266269159,36.482855254841525
fukui_17,2024-02-28,1709154015000,6.6460253484298635,-9.10229440168807,36.48460326402186
fukui_17,2024-03-11,1710190815000,5.458957584294939,-9.989478148475493,36.483668787581024
fukui_17,2024-03-23,1711227616000,5.385775041439633,-10.446871371326841,36.484555266841284
fukui_17,2024-04-04,1712264416000,4.993873575184725,-9.818728723254571,36.482494110877155
fukui_17,2024-04-16,1713301216000,5.879701826194955,-9.324709493988191,36.483077750927336
fukui_17,2024-04-28,1714338017000,5.457725385266233,-8.918219172749824,36.477787711915205
fukui_17,2024-05-10,1715374817000,5.2753912391413245,-9.472942851240516,36.47217853911059
fukui_17,2024-05-22,1716411616000,6.348379192515933,-9.114401477627515,36.473427941870405
fukui_17,2024-06-03,1717448416000,4.722898564756547,-10.161846985842857,36.46731987075386
fukui_17,2024-06-15,1718485216000,5.753451795033075,-8.829494568105039,36.46780211628509
fukui_17,2024-07-09,1720558815000,3.7344970564825624,-12.941567670988343,36.473574968964385
fukui_17,2024-07-21,1721595614000,3.114895232910517,-10.383874171155655,36.47228100844624
fukui_17,2024-08-02,1722632414000,2.6689891191228896,-9.920721095946519,36.4704421411349
fukui_17,2024-08-14,1723669214000,3.0981855293650353,-9.221381841160033,36.48537480772423
fukui_17,2024-08-26,1724706015000,2.929735129119827,-11.43033540561156,36.481494760197066
fukui_17,2024-09-07,1725742815000,4.375192828542218,-11.252637397595107,36.484408361244476
fukui_17,2024-09-19,1726779615000,4.712650756034468,-10.902567774044844,36.484347066085114
fukui_17,2024-10-01,1727816415000,4.003725681556534,-11.645949088681427,36.48818105490219
fukui_17,2024-10-13,1728853216000,3.590767001250064,-12.188091448818316,36.480214500661845
fukui_17,2024-10-25,1729890015000,4.001545390336156,-11.060510912239518,36.49323417955571
fukui_17,2024-11-06,1730926815000,3.622367427356421,-11.368901738506926,36.480689238197144
fukui_17,2024-11-18,1731963615000,3.0163711356189293,-10.740176102333617,36.47473299191321
fukui_17,2024-12-12,1734037213000,2.7996245853764945,-11.338987263115087,36.47333440827619
fukui_17,2024-12-24,1735074012000,1.6647638386561536,-9.425412052369646,36.47904597010768
fukui_17,2025-01-05,1736110811000,1.6968933375738757,-9.507089339917375,36.474763948367105
fukui_17,2025-01-17,1737147610000,1.7729899104308278,-9.852332132687225,36.477811899178135
fukui_17,2025-01-29,1738184409000,2.1643164127604346,-10.92378039689558,36.475400409956556
fukui_17,2025-02-10,1739221209000,2.296622312419088,-10.040096611849515,36.47626638201589
fukui_17,2025-02-22,1740258008000,2.948061032208847,-10.330893794527363,36.48312636070605
fukui_17,2025-03-06,1741294808000,2.551051421488339,-9.735392469314876,36.48279820776264
fukui_17,2025-03-18,1742331608000,3.6190984798718002,-10.409218013588536,36.48252133507016
fukui_17,2025-03-30,1743368409000,2.9173414021673043,-9.729242999378911,36.4740555057803
fukui_17,2025-04-11,1744405209000,3.3362585735952934,-7.994274889219882,36.48473846652407
fukui_17,2025-04-23,1745442009000,2.8246423546990376,-9.05050734114873,36.47856134406689
fukui_17,2025-05-05,1746478809000,3.045842500163597,-9.09733892835429,36.47632873805024
fukui_17,2025-05-17,1747515609000,3.2755947372027325,-9.400722756076187,36.47373499760831
fukui_17,2025-05-29,1748552408000,3.1891738098952844,-9.210674376502777,36.4688711540695
fukui_17,2025-06-10,1749589208000,2.4970388655755276,-8.655593212418482,36.46558867743954
fukui_17,2025-06-22,1750626007000,7.6859394174091635,-10.095884809687266,36.4650623862423
fukui_17,2025-07-04,1751662806000,3.1278417660587023,-9.186271995495375,36.47219750505551
fukui_17,2025-07-16,1752699606000,4.474623529351467,-9.264794826692862,36.47403303288013
fukui_17,2025-07-28,1753736405000,4.2280709908614185,-8.971604767888492,36.47480495399845
fukui_17,2025-08-09,1754773205000,5.097219729925914,-10.138642254495949,36.4733112777163
fukui_17,2025-08-21,1755810005000,4.169830305557257,-9.728500272843759,36.478572329756254
fukui_17,2025-09-02,1756846805000,3.458422876818017,-11.093615289181663,36.48165299959708
fukui_17,2025-09-14,1757883606000,3.620794154546075,-14.569014785808132,36.483988695168314
fukui_17,2025-09-26,1758920406000,2.35802684644951,-9.665240398565645,36.48544291653269
fukui_17,2025-10-08,1759957207000,3.1609105185405175,-9.499984837542794,36.47358041253363
fukui_17,2025-10-20,1760994006000,4.241638291704698,-11.53678834360592,36.48016517715848
fukui_17,2025-11-01,1762030806000,3.182641846301133,-11.000690560166387,36.47604757686676
fukui_17,2025-11-13,1763067605000,3.4752747949778007,-10.919161557878795,36.47955576889443
fukui_17,2025-11-25,1764104404000,3.1201062300464946,-10.342778396084457,36.47598773357914
fukui_17,2025-12-07,1765141203000,4.815352656204859,-10.850182600403354,36.46977424247225
fukui_17,2025-12-19,1766178002000,5.137862856777162,-10.923813982581672,36.47118036202558
fukui_17,2025-12-31,1767214801000,6.163122285368639,-11.048506141295215,36.475745406694735
fukui_17,2026-01-12,1768251600000,5.590884602995233,-9.973983645590755,36.477376059463445
fukui_17,2026-01-24,1769288398000,5.584589780975135,-10.209238500796634,36.483988945138535
fukui_17,2026-02-17,1771361997000,4.603143715601593,-9.933732229967653,36.48014565364362
fukui_17,2026-03-01,1772398797000,4.811588211672488,-10.371625846043155,36.479800965365364
fukui_17,2026-03-13,1773435597000,4.725080141801284,-10.423868549356252,36.48376000494627
fukui_17,2026-03-25,1774472398000,4.142660047268517,-9.910052744597381,36.48291310805449
fukui_17,2026-04-06,1775509198000,4.634694469554175,-9.995566839008244,36.47975791836961
fukui_17,2026-04-18,1776545998000,5.070460180596011,-9.24994908239119,36.47159049383001
fukui_17,2026-04-30,1777582797000,3.768724612970896,-9.480783266333711,36.4699801162613
fukui_17,2026-05-12,1778619597000,4.5501492955103355,-9.678403609846443,36.47170814775557
fukui_18,2017-02-16,1487278774030,1.9080679785873376,-9.41002205541715,36.57171663778555
fukui_18,2017-02-28,1488315573000,2.6546637517588327,-10.180938197796262,36.57013794307372
fukui_18,2017-03-12,1489352374000,2.6699724784827574,-9.783473944004495,36.56439267198389
fukui_18,2017-03-24,1490389174380,2.5271116632519943,-9.795835980911352,36.56975574304562
fukui_18,2017-04-05,1491425974840,2.2187950880291956,-9.968065677878704,36.56969471223922
fukui_18,2017-04-17,1492462775450,2.2034965708724656,-9.37658911390994,36.57065858689195
fukui_18,2017-04-29,1493499575000,2.317907174499433,-8.07524866136566,36.56957779307888
fukui_18,2017-05-11,1494536376000,2.7449347260311248,-6.666851834431911,36.56363602226988
fukui_18,2017-05-23,1495573177000,3.017538534803243,-5.821334495780722,36.56664204877964
fukui_18,2017-06-04,1496609978000,2.5225726331418366,-6.138145323690373,36.56830026573733
fukui_18,2017-06-16,1497646778000,2.8712303486707924,-5.508159527574932,36.571995019912706
fukui_18,2017-06-28,1498683579000,1.1702882631031923,-6.387814330042892,36.570808642770544
fukui_18,2017-07-10,1499720379000,1.6681429641271672,-6.537739471017929,36.56828703627371
fukui_18,2017-07-22,1500757180000,2.59643786740036,-7.417329406640569,36.568828907398725
fukui_18,2017-08-03,1501793981000,2.5721582844976756,-8.858114991457917,36.566408964140585
fukui_18,2017-08-15,1502830782000,2.7132344234626338,-8.778088876070974,36.57100374468285
fukui_18,2017-08-27,1503867582000,2.027368930171889,-9.404762200115204,36.56866962119629
fukui_18,2017-09-08,1504904382000,5.401500314010377,-8.477561030002192,36.56662033512199
fukui_18,2017-09-20,1505941183000,1.2325852251816167,-8.142222533163887,36.564717143240145
fukui_18,2017-10-02,1506977983000,1.118089428968461,-9.89758488824552,36.56811853476263
fukui_18,2017-10-14,1508014783000,2.126955894898971,-8.412288203738454,36.56936641106958
fukui_18,2017-10-26,1509051584000,1.3378135977667707,-7.817654941834399,36.5670675630094
fukui_18,2017-11-07,1510088383000,1.0326252988189621,-6.5818279782835925,36.567093480085646
fukui_18,2017-11-19,1511125183000,0.8103703364102455,-6.76989888170835,36.56433894729333
fukui_18,2017-12-01,1512161983000,1.0860738018102378,-6.205113688555468,36.56771164443098
fukui_18,2017-12-13,1513198782000,1.068193921642525,-6.408918004888156,36.56917384361487
fukui_18,2017-12-25,1514235582000,0.8103499792099725,-7.102636242605507,36.5731121661835
fukui_18,2018-01-06,1515272381000,0.6002184776021537,-6.716459425772375,36.568415585959826
fukui_18,2018-01-18,1516309181000,0.306573492286848,-6.990744682662257,36.56283260665062
fukui_18,2018-01-30,1517345980000,0.4146265752534969,-6.256936007575244,36.5660498625797
fukui_18,2018-02-11,1518382780000,2.904786162667205,-12.206269520015768,36.565846869856536
fukui_18,2018-02-23,1519419580000,0.970218839015373,-6.278042841467815,36.57425607330263
fukui_18,2018-03-07,1520456380000,0.9609482414532182,-6.4923075571348265,36.578230813389304
fukui_18,2018-03-19,1521493180000,1.0220590297267622,-7.5649245164359575,36.57051905496577
fukui_18,2018-03-31,1522529981000,2.2606455121471662,-7.349143162027727,36.566870453607635
fukui_18,2018-04-12,1523566781000,1.863515882806182,-7.9872356230900765,36.569174242566675
fukui_18,2018-04-24,1524603582000,2.943829506448851,-7.666835890415171,36.572612751134386
fukui_18,2018-05-06,1525640382000,2.6247803106815626,-7.3931587871746975,36.57151321976272
fukui_18,2018-05-18,1526677183000,1.9292063860979203,-6.726573024906945,36.57001131949893
fukui_18,2018-05-30,1527713983000,2.937843643244522,-6.9157124305099815,36.57223025057465
fukui_18,2018-06-11,1528750784000,2.659246450270573,-7.0909610849506866,36.565885609497506
fukui_18,2018-06-23,1529787585000,2.552987473980262,-6.02480326468946,36.568729150598934
fukui_18,2018-06-29,1530305934000,2.263550328013832,-6.431496402598008,36.601008447442204
fukui_18,2018-07-05,1530824385000,2.809310359232592,-6.475801614047976,36.57652906242414
fukui_18,2018-07-17,1531861186000,2.7758577810025753,-6.448117095706234,36.57185505447649
fukui_18,2018-07-29,1532897988000,2.1527436293766007,-6.420245965084891,36.56237103411994
fukui_18,2018-08-10,1533934788000,2.3964390158292126,-6.322675329011424,36.56715925056944
fukui_18,2018-08-22,1534971588000,2.354250222168403,-6.612115805351093,36.570946631178664
fukui_18,2018-09-03,1536008389000,2.3305130817709574,-6.673080519963895,36.56778994040692
fukui_18,2018-09-15,1537045189000,2.5184619673464805,-6.563897694185157,36.57020429496709
fukui_18,2018-09-27,1538081990000,3.1416069325922518,-7.069512421930693,36.567522995401475
fukui_18,2018-10-09,1539118790000,2.9314138841574096,-6.263264821271872,36.5662162217693
fukui_18,2018-10-21,1540155590000,2.677913333192055,-7.429736391344676,36.567249189937364
fukui_18,2018-11-02,1541192390000,2.7888658050362616,-6.876123889557709,36.56813461658131
fukui_18,2018-11-14,1542229190000,2.516112791615543,-7.060725142925411,36.56623608363478
fukui_18,2018-11-26,1543265989000,2.510308690430315,-6.741931046526119,36.56763804621649
fukui_18,2018-12-08,1544302789000,3.165138853446129,-7.201282369200646,36.56424022144113
fukui_18,2018-12-20,1545339589000,2.0251740124451665,-7.237530121637936,36.56724264123937
fukui_18,2019-01-01,1546376388000,1.6770098528483246,-7.670747106865818,36.56784349428014
fukui_18,2019-01-13,1547413188000,3.529590748356937,-7.114379811720311,36.57106969859708
fukui_18,2019-01-25,1548449987000,1.7259038213688604,-7.091823655509922,36.56433309800553
fukui_18,2019-02-06,1549486787000,1.7673477459535818,-7.4870872406811095,36.56776586468174
fukui_18,2019-02-18,1550523587000,2.8558196036792545,-8.57175034373546,36.56382583207779
fukui_18,2019-03-02,1551560387000,2.267047711843345,-8.086782005638906,36.56297609291825
fukui_18,2019-03-14,1552597187000,3.089732095617679,-7.929341671393001,36.573161034746434
fukui_18,2019-03-26,1553633987000,1.8960332330848069,-6.72506040651611,36.569699947758565
fukui_18,2019-04-07,1554670787000,2.864935610779347,-7.335423520586565,36.566839246424585
fukui_18,2019-04-19,1555707588000,2.48347079521007,-7.565028891108279,36.562120804707284
fukui_18,2019-05-01,1556744388000,1.5241487815797023,-7.86132623862279,36.56167354317988
fukui_18,2019-05-13,1557781189000,2.9016947244266387,-6.553733064307564,36.570477641882114
fukui_18,2019-05-25,1558817989000,3.2766529362141266,-6.688784500894431,36.56926775367458
fukui_18,2019-06-06,1559854790000,2.9540627359020943,-6.88657907138933,36.57153343333029
fukui_18,2019-06-18,1560891590000,3.1085719310264617,-7.442229073213184,36.57018096393282
fukui_18,2019-06-30,1561928391000,2.441961265789013,-7.073417219248282,36.565959415021055
fukui_18,2019-07-12,1562965192000,3.263251519890951,-6.0051153911703645,36.56973586920367
fukui_18,2019-07-24,1564001993000,3.484751522591341,-6.725693856051307,36.57224651221583
fukui_18,2019-08-05,1565038794000,2.8611307189902835,-6.173220790738354,36.571112496111176
fukui_18,2019-08-17,1566075594000,2.8897250455970283,-6.824802144749808,36.56394567216344
fukui_18,2019-08-29,1567112395000,2.440110961084363,-7.643563737022979,36.566850567798994
fukui_18,2019-09-10,1568149195000,3.1792267551680653,-7.752598012322256,36.570916001153584
fukui_18,2019-09-22,1569185996000,3.2725513819530496,-7.08473604038806,36.5672447302499
fukui_18,2019-10-04,1570222796000,2.2053100596925326,-7.567273812881698,36.566106211194125
fukui_18,2019-10-16,1571259596000,3.7456540779184717,-7.698286885850126,36.56885286472513
fukui_18,2019-10-28,1572296396000,2.927143873453391,-7.584829680056112,36.56705886142873
fukui_18,2019-11-09,1573333196000,2.9368009967317286,-7.629128729674912,36.566643255918386
fukui_18,2019-11-21,1574369996000,3.274194906309465,-8.148274478785599,36.56916685286422
fukui_18,2019-12-03,1575406796000,2.6439281759969133,-7.71920611342965,36.569703698618525
fukui_18,2019-12-15,1576443595000,2.9894939626296613,-8.181786431948982,36.5643001786626
fukui_18,2019-12-27,1577480395000,3.503032930202638,-8.745139621590083,36.56112226207341
fukui_18,2020-01-08,1578517194000,2.789488103905976,-8.587674361684082,36.56430897848273
fukui_18,2020-01-20,1579553994000,2.2873292470962645,-9.321193419873557,36.56842399821944
fukui_18,2020-02-01,1580590793000,2.373780931566979,-8.790609261435618,36.4949792684489
fukui_18,2020-02-13,1581627593000,1.6045741613965516,-9.384706924841543,36.49484941964047
fukui_18,2020-02-25,1582664393000,1.8455047812457879,-8.27512730142839,36.493773207090065
fukui_18,2020-03-08,1583701193000,2.1811660737002287,-7.7633601323072465,36.49031239681757
fukui_18,2020-03-20,1584737993000,2.7309807505610277,-8.427640230867485,36.49451465915684
fukui_18,2020-04-01,1585774793000,2.2809036369587306,-8.899386036658203,36.50147790175216
fukui_18,2020-04-13,1586811594000,3.0584510540426226,-8.984564799831436,36.49817271197284
fukui_18,2020-04-25,1587848394000,3.0790471815128684,-7.501208687678028,36.492559209727794
fukui_18,2020-05-07,1588885195000,2.627381877645226,-7.490761654706509,36.495688677702766
fukui_18,2020-05-19,1589921995000,2.288912185615513,-7.741884032761209,36.49653871645978
fukui_18,2020-05-31,1590958796000,3.1954192278461244,-7.014686186156804,36.498418790699056
fukui_18,2020-06-12,1591995597000,2.065995016638913,-7.790281593030244,36.495615188999
fukui_18,2020-06-24,1593032398000,3.5871975074023115,-7.426186780308854,36.49469716488265
fukui_18,2020-07-06,1594069198000,2.2355939393495876,-7.873022490064998,36.4955340291097
fukui_18,2020-07-18,1595105999000,3.069963424917147,-8.194593552847772,36.49647749542311
fukui_18,2020-07-30,1596142800000,3.4218074260065103,-7.791640750637791,36.49324507940383
fukui_18,2020-08-11,1597179600000,1.3388817925998915,-7.973862362067464,36.49560062046414
fukui_18,2020-08-23,1598216401000,2.1780826459923204,-6.584788256566033,36.494899495069525
fukui_18,2020-09-04,1599253202000,2.329065573021483,-8.060650898420064,36.491878653241905
fukui_18,2020-09-16,1600290002000,2.4147127489994746,-7.766251347753119,36.49312518218548
fukui_18,2020-09-28,1601326803000,1.8479103367199865,-7.0776791348940025,36.49250518478976
fukui_18,2020-10-10,1602363603000,2.788584445902113,-7.623962877082953,36.490990882289566
fukui_18,2020-10-22,1603400403000,2.3930817929455093,-8.262142210006145,36.49530502259586
fukui_18,2020-11-03,1604437203000,0.602467609562495,-8.12222454178925,36.48966032941221
fukui_18,2020-11-15,1605474003000,3.006196998857862,-7.652407679305381,36.489111211538884
fukui_18,2020-11-27,1606510802000,1.756270061116583,-8.005353406797864,36.495424903607834
fukui_18,2020-12-09,1607547602000,3.5011465632160004,-7.720421536159847,36.49347043614656
fukui_18,2020-12-21,1608584401000,1.9229448134930724,-7.48701851367906,36.49352734328072
fukui_18,2021-01-02,1609621201000,2.8724771843141457,-8.325769484741116,36.48961160050109
fukui_18,2021-01-14,1610658000000,2.6171397693724057,-7.341046570521066,36.487977836139045
fukui_18,2021-01-26,1611694800000,1.7115483682155737,-9.102843151432973,36.48796289199749
fukui_18,2021-02-07,1612731599000,1.2389638377396592,-7.636428512912352,36.49074461518836
fukui_18,2021-02-19,1613768399000,2.444680499988109,-7.695319197148459,36.498519629632355
fukui_18,2021-03-03,1614805199000,2.545889399992931,-7.827002025476227,36.50076451543439
fukui_18,2021-03-15,1615841999000,1.5197627787188885,-7.65533377623738,36.49488294499585
fukui_18,2021-03-27,1616878799000,3.469505621414506,-6.963772164507816,36.49510095355324
fukui_18,2021-04-08,1617915599000,3.2696128148988897,-6.967341212522502,36.49826371317181
fukui_18,2021-04-20,1618952400000,2.005208922576964,-7.637388934385726,36.49848880800796
fukui_18,2021-05-02,1619989200000,2.6513223173673945,-8.41955732376533,36.50036465203333
fukui_18,2021-05-14,1621026001000,2.8446499383211883,-7.8669577070368115,36.49749066135993
fukui_18,2021-05-26,1622062802000,2.6924707419200504,-8.124430083130536,36.4940949878417
fukui_18,2021-06-07,1623099602000,2.9177113533570775,-8.249317421301877,36.495908028202585
fukui_18,2021-06-19,1624136403000,2.3908366406449852,-8.106104603842613,36.49837220805196
fukui_18,2021-07-01,1625173204000,2.4604995431418097,-8.646701025427744,36.49557725935701
fukui_18,2021-07-13,1626210005000,2.6548375498184607,-8.876613781518733,36.4980404916215
fukui_18,2021-07-25,1627246805000,2.6808557631644483,-7.820728000492866,36.49914594893632
fukui_18,2021-08-06,1628283606000,2.485904871008676,-7.892627690951876,36.49532985547214
fukui_18,2021-08-18,1629320407000,1.9281119764410966,-9.247746719106251,36.49697174702916
fukui_18,2021-08-30,1630357207000,1.502315994669225,-6.47457596224049,36.49722282019045
fukui_18,2021-09-11,1631394008000,2.261320141356614,-8.171605011163908,36.49385534750448
fukui_18,2021-09-23,1632430808000,2.247066015397187,-7.7106570225405475,36.491590629629535
fukui_18,2021-10-05,1633467608000,2.219982605586387,-7.659400042637756,36.49134699845985
fukui_18,2021-10-17,1634504409000,2.662696901809201,-7.020342718718483,36.491033796140556
fukui_18,2021-10-29,1635541208000,3.4854128392287644,-7.6155715827949795,36.49257487889616
fukui_18,2021-11-22,1637614808000,1.9734932957243454,-8.371204509258522,36.49026924414471
fukui_18,2021-12-04,1638651607000,2.977437697850065,-8.128045934595162,36.4883396742659
fukui_18,2021-12-16,1639688407000,1.8899129052873962,-7.743457522541291,36.48905644096736
fukui_18,2021-12-28,1640725206000,3.1079782016211,-8.793529361096851,36.4975833673372
fukui_18,2022-01-09,1641762006000,0.998172587853156,-8.275268805048421,36.49324585781785
fukui_18,2022-01-21,1642798805000,2.100230964106352,-7.841565229955611,36.49116554656046
fukui_18,2022-02-02,1643835604000,2.4546477876304396,-7.484343396602758,36.49518024647707
fukui_18,2022-02-14,1644872405000,2.722601056874077,-7.143373878606727,36.49075224327743
fukui_18,2022-02-26,1645909204000,2.1623440810898353,-8.05457074658856,36.492242621493936
fukui_18,2022-03-10,1646946004000,2.0581848454511595,-8.288330346181143,36.497938825551756
fukui_18,2022-03-22,1647982805000,2.152635008702751,-7.945278393885474,36.496938683992475
fukui_18,2022-04-03,1649019605000,1.965181418125536,-6.380526110752646,36.49415543286822
fukui_18,2022-04-15,1650056405000,2.2405705408078864,-9.06746434186207,36.49679532039427
fukui_18,2022-04-27,1651093206000,2.5332761316850476,-7.690861511247655,36.495020859607166
fukui_18,2022-05-09,1652130006000,2.4727445960835057,-7.8576992467850095,36.49813840701256
fukui_18,2022-05-21,1653166807000,2.787316972433311,-8.010153494002756,36.50138003154865
fukui_18,2022-06-02,1654203608000,2.3004405629483324,-7.157669615953825,36.49583196208329
fukui_18,2022-06-14,1655240409000,3.063561211067724,-7.729131842401363,36.49719040312743
fukui_18,2022-06-26,1656277210000,2.0774193383949826,-7.369319973198011,36.49102419186868
fukui_18,2022-07-08,1657314010000,2.2751674595297096,-7.097248044250719,36.496107965955765
fukui_18,2022-07-20,1658350811000,2.616531760735062,-8.5914124240406,36.49685709487538
fukui_18,2022-08-01,1659387612000,2.979848223721298,-8.037575865009956,36.49581953389136
fukui_18,2022-08-13,1660424413000,1.9983836665952837,-7.819953300123043,36.495472267025804
fukui_18,2022-08-25,1661461213000,1.806405777609051,-7.856551883370627,36.49615922614711
fukui_18,2022-09-06,1662497988000,1.8836509891235482,-7.943028920834885,36.56570241632433
fukui_18,2022-09-18,1663534814000,2.4693305276535287,-8.372238083867352,36.50194702092598
fukui_18,2022-09-30,1664571615000,2.679635184987071,-7.9052480780380066,36.490576782600094
fukui_18,2022-10-12,1665608414000,3.5127584443378166,-8.63393889002327,36.4990294591319
fukui_18,2022-10-24,1666645215000,2.397020138400689,-8.489145159451416,36.492274991867895
fukui_18,2022-11-05,1667682014000,2.8965303893781194,-8.461803213455825,36.49669255285609
fukui_18,2022-11-17,1668718814000,2.778849611043995,-7.8574259323539675,36.49595511535358
fukui_18,2022-11-29,1669755614000,2.8546179079230334,-7.714319952554201,36.49159737277329
fukui_18,2022-12-11,1670792413000,3.6805927381060823,-7.902798861517247,36.48980881903294
fukui_18,2022-12-23,1671829212000,9.472949719530483,-6.712837868834019,36.488154520010205
fukui_18,2023-01-04,1672866012000,1.9654754530394454,-7.97888754722399,36.49344143779274
fukui_18,2023-01-16,1673902811000,3.517012348215519,-8.273535085776077,36.50553781758506
fukui_18,2023-01-28,1674939611000,-1.2470052320854486,-10.748632579140347,36.488625275163535
fukui_18,2023-02-09,1675976410000,2.8235951377587125,-8.22433196585898,36.49695121425473
fukui_18,2023-02-21,1677013210000,3.0004257493809265,-8.602601007737011,36.49908899503199
fukui_18,2023-03-05,1678050010000,2.2156352369318904,-7.228741543654158,36.49159729218712
fukui_18,2023-03-17,1679086810000,2.0454960424094244,-8.32344633627894,36.50119367222876
fukui_18,2023-03-29,1680123610000,2.7515574992487504,-8.484882067556294,36.50391399148162
fukui_18,2023-04-10,1681160411000,2.6443034182830525,-8.252052651771427,36.493749950892536
fukui_18,2023-04-22,1682197211000,1.8105439967952064,-9.125715905958437,36.493105899344584
fukui_18,2023-05-04,1683234012000,2.5197003891990755,-8.410987714545033,36.49121462994915
fukui_18,2023-05-16,1684270813000,2.4030330602818375,-7.885698336862141,36.4900143612417
fukui_18,2023-05-28,1685307613000,1.936911273374595,-9.034223098482686,36.492243583789225
fukui_18,2023-06-09,1686344413000,2.3293084266839847,-8.545206035449766,36.500230786854544
fukui_18,2023-06-21,1687381214000,0.6165341980521897,-9.831832879539402,36.50226312481111
fukui_18,2023-07-03,1688418015000,2.4232182119420007,-7.944432598734167,36.494235882293566
fukui_18,2023-07-15,1689454816000,2.6712990766694813,-9.171083334259302,36.49117163678643
fukui_18,2023-07-27,1690491617000,2.6156172757082863,-8.056116170218772,36.496247645920384
fukui_18,2023-08-08,1691528417000,3.0874911963525364,-9.187138786097885,36.50862096865778
fukui_18,2023-08-20,1692565218000,2.6261720417227266,-9.968508038451999,36.50063145378688
fukui_18,2023-09-01,1693602019000,2.2771506586469212,-8.227749182575058,36.49340337042658
fukui_18,2023-09-13,1694638819000,2.1439911323407537,-9.351222585422436,36.49734955321485
fukui_18,2023-09-25,1695675620000,2.414592220053191,-8.944099217377254,36.49189361758347
fukui_18,2023-10-07,1696712419000,2.377592827327851,-8.81967148116805,36.49465181596968
fukui_18,2023-10-19,1697749220000,2.78754618195562,-9.435175799601367,36.489650790478485
fukui_18,2023-10-31,1698786019000,3.445465538873368,-9.253307210004508,36.49395615120578
fukui_18,2023-11-12,1699822819000,2.586096737149666,-9.615229692095065,36.48861465825813
fukui_18,2023-11-24,1700859618000,2.094727909419798,-10.126848543424867,36.5030283398877
fukui_18,2023-12-06,1701896418000,3.0582252014724904,-8.920780449278565,36.496212440748224
fukui_18,2023-12-18,1702933217000,3.335249604280919,-8.905465930251518,36.49525031623231
fukui_18,2023-12-30,1703970017000,2.1201144912840393,-9.384109445081362,36.4917539079002
fukui_18,2024-01-11,1705006816000,3.240113171805849,-10.02456178986751,36.490094459584
fukui_18,2024-01-23,1706043616000,2.3107823535910303,-8.895447486854192,36.49238059813309
fukui_18,2024-02-04,1707080415000,2.904586959298998,-8.78346990555987,36.49571724801376
fukui_18,2024-02-16,1708117215000,2.471755178753744,-8.056362339844759,36.496396421511754
fukui_18,2024-02-28,1709154015000,3.264313978259267,-9.329742691179826,36.49823049720809
fukui_18,2024-03-11,1710190815000,2.9055634670136024,-8.931325089284748,36.497319233020626
fukui_18,2024-03-23,1711227616000,2.889429303016653,-10.235333378603938,36.49820037435044
fukui_18,2024-04-04,1712264416000,2.3126114837504153,-8.280253200937622,36.49617526072095
fukui_18,2024-04-16,1713301216000,2.2870718271630466,-8.973075305209209,36.49663686834553
fukui_18,2024-04-28,1714338017000,2.2507559165121664,-8.079264288711908,36.49142439088046
fukui_18,2024-05-10,1715374817000,2.2679968817744665,-8.417042503254747,36.48581112121342
fukui_18,2024-05-22,1716411616000,2.675787984188932,-7.9764970289262935,36.48706457495572
fukui_18,2024-06-03,1717448416000,2.2687641793360225,-8.318249520367416,36.480944450885275
fukui_18,2024-06-15,1718485216000,2.6547880374699653,-9.1043924710573,36.481428009312964
fukui_18,2024-07-09,1720558815000,2.7456084574805404,-8.132875034394244,36.487211066522455
fukui_18,2024-07-21,1721595614000,2.1894285996512517,-9.111049214761298,36.485953418528965
fukui_18,2024-08-02,1722632414000,1.7419411621406597,-8.603915033267565,36.48411031421472
fukui_18,2024-08-14,1723669214000,2.0351433722640397,-9.04385720562606,36.49901216983207
fukui_18,2024-08-26,1724706015000,2.901869162376773,-8.030227150327516,36.49514346809311
fukui_18,2024-09-07,1725742815000,3.306197152432,-7.76223732083022,36.49807395263156
fukui_18,2024-09-19,1726779615000,3.9716692183354123,-6.107688585321494,36.49799559400972
fukui_18,2024-10-01,1727816415000,2.439743040750844,-7.5356311053819605,36.50173083811174
fukui_18,2024-10-13,1728853216000,1.294390665895036,-9.141423612860205,36.4937967294291
fukui_18,2024-10-25,1729890015000,2.023767579984761,-7.468272637198362,36.50681382749959
fukui_18,2024-11-06,1730926815000,0.9409022204225576,-7.246109004237467,36.494287151904956
fukui_18,2024-11-18,1731963615000,1.7937144241259935,-8.901419899346758,36.48842035687865
fukui_18,2024-12-12,1734037213000,1.6064699608203383,-7.960509559957652,36.486960512756326
fukui_18,2024-12-24,1735074012000,2.680093358315573,-7.732049713020891,36.49257814528994
fukui_18,2025-01-05,1736110811000,2.462623936581367,-7.868235147029551,36.48831061751753
fukui_18,2025-01-17,1737147610000,2.1964494781264574,-8.56932451273684,36.4913511005633
fukui_18,2025-01-29,1738184409000,2.719730799507809,-8.981473588530578,36.48906314667146
fukui_18,2025-02-10,1739221209000,2.2011571826497387,-8.38351217382511,36.489904612295476
fukui_18,2025-02-22,1740258008000,2.460256633168282,-8.171476297896456,36.49666120556544
fukui_18,2025-03-06,1741294808000,1.9489119148513767,-8.045220586081696,36.49638031397013
fukui_18,2025-03-18,1742331608000,1.5353666442064928,-8.44506513612068,36.49610122923163
fukui_18,2025-03-30,1743368409000,1.791218302477524,-8.895349969387611,36.48770400031515
fukui_18,2025-04-11,1744405209000,1.9604001761699772,-7.4491086150715775,36.49841516247117
fukui_18,2025-04-23,1745442009000,1.1900233913499667,-8.453823496375325,36.492197366339
fukui_18,2025-05-05,1746478809000,2.5890668479050376,-8.633468724638615,36.49000619464242
fukui_18,2025-05-17,1747515609000,1.0868170682262428,-8.816373841655242,36.48736555879467
fukui_18,2025-05-29,1748552408000,1.5527062789408206,-8.358296898733876,36.48251146893692
fukui_18,2025-06-10,1749589208000,0.9282609501900316,-8.42268108192967,36.47922467648076
fukui_18,2025-06-22,1750626007000,7.1384432859550575,-6.225682328126197,36.47868755404215
fukui_18,2025-07-04,1751662806000,1.6767917432003654,-8.221347172065805,36.48582975690897
fukui_18,2025-07-16,1752699606000,1.3680491681623022,-7.796948657402879,36.487686242249524
fukui_18,2025-07-28,1753736405000,1.574140929279381,-8.74728882757791,36.48844511904074
fukui_18,2025-08-09,1754773205000,0.41405227346507606,-8.999378716049735,36.48700324881016
fukui_18,2025-08-21,1755810005000,0.5790367506164057,-8.60247056979829,36.492230617074064
fukui_18,2025-09-02,1756846805000,1.3948290698685333,-7.9531696686417614,36.495234689443
fukui_18,2025-09-14,1757883606000,2.636420775509747,-7.258119433133146,36.49763897853597
fukui_18,2025-09-26,1758920406000,1.8796089327869008,-7.464493921872269,36.49901653510936
fukui_18,2025-10-08,1759957207000,1.5725000852343585,-9.096160194406822,36.487222854998166
fukui_18,2025-10-20,1760994006000,3.186669755626379,-7.822410428561095,36.493855163596514
fukui_18,2025-11-01,1762030806000,-0.2393443534327667,-7.5292602340581585,36.48959444536216
fukui_18,2025-11-13,1763067605000,1.4462880710375348,-7.377517162841794,36.49312880995108
fukui_18,2025-11-25,1764104404000,1.6259524545512514,-6.7442190756613,36.48968514421271
fukui_18,2025-12-07,1765141203000,1.857145046759796,-7.883522867893277,36.48347073522878
fukui_18,2025-12-19,1766178002000,3.6677665243551854,-7.30415762809339,36.48486774049955
fukui_18,2025-12-31,1767214801000,4.569054451336114,-6.602797793241872,36.48938523628183
fukui_18,2026-01-12,1768251600000,3.6762637241094596,-6.881964082990192,36.49101377587324
fukui_18,2026-01-24,1769288398000,4.757880916313927,-7.6958844870917575,36.49751741641904
fukui_18,2026-02-17,1771361997000,1.7022498785750968,-7.1402207342319866,36.49383504713897
fukui_18,2026-03-01,1772398797000,2.0297478197366514,-7.640143008673663,36.49343370675516
fukui_18,2026-03-13,1773435597000,1.6532016562055754,-6.871151557405427,36.49744398097342
fukui_18,2026-03-25,1774472398000,1.6564620955570988,-7.339247847760666,36.49650338116813
fukui_18,2026-04-06,1775509198000,1.4805172715085242,-7.732410079176879,36.4934206846204
fukui_18,2026-04-18,1776545998000,2.2836890923423776,-7.0483889086983424,36.48521927137807
fukui_18,2026-04-30,1777582797000,0.7545512383855929,-7.191580606062353,36.48360803853925
fukui_18,2026-05-12,1778619597000,1.767007362446388,-7.327385127233947,36.4853535887653
fukui_19,2017-02-16,1487278774030,4.655822501004539,-8.110941568124808,36.56173778189507
fukui_19,2017-02-28,1488315573000,4.717210907486065,-8.254751185476396,36.560186114431616
fukui_19,2017-03-12,1489352374000,4.382321736615571,-8.92714147562344,36.554455619772966
fukui_19,2017-03-24,1490389174380,3.9046014865004697,-8.65045254954955,36.55977244215514
fukui_19,2017-04-05,1491425974840,4.63021207005809,-8.200456095575808,36.559762950507604
fukui_19,2017-04-17,1492462775450,4.904413526517798,-7.782038066925953,36.56074181173501
fukui_19,2017-04-29,1493499575000,3.9305305787596634,-9.01146271076204,36.55963746115461
fukui_19,2017-05-11,1494536376000,4.123846453048121,-8.778659174826048,36.553660563667194
fukui_19,2017-05-23,1495573177000,5.1604446714314935,-9.435185069671686,36.55672304346779
fukui_19,2017-06-04,1496609978000,4.5380372423987465,-9.606234876407603,36.55830809807707
fukui_19,2017-06-16,1497646778000,4.874978080958437,-10.039255887990574,36.5620042625403
fukui_19,2017-06-28,1498683579000,4.62488875649019,-9.047456487129486,36.560887587306034
fukui_19,2017-07-10,1499720379000,4.620874176607409,-9.474605772607438,36.55837130792846
fukui_19,2017-07-22,1500757180000,5.433272173344115,-9.43246092059518,36.55886414959371
fukui_19,2017-08-03,1501793981000,4.591889584646764,-9.53135433474661,36.556445871280424
fukui_19,2017-08-15,1502830782000,4.6737037447887015,-9.365736705754957,36.56100375949972
fukui_19,2017-08-27,1503867582000,3.766367691484769,-9.146778852347548,36.558726532780206
fukui_19,2017-09-08,1504904382000,4.69375865579059,-10.14386134967438,36.55667017401718
fukui_19,2017-09-20,1505941183000,4.235123546706873,-9.66791341039053,36.55479935397149
fukui_19,2017-10-02,1506977983000,3.338323564874977,-10.703471620419087,36.558153226742384
fukui_19,2017-10-14,1508014783000,4.289162930386156,-9.94803448615646,36.559424442461655
fukui_19,2017-10-26,1509051584000,4.220861969629493,-10.006528958563326,36.55706412039213
fukui_19,2017-11-07,1510088383000,4.961101722255431,-10.068430111261065,36.55714641939121
fukui_19,2017-11-19,1511125183000,5.6256535258637745,-9.299527133451793,36.55439682621209
fukui_19,2017-12-01,1512161983000,4.606234298213901,-9.837276016180597,36.557718391148185
fukui_19,2017-12-13,1513198782000,4.447970184836852,-9.965049391188183,36.55922629446565
fukui_19,2017-12-25,1514235582000,5.670171463264274,-9.916329593876844,36.5631132274142
fukui_19,2018-01-06,1515272381000,4.766624389135611,-11.009883614254102,36.55842284214347
fukui_19,2018-01-18,1516309181000,5.077801815525789,-10.88706053009137,36.552889814582116
fukui_19,2018-01-30,1517345980000,4.1974770201169385,-10.318722287456929,36.55605771530572
fukui_19,2018-02-11,1518382780000,0.68664865379965,-10.738512257146848,36.55585039571818
fukui_19,2018-02-23,1519419580000,4.418784292276776,-9.686741249603493,36.56425331202904
fukui_19,2018-03-07,1520456380000,5.379343657974674,-9.956871551474912,36.56824206266543
fukui_19,2018-03-19,1521493180000,4.888863289062216,-9.35086784944291,36.56059191916887
fukui_19,2018-03-31,1522529981000,5.283996387768716,-9.55818630052834,36.55686782194164
fukui_19,2018-04-12,1523566781000,4.726678365808128,-10.8992313166684,36.5592565188854
fukui_19,2018-04-24,1524603582000,4.80871761237713,-10.722381837782835,36.56266607405427
fukui_19,2018-05-06,1525640382000,4.639684283878301,-11.179536579672842,36.561555551691896
fukui_19,2018-05-18,1526677183000,5.051816542506328,-9.121740954387777,36.560092533555306
fukui_19,2018-05-30,1527713983000,4.241559409781855,-9.715819972647196,36.56227330052142
fukui_19,2018-06-11,1528750784000,4.500564034658944,-9.486229356145232,36.55596479508401
fukui_19,2018-06-23,1529787585000,4.96589066882286,-9.462070806452491,36.558796746324084
fukui_19,2018-06-29,1530305934000,3.9574867614659586,-10.06027949256618,36.591043255046
fukui_19,2018-07-05,1530824385000,4.5748912076852495,-9.431434400579539,36.56659474914327
fukui_19,2018-07-17,1531861186000,4.835831418872019,-10.296324331338136,36.56186164907629
fukui_19,2018-07-29,1532897988000,4.425080365818894,-9.686975280058812,36.55236666735271
fukui_19,2018-08-10,1533934788000,3.7270036874825494,-9.264530059052626,36.55720771107697
fukui_19,2018-08-22,1534971588000,4.168862327050497,-10.736671685810151,36.5609525630533
fukui_19,2018-09-03,1536008389000,4.18253774197606,-9.238848765379943,36.557866945004974
fukui_19,2018-09-15,1537045189000,4.81210401444082,-9.371049670166377,36.56020177848607
fukui_19,2018-09-27,1538081990000,4.213344039672337,-9.050085393323265,36.557516332616125
fukui_19,2018-10-09,1539118790000,4.488364110178574,-9.287000874201217,36.55621026082197
fukui_19,2018-10-21,1540155590000,4.7614552797002245,-9.512172136550436,36.557256874205564
fukui_19,2018-11-02,1541192390000,4.38412631225636,-9.872127424586813,36.55813875027605
fukui_19,2018-11-14,1542229190000,4.622100580990317,-9.917911071155414,36.556303034652885
fukui_19,2018-11-26,1543265989000,4.668032908119325,-9.860348464831892,36.557640042188694
fukui_19,2018-12-08,1544302789000,4.718930898452469,-9.156138449313422,36.554271915425595
fukui_19,2018-12-20,1545339589000,5.507147129421746,-9.95506052196084,36.557304040265585
fukui_19,2019-01-01,1546376388000,3.6798940388791834,-9.771744040009679,36.55788766377565
fukui_19,2019-01-13,1547413188000,4.314804140831799,-9.79761152600682,36.561085885406065
fukui_19,2019-01-25,1548449987000,5.183231533639448,-9.62385420568969,36.55439618558111
fukui_19,2019-02-06,1549486787000,5.176200901713332,-9.994320702336102,36.557849765087326
fukui_19,2019-02-18,1550523587000,4.306363873888341,-10.182452892974577,36.55387598679763
fukui_19,2019-03-02,1551560387000,4.751267468452939,-10.244129366042268,36.55303429719059
fukui_19,2019-03-14,1552597187000,4.517643194119005,-10.330852444913905,36.56322932637235
fukui_19,2019-03-26,1553633987000,4.947664217680535,-10.723400437323711,36.559754773806155
fukui_19,2019-04-07,1554670787000,4.417067864650921,-9.931848267514061,36.55688637818476
fukui_19,2019-04-19,1555707588000,5.591265778435251,-10.919563393253986,36.552183820612974
fukui_19,2019-05-01,1556744388000,3.895455801515747,-10.829847738866427,36.55172530630078
fukui_19,2019-05-13,1557781189000,5.145384416748618,-10.413863331334579,36.56052724678308
fukui_19,2019-05-25,1558817989000,4.436068702465753,-10.171004901789557,36.55934899959644
fukui_19,2019-06-06,1559854790000,4.395568270434279,-9.935908665968071,36.56161291446746
fukui_19,2019-06-18,1560891590000,4.330362424050483,-9.367550685824565,36.56023232946135
fukui_19,2019-06-30,1561928391000,3.8757713883619016,-10.96529917871388,36.556020025676375
fukui_19,2019-07-12,1562965192000,5.096129450660453,-10.49808290752131,36.55979911789281
fukui_19,2019-07-24,1564001993000,4.187691759677176,-9.916332060590562,36.56231944478029
fukui_19,2019-08-05,1565038794000,4.050817815066383,-9.704039303127619,36.56118303470657
fukui_19,2019-08-17,1566075594000,4.024448727037632,-9.62524248354496,36.553999814290286
fukui_19,2019-08-29,1567112395000,2.88760923945885,-9.023878891645372,36.55690012465292
fukui_19,2019-09-10,1568149195000,4.710692004489037,-9.713498696703775,36.560920463120624
fukui_19,2019-09-22,1569185996000,4.236421105983013,-9.237490453529388,36.557290953918134
fukui_19,2019-10-04,1570222796000,4.5015655698787205,-9.91531252105383,36.55616240797822
fukui_19,2019-10-16,1571259596000,4.655277827157373,-10.576729714512126,36.558922648721335
fukui_19,2019-10-28,1572296396000,4.838723349756658,-11.033322466989715,36.55710311158598
fukui_19,2019-11-09,1573333196000,4.667913995611441,-11.19378185896344,36.55670308460819
fukui_19,2019-11-21,1574369996000,4.600788501611104,-11.011031392800895,36.55918640185182
fukui_19,2019-12-03,1575406796000,4.872597212071123,-11.521641619982901,36.559718560589545
fukui_19,2019-12-15,1576443595000,4.691007153139391,-10.56642184137765,36.554366267499816
fukui_19,2019-12-27,1577480395000,4.362321861471265,-10.415349380256783,36.55112360043491
fukui_19,2020-01-08,1578517194000,4.503179222022089,-11.889739803247222,36.55432135254742
fukui_19,2020-01-20,1579553994000,4.6889335328766135,-10.208031180225252,36.55841960210128
fukui_19,2020-02-01,1580590793000,4.064875466583062,-11.696231362303596,36.48493889330545
fukui_19,2020-02-13,1581627593000,5.070346964472006,-11.903741449262482,36.48487219027582
fukui_19,2020-02-25,1582664393000,4.492710877512189,-12.292047850896646,36.48374542002547
fukui_19,2020-03-08,1583701193000,3.9092849068217763,-11.89049834627684,36.48041543349272
fukui_19,2020-03-20,1584737993000,4.203550995981068,-11.332230353056437,36.4845357078526
fukui_19,2020-04-01,1585774793000,3.8203027351438985,-10.733698286806103,36.49150947212622
fukui_19,2020-04-13,1586811594000,4.751293545805575,-11.24206900736191,36.48816927512079
fukui_19,2020-04-25,1587848394000,4.798433531129686,-11.137599152560103,36.482587302558215
fukui_19,2020-05-07,1588885195000,4.916013629663225,-10.49259655505195,36.48565084772201
fukui_19,2020-05-19,1589921995000,4.482798502551345,-10.030513973130693,36.48662300854193
fukui_19,2020-05-31,1590958796000,4.415778647989432,-10.103702944726379,36.48844662566959
fukui_19,2020-06-12,1591995597000,3.031808799958764,-9.371963784675257,36.48562498511337
fukui_19,2020-06-24,1593032398000,4.744565862523319,-9.811418852427538,36.48472018380766
fukui_19,2020-07-06,1594069198000,2.1107511612042007,-9.57617034972662,36.48552903558654
fukui_19,2020-07-18,1595105999000,4.002659361274912,-9.946440620514768,36.48658169044664
fukui_19,2020-07-30,1596142800000,3.9904525454100517,-9.193515488545659,36.48334568779882
fukui_19,2020-08-11,1597179600000,3.932662590217309,-9.58562208624354,36.4855746135377
fukui_19,2020-08-23,1598216401000,4.413844875464869,-9.339299459847032,36.48486352140716
fukui_19,2020-09-04,1599253202000,4.17928510290445,-9.973141187987741,36.48186442420418
fukui_19,2020-09-16,1600290002000,4.046290026494363,-9.563615123764022,36.48313409386114
fukui_19,2020-09-28,1601326803000,4.945307648991253,-9.493140283109028,36.4825009222019
fukui_19,2020-10-10,1602363603000,5.469811902923054,-8.697488399950675,36.481024673476746
fukui_19,2020-10-22,1603400403000,3.0609244389869255,-9.628202468663444,36.48532717155688
fukui_19,2020-11-03,1604437203000,4.420342080302132,-9.9862716775829,36.47968354182011
fukui_19,2020-11-15,1605474003000,4.179614162997387,-10.374766842791292,36.479133028818815
fukui_19,2020-11-27,1606510802000,4.753793893457972,-10.02816311378874,36.48544997034944
fukui_19,2020-12-09,1607547602000,4.945800141923247,-9.93159199273642,36.48351319214488
fukui_19,2020-12-21,1608584401000,4.6215044094285895,-9.665622871233156,36.483561431311195
fukui_19,2021-01-02,1609621201000,3.216705945531265,-10.55814151691227,36.47960230129867
fukui_19,2021-01-14,1610658000000,4.776975670335873,-10.090061461577992,36.47800947735217
fukui_19,2021-01-26,1611694800000,4.033376864118558,-10.45903277343741,36.477931342551855
fukui_19,2021-02-07,1612731599000,4.0279995518399305,-10.324238351081872,36.48073643152734
fukui_19,2021-02-19,1613768399000,4.775372189885284,-11.045401306489252,36.488524274767535
fukui_19,2021-03-03,1614805199000,2.7516398518327927,-10.372122016444713,36.49077383847657
fukui_19,2021-03-15,1615841999000,3.09393933484668,-11.07989629898766,36.484842849598294
fukui_19,2021-03-27,1616878799000,2.539492924377972,-11.566063062121012,36.48513257863344
fukui_19,2021-04-08,1617915599000,3.8073210408332434,-11.809160143415982,36.4883445012517
fukui_19,2021-04-20,1618952400000,3.7393741578835455,-11.839365814106674,36.48849826501697
fukui_19,2021-05-02,1619989200000,3.724214102151703,-11.933563756271413,36.490404775932745
fukui_19,2021-05-14,1621026001000,3.024424549097333,-13.001249703796411,36.48756349417737
fukui_19,2021-05-26,1622062802000,3.1075407718027046,-14.170179267885393,36.484148184419574
fukui_19,2021-06-07,1623099602000,3.901822574995376,-11.749489546054672,36.48596943787577
fukui_19,2021-06-19,1624136403000,3.415979674261621,-11.13927688664302,36.488455299984366
fukui_19,2021-07-01,1625173204000,3.7518247177008903,-9.628379321927737,36.48554735179079
fukui_19,2021-07-13,1626210005000,3.3833876932925135,-13.905550966080341,36.48812137273059
fukui_19,2021-07-25,1627246805000,3.5726322011678535,-13.076543282823975,36.489105764547126
fukui_19,2021-08-06,1628283606000,3.2643560263871167,-11.729914144104153,36.48541123852478
fukui_19,2021-08-18,1629320407000,4.757630141741395,-10.212718882699397,36.487050399780266
fukui_19,2021-08-30,1630357207000,4.789731731006479,-9.061724266616544,36.487270085798826
fukui_19,2021-09-11,1631394008000,5.268366371506487,-9.703151854202856,36.48389202732773
fukui_19,2021-09-23,1632430808000,4.017906493791748,-12.85958208857557,36.4816149114745
fukui_19,2021-10-05,1633467608000,3.3453653232846925,-14.710729261361505,36.4813944651373
fukui_19,2021-10-17,1634504409000,3.4378313250745722,-11.207282285523643,36.48100898722112
fukui_19,2021-10-29,1635541208000,3.7941033009848844,-13.097586003798725,36.48262136615812
fukui_19,2021-11-22,1637614808000,7.847300468415235,-10.855687489194253,36.4803116487496
fukui_19,2021-12-04,1638651607000,3.60774210643205,-11.997286338311682,36.47830660397262
fukui_19,2021-12-16,1639688407000,4.223060708054973,-11.01163435141237,36.47904056549072
fukui_19,2021-12-28,1640725206000,5.255559086346528,-11.554228753677583,36.48760820654338
fukui_19,2022-01-09,1641762006000,4.686346995001561,-11.192904636104434,36.48327044169727
fukui_19,2022-01-21,1642798805000,5.191612247315579,-11.897899198740065,36.48118203609651
fukui_19,2022-02-02,1643835604000,3.0308806841295874,-11.867499361312628,36.48515572178288
fukui_19,2022-02-14,1644872405000,2.511152665548553,-9.63505708390234,36.48072003671364
fukui_19,2022-02-26,1645909204000,2.821615256628525,-10.15648638765544,36.48222040136897
fukui_19,2022-03-10,1646946004000,3.089128559846746,-10.354403820601672,36.48793758326725
fukui_19,2022-03-22,1647982805000,4.06954033249023,-12.772980421612207,36.4870366452234
fukui_19,2022-04-03,1649019605000,3.7431080432586956,-9.577923321126931,36.48424818931027
fukui_19,2022-04-15,1650056405000,4.954930528645077,-9.638217945716253,36.48689518496393
fukui_19,2022-04-27,1651093206000,4.155387556110836,-9.721991584633042,36.48505575023545
fukui_19,2022-05-09,1652130006000,4.416546442181403,-10.693964726387922,36.488187943938065
fukui_19,2022-05-21,1653166807000,3.8214625325305835,-9.235288280551586,36.491385276509924
fukui_19,2022-06-02,1654203608000,4.480574424290613,-11.138383163663683,36.48591479495171
fukui_19,2022-06-14,1655240409000,3.516818043080176,-9.415285027255678,36.48728870448339
fukui_19,2022-06-26,1656277210000,4.175120212791608,-10.559791549579131,36.48110157792687
fukui_19,2022-07-08,1657314010000,3.7641664541516335,-9.694183241968739,36.48619762920651
fukui_19,2022-07-20,1658350811000,3.9351707189479903,-9.21194868275345,36.48689853892277
fukui_19,2022-08-01,1659387612000,4.334457112682751,-9.32420152264354,36.48589379804846
fukui_19,2022-08-13,1660424413000,3.7038304130522524,-10.593696898088709,36.48557485255937
fukui_19,2022-08-25,1661461213000,4.395743213966267,-8.35623422038752,36.486243680159596
fukui_19,2022-09-06,1662497988000,3.5211817389743816,-9.684986754175524,36.555783972719915
fukui_19,2022-09-18,1663534814000,4.967529497148144,-8.592736233949763,36.491911730143414
fukui_19,2022-09-30,1664571615000,3.5831775285221,-8.395634966549373,36.48060630464683
fukui_19,2022-10-12,1665608414000,4.9859089486086505,-10.38974151982839,36.48905961195513
fukui_19,2022-10-24,1666645215000,5.145947884894527,-10.312330952167057,36.482335644595956
fukui_19,2022-11-05,1667682014000,4.927755346824452,-10.2450829717664,36.486709936036696
fukui_19,2022-11-17,1668718814000,5.1275521444889,-9.779389364646736,36.485978202140444
fukui_19,2022-11-29,1669755614000,5.504020555019565,-9.94626185394674,36.48156668583375
fukui_19,2022-12-11,1670792413000,4.907280358732875,-10.534951930118845,36.4798865939443
fukui_19,2022-12-23,1671829212000,8.056701244997585,-8.655097010075607,36.4781506949506
fukui_19,2023-01-04,1672866012000,5.618629906709945,-10.442185185943341,36.48347864290562
fukui_19,2023-01-16,1673902811000,5.307363845788706,-10.523639888597218,36.49558143243554
fukui_19,2023-01-28,1674939611000,-1.0582188288747927,-11.634460887643336,36.478620130221834
fukui_19,2023-02-09,1675976410000,5.142655386982654,-10.133666347069678,36.4869928591235
fukui_19,2023-02-21,1677013210000,5.076260333149524,-11.562615175390324,36.48910472683789
fukui_19,2023-03-05,1678050010000,5.146238753565714,-10.066198658996221,36.48170252073099
fukui_19,2023-03-17,1679086810000,4.422824365173397,-10.342524664483848,36.49116444477084
fukui_19,2023-03-29,1680123610000,5.567322748548305,-9.836881929942345,36.49395155309615
fukui_19,2023-04-10,1681160411000,5.31757042584871,-10.1201506988111,36.48383914531512
fukui_19,2023-04-22,1682197211000,5.8015287330387695,-11.159582036846574,36.48313244720389
fukui_19,2023-05-04,1683234012000,5.43533884028813,-9.887364265076965,36.481232025005184
fukui_19,2023-05-16,1684270813000,5.633178664283966,-10.329879298407468,36.48002866869185
fukui_19,2023-05-28,1685307613000,6.5851270755247295,-10.458008372606255,36.482330068138644
fukui_19,2023-06-09,1686344413000,5.2784468117535726,-10.3930900884355,36.490253195537115
fukui_19,2023-06-21,1687381214000,5.8801228870202,-10.27201344738673,36.49228840144219
fukui_19,2023-07-03,1688418015000,5.873695525707753,-10.527973319606795,36.48425628561404
fukui_19,2023-07-15,1689454816000,5.386625755909806,-9.609761661805598,36.481241844896566
fukui_19,2023-07-27,1690491617000,5.709791867363482,-10.803696863229296,36.486329175113276
fukui_19,2023-08-08,1691528417000,5.704992831259256,-9.362241221541998,36.498634393827814
fukui_19,2023-08-20,1692565218000,5.455383519846536,-11.224812919681746,36.49064711838751
fukui_19,2023-09-01,1693602019000,5.708097513943932,-10.314900437667639,36.4834809375567
fukui_19,2023-09-13,1694638819000,5.21995509083279,-10.648364895194272,36.48737667689779
fukui_19,2023-09-25,1695675620000,5.354341442149172,-10.433663127605525,36.48190798383895
fukui_19,2023-10-07,1696712419000,5.85801684649111,-11.002743911132375,36.484619308222136
fukui_19,2023-10-19,1697749220000,5.834922185501069,-10.261601949170212,36.47969700582822
fukui_19,2023-10-31,1698786019000,5.480280911742669,-11.527919184052081,36.48398215326961
fukui_19,2023-11-12,1699822819000,5.932347074860684,-10.049739460681078,36.47864464214569
fukui_19,2023-11-24,1700859618000,5.055069426316619,-11.316852574499856,36.49307915617447
fukui_19,2023-12-06,1701896418000,5.130156169875368,-11.560833721022549,36.48620443579875
fukui_19,2023-12-18,1702933217000,6.004326751699327,-10.24511223961878,36.485278263950526
fukui_19,2023-12-30,1703970017000,5.101165855113679,-10.278777879300998,36.481841115506924
fukui_19,2024-01-11,1705006816000,5.444266063136853,-10.375661987988007,36.48011609725653
fukui_19,2024-01-23,1706043616000,5.628836835184284,-10.659172992068555,36.48236183999341
fukui_19,2024-02-04,1707080415000,5.453733562153023,-10.653543852867722,36.48567915693507
fukui_19,2024-02-16,1708117215000,5.896986027890417,-9.802571816764743,36.48640033322324
fukui_19,2024-02-28,1709154015000,5.9971024695156885,-10.147137477399653,36.48833603688063
fukui_19,2024-03-11,1710190815000,4.282319124910751,-9.958897354621115,36.48737464919577
fukui_19,2024-03-23,1711227616000,5.176298620804943,-10.395661093626385,36.48825285211572
fukui_19,2024-04-04,1712264416000,5.454579194461547,-10.952145868872046,36.486194292242885
fukui_19,2024-04-16,1713301216000,5.396932980272418,-9.522337100679072,36.48663029979929
fukui_19,2024-04-28,1714338017000,5.248146880170207,-10.1773175799576,36.481496713960844
fukui_19,2024-05-10,1715374817000,5.768596219058637,-10.567063137325594,36.475909536227945
fukui_19,2024-05-22,1716411616000,6.36140988736192,-9.624574275770907,36.477143254098294
fukui_19,2024-06-03,1717448416000,5.07271607341732,-9.712672395635652,36.47103469246804
fukui_19,2024-06-15,1718485216000,4.672354628996182,-11.210396154322941,36.4715311922479
fukui_19,2024-07-09,1720558815000,5.120462055441774,-10.77743462992912,36.4772983706003
fukui_19,2024-07-21,1721595614000,4.51151530320675,-10.08914515076692,36.476008155513064
fukui_19,2024-08-02,1722632414000,4.888582748128803,-10.621873550500338,36.47417267582282
fukui_19,2024-08-14,1723669214000,4.7050866476952615,-10.62429417733862,36.48909276860716
fukui_19,2024-08-26,1724706015000,5.249393674111771,-10.895627235445989,36.48519975763595
fukui_19,2024-09-07,1725742815000,5.084863395580796,-10.828785730469379,36.48813563505146
fukui_19,2024-09-19,1726779615000,4.717243400046665,-10.808779958985541,36.48803287647387
fukui_19,2024-10-01,1727816415000,5.032711933396009,-12.341330507214456,36.49172213002499
fukui_19,2024-10-13,1728853216000,5.764110952803673,-10.284183210891415,36.483772881771394
fukui_19,2024-10-25,1729890015000,5.030361794447045,-10.531606704773713,36.496792246327296
fukui_19,2024-11-06,1730926815000,5.172316098235557,-10.281219008781257,36.484248200279254
fukui_19,2024-11-18,1731963615000,5.571727606387399,-9.559592570848636,36.47844277071933
fukui_19,2024-12-12,1734037213000,4.616501378578195,-10.510042345312801,36.47706580935676
fukui_19,2024-12-24,1735074012000,5.3775536484258755,-10.504640838114943,36.48261475789121
fukui_19,2025-01-05,1736110811000,5.120578474079971,-9.701358779027206,36.47831870141877
fukui_19,2025-01-17,1737147610000,5.419865827444051,-9.619106862762969,36.48137714130928
fukui_19,2025-01-29,1738184409000,5.3326620682203005,-9.536343588228508,36.479128010318625
fukui_19,2025-02-10,1739221209000,5.484730394583586,-10.166699012770907,36.479983099222
fukui_19,2025-02-22,1740258008000,4.7844522841165285,-9.738851445638103,36.486685223563235
fukui_19,2025-03-06,1741294808000,5.117160182046357,-8.99082168747795,36.486352685774456
fukui_19,2025-03-18,1742331608000,5.246003359266297,-9.20482446272799,36.486066207027235
fukui_19,2025-03-30,1743368409000,5.221587352376364,-10.253979647544929,36.47776847854402
fukui_19,2025-04-11,1744405209000,5.6484487729258275,-9.851700371128906,36.488459944376125
fukui_19,2025-04-23,1745442009000,3.593580449246409,-14.081261377535856,36.482288549478774
fukui_19,2025-05-05,1746478809000,3.739062484131375,-14.884708738935304,36.48002731293605
fukui_19,2025-05-17,1747515609000,3.6562904317071183,-14.859550885482415,36.47744508943815
fukui_19,2025-05-29,1748552408000,3.210749875522328,-14.50751153805519,36.47258467105763
fukui_19,2025-06-10,1749589208000,2.7285025320118685,-13.017318816984266,36.46927767399217
fukui_19,2025-06-22,1750626007000,3.2922589733443237,-9.893117979439918,36.46877434668941
fukui_19,2025-07-04,1751662806000,2.7595861563988886,-12.146194289073131,36.47592011169089
fukui_19,2025-07-16,1752699606000,2.439943086624325,-13.926195046878917,36.47775492564314
fukui_19,2025-07-28,1753736405000,2.6741480487377918,-11.732823432916367,36.478536307476126
fukui_19,2025-08-09,1754773205000,2.8886397697678206,-12.93366302363353,36.47703221197849
fukui_19,2025-08-21,1755810005000,2.9360302748252205,-12.64620368167224,36.48228362980734
fukui_19,2025-09-02,1756846805000,2.9304707495567666,-12.459585457981541,36.48522188137858
fukui_19,2025-09-14,1757883606000,3.123016334217681,-11.70776203195159,36.48771493780489
fukui_19,2025-09-26,1758920406000,3.59522461541068,-11.485209196208666,36.4890112285965
fukui_19,2025-10-08,1759957207000,3.569167767947669,-12.142341509535811,36.477288879091795
fukui_19,2025-10-20,1760994006000,3.8180790547988597,-12.425576646945029,36.483870834387716
fukui_19,2025-11-01,1762030806000,3.4113071755326416,-12.634899070440222,36.47962497904067
fukui_19,2025-11-13,1763067605000,3.8940419242641764,-11.464882876560015,36.48309634620067
fukui_19,2025-11-25,1764104404000,6.792086311545043,-9.257302961598821,36.47969831032234
fukui_19,2025-12-07,1765141203000,3.564993096463489,-11.960503062885772,36.4734822248182
fukui_19,2025-12-19,1766178002000,2.858990179071675,-12.036710752421984,36.47489042282103
fukui_19,2025-12-31,1767214801000,3.301411518790217,-11.519568234945181,36.47945911074145
fukui_19,2026-01-12,1768251600000,4.203473522622134,-12.063369558328565,36.4810935551507
fukui_19,2026-01-24,1769288398000,2.0897738423143117,-11.87167790202383,36.48756224442844
fukui_19,2026-02-17,1771361997000,4.230286540600007,-10.811891216350926,36.4838689667008
fukui_19,2026-03-01,1772398797000,3.837652778805107,-10.72284537443742,36.48352582247258
fukui_19,2026-03-13,1773435597000,4.3517425767895,-9.511127546854897,36.48747051195295
fukui_19,2026-03-25,1774472398000,4.758087844293135,-9.881038959239993,36.486546875486745
fukui_19,2026-04-06,1775509198000,3.3527413026028463,-10.856161586787538,36.48344880669143
fukui_19,2026-04-18,1776545998000,3.4687075320892506,-10.583834344230876,36.47529488550269
fukui_19,2026-04-30,1777582797000,2.9568393341882406,-11.184302145322837,36.47370310752622
fukui_19,2026-05-12,1778619597000,2.8473723273509357,-11.500856542089336,36.4754326621419
fukui_20,2017-02-16,1487278774030,2.955641529570751,-8.133262890847663,36.57552275078832
fukui_20,2017-02-28,1488315573000,4.381189317899645,-7.696794867437058,36.57396525880365
fukui_20,2017-03-12,1489352374000,3.0827429369713935,-8.736420728730684,36.56824998031028
fukui_20,2017-03-24,1490389174380,3.7529555597454594,-9.348306700177192,36.57356390266529
fukui_20,2017-04-05,1491425974840,3.7317908700401645,-7.858017006387515,36.573554154556156
fukui_20,2017-04-17,1492462775450,4.964495535835114,-7.50232690696106,36.57453333809173
fukui_20,2017-04-29,1493499575000,3.916393788335547,-7.5649621582761215,36.57341417871566
fukui_20,2017-05-11,1494536376000,3.699192538055653,-7.958841674791416,36.56743309379029
fukui_20,2017-05-23,1495573177000,2.1400056281585718,-6.583118344556898,36.570502334183715
fukui_20,2017-06-04,1496609978000,4.2576606364610825,-7.540948088898443,36.57211092020274
fukui_20,2017-06-16,1497646778000,2.8043917721169276,-6.938926500195309,36.57579253958871
fukui_20,2017-06-28,1498683579000,3.676160453717084,-6.882046061379749,36.574688852729
fukui_20,2017-07-10,1499720379000,2.516195086729225,-5.885708699129666,36.57215671312516
fukui_20,2017-07-22,1500757180000,2.4207335522257547,-5.542762505820541,36.57263672772575
fukui_20,2017-08-03,1501793981000,3.4870166103894276,-6.089238962148512,36.570231703248645
fukui_20,2017-08-15,1502830782000,3.34801964736814,-5.873739075406565,36.574808089717514
fukui_20,2017-08-27,1503867582000,4.173525123405004,-6.383747065614632,36.57253341971885
fukui_20,2017-09-08,1504904382000,3.6760059439336636,-6.5313140621109005,36.570463348129415
fukui_20,2017-09-20,1505941183000,3.7788580829685494,-6.681236931432649,36.56857946656723
fukui_20,2017-10-02,1506977983000,2.483432299511708,-6.849697289321692,36.57193209545125
fukui_20,2017-10-14,1508014783000,3.847584612882486,-6.740967228597712,36.5732190607827
fukui_20,2017-10-26,1509051584000,3.6221712262447894,-6.951744123423716,36.57086674714958
fukui_20,2017-11-07,1510088383000,4.390604893904312,-6.871729885056139,36.57092531453801
fukui_20,2017-11-19,1511125183000,5.163868285080776,-7.577131129590259,36.56820290892717
fukui_20,2017-12-01,1512161983000,4.548346897887784,-9.776576547895443,36.571509210320826
fukui_20,2017-12-13,1513198782000,3.4052704870578134,-7.314323752697614,36.57299818334787
fukui_20,2017-12-25,1514235582000,4.645896359996468,-7.364945574913593,36.576896815200115
fukui_20,2018-01-06,1515272381000,2.7509103721267234,-7.145787123245361,36.57221300488866
fukui_20,2018-01-18,1516309181000,5.058878819056629,-7.205359441012325,36.56668634996095
fukui_20,2018-01-30,1517345980000,3.3416606269481726,-7.1701386412679975,36.5698595997426
fukui_20,2018-02-11,1518382780000,3.1301716505864503,-9.00368547103999,36.56966058709814
fukui_20,2018-02-23,1519419580000,3.741040292258776,-7.069328525380335,36.578041390539376
fukui_20,2018-03-07,1520456380000,5.469741240119861,-7.339607537980638,36.5820344979212
fukui_20,2018-03-19,1521493180000,2.6800747819481217,-8.46906277058132,36.57439795822637
fukui_20,2018-03-31,1522529981000,4.552291919707625,-6.415310447195869,36.57065908878722
fukui_20,2018-04-12,1523566781000,3.6335308519884304,-6.75079085723027,36.57305013930419
fukui_20,2018-04-24,1524603582000,7.199581808234014,-6.757873215978979,36.57644032765018
fukui_20,2018-05-06,1525640382000,2.4865033446717497,-8.380164088240143,36.575326569053935
fukui_20,2018-05-18,1526677183000,4.086590148791816,-6.326736825871425,36.57388377786406
fukui_20,2018-05-30,1527713983000,4.7049938440472605,-6.929760867491718,36.57607820938172
fukui_20,2018-06-11,1528750784000,3.052554450950062,-6.26447619137843,36.56976552932306
fukui_20,2018-06-23,1529787585000,3.914336045627978,-6.4625993366174646,36.57257479499368
fukui_20,2018-06-29,1530305934000,3.747992532630856,-6.478835705212276,36.60477932848072
fukui_20,2018-07-05,1530824385000,2.1119270995993027,-6.529354823709705,36.58039912450348
fukui_20,2018-07-17,1531861186000,3.038208404045858,-6.000106493880054,36.575651858420855
fukui_20,2018-07-29,1532897988000,3.256798013292621,-6.291940674116969,36.56613307759597
fukui_20,2018-08-10,1533934788000,3.9730276660163026,-6.17892025554072,36.570987924984586
fukui_20,2018-08-22,1534971588000,3.064832479509457,-6.005756952278793,36.574738585340334
fukui_20,2018-09-03,1536008389000,3.199415689075782,-6.20356198794636,36.57165675944345
fukui_20,2018-09-15,1537045189000,3.902206138612165,-7.147771110008854,36.57400572030934
fukui_20,2018-09-27,1538081990000,3.055652459937302,-7.274136768832598,36.57131200827094
fukui_20,2018-10-09,1539118790000,3.5410526702096643,-5.879966701450399,36.57000190831342
fukui_20,2018-10-21,1540155590000,4.60284715465693,-6.130225268310156,36.57103804745334
fukui_20,2018-11-02,1541192390000,3.8618716954254806,-6.144239976062588,36.57191785222765
fukui_20,2018-11-14,1542229190000,3.684689367030694,-7.329992122757502,36.57010603680371
fukui_20,2018-11-26,1543265989000,4.227869082344131,-7.568529208637906,36.571446258426285
fukui_20,2018-12-08,1544302789000,5.102702620913579,-7.215589155735742,36.5680449202254
fukui_20,2018-12-20,1545339589000,4.3906404223317335,-7.35596876508883,36.57110309716594
fukui_20,2019-01-01,1546376388000,5.452686752318397,-9.332050243624803,36.57165721023062
fukui_20,2019-01-13,1547413188000,5.008507144936945,-6.808398220644181,36.574869173467306
fukui_20,2019-01-25,1548449987000,4.6939560338144295,-7.3902126649086695,36.568174297669344
fukui_20,2019-02-06,1549486787000,4.358476572063175,-7.8151705095085156,36.571640984817485
fukui_20,2019-02-18,1550523587000,3.1519533988709836,-7.283057595243724,36.56765015367147
fukui_20,2019-03-02,1551560387000,3.6067872680651027,-8.458619191239691,36.56682040418457
fukui_20,2019-03-14,1552597187000,3.830203894038906,-8.307798922624173,36.577010107761126
fukui_20,2019-03-26,1553633987000,4.837286616314519,-8.696431305263845,36.57353402332257
fukui_20,2019-04-07,1554670787000,3.6204444025095417,-7.61637974203831,36.57066032173125
fukui_20,2019-04-19,1555707588000,4.3510575358606935,-8.051136190668224,36.56598435514373
fukui_20,2019-05-01,1556744388000,2.7936345446571793,-7.375011332025911,36.565536241635144
fukui_20,2019-05-13,1557781189000,4.48537906791723,-7.3900820282974475,36.574311725258035
fukui_20,2019-05-25,1558817989000,4.042674156791848,-7.3155079642085195,36.57313485882372
fukui_20,2019-06-06,1559854790000,3.9267249589130597,-7.655431197419145,36.57540979115402
fukui_20,2019-06-18,1560891590000,3.433207444627097,-6.070101403530537,36.574040585648184
fukui_20,2019-06-30,1561928391000,2.9362880055755745,-6.146278586984214,36.56981308656905
fukui_20,2019-07-12,1562965192000,4.914057273663378,-6.715365782307842,36.57360461526665
fukui_20,2019-07-24,1564001993000,3.724373460720264,-6.4891797674994445,36.576121877034524
fukui_20,2019-08-05,1565038794000,3.2090978046444514,-6.773691976700827,36.57498671092494
fukui_20,2019-08-17,1566075594000,3.192004712429301,-7.660297813154792,36.56780859133113
fukui_20,2019-08-29,1567112395000,4.321224365364017,-7.268795756726509,36.57068051770772
fukui_20,2019-09-10,1568149195000,3.7540238920084477,-6.682173094865722,36.57470783066023
fukui_20,2019-09-22,1569185996000,3.790669177485341,-6.418915790645735,36.57107826038236
fukui_20,2019-10-04,1570222796000,3.744763463871489,-7.190325779144509,36.569955166498204
fukui_20,2019-10-16,1571259596000,3.588448061567562,-7.106499220804018,36.57271395861404
fukui_20,2019-10-28,1572296396000,4.867468339135291,-7.932216050707611,36.570903252743165
fukui_20,2019-11-09,1573333196000,3.670328987988551,-8.261451482775898,36.570501835585674
fukui_20,2019-11-21,1574369996000,3.634982378976265,-9.305424823061971,36.57297218536318
fukui_20,2019-12-03,1575406796000,4.555460254353044,-7.945938836975182,36.57352782488157
fukui_20,2019-12-15,1576443595000,4.454397242045023,-8.276598051987577,36.56815562403391
fukui_20,2019-12-27,1577480395000,3.2305546355625316,-8.71272978233205,36.56490325742284
fukui_20,2020-01-08,1578517194000,5.052968718991047,-7.9595325930931375,36.56811668563879
fukui_20,2020-01-20,1579553994000,3.1876767880003563,-8.109545143962562,36.57221380830938
fukui_20,2020-02-01,1580590793000,4.541437716657241,-7.544414734280491,36.498678995879274
fukui_20,2020-02-13,1581627593000,4.200726928939112,-8.396518136584024,36.49861459829131
fukui_20,2020-02-25,1582664393000,5.0478660735899865,-8.412515537180704,36.497492250100336
fukui_20,2020-03-08,1583701193000,5.237364460682552,-8.080394636212135,36.49423608427381
fukui_20,2020-03-20,1584737993000,4.8862086259679325,-7.4752472918677295,36.49836621435309
fukui_20,2020-04-01,1585774793000,4.30928693155093,-7.537213653024229,36.50535624205935
fukui_20,2020-04-13,1586811594000,3.290729274981504,-7.751902397438335,36.501911978571535
fukui_20,2020-04-25,1587848394000,4.779991263204875,-8.100482609142292,36.49630219207282
fukui_20,2020-05-07,1588885195000,3.669139697828506,-8.270680392155436,36.499398702665495
fukui_20,2020-05-19,1589921995000,3.503063437557798,-7.990125758647551,36.50044365186948
fukui_20,2020-05-31,1590958796000,4.076490258819159,-7.3167856146232415,36.50217936108469
fukui_20,2020-06-12,1591995597000,2.694752280942086,-7.56392025172815,36.499361924094366
fukui_20,2020-06-24,1593032398000,4.251112027562884,-7.301658006870809,36.49844805923742
fukui_20,2020-07-06,1594069198000,4.212560759898173,-8.479089728116607,36.49925023092439
fukui_20,2020-07-18,1595105999000,3.936616261774409,-8.07435787577192,36.50040340724428
fukui_20,2020-07-30,1596142800000,4.23352048737589,-7.4709648308885495,36.497185741350485
fukui_20,2020-08-11,1597179600000,4.11554646714661,-7.847690573256526,36.499321408667406
fukui_20,2020-08-23,1598216401000,3.239775209728589,-7.104205332753033,36.498594653906146
fukui_20,2020-09-04,1599253202000,3.5664111810104755,-7.176809666886664,36.49558065221685
fukui_20,2020-09-16,1600290002000,3.2056574262910402,-7.331804940842207,36.496842612431735
fukui_20,2020-09-28,1601326803000,3.8206881436222937,-7.390160716545257,36.49621012586864
fukui_20,2020-10-10,1602363603000,3.8490398539532547,-5.232100142655504,36.49474407688744
fukui_20,2020-10-22,1603400403000,1.970356653459431,-5.142218851732484,36.499071035950465
fukui_20,2020-11-03,1604437203000,4.2051829132528935,-6.474939335753169,36.49342513904949
fukui_20,2020-11-15,1605474003000,3.04820506655427,-7.9320151909730345,36.492876970490734
fukui_20,2020-11-27,1606510802000,2.4680767059300686,-7.673992690831422,36.499176108817075
fukui_20,2020-12-09,1607547602000,3.794121342357962,-8.28261776392657,36.49724283082176
fukui_20,2020-12-21,1608584401000,3.1824890445826526,-8.641065718933417,36.49729319994422
fukui_20,2021-01-02,1609621201000,2.8157050705946562,-8.954724489966912,36.493310796948556
fukui_20,2021-01-14,1610658000000,3.8392660047614386,-8.42133506668974,36.49173732506212
fukui_20,2021-01-26,1611694800000,3.5655585580140348,-8.325601630894136,36.49165524523827
fukui_20,2021-02-07,1612731599000,3.4476398619226187,-7.554592388537687,36.494451782644504
fukui_20,2021-02-19,1613768399000,4.98887201401044,-8.636006794750807,36.50226595512053
fukui_20,2021-03-03,1614805199000,5.219138973979441,-8.107844699234684,36.50450143241143
fukui_20,2021-03-15,1615841999000,3.041324837949449,-8.147523178692897,36.498584168685795
fukui_20,2021-03-27,1616878799000,4.452018872993591,-8.564568991088635,36.49895824780501
fukui_20,2021-04-08,1617915599000,3.6847192593782716,-7.389993685449003,36.50217683336579
fukui_20,2021-04-20,1618952400000,3.800892015326389,-7.928495540955708,36.50220932108259
fukui_20,2021-05-02,1619989200000,3.1616854276662094,-8.104928197599117,36.50413984291804
fukui_20,2021-05-14,1621026001000,2.838447707828723,-7.093024680570731,36.50140996610314
fukui_20,2021-05-26,1622062802000,3.3828421519367238,-7.811968172328132,36.49796901105397
fukui_20,2021-06-07,1623099602000,3.874711965904668,-7.757141080276627,36.499786040279666
fukui_20,2021-06-19,1624136403000,3.8511825615616067,-7.0769907812421895,36.502279422730474
fukui_20,2021-07-01,1625173204000,4.3707549972633615,-8.177498523516393,36.49929090507745
fukui_20,2021-07-13,1626210005000,4.667994245443569,-7.5322257381772575,36.501956493237756
fukui_20,2021-07-25,1627246805000,3.3753863440922265,-7.499979479708629,36.50283404937781
fukui_20,2021-08-06,1628283606000,3.3436798677843087,-8.225059859806645,36.49925331013001
fukui_20,2021-08-18,1629320407000,3.7240319796850447,-8.296654215477675,36.500886980723266
fukui_20,2021-08-30,1630357207000,3.43313234554292,-7.354108584057694,36.5009918797483
fukui_20,2021-09-11,1631394008000,3.2132271462933835,-8.23264558336168,36.497620089300746
fukui_20,2021-09-23,1632430808000,3.04102474884284,-9.221625080438134,36.49534749624995
fukui_20,2021-10-05,1633467608000,2.6806127361896475,-7.244176969601377,36.49512940266728
fukui_20,2021-10-17,1634504409000,3.0718384164054724,-9.218620441167765,36.49475490910616
fukui_20,2021-10-29,1635541208000,3.724916486109825,-8.713839496218874,36.49633981184863
fukui_20,2021-11-22,1637614808000,3.7477471526875514,-7.360895811236566,36.494134521854825
fukui_20,2021-12-04,1638651607000,3.3345724398471863,-6.881707500780897,36.49203106775459
fukui_20,2021-12-16,1639688407000,3.7781512917961932,-7.040542883880414,36.4927671638496
fukui_20,2021-12-28,1640725206000,3.0928373967538394,-6.180297673666242,36.50134192191775
fukui_20,2022-01-09,1641762006000,2.7683705124393247,-6.763046184135093,36.497001801131276
fukui_20,2022-01-21,1642798805000,1.6918603363939901,-5.640252634086481,36.494915065662376
fukui_20,2022-02-02,1643835604000,2.8300552526886595,-6.0762856551891735,36.498880850076375
fukui_20,2022-02-14,1644872405000,2.668537116614993,-7.062145548606997,36.49444272876017
fukui_20,2022-02-26,1645909204000,2.44142193044232,-6.794704263989956,36.4959618860967
fukui_20,2022-03-10,1646946004000,2.1580116643659135,-7.050168580282118,36.50167984764504
fukui_20,2022-03-22,1647982805000,2.3150634744873435,-6.78969937588873,36.500858081239635
fukui_20,2022-04-03,1649019605000,2.735579453764969,-6.774960619793207,36.49809292205773
fukui_20,2022-04-15,1650056405000,2.5715263916666165,-6.683579361930952,36.50073567523377
fukui_20,2022-04-27,1651093206000,3.0837794355427217,-5.918353324082546,36.49888206247946
fukui_20,2022-05-09,1652130006000,3.1286033585341033,-6.456621626800868,36.50190925736929
fukui_20,2022-05-21,1653166807000,3.3682401271001856,-7.299319991124073,36.50512318475634
fukui_20,2022-06-02,1654203608000,2.5675678163775273,-6.749497472966874,36.49973589465594
fukui_20,2022-06-14,1655240409000,2.7884691543005786,-6.803089245170695,36.50111912065415
fukui_20,2022-06-26,1656277210000,2.5336328935064723,-7.368664032277733,36.49493535885139
fukui_20,2022-07-08,1657314010000,3.5713545278045937,-8.127209226059868,36.500041131783185
fukui_20,2022-07-20,1658350811000,3.7736886379161807,-6.964713320772258,36.50062139474072
fukui_20,2022-08-01,1659387612000,3.151215990173311,-7.352770613510831,36.49974194629816
fukui_20,2022-08-13,1660424413000,3.0566038000729674,-7.715849573939794,36.49940942752722
fukui_20,2022-08-25,1661461213000,3.4854053606643567,-7.629334137772155,36.500088218130706
fukui_20,2022-09-06,1662497988000,2.8835530629116253,-7.9043080792522336,36.56964315998484
fukui_20,2022-09-18,1663534814000,2.9997207079253942,-7.472299862854636,36.5056383642178
fukui_20,2022-09-30,1664571615000,3.4019328950267083,-8.374772096806522,36.49434311566185
fukui_20,2022-10-12,1665608414000,3.492679866253946,-7.656613296281666,36.50279893423663
fukui_20,2022-10-24,1666645215000,3.2279725326342343,-7.6813437721272,36.49617861450848
fukui_20,2022-11-05,1667682014000,2.9832107455846177,-7.239577010842467,36.500456432491866
fukui_20,2022-11-17,1668718814000,3.493824451538968,-7.411962090525791,36.49972207311402
fukui_20,2022-11-29,1669755614000,3.4163850432767324,-7.811844963255193,36.49529267926117
fukui_20,2022-12-11,1670792413000,3.5533559786765565,-7.242392206703803,36.49370323103489
fukui_20,2022-12-23,1671829212000,7.687461961749371,-4.46042763327486,36.49187924721661
fukui_20,2023-01-04,1672866012000,5.2972306469764785,-7.889606627461378,36.49720352154289
fukui_20,2023-01-16,1673902811000,5.055962668342671,-7.3686343721257055,36.50930049828959
fukui_20,2023-01-28,1674939611000,0.25041399409684373,-9.51182533686701,36.4923433897652
fukui_20,2023-02-09,1675976410000,4.60305999595424,-8.695488039849108,36.500720235678
fukui_20,2023-02-21,1677013210000,4.2172919485611935,-9.0190187912304,36.50282998316495
fukui_20,2023-03-05,1678050010000,5.075831055509927,-8.12107782361377,36.49552535918153
fukui_20,2023-03-17,1679086810000,5.6964350740023875,-8.807143171306336,36.504889089570064
fukui_20,2023-03-29,1680123610000,5.001701378946716,-7.460069392952624,36.50769008799055
fukui_20,2023-04-10,1681160411000,5.571045567180259,-7.532749277797811,36.497681606202285
fukui_20,2023-04-22,1682197211000,4.068731782798785,-7.672702809067637,36.49687174166678
fukui_20,2023-05-04,1683234012000,4.662615838723569,-7.507475514489668,36.49507847031295
fukui_20,2023-05-16,1684270813000,5.69278618085978,-6.9380988453250545,36.49386904918364
fukui_20,2023-05-28,1685307613000,4.70440423512183,-6.042380880626404,36.4961509890265
fukui_20,2023-06-09,1686344413000,4.082407452199406,-6.691975099341109,36.503996835641054
fukui_20,2023-06-21,1687381214000,4.015415365447718,-6.796592553374091,36.5060100445697
fukui_20,2023-07-03,1688418015000,4.688372086897373,-6.482420160962253,36.49807877596033
fukui_20,2023-07-15,1689454816000,4.394733931000553,-6.53842542927305,36.495068323708
fukui_20,2023-07-27,1690491617000,4.601511879652868,-6.325319288363275,36.50014727728839
fukui_20,2023-08-08,1691528417000,4.076360318955841,-6.7008125292101015,36.51234235657942
fukui_20,2023-08-20,1692565218000,4.415758943416982,-6.358082087659714,36.504486967290475
fukui_20,2023-09-01,1693602019000,4.779620799969473,-6.5582748184926185,36.49732460778072
fukui_20,2023-09-13,1694638819000,3.484657907736702,-7.734335330386716,36.50111182983068
fukui_20,2023-09-25,1695675620000,3.39281945447086,-7.877005161540906,36.49574289229308
fukui_20,2023-10-07,1696712419000,3.238051073519126,-6.239762450148506,36.498343500918004
fukui_20,2023-10-19,1697749220000,2.9845034034622886,-7.362933222153504,36.49341781823964
fukui_20,2023-10-31,1698786019000,4.8317079265291465,-6.512694904961552,36.49771886210826
fukui_20,2023-11-12,1699822819000,3.461210643646056,-7.4482525418826775,36.49237492290687
fukui_20,2023-11-24,1700859618000,4.652689055382628,-7.6725899513158,36.50680522636233
fukui_20,2023-12-06,1701896418000,4.572456589275375,-7.384685437030246,36.4999168907495
fukui_20,2023-12-18,1702933217000,3.3400759759091128,-6.840313804209935,36.498995962103805
fukui_20,2023-12-30,1703970017000,3.2268609561300425,-8.112292627929904,36.495685625703416
fukui_20,2024-01-11,1705006816000,4.96820556562845,-7.452180671238184,36.493860662286934
fukui_20,2024-01-23,1706043616000,4.3544379861668165,-8.340902567981631,36.49608043650294
fukui_20,2024-02-04,1707080415000,5.095124717765102,-7.343632123959248,36.49942334508444
fukui_20,2024-02-16,1708117215000,4.056287049178239,-7.7372170775167435,36.50011950806432
fukui_20,2024-02-28,1709154015000,4.570095856756684,-7.789242619184673,36.5021566832859
fukui_20,2024-03-11,1710190815000,3.900462845566844,-8.723080520224997,36.501184960845976
fukui_20,2024-03-23,1711227616000,4.805517600646485,-7.630239522665204,36.50205892784737
fukui_20,2024-04-04,1712264416000,3.65958251599899,-7.436021499829571,36.500023979685515
fukui_20,2024-04-16,1713301216000,5.099109141673532,-6.254573243376479,36.500374058394264
fukui_20,2024-04-28,1714338017000,5.853379728407169,-6.629019746261124,36.49534322010386
fukui_20,2024-05-10,1715374817000,5.600004857393873,-6.757790447298148,36.48974145270444
fukui_20,2024-05-22,1716411616000,4.764694028530718,-6.794709506823878,36.49098459941089
fukui_20,2024-06-03,1717448416000,3.6218681558128982,-8.228213649719368,36.48486357982378
fukui_20,2024-06-15,1718485216000,3.328217107370918,-6.970587104815431,36.48535343963228
fukui_20,2024-07-09,1720558815000,3.519034519339068,-6.319353589142296,36.49114428932897
fukui_20,2024-07-21,1721595614000,5.404391915885917,-5.861443717964064,36.48985238183336
fukui_20,2024-08-02,1722632414000,5.178288480381023,-6.091494604743918,36.488012980949584
fukui_20,2024-08-14,1723669214000,3.0689368523114022,-6.20517598024536,36.50293068471467
fukui_20,2024-08-26,1724706015000,5.310703465092294,-5.364579533531397,36.49900598055368
fukui_20,2024-09-07,1725742815000,5.121160480785431,-5.884664077852301,36.501958923153076
fukui_20,2024-09-19,1726779615000,3.5684189645226345,-5.585064430778932,36.50184859309177
fukui_20,2024-10-01,1727816415000,4.395384944828817,-5.2778360421278405,36.505442297423954
fukui_20,2024-10-13,1728853216000,4.362983747752653,-5.292901986656252,36.49750358400733
fukui_20,2024-10-25,1729890015000,4.895959992050655,-5.745509210818515,36.51051532323985
fukui_20,2024-11-06,1730926815000,5.382697225613748,-6.2132067609974255,36.4979836158382
fukui_20,2024-11-18,1731963615000,5.622591105230496,-6.947882454504405,36.49229015442208
fukui_20,2024-12-12,1734037213000,2.64449353208775,-7.859613753467906,36.490886157975595
fukui_20,2024-12-24,1735074012000,4.871045618084086,-7.140399115035036,36.49633062022788
fukui_20,2025-01-05,1736110811000,3.125517317351958,-8.565045395458823,36.49202806610692
fukui_20,2025-01-17,1737147610000,4.718081840442219,-7.607129395885889,36.49511647800317
fukui_20,2025-01-29,1738184409000,4.977521329115021,-7.686554910538536,36.49296835913996
fukui_20,2025-02-10,1739221209000,3.8315088430594417,-8.192311826613587,36.49382635284803
fukui_20,2025-02-22,1740258008000,4.925192900873613,-7.782648238675818,36.50039875996133
fukui_20,2025-03-06,1741294808000,4.702893471022504,-7.52962229742937,36.50007285858975
fukui_20,2025-03-18,1742331608000,4.8938280775084895,-7.7159150441379545,36.49978594520503
fukui_20,2025-03-30,1743368409000,5.24610429127542,-7.149149229493688,36.49161227158732
fukui_20,2025-04-11,1744405209000,3.446323247047741,-6.153443917586794,36.50228416000018
fukui_20,2025-04-23,1745442009000,4.052505444595532,-7.069594758809021,36.49611619984019
fukui_20,2025-05-05,1746478809000,5.3115762653099745,-6.468159448971797,36.49384725595256
fukui_20,2025-05-17,1747515609000,4.683271559245214,-5.3668755931807866,36.491269876266344
fukui_20,2025-05-29,1748552408000,4.210506149332823,-6.714087467261134,36.48641140173379
fukui_20,2025-06-10,1749589208000,4.463074610757366,-6.953260066649014,36.483097427551996
fukui_20,2025-06-22,1750626007000,8.459136721522741,-5.029347319026668,36.48260786954775
fukui_20,2025-07-04,1751662806000,4.669038288171887,-6.631274915994122,36.489763411693275
fukui_20,2025-07-16,1752699606000,4.134335688588439,-6.55340120798739,36.49158592167911
fukui_20,2025-07-28,1753736405000,4.276544930897443,-6.971939623435958,36.49236394299722
fukui_20,2025-08-09,1754773205000,1.6957902013203217,-6.371944266571586,36.4908811583136
fukui_20,2025-08-21,1755810005000,3.766673229966797,-6.855189683975628,36.49612822013371
fukui_20,2025-09-02,1756846805000,4.558680572629663,-7.164251644879154,36.49894101275808
fukui_20,2025-09-14,1757883606000,3.527483177676612,-5.73249347554615,36.501548833754455
fukui_20,2025-09-26,1758920406000,3.7249333482719487,-6.4223879664824315,36.50275362255502
fukui_20,2025-10-08,1759957207000,2.9432400521629956,-6.237330869617617,36.4911075874958
fukui_20,2025-10-20,1760994006000,3.696266657412277,-5.467838581414658,36.497695722566014
fukui_20,2025-11-01,1762030806000,5.0621160231466495,-5.5832257035215225,36.49335667175455
fukui_20,2025-11-13,1763067605000,3.3207901085032034,-5.725481897226202,36.49681461243797
fukui_20,2025-11-25,1764104404000,7.353075947816824,-5.885754954519237,36.49353488903599
fukui_20,2025-12-07,1765141203000,5.599932953286779,-5.882217663968275,36.487328611511344
fukui_20,2025-12-19,1766178002000,4.706868263067727,-5.898169454559692,36.48871367165993
fukui_20,2025-12-31,1767214801000,4.526037765051618,-6.277377973147302,36.49328538397747
fukui_20,2026-01-12,1768251600000,3.65565050755019,-6.665183278174567,36.494936851950676
fukui_20,2026-01-24,1769288398000,5.295940680866427,-7.043582047638518,36.501291078127835
fukui_20,2026-02-17,1771361997000,5.803428338445872,-6.3934331021194115,36.49771483326119
fukui_20,2026-03-01,1772398797000,5.801608612275053,-6.08949991408596,36.49735500177247
fukui_20,2026-03-13,1773435597000,5.643653928461826,-6.065066380300995,36.501293850803805
fukui_20,2026-03-25,1774472398000,5.489947752226354,-5.723978637804589,36.500318330391096
fukui_20,2026-04-06,1775509198000,5.197573098607275,-4.892844417647185,36.497268016096456
fukui_20,2026-04-18,1776545998000,5.439445619652036,-5.278864804200529,36.48913767443866
fukui_20,2026-04-30,1777582797000,4.394097582025081,-5.535880154872819,36.48753043348622
fukui_20,2026-05-12,1778619597000,4.306886638023466,-5.732382372107109,36.489269029957725
fukui_21,2017-02-16,1487278774030,3.4271569368743813,-9.136450258819616,36.56598036754772
fukui_21,2017-02-28,1488315573000,3.523121988640787,-9.585164801756777,36.56440445440649
fukui_21,2017-03-12,1489352374000,4.243439636964979,-9.783076078917508,36.558681683709494
fukui_21,2017-03-24,1490389174380,3.4452384123571482,-9.432990275743778,36.564035041378936
fukui_21,2017-04-05,1491425974840,3.3870324050055247,-9.797348851366632,36.56402416794966
fukui_21,2017-04-17,1492462775450,4.974461826248812,-9.062716184270041,36.56497429640638
fukui_21,2017-04-29,1493499575000,3.4006586942295884,-10.509818942729936,36.56383123381752
fukui_21,2017-05-11,1494536376000,3.224990279119649,-10.298270778595938,36.55788469452788
fukui_21,2017-05-23,1495573177000,3.779906587962007,-9.490073775934826,36.56095056650366
fukui_21,2017-06-04,1496609978000,3.4815167344607634,-9.767437303671162,36.562570809851394
fukui_21,2017-06-16,1497646778000,4.078394890095917,-8.512432090786897,36.56626148030471
fukui_21,2017-06-28,1498683579000,3.997362173878754,-10.173360290298191,36.56512530528033
fukui_21,2017-07-10,1499720379000,5.000273495877192,-10.075816227632826,36.56261161255823
fukui_21,2017-07-22,1500757180000,4.69177881480515,-11.223582650326389,36.56307219262865
fukui_21,2017-08-03,1501793981000,3.725659378225206,-10.485427862845814,36.56070986333009
fukui_21,2017-08-15,1502830782000,4.378623290197574,-10.727504932121786,36.56526559138157
fukui_21,2017-08-27,1503867582000,3.5180647503140055,-10.527636365176939,36.56297989225897
fukui_21,2017-09-08,1504904382000,3.3931656692333325,-11.623773310816961,36.56093989606626
fukui_21,2017-09-20,1505941183000,3.654425661896043,-11.117793984528472,36.559032899268736
fukui_21,2017-10-02,1506977983000,3.599733327492822,-10.825204600540667,36.56236971412764
fukui_21,2017-10-14,1508014783000,3.9755313209358554,-11.233458107458045,36.56364414138441
fukui_21,2017-10-26,1509051584000,3.4642807087346914,-10.180654645601697,36.56133660796193
fukui_21,2017-11-07,1510088383000,3.623691386060636,-10.993434169383418,36.5613602011307
fukui_21,2017-11-19,1511125183000,4.572162346177898,-9.567258180667233,36.558661314743354
fukui_21,2017-12-01,1512161983000,6.068527181336286,-9.378813091532653,36.56197793036515
fukui_21,2017-12-13,1513198782000,4.175781996923823,-10.498894078773182,36.56342616036457
fukui_21,2017-12-25,1514235582000,4.003993309017261,-10.38349343343203,36.5673536387778
fukui_21,2018-01-06,1515272381000,4.730703244906324,-9.959819632493012,36.562673615404094
fukui_21,2018-01-18,1516309181000,3.6891084784206973,-9.212413851499614,36.557161448948385
fukui_21,2018-01-30,1517345980000,4.316618530874223,-9.56676515865112,36.560320962845246
fukui_21,2018-02-11,1518382780000,0.24684949126353348,-13.355637926938378,36.56011692752309
fukui_21,2018-02-23,1519419580000,3.85151060207781,-10.74841760258168,36.56850233687125
fukui_21,2018-03-07,1520456380000,3.415221915567602,-10.850630430720756,36.572497726580416
fukui_21,2018-03-19,1521493180000,6.471403264322466,-9.353116922330283,36.564849570808576
fukui_21,2018-03-31,1522529981000,3.455463061584299,-10.336838298613575,36.561133443083385
fukui_21,2018-04-12,1523566781000,4.538425658792028,-9.762666894403987,36.56350418161086
fukui_21,2018-04-24,1524603582000,4.885795298468956,-8.86711676790022,36.56686169288061
fukui_21,2018-05-06,1525640382000,5.077637375544392,-10.092803207224579,36.5657552395712
fukui_21,2018-05-18,1526677183000,4.756382966384982,-10.365575812424757,36.564311346504034
fukui_21,2018-05-30,1527713983000,5.221575008380962,-10.274932471874742,36.56653765426417
fukui_21,2018-06-11,1528750784000,5.69368790230719,-10.519303174863373,36.56019491824607
fukui_21,2018-06-23,1529787585000,3.975714839874996,-11.207950019505187,36.56299092868845
fukui_21,2018-06-29,1530305934000,5.437867933191105,-11.290716519877927,36.59520977990365
fukui_21,2018-07-05,1530824385000,3.987506702914749,-10.562236720913782,36.570858583830855
fukui_21,2018-07-17,1531861186000,4.197402100791265,-10.926907165698575,36.56611145333574
fukui_21,2018-07-29,1532897988000,4.154713608575405,-11.30832509491958,36.55658264136565
fukui_21,2018-08-10,1533934788000,4.151957403716493,-12.383288379593855,36.561412262501506
fukui_21,2018-08-22,1534971588000,4.12036397475348,-11.432908844018918,36.56521105032256
fukui_21,2018-09-03,1536008389000,4.363272279638675,-10.106897259799958,36.56207247375711
fukui_21,2018-09-15,1537045189000,4.656321011639587,-10.729930272449646,36.564473882093615
fukui_21,2018-09-27,1538081990000,4.193060713491791,-10.035570437815368,36.5617643702694
fukui_21,2018-10-09,1539118790000,4.261938422866023,-10.250468124105456,36.560454403228384
fukui_21,2018-10-21,1540155590000,2.650839164911895,-9.968070945390025,36.56151622160276
fukui_21,2018-11-02,1541192390000,4.283882278805993,-11.170943398004697,36.56238411014596
fukui_21,2018-11-14,1542229190000,4.043584804001337,-10.606117201034387,36.56056145529287
fukui_21,2018-11-26,1543265989000,3.503035059562157,-11.487462509419338,36.56190772116588
fukui_21,2018-12-08,1544302789000,3.5446379707957645,-10.666513105176518,36.558478544669
fukui_21,2018-12-20,1545339589000,3.352678304412306,-10.709458990097422,36.5615759623817
fukui_21,2019-01-01,1546376388000,4.676603778377262,-9.256443833356824,36.56209084221273
fukui_21,2019-01-13,1547413188000,3.87274637092706,-9.706341803230265,36.56535153755596
fukui_21,2019-01-25,1548449987000,4.9006028884466755,-9.729994587920148,36.55858966813619
fukui_21,2019-02-06,1549486787000,3.420565790062184,-10.191627918938133,36.56208700848599
fukui_21,2019-02-18,1550523587000,3.6308266761240993,-10.555134932352008,36.558086656443514
fukui_21,2019-03-02,1551560387000,3.1109732738800098,-10.468011259271686,36.557243370304164
fukui_21,2019-03-14,1552597187000,3.2612039475100576,-10.716778659569346,36.56743111556783
fukui_21,2019-03-26,1553633987000,3.379585164103536,-10.427653687675502,36.56396386616484
fukui_21,2019-04-07,1554670787000,3.7544296413066687,-10.30052931837257,36.56108151115818
fukui_21,2019-04-19,1555707588000,3.7186154174115353,-10.023129019186584,36.55644933319276
fukui_21,2019-05-01,1556744388000,3.850032779928527,-11.967538306994598,36.55597741329084
fukui_21,2019-05-13,1557781189000,3.5622317186841137,-11.071663197062954,36.56473528574971
fukui_21,2019-05-25,1558817989000,3.4725525204628918,-10.375878796856014,36.56355416354692
fukui_21,2019-06-06,1559854790000,3.4342934943030516,-10.394761338315906,36.565833931343214
fukui_21,2019-06-18,1560891590000,4.440218564932238,-10.332549185616177,36.564485523608944
fukui_21,2019-06-30,1561928391000,4.7841535412344305,-10.141023548233164,36.56022945345393
fukui_21,2019-07-12,1562965192000,4.04412214921825,-9.147403963148045,36.56404386048434
fukui_21,2019-07-24,1564001993000,4.422159291779626,-10.251212636938558,36.56656462506548
fukui_21,2019-08-05,1565038794000,3.615410072037529,-10.25102985111743,36.5654137248474
fukui_21,2019-08-17,1566075594000,3.7408111015070946,-10.167989091931059,36.55826053679292
fukui_21,2019-08-29,1567112395000,4.288809536785724,-10.722354698853914,36.56111437811848
fukui_21,2019-09-10,1568149195000,4.0684542841999,-10.270875730987914,36.56518246339719
fukui_21,2019-09-22,1569185996000,4.7105847813555775,-10.340426168617519,36.56155724262338
fukui_21,2019-10-04,1570222796000,4.542757718302112,-10.738906175539675,36.560431515455704
fukui_21,2019-10-16,1571259596000,2.76034183415482,-10.792028219261093,36.56316780753041
fukui_21,2019-10-28,1572296396000,3.277815389075531,-9.482206193122417,36.56137123468046
fukui_21,2019-11-09,1573333196000,3.456888128925764,-10.500883765644634,36.56097589154693
fukui_21,2019-11-21,1574369996000,3.715143567405959,-10.97198989873289,36.56343450670837
fukui_21,2019-12-03,1575406796000,3.5301234443313936,-10.885588557407827,36.563989234553276
fukui_21,2019-12-15,1576443595000,2.71860050609273,-9.76571917183492,36.55856559747852
fukui_21,2019-12-27,1577480395000,3.6432011491629015,-10.909401152410092,36.55536076944142
fukui_21,2020-01-08,1578517194000,4.057719863773097,-10.162172157958727,36.558583576859064
fukui_21,2020-01-20,1579553994000,3.615762906603969,-10.612863528121578,36.562673492985816
fukui_21,2020-02-01,1580590793000,4.409594683885131,-10.474617010484485,36.489104851903754
fukui_21,2020-02-13,1581627593000,3.013672679648502,-10.542282995081953,36.48902900948768
fukui_21,2020-02-25,1582664393000,4.6317884583393205,-10.001425616549506,36.48790649462173
fukui_21,2020-03-08,1583701193000,4.2371171787670034,-10.540417082761442,36.484698285941604
fukui_21,2020-03-20,1584737993000,4.488892297276211,-10.31167634609214,36.4888654474594
fukui_21,2020-04-01,1585774793000,6.200109050632677,-9.495790616109748,36.495842723679935
fukui_21,2020-04-13,1586811594000,4.566322238071184,-9.650306333435303,36.492329354153576
fukui_21,2020-04-25,1587848394000,4.161788069037846,-9.69864204713501,36.48667581016486
fukui_21,2020-05-07,1588885195000,3.9545919276255597,-10.142069123810078,36.48981017179052
fukui_21,2020-05-19,1589921995000,5.505588132882208,-8.633711290121237,36.49089740194811
fukui_21,2020-05-31,1590958796000,3.6852802239376308,-10.819981722564076,36.49255585048104
fukui_21,2020-06-12,1591995597000,3.876382475992618,-11.545393057918876,36.48978715310797
fukui_21,2020-06-24,1593032398000,3.517601937511826,-10.379289189819826,36.488818568747526
fukui_21,2020-07-06,1594069198000,6.1220984649002705,-10.553659293961678,36.48966263167947
fukui_21,2020-07-18,1595105999000,3.691654140684882,-10.02154242560563,36.49088364694596
fukui_21,2020-07-30,1596142800000,3.8712547622129025,-9.599421729081048,36.4876570764249
fukui_21,2020-08-11,1597179600000,5.526716336392278,-9.003035077165714,36.489737415822695
fukui_21,2020-08-23,1598216401000,3.4422423034200853,-10.965360349678805,36.489027181337036
fukui_21,2020-09-04,1599253202000,3.6340648559953226,-8.860178843650225,36.48597972979443
fukui_21,2020-09-16,1600290002000,3.4256017311288325,-9.522626428769431,36.487226038417724
fukui_21,2020-09-28,1601326803000,3.6102454218340885,-9.209496460163741,36.4866021908074
fukui_21,2020-10-10,1602363603000,2.9040637685190736,-9.70134224173433,36.485113512312715
fukui_21,2020-10-22,1603400403000,4.591500009630226,-10.818829449147916,36.48948270812944
fukui_21,2020-11-03,1604437203000,3.7712078547431,-10.586330926135215,36.48384113041188
fukui_21,2020-11-15,1605474003000,3.1297072713413105,-10.509008302453,36.483289667673475
fukui_21,2020-11-27,1606510802000,4.5215665252824015,-10.277418362355688,36.4895568347064
fukui_21,2020-12-09,1607547602000,3.7584633736261983,-10.36794636770326,36.48761699644739
fukui_21,2020-12-21,1608584401000,4.6491470775389425,-9.556785609836858,36.48771394190092
fukui_21,2021-01-02,1609621201000,2.9609447108518165,-10.262335949167477,36.483710242993894
fukui_21,2021-01-14,1610658000000,2.8599943189075727,-10.234326714909098,36.482126384930666
fukui_21,2021-01-26,1611694800000,3.2187026737440063,-9.717205028027072,36.48208784285002
fukui_21,2021-02-07,1612731599000,5.245205981744612,-8.847109022493308,36.48485088602087
fukui_21,2021-02-19,1613768399000,4.091185254051299,-9.456070255302455,36.49268536872053
fukui_21,2021-03-03,1614805199000,3.825850015379255,-9.78015207704861,36.494936342833086
fukui_21,2021-03-15,1615841999000,3.5399236831455663,-10.497368341794472,36.489009628277415
fukui_21,2021-03-27,1616878799000,4.41046037384119,-10.356105479787379,36.489453378206626
fukui_21,2021-04-08,1617915599000,3.424281316213375,-10.229137641843456,36.49263166396751
fukui_21,2021-04-20,1618952400000,3.9551350909350362,-10.272641387324027,36.49259256202053
fukui_21,2021-05-02,1619989200000,3.8927367318172057,-10.363280140133226,36.49451541083931
fukui_21,2021-05-14,1621026001000,3.242603042657087,-10.124640781661757,36.49188772522576
fukui_21,2021-05-26,1622062802000,3.6522525749809627,-10.534462182106001,36.488444891370726
fukui_21,2021-06-07,1623099602000,3.8226203937805825,-10.091080163319955,36.49024540364798
fukui_21,2021-06-19,1624136403000,4.551095901973898,-10.675541996145913,36.492733913899244
fukui_21,2021-07-01,1625173204000,3.819180820053926,-9.994740851208231,36.48971644580059
fukui_21,2021-07-13,1626210005000,3.6648279728445945,-9.627791718676361,36.49240268208085
fukui_21,2021-07-25,1627246805000,3.7328732902851485,-9.746762856197396,36.49324706524225
fukui_21,2021-08-06,1628283606000,3.524948737761802,-9.256831985018083,36.48974120443811
fukui_21,2021-08-18,1629320407000,4.337555924226947,-9.70776953062163,36.49134306231068
fukui_21,2021-08-30,1630357207000,4.235899494987836,-9.681127681577385,36.491363652115524
fukui_21,2021-09-11,1631394008000,4.333903016395582,-9.779511026426192,36.488048360433915
fukui_21,2021-09-23,1632430808000,4.183650538584408,-8.852106243714568,36.485775928239555
fukui_21,2021-10-05,1633467608000,3.3727823880093797,-8.727605789951216,36.48551888552069
fukui_21,2021-10-17,1634504409000,3.838141601431785,-9.1332330550532,36.485174148142164
fukui_21,2021-10-29,1635541208000,2.5023335429741684,-9.40463042532953,36.48675085948062
fukui_21,2021-11-22,1637614808000,3.2269175162912163,-9.83862410564619,36.48463920630387
fukui_21,2021-12-04,1638651607000,3.144547921233388,-9.952084806352838,36.482461192718965
fukui_21,2021-12-16,1639688407000,4.357466995306199,-10.549604007159159,36.4831791758566
fukui_21,2021-12-28,1640725206000,3.1414207656942956,-10.48742494521762,36.4917748807397
fukui_21,2022-01-09,1641762006000,3.4394609407500343,-10.009424916003534,36.48743505692084
fukui_21,2022-01-21,1642798805000,2.6691406102210684,-9.898531361336403,36.48533982831012
fukui_21,2022-02-02,1643835604000,4.482167317145955,-10.029709077389017,36.48929147034356
fukui_21,2022-02-14,1644872405000,3.765132970265694,-9.687131565135285,36.484850668584365
fukui_21,2022-02-26,1645909204000,3.1407089362814107,-10.204160783359317,36.486380029866645
fukui_21,2022-03-10,1646946004000,3.3759689841400067,-9.44999814113687,36.492102003074415
fukui_21,2022-03-22,1647982805000,3.167185094149126,-8.955922170381237,36.49135624111788
fukui_21,2022-04-03,1649019605000,3.1941145200299097,-9.571428122859675,36.48857025520454
fukui_21,2022-04-15,1650056405000,4.157872940377263,-10.480357663457358,36.49120282614101
fukui_21,2022-04-27,1651093206000,3.4223103093935756,-9.685654990016141,36.48937295997986
fukui_21,2022-05-09,1652130006000,3.484042430117952,-9.743478903825302,36.49228884203615
fukui_21,2022-05-21,1653166807000,4.727304178371418,-9.519159784620392,36.4955472092648
fukui_21,2022-06-02,1654203608000,4.159505663116465,-10.193179337979558,36.490188696656965
fukui_21,2022-06-14,1655240409000,2.9683642150566776,-10.173845679942117,36.491562909020814
fukui_21,2022-06-26,1656277210000,4.9044391092971935,-10.756790603601717,36.48543318614078
fukui_21,2022-07-08,1657314010000,4.232756318595897,-9.20612899463453,36.490511583787026
fukui_21,2022-07-20,1658350811000,3.9097390426976397,-9.325934698583612,36.49103067891554
fukui_21,2022-08-01,1659387612000,3.9586451531145905,-9.60951984931562,36.49021213104769
fukui_21,2022-08-13,1660424413000,2.3442964685282774,-9.906484237360953,36.48987345749072
fukui_21,2022-08-25,1661461213000,3.7096841948002544,-12.924705496022558,36.49056195563378
fukui_21,2022-09-06,1662497988000,3.182532978036599,-11.828747370321278,36.56013737960382
fukui_21,2022-09-18,1663534814000,3.8910160951849013,-10.674848239955418,36.496060131640576
fukui_21,2022-09-30,1664571615000,3.7915515943731677,-12.000383281833164,36.48476051631195
fukui_21,2022-10-12,1665608414000,3.523171239846253,-11.79107605960714,36.49321499304128
fukui_21,2022-10-24,1666645215000,3.7368485828306635,-11.605505389019587,36.486668925280696
fukui_21,2022-11-05,1667682014000,3.2128297943237563,-11.1226921678557,36.49085636448116
fukui_21,2022-11-17,1668718814000,4.073912927065726,-10.196064247240802,36.49011725904535
fukui_21,2022-11-29,1669755614000,4.628340946844061,-10.610032329304953,36.48572099408043
fukui_21,2022-12-11,1670792413000,3.6193317604715856,-9.907549001854017,36.48415570811848
fukui_21,2022-12-23,1671829212000,14.427777286796148,-7.290108408378596,36.48230912857758
fukui_21,2023-01-04,1672866012000,3.9442101009381467,-10.043370649482547,36.48763481507819
fukui_21,2023-01-16,1673902811000,2.7260983615457204,-9.641453490877506,36.49973126712235
fukui_21,2023-01-28,1674939611000,-1.023971719590624,-13.834276588129736,36.482779804236216
fukui_21,2023-02-09,1675976410000,3.608269008245092,-10.620103636925565,36.49109254457807
fukui_21,2023-02-21,1677013210000,4.093921098373361,-9.656454847823179,36.49326744790286
fukui_21,2023-03-05,1678050010000,3.461757655114152,-10.290163904658453,36.48598438374047
fukui_21,2023-03-17,1679086810000,4.567422036432333,-9.612508820748955,36.49531945688574
fukui_21,2023-03-29,1680123610000,3.2137937895250874,-10.560835753409426,36.49807166167384
fukui_21,2023-04-10,1681160411000,3.5483547585194954,-10.849276958134453,36.48813620442318
fukui_21,2023-04-22,1682197211000,3.8617781819643042,-10.524876948093032,36.48728935528076
fukui_21,2023-05-04,1683234012000,4.0052528266191505,-10.33884462582282,36.485562678429204
fukui_21,2023-05-16,1684270813000,3.6069936187445517,-10.725645502160665,36.4843479072421
fukui_21,2023-05-28,1685307613000,2.481157880002983,-11.291277129519118,36.4866010344574
fukui_21,2023-06-09,1686344413000,3.75736417190422,-11.097732002564964,36.494398972051734
fukui_21,2023-06-21,1687381214000,4.032571455353357,-11.566434772123364,36.496393789296455
fukui_21,2023-07-03,1688418015000,3.3891646102661266,-11.185526762158245,36.488578447826285
fukui_21,2023-07-15,1689454816000,3.027994915222723,-11.483949094194797,36.485574017931775
fukui_21,2023-07-27,1690491617000,4.696561094509819,-10.107622146152837,36.49059740610831
fukui_21,2023-08-08,1691528417000,3.967816031541929,-10.344689699356405,36.502744606727006
fukui_21,2023-08-20,1692565218000,3.692185705758132,-11.262511190470706,36.49496714797114
fukui_21,2023-09-01,1693602019000,2.9173987270740165,-10.044625551092912,36.48778574374691
fukui_21,2023-09-13,1694638819000,3.0397910893075903,-10.401148728423204,36.49153469445918
fukui_21,2023-09-25,1695675620000,3.2853169885339533,-8.224568850159233,36.48622375796277
fukui_21,2023-10-07,1696712419000,3.060985587096659,-8.16917826938914,36.48877601023884
fukui_21,2023-10-19,1697749220000,4.19015185850031,-8.156674037696723,36.4837993426177
fukui_21,2023-10-31,1698786019000,3.3210634512620034,-7.652638323512134,36.488148432440745
fukui_21,2023-11-12,1699822819000,4.059909230263829,-7.862910684303435,36.48280346635458
fukui_21,2023-11-24,1700859618000,4.876780346951502,-8.560898191891889,36.49721549511877
fukui_21,2023-12-06,1701896418000,4.248318180591398,-8.415521305688488,36.4903117871734
fukui_21,2023-12-18,1702933217000,3.5992647394566917,-9.793369877056636,36.48938270317044
fukui_21,2023-12-30,1703970017000,4.597308339421673,-9.491339975397821,36.48616579718104
fukui_21,2024-01-11,1705006816000,2.660629891573161,-8.833853837648432,36.48425646226287
fukui_21,2024-01-23,1706043616000,3.4741939380446465,-11.131685890229907,36.486516080822035
fukui_21,2024-02-04,1707080415000,3.6042095295362233,-8.514945249999545,36.489846208114564
fukui_21,2024-02-16,1708117215000,3.991210043233498,-8.137930956824576,36.490514865217285
fukui_21,2024-02-28,1709154015000,3.9097624654319487,-8.636045835108275,36.49263958751983
fukui_21,2024-03-11,1710190815000,3.899559604337677,-9.885503741664886,36.491645491488796
fukui_21,2024-03-23,1711227616000,3.9829893397207523,-8.780521686615092,36.49252854021183
fukui_21,2024-04-04,1712264416000,2.9590791573947404,-8.39470895920878,36.490505405735924
fukui_21,2024-04-16,1713301216000,4.166454577391406,-7.99632225457347,36.49079270645381
fukui_21,2024-04-28,1714338017000,2.517402336762539,-9.073948525715585,36.48581739935085
fukui_21,2024-05-10,1715374817000,3.750972690448953,-8.719395202458365,36.48018576627607
fukui_21,2024-05-22,1716411616000,4.02172069338387,-8.34115087836042,36.48143849900868
fukui_21,2024-06-03,1717448416000,3.0393220659296323,-9.204251514870634,36.47532330675933
fukui_21,2024-06-15,1718485216000,3.675867103712205,-8.599993275447126,36.4758161530945
fukui_21,2024-07-09,1720558815000,3.994350424946179,-8.867893354266705,36.4816088584327
fukui_21,2024-07-21,1721595614000,2.948970237693559,-9.534030971450347,36.48034310692939
fukui_21,2024-08-02,1722632414000,3.166058632284914,-9.436393573721167,36.478506316731654
fukui_21,2024-08-14,1723669214000,2.7743363802242618,-10.017016327694325,36.493417849188994
fukui_21,2024-08-26,1724706015000,3.276433184951749,-10.54172786746656,36.489464226228634
fukui_21,2024-09-07,1725742815000,3.885996010451917,-9.546405171740933,36.492461887899296
fukui_21,2024-09-19,1726779615000,3.518260942689012,-9.496600946340568,36.49234143631602
fukui_21,2024-10-01,1727816415000,3.899752465828054,-8.909782897837266,36.49584861692591
fukui_21,2024-10-13,1728853216000,4.201887883084056,-9.492869816082727,36.487930927327355
fukui_21,2024-10-25,1729890015000,2.4173607815862543,-9.776276054573653,36.50095007277711
fukui_21,2024-11-06,1730926815000,4.725219749123042,-8.81639150070021,36.488401200725264
fukui_21,2024-11-18,1731963615000,4.831682622877913,-10.288535646820318,36.482777869681165
fukui_21,2024-12-12,1734037213000,3.089397536501066,-9.895499156678818,36.48136449681904
fukui_21,2024-12-24,1735074012000,4.374873191034367,-9.527556751907657,36.486706393383535
fukui_21,2025-01-05,1736110811000,3.4998485338521563,-9.936683893417854,36.48241049243557
fukui_21,2025-01-17,1737147610000,4.018295994918085,-9.440719841636216,36.48549386441516
fukui_21,2025-01-29,1738184409000,4.010897039795285,-9.901054694579036,36.48346270104429
fukui_21,2025-02-10,1739221209000,2.75805388717188,-10.39620432347952,36.48431218600278
fukui_21,2025-02-22,1740258008000,3.6066775719486115,-10.028154526638549,36.49077284789509
fukui_21,2025-03-06,1741294808000,4.545322846067591,-9.545258011576626,36.49050877082141
fukui_21,2025-03-18,1742331608000,5.091190429680373,-9.430994133844205,36.4902171659019
fukui_21,2025-03-30,1743368409000,3.836695197496134,-10.002688933079948,36.482099573250345
fukui_21,2025-04-11,1744405209000,3.6763894228582035,-9.934040782891078,36.49278646375915
fukui_21,2025-04-23,1745442009000,4.222115260294335,-10.924581682873983,36.486554341748004
fukui_21,2025-05-05,1746478809000,2.78175816548944,-10.870915564307055,36.484326874562925
fukui_21,2025-05-17,1747515609000,2.9690078063200165,-10.199150262055161,36.481718108701436
fukui_21,2025-05-29,1748552408000,3.793877825818963,-10.758322005121004,36.476856139958805
fukui_21,2025-06-10,1749589208000,3.7347201711496596,-10.703439818530812,36.47357835364081
fukui_21,2025-06-22,1750626007000,8.568919594715325,-8.498571564791531,36.47306835073931
fukui_21,2025-07-04,1751662806000,3.62252208733674,-9.414437263378598,36.48024208706792
fukui_21,2025-07-16,1752699606000,4.013618633327296,-9.898898347548062,36.48208233730744
fukui_21,2025-07-28,1753736405000,2.477634020749867,-10.018257821241269,36.48286314728636
fukui_21,2025-08-09,1754773205000,4.655897216873236,-11.023274338666702,36.48136380522784
fukui_21,2025-08-21,1755810005000,2.307383146172918,-10.704509477281954,36.486616208571775
fukui_21,2025-09-02,1756846805000,2.477918250962131,-11.481620986073752,36.48937824213219
fukui_21,2025-09-14,1757883606000,4.05686839147838,-10.833592535766584,36.49204998542331
fukui_21,2025-09-26,1758920406000,3.2305863467194675,-11.58415403721358,36.49317513507825
fukui_21,2025-10-08,1759957207000,2.6563809610698157,-10.628592645742721,36.48156115756694
fukui_21,2025-10-20,1760994006000,3.594776467439405,-9.960716136689154,36.488176585693644
fukui_21,2025-11-01,1762030806000,4.027248490764115,-10.177466612868939,36.48378324313004
fukui_21,2025-11-13,1763067605000,3.2582554511061845,-10.830562591724433,36.48724090943004
fukui_21,2025-11-25,1764104404000,6.713410143946217,-8.524594962943645,36.484015019147
fukui_21,2025-12-07,1765141203000,3.1553230270328254,-9.876778506202447,36.47780743108212
fukui_21,2025-12-19,1766178002000,2.9022103392433247,-11.44913562676765,36.47921509723123
fukui_21,2025-12-31,1767214801000,2.087886052516102,-10.475594348772026,36.48372864549851
fukui_21,2026-01-12,1768251600000,2.9876746003072676,-9.44468846780652,36.48542189534505
fukui_21,2026-01-24,1769288398000,3.598661857393185,-9.45472199299324,36.491712693601684
fukui_21,2026-02-17,1771361997000,2.927257343862248,-9.118179103676399,36.48820112375683
fukui_21,2026-03-01,1772398797000,2.549255320134555,-11.220852307336102,36.487846702795764
fukui_21,2026-03-13,1773435597000,2.359730492772215,-10.53948785749797,36.49179591215085
fukui_21,2026-03-25,1774472398000,2.5633876244346525,-9.856687703482175,36.49073173736925
fukui_21,2026-04-06,1775509198000,4.4980836411886855,-9.348207981760387,36.487765118876226
fukui_21,2026-04-18,1776545998000,3.164889912047256,-10.945432009835157,36.479592038193594
fukui_21,2026-04-30,1777582797000,2.719653923702488,-10.255611035188176,36.47800508815439
fukui_21,2026-05-12,1778619597000,2.6546967529340177,-9.48318689388219,36.47976967379309
fukui_22,2017-02-16,1487278774030,5.475851581858314,-6.880028293636254,36.57985042346765
fukui_22,2017-02-28,1488315573000,5.004092740688654,-6.877553068591537,36.578288593733234
fukui_22,2017-03-12,1489352374000,5.083214515019383,-7.172099730232944,36.57258973325736
fukui_22,2017-03-24,1490389174380,4.662100082992872,-7.264678628220444,36.57791989323032
fukui_22,2017-04-05,1491425974840,4.577887209571067,-7.523995443521743,36.577917550461486
fukui_22,2017-04-17,1492462775450,8.309217648188545,-8.65015345782167,36.578875356427794
fukui_22,2017-04-29,1493499575000,5.044663291297851,-8.160838192741176,36.577736985324606
fukui_22,2017-05-11,1494536376000,4.270125725029258,-6.911285724547166,36.57178125524359
fukui_22,2017-05-23,1495573177000,5.068171855922175,-6.065222408494166,36.57485792382138
fukui_22,2017-06-04,1496609978000,5.512779577630938,-5.615391431839029,36.576456753244265
fukui_22,2017-06-16,1497646778000,4.771541515026634,-5.62836936064151,36.580129560079556
fukui_22,2017-06-28,1498683579000,4.505523179435754,-5.7694479462303185,36.57902480804991
fukui_22,2017-07-10,1499720379000,4.825444941413051,-6.098194244010698,36.576517139898144
fukui_22,2017-07-22,1500757180000,4.362298851399909,-5.814927983687841,36.57696723846508
fukui_22,2017-08-03,1501793981000,5.71572165678069,-5.716105937383962,36.57458664714425
fukui_22,2017-08-15,1502830782000,4.891703810898328,-6.643650069319534,36.579151342319676
fukui_22,2017-08-27,1503867582000,5.713868633425713,-6.554810809044705,36.57687047592354
fukui_22,2017-09-08,1504904382000,5.247890747903418,-7.570059628297017,36.57481183610288
fukui_22,2017-09-20,1505941183000,5.200360404802287,-6.824130891208999,36.57293880045915
fukui_22,2017-10-02,1506977983000,4.495597744635168,-7.088072473141758,36.57626046592772
fukui_22,2017-10-14,1508014783000,5.555350694373568,-7.105470625613551,36.577548334517516
fukui_22,2017-10-26,1509051584000,4.82392033517764,-6.439511911432585,36.57521408758894
fukui_22,2017-11-07,1510088383000,3.8830759739883964,-6.543364966403333,36.57524585216848
fukui_22,2017-11-19,1511125183000,4.862037371187975,-5.205398217718949,36.572542357427515
fukui_22,2017-12-01,1512161983000,7.154024529098731,-5.5687970957034025,36.575862078716135
fukui_22,2017-12-13,1513198782000,4.227051352573177,-7.182295875342397,36.57732315303742
fukui_22,2017-12-25,1514235582000,4.882043025081128,-7.735013977062613,36.581246888778054
fukui_22,2018-01-06,1515272381000,4.06921490904572,-7.428142261722771,36.57654524560498
fukui_22,2018-01-18,1516309181000,4.1817948152782565,-7.248259699361422,36.57103134276696
fukui_22,2018-01-30,1517345980000,4.704845428362088,-6.606569915964798,36.57420675753972
fukui_22,2018-02-11,1518382780000,3.0471907667608127,-6.861746939723599,36.57400414147429
fukui_22,2018-02-23,1519419580000,4.559887594395937,-6.524917423769172,36.582392979380074
fukui_22,2018-03-07,1520456380000,4.191134886879051,-7.19055741129929,36.5863669837449
fukui_22,2018-03-19,1521493180000,5.7703086207542125,-5.527283856098745,36.57874371638665
fukui_22,2018-03-31,1522529981000,4.5074228916393855,-6.7601529973986665,36.57501642007253
fukui_22,2018-04-12,1523566781000,4.575907812187983,-6.50245734308567,36.57740332913553
fukui_22,2018-04-24,1524603582000,8.163618858637419,-5.164500004537743,36.58076460639559
fukui_22,2018-05-06,1525640382000,6.8281202033784245,-5.675665565401284,36.57965640989809
fukui_22,2018-05-18,1526677183000,7.349760027155393,-6.318617967815933,36.57821650636889
fukui_22,2018-05-30,1527713983000,5.591171618406438,-6.240837208182335,36.58042724266272
fukui_22,2018-06-11,1528750784000,5.4865195781843985,-6.6791509575404415,36.57409606200031
fukui_22,2018-06-23,1529787585000,5.2931260201836805,-6.83007135925297,36.57689692373909
fukui_22,2018-06-29,1530305934000,5.554745951716861,-6.873758271098313,36.609051110361996
fukui_22,2018-07-05,1530824385000,4.662979048842024,-7.117970431849826,36.584741813635745
fukui_22,2018-07-17,1531861186000,5.644102398624026,-6.141237979048936,36.57998372248937
fukui_22,2018-07-29,1532897988000,5.514217631163863,-5.742329819587784,36.570470947615874
fukui_22,2018-08-10,1533934788000,6.27042387863019,-5.8094130823033625,36.57531118051205
fukui_22,2018-08-22,1534971588000,5.7227777215037,-5.810839220932847,36.579094533635185
fukui_22,2018-09-03,1536008389000,5.12079618195063,-7.052577594494163,36.575979554476596
fukui_22,2018-09-15,1537045189000,5.5864364458438365,-6.186200203312117,36.578353854159765
fukui_22,2018-09-27,1538081990000,4.545817835444016,-7.157246349909617,36.575653531726786
fukui_22,2018-10-09,1539118790000,5.34273631201834,-5.56762230504105,36.574345446413126
fukui_22,2018-10-21,1540155590000,4.736174120245277,-6.574171662988128,36.57540516505663
fukui_22,2018-11-02,1541192390000,3.850974554343482,-6.836536016200205,36.576278659860094
fukui_22,2018-11-14,1542229190000,4.328182373363624,-7.3638377443424,36.57445734734972
fukui_22,2018-11-26,1543265989000,4.537052185930812,-7.1755832119923655,36.5757911897512
fukui_22,2018-12-08,1544302789000,4.359081327595805,-7.481197070512936,36.5723752385986
fukui_22,2018-12-20,1545339589000,4.515807148866936,-7.4794332077877845,36.57544647047704
fukui_22,2019-01-01,1546376388000,7.357544638005512,-7.3813168690267625,36.57598728532085
fukui_22,2019-01-13,1547413188000,4.328357566722964,-7.0123867765944725,36.57923543832572
fukui_22,2019-01-25,1548449987000,5.635042555567472,-6.694698584276373,36.572498137482754
fukui_22,2019-02-06,1549486787000,4.306687297343382,-7.325717108408536,36.57598699688884
fukui_22,2019-02-18,1550523587000,4.872670179259236,-6.819311252522601,36.571978738901095
fukui_22,2019-03-02,1551560387000,4.5064832841038776,-7.059964670103217,36.57113960692026
fukui_22,2019-03-14,1552597187000,5.067550674193151,-7.427900364362264,36.58133881272717
fukui_22,2019-03-26,1553633987000,4.719049960545085,-7.159173712896344,36.577857220135144
fukui_22,2019-04-07,1554670787000,5.362654275395991,-7.15103608726527,36.57498825332545
fukui_22,2019-04-19,1555707588000,5.100181141340218,-6.94867386868444,36.570328865391616
fukui_22,2019-05-01,1556744388000,4.055761944607214,-7.053538162577159,36.569874450062734
fukui_22,2019-05-13,1557781189000,4.881845989981236,-6.864706678085571,36.57862603826917
fukui_22,2019-05-25,1558817989000,4.8154531932694855,-6.747655912089761,36.57746611045462
fukui_22,2019-06-06,1559854790000,5.537309890652435,-6.724334414187583,36.57973490064286
fukui_22,2019-06-18,1560891590000,5.72989834857803,-6.511151389955308,36.57837916368195
fukui_22,2019-06-30,1561928391000,4.332089666478054,-7.1858264753141725,36.574126977522866
fukui_22,2019-07-12,1562965192000,5.537572082947991,-6.720567899945345,36.57793585765349
fukui_22,2019-07-24,1564001993000,5.555072173314862,-6.537435957334688,36.58045772490254
fukui_22,2019-08-05,1565038794000,5.34229745325112,-6.699856932473148,36.5793100596617
fukui_22,2019-08-17,1566075594000,4.870873811493174,-7.058544846173107,36.57215754313729
fukui_22,2019-08-29,1567112395000,6.154461906321873,-7.204990892404306,36.57500237436787
fukui_22,2019-09-10,1568149195000,4.562445987630243,-6.833220368057426,36.579051346661885
fukui_22,2019-09-22,1569185996000,4.37836750853875,-6.426735491178847,36.57543014611074
fukui_22,2019-10-04,1570222796000,5.340370169215495,-6.077812156338995,36.57429987956756
fukui_22,2019-10-16,1571259596000,4.569912392695977,-5.731362306743049,36.57706647121766
fukui_22,2019-10-28,1572296396000,3.993117319308288,-7.360730242819503,36.575258938041884
fukui_22,2019-11-09,1573333196000,4.563122486320153,-6.920652428544084,36.57484466758785
fukui_22,2019-11-21,1574369996000,4.009944288654506,-6.610983059160855,36.57730305684285
fukui_22,2019-12-03,1575406796000,4.107442950258578,-7.657830040178039,36.57787847935171
fukui_22,2019-12-15,1576443595000,3.204732733034317,-7.220689474340504,36.57247168586366
fukui_22,2019-12-27,1577480395000,3.558441849781995,-7.205557720778146,36.56925664076933
fukui_22,2020-01-08,1578517194000,4.571636768676788,-6.282849740751414,36.57246972188732
fukui_22,2020-01-20,1579553994000,3.6644368632285667,-6.980474572646506,36.57655181626328
fukui_22,2020-02-01,1580590793000,4.161144435717358,-6.95941378930691,36.50293257467319
fukui_22,2020-02-13,1581627593000,4.562563997883834,-7.069313979913058,36.50286776218636
fukui_22,2020-02-25,1582664393000,4.801271505468377,-7.059601115073701,36.50174644949354
fukui_22,2020-03-08,1583701193000,4.717206643113678,-7.162427951719798,36.49863922903982
fukui_22,2020-03-20,1584737993000,4.780446233607288,-6.731633937789147,36.50277857982975
fukui_22,2020-04-01,1585774793000,4.855893230118673,-6.443338725912686,36.509762082912665
fukui_22,2020-04-13,1586811594000,3.3213011381982964,-6.999212110715342,36.50617072862229
fukui_22,2020-04-25,1587848394000,4.851318295166418,-6.682372201907975,36.50053446737772
fukui_22,2020-05-07,1588885195000,5.0209426763455625,-6.145625404304417,36.50365132365734
fukui_22,2020-05-19,1589921995000,4.583596310257353,-6.290272315911948,36.50482846120706
fukui_22,2020-05-31,1590958796000,5.549023189545071,-6.292329021677067,36.5064097253997
fukui_22,2020-06-12,1591995597000,4.941180192112066,-7.070582181513229,36.503627982329384
fukui_22,2020-06-24,1593032398000,4.917421037706691,-6.652955363493382,36.502669426172524
fukui_22,2020-07-06,1594069198000,8.686295368181716,-5.978530829075359,36.50349387589676
fukui_22,2020-07-18,1595105999000,4.821695328662083,-6.656740009315464,36.50482370251806
fukui_22,2020-07-30,1596142800000,3.522370363796545,-6.878072706458646,36.501587782909866
fukui_22,2020-08-11,1597179600000,3.9225287147017758,-5.949034908063642,36.50357687087636
fukui_22,2020-08-23,1598216401000,5.575723986600582,-5.658369743453186,36.50285152623967
fukui_22,2020-09-04,1599253202000,3.5788576929422873,-7.566795903280052,36.4998241104382
fukui_22,2020-09-16,1600290002000,4.108294520652599,-6.8976364104491195,36.50108387357798
fukui_22,2020-09-28,1601326803000,4.192828235058852,-6.258476817057853,36.500454462473975
fukui_22,2020-10-10,1602363603000,3.458463322096106,-6.804175702861453,36.49897554680977
fukui_22,2020-10-22,1603400403000,6.778626397780618,-7.933924446668433,36.50332920689853
fukui_22,2020-11-03,1604437203000,3.7533713569931746,-7.4620353436123334,36.497680362683894
fukui_22,2020-11-15,1605474003000,4.66826051480809,-6.647100922555359,36.49712921046773
fukui_22,2020-11-27,1606510802000,8.350127625060939,-5.862804860182803,36.503403980599884
fukui_22,2020-12-09,1607547602000,3.560825465883687,-7.035468922006963,36.50147465622696
fukui_22,2020-12-21,1608584401000,6.920979372789166,-5.896189777458031,36.50155419460178
fukui_22,2021-01-02,1609621201000,2.753346384551427,-8.057621858427332,36.49756105868769
fukui_22,2021-01-14,1610658000000,3.5694880211784104,-7.104429245723957,36.495986214695506
fukui_22,2021-01-26,1611694800000,7.114386904942419,-6.231932150639329,36.495927458819004
fukui_22,2021-02-07,1612731599000,7.093706405193082,-6.339203100552733,36.49869451412997
fukui_22,2021-02-19,1613768399000,4.086491546270097,-7.270253722858965,36.506527385503084
fukui_22,2021-03-03,1614805199000,4.675516403330714,-7.202007749394374,36.50876136743106
fukui_22,2021-03-15,1615841999000,3.5628835928133875,-7.684398267598186,36.50283659353916
fukui_22,2021-03-27,1616878799000,5.09326399272458,-6.458647632211429,36.50335544016865
fukui_22,2021-04-08,1617915599000,4.7324197707469535,-7.4769089193238925,36.50656732852927
fukui_22,2021-04-20,1618952400000,4.102226588098496,-6.8096303347101195,36.506446525653956
fukui_22,2021-05-02,1619989200000,4.621080822131094,-6.515539876413945,36.50837296776128
fukui_22,2021-05-14,1621026001000,5.140561111506265,-7.151222107619959,36.505809924093626
fukui_22,2021-05-26,1622062802000,5.015049724233684,-7.6868100409280355,36.50235410629488
fukui_22,2021-06-07,1623099602000,4.289805820881593,-7.465460686676321,36.50417220101972
fukui_22,2021-06-19,1624136403000,4.578799477128128,-6.818273262867988,36.50667005215927
fukui_22,2021-07-01,1625173204000,5.3621879901417975,-6.508779691352705,36.50354972451419
fukui_22,2021-07-13,1626210005000,3.8778690103684323,-6.946658991393671,36.506339913923384
fukui_22,2021-07-25,1627246805000,3.7840050897174637,-6.035005260521034,36.50708897356873
fukui_22,2021-08-06,1628283606000,5.179249357407507,-5.627444387018612,36.50365279610614
fukui_22,2021-08-18,1629320407000,5.1968376913514165,-6.303216171265855,36.505278438764975
fukui_22,2021-08-30,1630357207000,5.643091389436743,-6.722199471741069,36.50522984997101
fukui_22,2021-09-11,1631394008000,6.313898432564907,-6.96801924549992,36.501887097782145
fukui_22,2021-09-23,1632430808000,6.098981802807715,-6.894537517111545,36.49961791271705
fukui_22,2021-10-05,1633467608000,5.658433881681055,-7.411484179458072,36.49937355207558
fukui_22,2021-10-17,1634504409000,4.977687634854123,-6.1462518680989655,36.499010801431425
fukui_22,2021-10-29,1635541208000,6.033825512658174,-5.232568107247013,36.50061092472692
fukui_22,2021-11-22,1637614808000,5.465713219524845,-7.284620559024012,36.49855183782799
fukui_22,2021-12-04,1638651607000,4.667482694107631,-7.422380398103869,36.496302790999025
fukui_22,2021-12-16,1639688407000,8.85047555832487,-6.8767032677747375,36.49700316102099
fukui_22,2021-12-28,1640725206000,4.641463943271451,-6.711344530114767,36.50559464786314
fukui_22,2022-01-09,1641762006000,4.405395077928435,-6.389752688267157,36.501256404614054
fukui_22,2022-01-21,1642798805000,3.727611551245761,-7.057831965324733,36.4991740439568
fukui_22,2022-02-02,1643835604000,5.088339130258317,-8.25579210619264,36.503124192991834
fukui_22,2022-02-14,1644872405000,4.868460246187863,-7.104201180981353,36.49869437855636
fukui_22,2022-02-26,1645909204000,4.762337206580484,-8.875858209598228,36.500217967716544
fukui_22,2022-03-10,1646946004000,4.417587598713593,-7.795404943573304,36.50594066310171
fukui_22,2022-03-22,1647982805000,3.9037116967269414,-7.8925150481039505,36.505283566875434
fukui_22,2022-04-03,1649019605000,4.558298172395034,-7.865725335699862,36.502497338307364
fukui_22,2022-04-15,1650056405000,5.856523813435181,-6.80374350998179,36.50513455330212
fukui_22,2022-04-27,1651093206000,8.523294275280962,-6.813779074311445,36.5032748548035
fukui_22,2022-05-09,1652130006000,5.633267102377489,-8.086839836949839,36.50615401715963
fukui_22,2022-05-21,1653166807000,6.530171318349834,-8.142661061288186,36.509386964845724
fukui_22,2022-06-02,1654203608000,5.578085895024628,-6.970417443077655,36.504122106358395
fukui_22,2022-06-14,1655240409000,6.466230599777982,-6.1706861212194255,36.5055016652836
fukui_22,2022-06-26,1656277210000,6.617413149417466,-7.67961567790733,36.49935510264949
fukui_22,2022-07-08,1657314010000,5.6732938808189415,-7.227548437474257,36.504435743342874
fukui_22,2022-07-20,1658350811000,6.1536784291022055,-8.606984854200757,36.50488631933805
fukui_22,2022-08-01,1659387612000,5.423511719569516,-7.866015152504916,36.50413773863801
fukui_22,2022-08-13,1660424413000,5.89907307241718,-7.542861419519614,36.50380578260312
fukui_22,2022-08-25,1661461213000,5.574577551600189,-7.742133987815622,36.50448453168331
fukui_22,2022-09-06,1662497988000,5.51401547118811,-7.708288628352254,36.57408805797707
fukui_22,2022-09-18,1663534814000,6.143611594750634,-7.807697630838737,36.50990109235242
fukui_22,2022-09-30,1664571615000,3.8860485527808564,-7.389521652056523,36.49860147697424
fukui_22,2022-10-12,1665608414000,4.5766729769071075,-7.243866355472582,36.507052760950764
fukui_22,2022-10-24,1666645215000,4.6163803068573275,-7.036138355999697,36.50059155009035
fukui_22,2022-11-05,1667682014000,4.016613802926552,-7.235584682633545,36.5047021833031
fukui_22,2022-11-17,1668718814000,4.02443428736811,-7.1005515092811144,36.503963184610264
fukui_22,2022-11-29,1669755614000,9.187687222017468,-5.688191704278851,36.49955542073174
fukui_22,2022-12-11,1670792413000,4.1098298073499935,-7.66234228159634,36.498087524555196
fukui_22,2022-12-23,1671829212000,9.88963679656982,-4.152829075035083,36.49614447620529
fukui_22,2023-01-04,1672866012000,4.240219122260983,-6.651981352981848,36.501475728965644
fukui_22,2023-01-16,1673902811000,5.273779194030848,-6.102646949785152,36.513576600967085
fukui_22,2023-01-28,1674939611000,2.3723382465682556,-9.687596042404051,36.49660880977901
fukui_22,2023-02-09,1675976410000,3.309020291635057,-7.255769642028525,36.50494961071059
fukui_22,2023-02-21,1677013210000,4.7155360355231775,-6.424106835927994,36.507089421329034
fukui_22,2023-03-05,1678050010000,3.4445680419262983,-7.385941486521195,36.499926789540844
fukui_22,2023-03-17,1679086810000,3.7783529087402035,-5.411386956960074,36.509152352206655
fukui_22,2023-03-29,1680123610000,5.354140887034292,-6.034189059365232,36.511923184173405
fukui_22,2023-04-10,1681160411000,4.795223979222067,-6.494490081425566,36.502065707146684
fukui_22,2023-04-22,1682197211000,4.276584062571045,-6.258394065926945,36.50112821582203
fukui_22,2023-05-04,1683234012000,3.7485359151911872,-7.103679524768941,36.49948065065432
fukui_22,2023-05-16,1684270813000,5.343066600321387,-6.5880800617371555,36.49826884816941
fukui_22,2023-05-28,1685307613000,12.054128661393293,-5.371784539351583,36.50053671991928
fukui_22,2023-06-09,1686344413000,4.658078973565667,-6.556946539559121,36.50824236243755
fukui_22,2023-06-21,1687381214000,4.450991150787738,-5.350247107971143,36.510239076452585
fukui_22,2023-07-03,1688418015000,4.4626855770265,-6.370091265260436,36.50250294862105
fukui_22,2023-07-15,1689454816000,4.6428333260900265,-6.596003318596627,36.49947725772397
fukui_22,2023-07-27,1690491617000,5.936007310002986,-6.2180588753791515,36.50453434904483
fukui_22,2023-08-08,1691528417000,5.728070238462187,-5.181855003613481,36.51658284784915
fukui_22,2023-08-20,1692565218000,4.86782346406175,-6.189139579500432,36.508887096990826
fukui_22,2023-09-01,1693602019000,4.998000634058072,-7.245141565517764,36.50171518314268
fukui_22,2023-09-13,1694638819000,4.822528275311738,-6.627099145597296,36.50536741154584
fukui_22,2023-09-25,1695675620000,5.253217647694124,-7.213903656043439,36.50014456111263
fukui_22,2023-10-07,1696712419000,4.654624299210535,-7.382387851251395,36.50261494506541
fukui_22,2023-10-19,1697749220000,5.378647992990962,-6.678257843153395,36.49766694229414
fukui_22,2023-10-31,1698786019000,4.345730834369045,-7.188069166809317,36.501971154773386
fukui_22,2023-11-12,1699822819000,3.8419239369774467,-6.224552547067044,36.49664431190904
fukui_22,2023-11-24,1700859618000,4.388320722200441,-7.216851298923221,36.511069352867324
fukui_22,2023-12-06,1701896418000,4.28314972788145,-7.605553815598348,36.50415757880813
fukui_22,2023-12-18,1702933217000,5.129858042445022,-6.559716368097934,36.503229191881125
fukui_22,2023-12-30,1703970017000,3.674503010980178,-7.569980811438933,36.50008579127665
fukui_22,2024-01-11,1705006816000,4.620185792135793,-6.778990477456294,36.498104286193836
fukui_22,2024-01-23,1706043616000,7.9475052649129525,-6.887197091980688,36.50035147853609
fukui_22,2024-02-04,1707080415000,4.988759497448424,-6.190355442823801,36.503677417296245
fukui_22,2024-02-16,1708117215000,4.728097700130681,-6.487330455141745,36.5043492886114
fukui_22,2024-02-28,1709154015000,4.31251995457265,-6.821817050056977,36.506578538698975
fukui_22,2024-03-11,1710190815000,4.522880137864041,-6.741758205167825,36.505574100715535
fukui_22,2024-03-23,1711227616000,5.494552604544294,-6.576155405296222,36.5064573370732
fukui_22,2024-04-04,1712264416000,5.219343147992089,-6.511078325876736,36.504426616385615
fukui_22,2024-04-16,1713301216000,5.971070140559957,-5.392312839000305,36.504633692370575
fukui_22,2024-04-28,1714338017000,5.011510447432044,-6.2334394275525415,36.499742678982734
fukui_22,2024-05-10,1715374817000,5.285971134574149,-5.964910632308634,36.49412673652144
fukui_22,2024-05-22,1716411616000,5.799672743620126,-5.6659102347390835,36.495373595067136
fukui_22,2024-06-03,1717448416000,6.396322866709162,-7.1455316131295055,36.48926674960534
fukui_22,2024-06-15,1718485216000,6.651924852142152,-6.771185217345376,36.48975958368231
fukui_22,2024-07-09,1720558815000,6.276128837983761,-7.530375061503935,36.49553569150279
fukui_22,2024-07-21,1721595614000,5.7231625507353865,-6.29063423934113,36.494265301621645
fukui_22,2024-08-02,1722632414000,5.685246305159449,-6.464561059035718,36.492428708439185
fukui_22,2024-08-14,1723669214000,6.410563038714059,-5.393247297533479,36.5073373287772
fukui_22,2024-08-26,1724706015000,5.595657227661508,-7.553566648891078,36.50340083514214
fukui_22,2024-09-07,1725742815000,5.538586430652122,-6.346909709891915,36.50637260762487
fukui_22,2024-09-19,1726779615000,5.323593337181383,-7.6691209354882135,36.50626393339326
fukui_22,2024-10-01,1727816415000,6.142300356952821,-5.916073439928651,36.50967577124075
fukui_22,2024-10-13,1728853216000,5.908844210884936,-5.680746959599788,36.501766811027736
fukui_22,2024-10-25,1729890015000,5.95640094615973,-5.449107585093158,36.51478306896073
fukui_22,2024-11-06,1730926815000,5.8780704808249205,-4.382460944548572,36.50224186024531
fukui_22,2024-11-18,1731963615000,5.608446377698336,-4.392127353438618,36.49669478779238
fukui_22,2024-12-12,1734037213000,5.219714734164369,-4.701297546285903,36.49530489035556
fukui_22,2024-12-24,1735074012000,5.666525244044992,-5.1215256875936594,36.500570666746846
fukui_22,2025-01-05,1736110811000,5.377862035114847,-4.350409102039206,36.49626848103042
fukui_22,2025-01-17,1737147610000,5.4956100047861804,-4.834283923348291,36.49934936600855
fukui_22,2025-01-29,1738184409000,5.597356049463318,-5.334680140408648,36.497382608557565
fukui_22,2025-02-10,1739221209000,5.24358090115236,-4.875423291694908,36.4982257182269
fukui_22,2025-02-22,1740258008000,4.99218103796312,-5.293007436560484,36.504632950286386
fukui_22,2025-03-06,1741294808000,6.387406184765986,-5.846961195456675,36.504348551787615
fukui_22,2025-03-18,1742331608000,8.910534157888646,-4.03530768461104,36.50406362575303
fukui_22,2025-03-30,1743368409000,4.83167687233269,-4.731817126031808,36.49602498520898
fukui_22,2025-04-11,1744405209000,6.237146908655526,-5.4607584602517765,36.506701905583746
fukui_22,2025-04-23,1745442009000,6.122584067811946,-4.885351593971035,36.50049028405698
fukui_22,2025-05-05,1746478809000,5.781314313361563,-4.729431935573236,36.498252246650885
fukui_22,2025-05-17,1747515609000,5.384708204529193,-4.407079929252127,36.49564722657406
fukui_22,2025-05-29,1748552408000,5.878459462826712,-4.885330114653273,36.490786343720266
fukui_22,2025-06-10,1749589208000,5.9712704128342695,-4.266214516911541,36.487494478122166
fukui_22,2025-06-22,1750626007000,14.633324703981536,-6.245204807028538,36.48700908880698
fukui_22,2025-07-04,1751662806000,5.880100583119178,-4.822366504682007,36.49416372506025
fukui_22,2025-07-16,1752699606000,5.997914119126655,-4.862194031337203,36.49599583851741
fukui_22,2025-07-28,1753736405000,6.435648622074402,-5.251091480519479,36.49678475896996
fukui_22,2025-08-09,1754773205000,6.720949007359821,-4.99189816156588,36.495285120940274
fukui_22,2025-08-21,1755810005000,5.8124018571097045,-5.43424857184215,36.500539436293856
fukui_22,2025-09-02,1756846805000,5.880002917121656,-5.0658252068182374,36.503212348184434
fukui_22,2025-09-14,1757883606000,6.55219243262938,-4.971509479271159,36.50595387152558
fukui_22,2025-09-26,1758920406000,6.04520784801471,-5.012959086650371,36.50701437219541
fukui_22,2025-10-08,1759957207000,6.166731145733708,-5.394469669950967,36.49548841715143
fukui_22,2025-10-20,1760994006000,6.512883424363557,-5.339412799704369,36.502099875456786
fukui_22,2025-11-01,1762030806000,6.258601571516024,-5.226963411876109,36.49762862213782
fukui_22,2025-11-13,1763067605000,6.052578789534646,-5.181380618338171,36.5010874111681
fukui_22,2025-11-25,1764104404000,11.183154815976039,-3.7073095756352554,36.49793629108308
fukui_22,2025-12-07,1765141203000,5.571525326657976,-5.83621523403523,36.49173004946116
fukui_22,2025-12-19,1766178002000,6.199700293412259,-6.027602827807879,36.49313851065296
fukui_22,2025-12-31,1767214801000,6.5252264762383145,-5.292214283471914,36.49765956117179
fukui_22,2026-01-12,1768251600000,5.684740307672762,-5.198655220170392,36.49933520906921
fukui_22,2026-01-24,1769288398000,5.601018723926268,-5.2883240744400055,36.50556039257859
fukui_22,2026-02-17,1771361997000,4.884001347880841,-6.123973252666958,36.5021207236967
fukui_22,2026-03-01,1772398797000,5.522419137000138,-5.5518553602676,36.50176744205796
fukui_22,2026-03-13,1773435597000,5.098498575363373,-5.325427275141042,36.505715393169396
fukui_22,2026-03-25,1774472398000,6.390928252244107,-5.349753218939644,36.50462162372231
fukui_22,2026-04-06,1775509198000,5.468101187682657,-5.847943976853235,36.50168816229402
fukui_22,2026-04-18,1776545998000,5.815026536192178,-4.717493395992747,36.49352940747336
fukui_22,2026-04-30,1777582797000,6.42101974501354,-4.5626408465527355,36.49194375932518
fukui_22,2026-05-12,1778619597000,5.825637599379289,-5.384540025191551,36.493672217240174
fukui_23,2017-02-16,1487278774030,1.7912134779927629,-11.724450658909479,36.57055928213329
fukui_23,2017-02-28,1488315573000,2.5135993630511395,-10.875264742008923,36.56898359610483
fukui_23,2017-03-12,1489352374000,2.073452780153673,-11.437533632803433,36.56323677759903
fukui_23,2017-03-24,1490389174380,1.9220716235853699,-12.039533597787214,36.568592708386674
fukui_23,2017-04-05,1491425974840,2.306278931628616,-11.647105710528256,36.56853921959142
fukui_23,2017-04-17,1492462775450,3.861902166545441,-12.196895243926475,36.56950539390821
fukui_23,2017-04-29,1493499575000,1.588340613187378,-12.507362586888886,36.56841970362873
fukui_23,2017-05-11,1494536376000,2.7278059563055743,-11.051397303249969,36.5624636584496
fukui_23,2017-05-23,1495573177000,2.53517321784917,-11.030704987014278,36.565487209722725
fukui_23,2017-06-04,1496609978000,1.3321196596482276,-12.657874091680107,36.56713650932098
fukui_23,2017-06-16,1497646778000,2.412961363118,-11.3216290165387,36.570838419169846
fukui_23,2017-06-28,1498683579000,1.8942097970235299,-12.128309143587424,36.56964883481821
fukui_23,2017-07-10,1499720379000,2.4846352775554768,-12.490667746762517,36.567132283262865
fukui_23,2017-07-22,1500757180000,2.0083768656888985,-12.38029181389024,36.56767126920701
fukui_23,2017-08-03,1501793981000,2.7303728319506275,-10.901754590217374,36.56524153843199
fukui_23,2017-08-15,1502830782000,2.3110439897786224,-12.65577357379391,36.5698420267927
fukui_23,2017-08-27,1503867582000,3.5771740706941237,-10.599880270295937,36.56749828069877
fukui_23,2017-09-08,1504904382000,3.442627831875365,-10.97118373914125,36.565455270529
fukui_23,2017-09-20,1505941183000,3.032925562600856,-11.605290682324457,36.56356347065704
fukui_23,2017-10-02,1506977983000,1.8243778018027936,-13.717633893313474,36.56696316174097
fukui_23,2017-10-14,1508014783000,3.201540037973991,-12.536354598661966,36.5682026190468
fukui_23,2017-10-26,1509051584000,3.0703734528617637,-13.336692882364453,36.56590515895843
fukui_23,2017-11-07,1510088383000,3.182322383338597,-13.303530209775978,36.565936449368415
fukui_23,2017-11-19,1511125183000,2.6648639183798486,-14.061575482406987,36.563168255865705
fukui_23,2017-12-01,1512161983000,5.405050277319411,-11.95826573272299,36.56654435256303
fukui_23,2017-12-13,1513198782000,2.2549223807996817,-13.15354755996757,36.56800420337048
fukui_23,2017-12-25,1514235582000,4.240680074918219,-14.744537694741064,36.5719478262222
fukui_23,2018-01-06,1515272381000,3.0058624429835588,-11.982900382357327,36.56725660028049
fukui_23,2018-01-18,1516309181000,4.143555160345342,-11.831685476446314,36.56166560999152
fukui_23,2018-01-30,1517345980000,3.304411290574219,-11.692168698608235,36.564887368243504
fukui_23,2018-02-11,1518382780000,0.15348526365659174,-11.702797972943145,36.56468609159216
fukui_23,2018-02-23,1519419580000,1.729163894011981,-11.488094669706298,36.57309212016509
fukui_23,2018-03-07,1520456380000,2.9644084088409226,-12.89398485977914,36.57707951741487
fukui_23,2018-03-19,1521493180000,4.044105992325791,-12.199805776744743,36.56935874977376
fukui_23,2018-03-31,1522529981000,2.426537097251424,-13.03623618329032,36.56570595894706
fukui_23,2018-04-12,1523566781000,2.2013826670346375,-12.644412328018023,36.56802264160185
fukui_23,2018-04-24,1524603582000,5.392727680917431,-12.196470874710968,36.571455036210075
fukui_23,2018-05-06,1525640382000,3.530512503048453,-14.095846810829185,36.570352414513216
fukui_23,2018-05-18,1526677183000,2.0256480042184526,-12.223244877205357,36.56885843916452
fukui_23,2018-05-30,1527713983000,2.6542712825551966,-13.113532555263578,36.57107440541934
fukui_23,2018-06-11,1528750784000,4.084895323291394,-11.483669283957932,36.564728424832985
fukui_23,2018-06-23,1529787585000,1.8663431172761116,-11.694918273843566,36.567571977362554
fukui_23,2018-06-29,1530305934000,3.9098044151132614,-10.311746763491927,36.59968294548641
fukui_23,2018-07-05,1530824385000,1.7887041131359378,-11.619872762224949,36.57536734357123
fukui_23,2018-07-17,1531861186000,1.3985582212331131,-10.754146341538922,36.57069565230347
fukui_23,2018-07-29,1532897988000,1.7350882150295803,-11.456856774694003,36.56116665104061
fukui_23,2018-08-10,1533934788000,2.676761628282196,-11.269126799936428,36.566004344263526
fukui_23,2018-08-22,1534971588000,1.7552359207257062,-10.793506307535434,36.569788848349646
fukui_23,2018-09-03,1536008389000,1.4789872721444315,-11.952525563277318,36.566631653076335
fukui_23,2018-09-15,1537045189000,3.4092742618530183,-10.958093256765284,36.56904212775583
fukui_23,2018-09-27,1538081990000,2.0572857425688817,-10.584153881027893,36.566361039348585
fukui_23,2018-10-09,1539118790000,1.133568807592195,-11.970712798353869,36.56505096526915
fukui_23,2018-10-21,1540155590000,1.4443371438282901,-11.146920096752755,36.56608580899991
fukui_23,2018-11-02,1541192390000,2.7949030136255653,-11.344453091499243,36.5669652958109
fukui_23,2018-11-14,1542229190000,2.218784938524205,-11.135472944322895,36.56508120379224
fukui_23,2018-11-26,1543265989000,1.5818555314767122,-11.21738559056415,36.56647830923133
fukui_23,2018-12-08,1544302789000,1.8524472436478157,-11.778370622712954,36.56307923103678
fukui_23,2018-12-20,1545339589000,1.6593596057917,-12.157818427866623,36.566082130153106
fukui_23,2019-01-01,1546376388000,4.874891267467952,-12.422651822241773,36.56667122283538
fukui_23,2019-01-13,1547413188000,2.928328630836468,-10.36161894045132,36.5699134236224
fukui_23,2019-01-25,1548449987000,3.63886778503697,-13.167460985529488,36.563170820016104
fukui_23,2019-02-06,1549486787000,2.4699131781265464,-11.617414580177455,36.5666140437845
fukui_23,2019-02-18,1550523587000,1.8929998609164493,-11.43413433378329,36.56266416393448
fukui_23,2019-03-02,1551560387000,1.4805498878844996,-10.850041263886885,36.5618154043992
fukui_23,2019-03-14,1552597187000,2.273955294098637,-11.493032983235153,36.5719983501704
fukui_23,2019-03-26,1553633987000,1.9415631157314395,-12.709203766175456,36.56853681247355
fukui_23,2019-04-07,1554670787000,3.2694647555166263,-11.158397769012078,36.56567631928099
fukui_23,2019-04-19,1555707588000,1.6183853754539153,-11.49596188135111,36.5609583684008
fukui_23,2019-05-01,1556744388000,3.072149355778285,-11.214955228737693,36.560511755754106
fukui_23,2019-05-13,1557781189000,1.3564690800503367,-11.682810585364201,36.56931665229149
fukui_23,2019-05-25,1558817989000,0.7276311688298464,-12.904016220037102,36.56811244109438
fukui_23,2019-06-06,1559854790000,1.3475181093766417,-13.039509088648346,36.57037507193956
fukui_23,2019-06-18,1560891590000,3.504322255643147,-12.218622186705986,36.56901369920144
fukui_23,2019-06-30,1561928391000,2.8565649146786107,-12.296665881877097,36.56479569198598
fukui_23,2019-07-12,1562965192000,3.352721558159564,-11.058090524188772,36.56856334770562
fukui_23,2019-07-24,1564001993000,2.626674390101564,-11.863747457388532,36.57107853906654
fukui_23,2019-08-05,1565038794000,1.0702608392138775,-12.71635870706246,36.569945327350936
fukui_23,2019-08-17,1566075594000,1.9624492484662095,-12.832829017343041,36.562784510413366
fukui_23,2019-08-29,1567112395000,2.5040435498515654,-14.19066202750486,36.565693122288714
fukui_23,2019-09-10,1568149195000,2.5655101788466137,-12.484106656915753,36.56976176972937
fukui_23,2019-09-22,1569185996000,3.4156347191558916,-10.305133973902366,36.56607833122483
fukui_23,2019-10-04,1570222796000,3.1721963759529537,-11.760571008030519,36.56494138044387
fukui_23,2019-10-16,1571259596000,1.8761897097056026,-12.466810128058562,36.567701130954866
fukui_23,2019-10-28,1572296396000,1.7385274005079323,-12.834511785944509,36.56589841408122
fukui_23,2019-11-09,1573333196000,0.4874538271058043,-11.346603468968155,36.56547981748798
fukui_23,2019-11-21,1574369996000,1.0040375760531002,-12.49312166254661,36.56801173942223
fukui_23,2019-12-03,1575406796000,2.2912148989595247,-12.258397290599632,36.568555839649655
fukui_23,2019-12-15,1576443595000,1.3257120245250076,-12.638216355445758,36.56314249925026
fukui_23,2019-12-27,1577480395000,1.015131723564806,-12.05630454241597,36.55994701957932
fukui_23,2020-01-08,1578517194000,2.521599120324427,-11.850681805036396,36.56314443281091
fukui_23,2020-01-20,1579553994000,1.1931956422755154,-11.714901275621303,36.5672633029881
fukui_23,2020-02-01,1580590793000,3.2064636770357513,-10.802781184577878,36.49359303717109
fukui_23,2020-02-13,1581627593000,2.306567415473462,-12.808898169650336,36.49346284593723
fukui_23,2020-02-25,1582664393000,3.114741381506517,-11.725341175686456,36.49238850906587
fukui_23,2020-03-08,1583701193000,2.909453728790827,-11.852510103378581,36.48929886472995
fukui_23,2020-03-20,1584737993000,3.4800276943054227,-11.216005615156282,36.49349302044908
fukui_23,2020-04-01,1585774793000,3.984120453868807,-12.14291296502355,36.500461364760746
fukui_23,2020-04-13,1586811594000,2.9373361452194735,-11.607323188766902,36.49678240434504
fukui_23,2020-04-25,1587848394000,3.108587241768465,-12.977820479806093,36.49117318651348
fukui_23,2020-05-07,1588885195000,2.312980556976577,-11.82109852453631,36.494301029369595
fukui_23,2020-05-19,1589921995000,3.865344284401558,-12.692050233258334,36.49552183320805
fukui_23,2020-05-31,1590958796000,2.037877497930401,-12.815418610162656,36.49702672855088
fukui_23,2020-06-12,1591995597000,1.2104910704217426,-14.573789459233067,36.49422736110456
fukui_23,2020-06-24,1593032398000,1.9861541861929997,-12.353111221333387,36.493310033682036
fukui_23,2020-07-06,1594069198000,4.240600255164181,-13.415109093450164,36.49415392110856
fukui_23,2020-07-18,1595105999000,2.056034635206417,-12.53099810244762,36.495466053085835
fukui_23,2020-07-30,1596142800000,2.638805147899348,-11.37669287837253,36.49223236381733
fukui_23,2020-08-11,1597179600000,2.6990586283876636,-13.176099330447277,36.49421370401441
fukui_23,2020-08-23,1598216401000,1.2809995518955808,-12.888376937689289,36.49351611054333
fukui_23,2020-09-04,1599253202000,3.2616041725432803,-10.657715539051882,36.490492183051494
fukui_23,2020-09-16,1600290002000,2.4400790139739863,-11.349164117353848,36.49173569432994
fukui_23,2020-09-28,1601326803000,1.4680857255726698,-11.867090283167574,36.49111349873535
fukui_23,2020-10-10,1602363603000,2.0044751039511146,-12.696037927777066,36.489607121521246
fukui_23,2020-10-22,1603400403000,2.4959942983879047,-11.438719800930828,36.49391530124283
fukui_23,2020-11-03,1604437203000,1.174454606435015,-11.092895426785097,36.488274814357624
fukui_23,2020-11-15,1605474003000,1.7542843961601753,-12.783430000463783,36.48772396941573
fukui_23,2020-11-27,1606510802000,2.292455697133916,-12.815446579254708,36.49403509543493
fukui_23,2020-12-09,1607547602000,2.55805600215571,-11.959012222685029,36.49208392241506
fukui_23,2020-12-21,1608584401000,4.787007816644778,-13.61131378268818,36.49214881658554
fukui_23,2021-01-02,1609621201000,0.43967842462152945,-12.582065125233603,36.48821249551889
fukui_23,2021-01-14,1610658000000,1.1771706330892142,-14.59456906765368,36.4865938263196
fukui_23,2021-01-26,1611694800000,2.5235656480344164,-14.660141641135997,36.48657043078865
fukui_23,2021-02-07,1612731599000,2.731476607180945,-13.044551909064097,36.489360487538434
fukui_23,2021-02-19,1613768399000,3.2695645932193997,-12.78645073696409,36.497138819120316
fukui_23,2021-03-03,1614805199000,2.718418532495732,-13.284166580263317,36.49937249939983
fukui_23,2021-03-15,1615841999000,1.901728238674672,-13.837965667326548,36.493498367786515
fukui_23,2021-03-27,1616878799000,2.931800510962855,-12.829584615297918,36.49409009785837
fukui_23,2021-04-08,1617915599000,2.5051541600625438,-13.103727358031968,36.49724823537497
fukui_23,2021-04-20,1618952400000,0.877512213157156,-14.05848150336807,36.49710197292803
fukui_23,2021-05-02,1619989200000,3.2293984397585835,-14.158437212837194,36.49897490591997
fukui_23,2021-05-14,1621026001000,1.830949673454872,-13.805809081287052,36.49646710352495
fukui_23,2021-05-26,1622062802000,1.2586064504548484,-12.456379267499315,36.49308224957425
fukui_23,2021-06-07,1623099602000,2.184749635557963,-12.403130072773816,36.4948960455228
fukui_23,2021-06-19,1624136403000,3.3376049507018264,-12.942062501254728,36.497355080431994
fukui_23,2021-07-01,1625173204000,1.426078730756139,-11.237272934921657,36.494189434119384
fukui_23,2021-07-13,1626210005000,2.564187227066069,-11.435346587430283,36.49701802142254
fukui_23,2021-07-25,1627246805000,2.3327297890289183,-12.078025995003028,36.49775201113615
fukui_23,2021-08-06,1628283606000,2.2883099805105167,-12.999946316158578,36.49430844235699
fukui_23,2021-08-18,1629320407000,2.510175898525013,-11.645212570773014,36.495956103846964
fukui_23,2021-08-30,1630357207000,1.394702164314097,-11.431418828365437,36.49584138384788
fukui_23,2021-09-11,1631394008000,1.213378062590057,-12.103573076505636,36.492475467034026
fukui_23,2021-09-23,1632430808000,1.1209147286367471,-11.920194471414561,36.49020844509725
fukui_23,2021-10-05,1633467608000,0.8674716488257064,-11.45578690076724,36.48996561744036
fukui_23,2021-10-17,1634504409000,2.1797706901667446,-12.69933616165648,36.48964933204968
fukui_23,2021-10-29,1635541208000,1.8613223340979785,-12.114059695186585,36.49118992002049
fukui_23,2021-11-22,1637614808000,1.1875695275567562,-12.083041613168973,36.489246837367574
fukui_23,2021-12-04,1638651607000,0.856856508760212,-11.37305697643861,36.486949434278074
fukui_23,2021-12-16,1639688407000,2.552279033298206,-10.03800008550933,36.48766959690938
fukui_23,2021-12-28,1640725206000,1.3171414021216554,-12.22060300611302,36.49618965556658
fukui_23,2022-01-09,1641762006000,2.2740107606568647,-12.319143001002466,36.49185140258024
fukui_23,2022-01-21,1642798805000,2.469177454763115,-12.122620138370886,36.48977096894584
fukui_23,2022-02-02,1643835604000,2.728286746211203,-12.246264253382021,36.49379526914828
fukui_23,2022-02-14,1644872405000,1.5325167365943746,-12.72491989028064,36.48936265222808
fukui_23,2022-02-26,1645909204000,1.5712187197602334,-11.214731663089752,36.490853007449644
fukui_23,2022-03-10,1646946004000,2.3552987244245056,-10.470489786442904,36.496555502589366
fukui_23,2022-03-22,1647982805000,2.7350713780915727,-13.477382973694052,36.49592794465434
fukui_23,2022-04-03,1649019605000,2.5172541525738743,-11.402772463330864,36.49314055450797
fukui_23,2022-04-15,1650056405000,3.4496785055007964,-11.547665683990727,36.49578176225934
fukui_23,2022-04-27,1651093206000,4.562121397559219,-10.887414402263206,36.494009920365514
fukui_23,2022-05-09,1652130006000,3.823093235340228,-9.805858834321969,36.49675786369242
fukui_23,2022-05-21,1653166807000,2.3014676576384043,-12.150442041262595,36.49999127556943
fukui_23,2022-06-02,1654203608000,3.0727978905057136,-11.002073100097697,36.494813556680306
fukui_23,2022-06-14,1655240409000,2.677574106506335,-11.272955009817093,36.49617611564095
fukui_23,2022-06-26,1656277210000,8.228155053798897,-9.128556181313998,36.490009626286515
fukui_23,2022-07-08,1657314010000,2.7179211704913233,-10.342392114633954,36.49508332565513
fukui_23,2022-07-20,1658350811000,2.786158523841362,-10.850432493690814,36.495477516414496
fukui_23,2022-08-01,1659387612000,2.6570353373377196,-11.146289696424327,36.494801663698894
fukui_23,2022-08-13,1660424413000,1.3982245005350997,-9.531630389176753,36.49446132710651
fukui_23,2022-08-25,1661461213000,2.555840300661017,-9.703725149479565,36.495133162230566
fukui_23,2022-09-06,1662497988000,3.2058060935077766,-8.882968805919806,36.564799440990356
fukui_23,2022-09-18,1663534814000,2.068100328685623,-9.790949876670094,36.50055346755963
fukui_23,2022-09-30,1664571615000,2.9010254933997324,-11.754501991426894,36.48919524047412
fukui_23,2022-10-12,1665608414000,1.7667493721002892,-9.067155208972123,36.49763805430422
fukui_23,2022-10-24,1666645215000,2.5820048381876672,-9.335699177656403,36.49126369445421
fukui_23,2022-11-05,1667682014000,2.7475245219487863,-8.687839807825876,36.495299401161816
fukui_23,2022-11-17,1668718814000,2.8243258404508285,-9.556171524110308,36.494553691366114
fukui_23,2022-11-29,1669755614000,3.318246296028543,-9.159416556891738,36.490209846332064
fukui_23,2022-12-11,1670792413000,3.339861225352384,-8.012767558442395,36.48878789515312
fukui_23,2022-12-23,1671829212000,9.381021067948202,-7.747290133428934,36.48676314047717
fukui_23,2023-01-04,1672866012000,3.22735185276275,-12.079555857334809,36.492062069011666
fukui_23,2023-01-16,1673902811000,2.7490177724049887,-12.726208896079237,36.50415727404239
fukui_23,2023-01-28,1674939611000,1.1937512840010593,-13.056679060167498,36.487229896819734
fukui_23,2023-02-09,1675976410000,2.32203261382062,-11.446766073519779,36.495564786968785
fukui_23,2023-02-21,1677013210000,2.671120644484969,-11.798236758798385,36.49769473987092
fukui_23,2023-03-05,1678050010000,2.020985728895074,-11.710004815146062,36.49058612753727
fukui_23,2023-03-17,1679086810000,1.2988987246722845,-10.306514702768334,36.49980782617957
fukui_23,2023-03-29,1680123610000,2.1080200807882865,-11.053663106216463,36.50252144975463
fukui_23,2023-04-10,1681160411000,2.4750408747537436,-11.392442382999588,36.49272604679184
fukui_23,2023-04-22,1682197211000,1.8173197682795343,-11.67767698833052,36.49172321699676
fukui_23,2023-05-04,1683234012000,2.17075599821092,-11.527232684568178,36.49019934616726
fukui_23,2023-05-16,1684270813000,2.1890363556299604,-10.952287876169663,36.4889979129773
fukui_23,2023-05-28,1685307613000,7.611533360660313,-10.192992708509399,36.491227226891105
fukui_23,2023-06-09,1686344413000,2.3204924933254083,-9.164112561961337,36.498832048531554
fukui_23,2023-06-21,1687381214000,3.694349531111151,-8.926197304660107,36.50087608194556
fukui_23,2023-07-03,1688418015000,1.9307455520373036,-9.891935863784816,36.49321574765613
fukui_23,2023-07-15,1689454816000,1.7436374379798212,-9.777520177386656,36.4901505911997
fukui_23,2023-07-27,1690491617000,2.5262723382012267,-10.734912964337179,36.49522637393579
fukui_23,2023-08-08,1691528417000,2.6116124739358506,-10.949852299757255,36.50723335652063
fukui_23,2023-08-20,1692565218000,2.230652334458592,-10.205399577722819,36.49961738795774
fukui_23,2023-09-01,1693602019000,2.3186205396912016,-10.79307634947156,36.49237410715582
fukui_23,2023-09-13,1694638819000,2.4449972469511936,-9.641466847421913,36.49595883605065
fukui_23,2023-09-25,1695675620000,3.980197259410107,-13.170016187945846,36.49086980449564
fukui_23,2023-10-07,1696712419000,2.198312193033672,-12.015840901888772,36.49325980608023
fukui_23,2023-10-19,1697749220000,2.6460352633689572,-11.731518132885824,36.48826425442328
fukui_23,2023-10-31,1698786019000,1.673606170839332,-10.112163602488808,36.49256578882486
fukui_23,2023-11-12,1699822819000,4.282277057927323,-11.676599159628894,36.48723207794475
fukui_23,2023-11-24,1700859618000,2.396391799140975,-10.415198905280917,36.50164856059536
fukui_23,2023-12-06,1701896418000,0.5937042253214743,-10.824665137573673,36.49482380501756
fukui_23,2023-12-18,1702933217000,3.4159686990959504,-11.165273269324013,36.4938612133372
fukui_23,2023-12-30,1703970017000,3.211920527203136,-11.654643414954982,36.490728481901584
fukui_23,2024-01-11,1705006816000,2.180688760674959,-10.0042922992188,36.488696912618785
fukui_23,2024-01-23,1706043616000,1.868136621672806,-10.642528961988928,36.49098617893697
fukui_23,2024-02-04,1707080415000,1.3275066817539811,-10.996910430715909,36.4943318232972
fukui_23,2024-02-16,1708117215000,2.0677804572125633,-11.448971871282886,36.49500732551091
fukui_23,2024-02-28,1709154015000,1.5946990673417667,-12.697804519805967,36.497220749424244
fukui_23,2024-03-11,1710190815000,2.3446481062539037,-11.55239704902502,36.496302987061995
fukui_23,2024-03-23,1711227616000,2.829887555184861,-11.562650746573704,36.49716995818241
fukui_23,2024-04-04,1712264416000,2.058622224593811,-10.00993166247613,36.49516005682363
fukui_23,2024-04-16,1713301216000,3.560685494725417,-11.488277015061454,36.49524856277085
fukui_23,2024-04-28,1714338017000,1.4952365028981671,-12.266278797714364,36.49040022538258
fukui_23,2024-05-10,1715374817000,2.1113752065801603,-12.295911622182873,36.48480059984818
fukui_23,2024-05-22,1716411616000,2.5127009516670524,-11.854973439921745,36.4860402230774
fukui_23,2024-06-03,1717448416000,2.452322252272778,-11.1448493668679,36.479935764691625
fukui_23,2024-06-15,1718485216000,3.037774554038706,-11.531381856829116,36.480416339496564
fukui_23,2024-07-09,1720558815000,2.198385541301916,-10.738138622677647,36.48618732499148
fukui_23,2024-07-21,1721595614000,1.8997182023628432,-10.910242644117908,36.484940244665076
fukui_23,2024-08-02,1722632414000,2.9776356777314135,-11.232321195816969,36.48309584335477
fukui_23,2024-08-14,1723669214000,2.4330542702185984,-12.097838007361457,36.497993301599315
fukui_23,2024-08-26,1724706015000,2.627428476056398,-11.870062959151833,36.49411966477263
fukui_23,2024-09-07,1725742815000,2.4364213200091016,-12.185588283796124,36.49705203151009
fukui_23,2024-09-19,1726779615000,1.3773862472980711,-12.198138740522893,36.49697893207774
fukui_23,2024-10-01,1727816415000,0.4836921316613906,-11.480259116670597,36.500343666528245
fukui_23,2024-10-13,1728853216000,1.0731528902417506,-10.94243302113929,36.49240572969754
fukui_23,2024-10-25,1729890015000,3.3458219150423805,-9.220450889231035,36.50542338429103
fukui_23,2024-11-06,1730926815000,4.02491110756981,-9.351882016845483,36.49289588276058
fukui_23,2024-11-18,1731963615000,4.474147993609796,-11.186230821833211,36.48740617646515
fukui_23,2024-12-12,1734037213000,2.174219082530899,-12.550488489644753,36.48595033618597
fukui_23,2024-12-24,1735074012000,3.944623362458239,-13.157995038601685,36.49118952812968
fukui_23,2025-01-05,1736110811000,3.5968092958747664,-11.692935201193116,36.48692083954238
fukui_23,2025-01-17,1737147610000,2.866608784981661,-13.324780157549437,36.48995475300587
fukui_23,2025-01-29,1738184409000,3.2854185510746614,-11.297304387584655,36.488048872955666
fukui_23,2025-02-10,1739221209000,3.197991602489881,-13.219267575569917,36.488882663563345
fukui_23,2025-02-22,1740258008000,2.2005279725806317,-12.07461001558953,36.49527080626606
fukui_23,2025-03-06,1741294808000,6.111948891005639,-12.597593389920707,36.494990410157996
fukui_23,2025-03-18,1742331608000,6.7629621487264435,-12.933347099389048,36.49470712545546
fukui_23,2025-03-30,1743368409000,2.3588834746665333,-12.909490685151894,36.486694307881585
fukui_23,2025-04-11,1744405209000,3.935843022740567,-13.396592068659618,36.49739591519114
fukui_23,2025-04-23,1745442009000,3.5043889916975695,-14.497969278854438,36.491185192457955
fukui_23,2025-05-05,1746478809000,3.0890353016901173,-12.519952344662407,36.48898201482996
fukui_23,2025-05-17,1747515609000,3.495551431275877,-12.33498922043497,36.48634819549905
fukui_23,2025-05-29,1748552408000,2.8004829287507196,-12.986181980406535,36.48149796143614
fukui_23,2025-06-10,1749589208000,5.105771109351631,-12.128943853247929,36.478217108385294
fukui_23,2025-06-22,1750626007000,10.383257190013756,-11.530291628698032,36.47767835825314
fukui_23,2025-07-04,1751662806000,2.809549792531256,-12.537358102625157,36.48480558852126
fukui_23,2025-07-16,1752699606000,2.6764220464824926,-12.07970409177126,36.48666566590208
fukui_23,2025-07-28,1753736405000,2.4452886461426573,-12.180957878406344,36.48743619590761
fukui_23,2025-08-09,1754773205000,3.8851972721500707,-12.534025669374518,36.485989762451325
fukui_23,2025-08-21,1755810005000,1.7549612439234072,-12.181954534621916,36.49121970399377
fukui_23,2025-09-02,1756846805000,1.6096731116018534,-13.299035540622132,36.49384223080003
fukui_23,2025-09-14,1757883606000,3.3855544307401098,-12.037086306382681,36.496615508253335
fukui_23,2025-09-26,1758920406000,1.7199357391674783,-12.275264333115881,36.49763273152251
fukui_23,2025-10-08,1759957207000,2.0862324500664835,-13.268422426559514,36.48620982135467
fukui_23,2025-10-20,1760994006000,2.5954793477132525,-12.878140375573386,36.49282732776949
fukui_23,2025-11-01,1762030806000,3.58139628374004,-12.36551006907545,36.488212437712896
fukui_23,2025-11-13,1763067605000,1.7319372716524482,-14.382282822325184,36.49173205835764
fukui_23,2025-11-25,1764104404000,5.440406281221606,-11.795997954312032,36.48866091430429
fukui_23,2025-12-07,1765141203000,2.3890847729461036,-12.637518617714903,36.482451372219685
fukui_23,2025-12-19,1766178002000,3.4773634645672025,-13.38941160954658,36.48384573508985
fukui_23,2025-12-31,1767214801000,4.834023737023525,-12.760700616074512,36.48837069743586
fukui_23,2026-01-12,1768251600000,3.3124512038936818,-12.275977331811513,36.489990507573694
fukui_23,2026-01-24,1769288398000,1.272580130884292,-9.666700541625957,36.49613588179831
fukui_23,2026-02-17,1771361997000,1.5080079113492684,-13.492655182902704,36.49282191005018
fukui_23,2026-03-01,1772398797000,2.6221688291411405,-12.983226056980898,36.492427263569
fukui_23,2026-03-13,1773435597000,2.5261054912704664,-12.896120045709065,36.496424484252934
fukui_23,2026-03-25,1774472398000,4.409158379042832,-12.710874200240928,36.495304581150855
fukui_23,2026-04-06,1775509198000,2.255558014727169,-12.835477879830087,36.49240147749773
fukui_23,2026-04-18,1776545998000,1.9043559065932196,-11.37535827677791,36.48420254561339
fukui_23,2026-04-30,1777582797000,3.755921388549424,-11.840969316889383,36.482601102453195
fukui_23,2026-05-12,1778619597000,2.3401829593029553,-12.957704284299398,36.484333786579946
fukui_24,2017-02-16,1487278774030,6.184224201282314,-5.731962746496909,36.58451083892535
fukui_24,2017-02-28,1488315573000,6.128089966511653,-6.535001102784591,36.582935805836755
fukui_24,2017-03-12,1489352374000,6.73762276190175,-5.775394390926651,36.57718239907958
fukui_24,2017-03-24,1490389174380,6.633239380769461,-5.740856510975135,36.58254248082991
fukui_24,2017-04-05,1491425974840,4.778686789899149,-6.654911173552069,36.5824884333334
fukui_24,2017-04-17,1492462775450,5.993458392184069,-7.215004157339863,36.58345453060331
fukui_24,2017-04-29,1493499575000,5.438034656292354,-6.350264758081767,36.58236428374622
fukui_24,2017-05-11,1494536376000,5.482778701104337,-6.166818504159836,36.57642146140262
fukui_24,2017-05-23,1495573177000,5.512291559171241,-6.652518397602037,36.57944524920995
fukui_24,2017-06-04,1496609978000,4.778859303279083,-6.230936656016134,36.58108296233098
fukui_24,2017-06-16,1497646778000,6.0439469466222695,-7.064478777534459,36.58479163494759
fukui_24,2017-06-28,1498683579000,4.631551452790744,-6.322896081689115,36.58360190572963
fukui_24,2017-07-10,1499720379000,4.874651817103171,-6.675621439377202,36.581091229006546
fukui_24,2017-07-22,1500757180000,5.122144336302105,-7.174387747204084,36.58161305889405
fukui_24,2017-08-03,1501793981000,5.524544072381219,-7.281867325260628,36.57919218040373
fukui_24,2017-08-15,1502830782000,5.47811046767904,-6.990076637274833,36.58378802147639
fukui_24,2017-08-27,1503867582000,6.159180230682925,-6.693602677485138,36.58144553296571
fukui_24,2017-09-08,1504904382000,6.631926382201597,-6.912024892892436,36.57940285119362
fukui_24,2017-09-20,1505941183000,6.746454131260634,-6.105797452935783,36.577521345147666
fukui_24,2017-10-02,1506977983000,5.97426758682652,-6.393327699238788,36.5809080940033
fukui_24,2017-10-14,1508014783000,5.85721650771456,-6.645190312121857,36.58214648797781
fukui_24,2017-10-26,1509051584000,5.587589577360058,-5.907556386669063,36.57985954284667
fukui_24,2017-11-07,1510088383000,6.722551901932843,-6.757574075204361,36.57988523795052
fukui_24,2017-11-19,1511125183000,5.950258369117043,-6.358622471674688,36.57711501339919
fukui_24,2017-12-01,1512161983000,5.827892933738754,-6.359214189764665,36.58049207254578
fukui_24,2017-12-13,1513198782000,5.675986466618152,-6.470824432284623,36.58195354151385
fukui_24,2017-12-25,1514235582000,5.7134960498740455,-6.396952408094799,36.585891188589116
fukui_24,2018-01-06,1515272381000,6.377949254243304,-6.327973468468793,36.58121072418278
fukui_24,2018-01-18,1516309181000,5.419980130125647,-5.957767350689989,36.57561669818857
fukui_24,2018-01-30,1517345980000,6.140470963832642,-6.008994887372948,36.57883451987337
fukui_24,2018-02-11,1518382780000,5.20579880724835,-7.742765207698154,36.57863314455538
fukui_24,2018-02-23,1519419580000,6.533519969316128,-6.018152572106227,36.58703692879624
fukui_24,2018-03-07,1520456380000,5.58866663328504,-6.106283249354666,36.59103378648555
fukui_24,2018-03-19,1521493180000,6.147907114095568,-6.757820570431788,36.58331253051756
fukui_24,2018-03-31,1522529981000,5.407139657105443,-6.615725996453937,36.57966105687408
fukui_24,2018-04-12,1523566781000,5.887481518188265,-6.4454202682506585,36.58197493945207
fukui_24,2018-04-24,1524603582000,4.981729150216568,-6.110250231811544,36.58539896723866
fukui_24,2018-05-06,1525640382000,5.571225339473886,-6.3405175178578785,36.58429148868029
fukui_24,2018-05-18,1526677183000,5.613193854329227,-6.332036374352397,36.58280694983911
fukui_24,2018-05-30,1527713983000,5.030935542924637,-5.565568854975201,36.58502527420205
fukui_24,2018-06-11,1528750784000,5.4572512580755825,-5.731737454953843,36.57868207371877
fukui_24,2018-06-23,1529787585000,5.912373782323522,-6.007760271058313,36.58151781781117
fukui_24,2018-06-29,1530305934000,5.21530817007622,-6.157834158619608,36.61357853487361
fukui_24,2018-07-05,1530824385000,5.94048974855067,-5.891075395667375,36.58931709973866
fukui_24,2018-07-17,1531861186000,5.326275987963486,-6.88022222559337,36.58464828527627
fukui_24,2018-07-29,1532897988000,4.374540645130711,-6.5993246962944285,36.57511077009325
fukui_24,2018-08-10,1533934788000,5.539612788443932,-6.511284466752401,36.57994986025446
fukui_24,2018-08-22,1534971588000,4.112727220968159,-6.314881900713346,36.583744018184014
fukui_24,2018-09-03,1536008389000,6.457466770649811,-7.827208310402818,36.58058585114329
fukui_24,2018-09-15,1537045189000,5.65209364935735,-7.116367221718938,36.58299732751656
fukui_24,2018-09-27,1538081990000,6.201724145408408,-8.309441465638674,36.5803025170761
fukui_24,2018-10-09,1539118790000,7.035005301725268,-9.018363144613215,36.578993186722236
fukui_24,2018-10-21,1540155590000,6.466066784479974,-8.489091100155449,36.58003157008613
fukui_24,2018-11-02,1541192390000,5.986215510644259,-8.64140357280973,36.58091260896797
fukui_24,2018-11-14,1542229190000,5.662538983466932,-7.177933131431971,36.57903404862987
fukui_24,2018-11-26,1543265989000,6.210786944035428,-6.928093032042244,36.5804307785693
fukui_24,2018-12-08,1544302789000,5.680379226731098,-8.378561088964657,36.57701931771462
fukui_24,2018-12-20,1545339589000,6.520651126443181,-7.889810018992479,36.58002779581305
fukui_24,2019-01-01,1546376388000,5.253560438355577,-6.921244701730633,36.58062220087572
fukui_24,2019-01-13,1547413188000,6.026181339248918,-6.968673413601342,36.58386493013969
fukui_24,2019-01-25,1548449987000,6.088995954770521,-7.148555352533307,36.577117797398024
fukui_24,2019-02-06,1549486787000,5.383597673155823,-7.241230521957756,36.580563932764164
fukui_24,2019-02-18,1550523587000,6.7571787250142545,-7.206770713974512,36.57661954314586
fukui_24,2019-03-02,1551560387000,6.098898695483322,-7.1983439281229415,36.575764776942236
fukui_24,2019-03-14,1552597187000,5.840775078484702,-7.091274843405212,36.58594709382206
fukui_24,2019-03-26,1553633987000,5.718608163027131,-6.964992306920179,36.58248870387665
fukui_24,2019-04-07,1554670787000,5.978091403559504,-7.542830838840575,36.57961844394081
fukui_24,2019-04-19,1555707588000,6.38692537097603,-7.656890981598959,36.574904778917805
fukui_24,2019-05-01,1556744388000,5.692439325347624,-7.167771945787479,36.57445330918547
fukui_24,2019-05-13,1557781189000,5.733452787903031,-7.605019872490503,36.58326863408002
fukui_24,2019-05-25,1558817989000,6.261605307926221,-7.132573524453493,36.58206097433286
fukui_24,2019-06-06,1559854790000,5.85263126718574,-7.378067899083139,36.58432737080596
fukui_24,2019-06-18,1560891590000,4.958213743944038,-7.261472863484026,36.58295410591482
fukui_24,2019-06-30,1561928391000,6.208736023419721,-8.509588730775171,36.578750340243694
fukui_24,2019-07-12,1562965192000,5.433761873865495,-7.2135660597630284,36.582515165693906
fukui_24,2019-07-24,1564001993000,5.449333995354197,-7.211972059925299,36.58503417877159
fukui_24,2019-08-05,1565038794000,6.123085504077698,-7.783233340507224,36.58389924997074
fukui_24,2019-08-17,1566075594000,6.210510477234468,-8.67628684039655,36.57674184385656
fukui_24,2019-08-29,1567112395000,5.567685144626156,-7.965263277265717,36.57964370149443
fukui_24,2019-09-10,1568149195000,4.658730056486219,-7.325793950897212,36.58371283070527
fukui_24,2019-09-22,1569185996000,5.289603218797988,-6.416672945347851,36.580025328453864
fukui_24,2019-10-04,1570222796000,5.182004392082412,-6.424223919409594,36.578889829511866
fukui_24,2019-10-16,1571259596000,5.829135296608906,-6.487813553327429,36.58164560183646
fukui_24,2019-10-28,1572296396000,6.788032963354724,-7.523393648043954,36.57984783842756
fukui_24,2019-11-09,1573333196000,6.341758649123103,-6.785906821210252,36.57942649589548
fukui_24,2019-11-21,1574369996000,6.65584958455379,-6.721600946936479,36.58196189528413
fukui_24,2019-12-03,1575406796000,5.8078517485266445,-7.339765594754487,36.58250534370522
fukui_24,2019-12-15,1576443595000,6.117669059080872,-6.618866840349116,36.5770935073269
fukui_24,2019-12-27,1577480395000,6.639897519974019,-6.528044202346475,36.57389261486602
fukui_24,2020-01-08,1578517194000,5.318027844240984,-6.239707677871178,36.57709449450774
fukui_24,2020-01-20,1579553994000,5.466498031799207,-6.500737923299532,36.58121122766115
fukui_24,2020-02-01,1580590793000,6.4157871017981165,-5.98663312285325,36.50750160762502
fukui_24,2020-02-13,1581627593000,5.252150997813543,-5.921170834117775,36.507357092195996
fukui_24,2020-02-25,1582664393000,5.329562674370309,-5.783148006264653,36.50629109210278
fukui_24,2020-03-08,1583701193000,5.6666300736368225,-5.613850812312699,36.503288224325225
fukui_24,2020-03-20,1584737993000,6.5222536578752495,-5.767431530759127,36.50747986220316
fukui_24,2020-04-01,1585774793000,6.672920234515136,-6.025013220199577,36.514442199552136
fukui_24,2020-04-13,1586811594000,6.2410460444654685,-6.984132406899054,36.51069451410386
fukui_24,2020-04-25,1587848394000,5.25930810746183,-6.574834830848537,36.50507021782473
fukui_24,2020-05-07,1588885195000,6.135614063491699,-7.212574198577895,36.50820667897593
fukui_24,2020-05-19,1589921995000,5.608808983623518,-6.152301814146162,36.50950201415284
fukui_24,2020-05-31,1590958796000,5.58127735159404,-6.770230207870859,36.51093171093913
fukui_24,2020-06-12,1591995597000,4.734109381774299,-6.4663752812304125,36.5081297619508
fukui_24,2020-06-24,1593032398000,6.119713621185928,-7.588367334676229,36.50721851595871
fukui_24,2020-07-06,1594069198000,5.274413848895757,-4.84105632507256,36.50805941244877
fukui_24,2020-07-18,1595105999000,5.962044606253181,-7.012135886014815,36.50945759070967
fukui_24,2020-07-30,1596142800000,5.9325234160121205,-6.949132599923362,36.50621927029193
fukui_24,2020-08-11,1597179600000,5.91931546346923,-7.192409307647382,36.50811490706418
fukui_24,2020-08-23,1598216401000,5.835185754819072,-7.122968762862924,36.50742418924966
fukui_24,2020-09-04,1599253202000,6.145638497098627,-7.527703850249198,36.50438802468583
fukui_24,2020-09-16,1600290002000,5.551431511195019,-8.15445849227454,36.505630061604194
fukui_24,2020-09-28,1601326803000,5.361674540915543,-7.937228567242083,36.505007338637924
fukui_24,2020-10-10,1602363603000,5.327458367601638,-9.144188179656446,36.503509111036465
fukui_24,2020-10-22,1603400403000,5.2194216469404875,-9.298904422296784,36.50782638662187
fukui_24,2020-11-03,1604437203000,5.6080467520804484,-8.60200544543923,36.50217076491394
fukui_24,2020-11-15,1605474003000,5.113345512669609,-8.94395191636708,36.50161659173237
fukui_24,2020-11-27,1606510802000,4.516612025075706,-7.820730094650769,36.50793641886038
fukui_24,2020-12-09,1607547602000,5.3698405362889,-7.736289707357348,36.50599256472974
fukui_24,2020-12-21,1608584401000,5.130768712382829,-8.314969642085304,36.50604844447126
fukui_24,2021-01-02,1609621201000,5.344493335416861,-9.915891355873857,36.50210881164899
fukui_24,2021-01-14,1610658000000,4.811168648100493,-7.955702735675737,36.50049550645631
fukui_24,2021-01-26,1611694800000,4.749079678580359,-7.41188254541798,36.5004769260197
fukui_24,2021-02-07,1612731599000,5.5992880230562205,-8.993889376309815,36.5032576343991
fukui_24,2021-02-19,1613768399000,5.615954890248935,-7.110607319361034,36.51104260535965
fukui_24,2021-03-03,1614805199000,5.470608392658852,-7.411326148911309,36.51327213623457
fukui_24,2021-03-15,1615841999000,5.102733466946334,-8.167257503390827,36.507407191586886
fukui_24,2021-03-27,1616878799000,5.551983989571782,-7.7993679220270185,36.508076757142604
fukui_24,2021-04-08,1617915599000,5.56302473658756,-7.765582348640855,36.51122417216845
fukui_24,2021-04-20,1618952400000,5.601188482619987,-6.614804760554197,36.5109959104331
fukui_24,2021-05-02,1619989200000,5.575354283999471,-6.631471479898114,36.51288530164675
fukui_24,2021-05-14,1621026001000,4.572007319496544,-6.58797260909027,36.51044223375344
fukui_24,2021-05-26,1622062802000,5.568595637398726,-7.550091421641292,36.50706972893306
fukui_24,2021-06-07,1623099602000,6.5117482545962035,-7.739164808537824,36.508875346971266
fukui_24,2021-06-19,1624136403000,5.528476534224028,-7.4865868228263635,36.51133361542296
fukui_24,2021-07-01,1625173204000,5.640257063854366,-8.316103586068643,36.508100883322626
fukui_24,2021-07-13,1626210005000,6.583110114330688,-8.39633862587996,36.511000756510036
fukui_24,2021-07-25,1627246805000,5.316941013538869,-8.339592333373457,36.51164880136625
fukui_24,2021-08-06,1628283606000,5.312920237465922,-8.38233117025777,36.50828649066742
fukui_24,2021-08-18,1629320407000,6.011714690068691,-9.569518949147142,36.509929912879684
fukui_24,2021-08-30,1630357207000,5.463277006930111,-8.131431401091021,36.509744804100826
fukui_24,2021-09-11,1631394008000,4.822164628715915,-8.00456843775703,36.50637732459405
fukui_24,2021-09-23,1632430808000,4.907423370567732,-7.725698358012634,36.50410813974097
fukui_24,2021-10-05,1633467608000,5.285972150644161,-7.807305955271469,36.50387260490082
fukui_24,2021-10-17,1634504409000,5.985553807073559,-8.88690688183311,36.50355661023903
fukui_24,2021-10-29,1635541208000,5.523450407963707,-7.069604539080003,36.50510341897019
fukui_24,2021-11-22,1637614808000,4.960984249951156,-6.825449553241501,36.50322934498635
fukui_24,2021-12-04,1638651607000,5.338818244534773,-6.966670043361378,36.50084909716785
fukui_24,2021-12-16,1639688407000,5.4832700153657905,-6.315206261612531,36.50157997933092
fukui_24,2021-12-28,1640725206000,5.857465722439869,-6.505514066549585,36.51009193281958
fukui_24,2022-01-09,1641762006000,5.9203878831015855,-6.08068332412171,36.50575726079361
fukui_24,2022-01-21,1642798805000,5.960423228495415,-6.687880193767635,36.50368158944914
fukui_24,2022-02-02,1643835604000,6.319110203994209,-5.89556701994894,36.50769725056673
fukui_24,2022-02-14,1644872405000,5.2441854961871215,-5.926236154075583,36.503256958942764
fukui_24,2022-02-26,1645909204000,5.3191618608654965,-6.594151952477822,36.504753577054444
fukui_24,2022-03-10,1646946004000,5.3731125781527656,-6.547451425700033,36.510460996867764
fukui_24,2022-03-22,1647982805000,5.47231293489335,-5.9158259600180365,36.50991735795127
fukui_24,2022-04-03,1649019605000,6.055347281249154,-6.3662817118679795,36.50712727389332
fukui_24,2022-04-15,1650056405000,6.0306056027850765,-7.431780514319791,36.50976689443633
fukui_24,2022-04-27,1651093206000,5.1862139657657185,-7.1515781477225335,36.50799748900985
fukui_24,2022-05-09,1652130006000,6.223205317971023,-7.479502990759578,36.510662148232136
fukui_24,2022-05-21,1653166807000,6.259924901760696,-7.909782881073651,36.513893467036894
fukui_24,2022-06-02,1654203608000,2.222788617641435,-8.851214169699425,36.50879475483641
fukui_24,2022-06-14,1655240409000,2.198705303207434,-8.501147068237493,36.510163177029064
fukui_24,2022-06-26,1656277210000,2.842674643577507,-8.347675515281237,36.50399123425372
fukui_24,2022-07-08,1657314010000,2.3726126421472724,-8.605763494548798,36.509071542481514
fukui_24,2022-07-20,1658350811000,2.014049651951514,-9.65521660404551,36.5093838669586
fukui_24,2022-08-01,1659387612000,2.584981063062559,-6.846116753320086,36.50877352198495
fukui_24,2022-08-13,1660424413000,3.245099093206168,-10.650164073233071,36.50844721734694
fukui_24,2022-08-25,1661461213000,3.41652374266332,-9.92588041766004,36.50911860802512
fukui_24,2022-09-06,1662497988000,3.333535078223053,-10.205746983130856,36.57880043080762
fukui_24,2022-09-18,1663534814000,3.234682304016508,-9.075132245922509,36.51445351233285
fukui_24,2022-09-30,1664571615000,3.4229023182625755,-8.623551534972664,36.50309349481984
fukui_24,2022-10-12,1665608414000,1.9291894783105463,-9.066545220859116,36.511544159334704
fukui_24,2022-10-24,1666645215000,1.960107647597561,-9.381340153810909,36.50524784848878
fukui_24,2022-11-05,1667682014000,2.2528140666228174,-9.197299789619537,36.50919420124955
fukui_24,2022-11-17,1668718814000,2.478288374700987,-9.036433607740594,36.50845577214288
fukui_24,2022-11-29,1669755614000,3.0886298207953162,-8.174811188076376,36.5041187900184
fukui_24,2022-12-11,1670792413000,3.288422407324723,-9.394356163496681,36.50277545089977
fukui_24,2022-12-23,1671829212000,3.7448869788291725,-7.898672628807888,36.5006695549759
fukui_24,2023-01-04,1672866012000,3.0616731513390616,-9.54969928197082,36.5059629118145
fukui_24,2023-01-16,1673902811000,3.6175810014273337,-7.497801048122828,36.51806360368984
fukui_24,2023-01-28,1674939611000,-0.7509997258225457,-11.022879520101268,36.50113338229163
fukui_24,2023-02-09,1675976410000,3.5840373004912145,-8.087079611953564,36.5094730707201
fukui_24,2023-02-21,1677013210000,3.667932165726162,-8.08945184977464,36.511596186818345
fukui_24,2023-03-05,1678050010000,2.6749150849447676,-6.750674378903814,36.50457451277118
fukui_24,2023-03-17,1679086810000,0.9030461641448713,-5.731534918200975,36.513715081599685
fukui_24,2023-03-29,1680123610000,3.068630777172536,-6.959184521848911,36.51643058811708
fukui_24,2023-04-10,1681160411000,10.881141947472473,-5.022574421090104,36.50671202332513
fukui_24,2023-04-22,1682197211000,2.4115132166407074,-7.848889277594778,36.50562073484865
fukui_24,2023-05-04,1683234012000,1.8211660696176724,-8.012666757777392,36.50418448659981
fukui_24,2023-05-16,1684270813000,1.6968760029631353,-8.334166873082083,36.50297729309447
fukui_24,2023-05-28,1685307613000,1.7599817631618961,-7.130570075321667,36.50520856704127
fukui_24,2023-06-09,1686344413000,1.581187502485364,-7.4580740064821445,36.5127327305147
fukui_24,2023-06-21,1687381214000,0.7657444637739835,-7.255073719326473,36.514778694090424
fukui_24,2023-07-03,1688418015000,1.9851312205415048,-8.367818757236329,36.507196730051355
fukui_24,2023-07-15,1689454816000,1.8461883333900786,-8.561884101691794,36.504131900445195
fukui_24,2023-07-27,1690491617000,2.135732249242022,-9.571990401797443,36.509210172702126
fukui_24,2023-08-08,1691528417000,1.8179191882993044,-8.919794250664763,36.52114078712144
fukui_24,2023-08-20,1692565218000,1.7723096889269767,-9.504419952648824,36.513595442238795
fukui_24,2023-09-01,1693602019000,2.3251132827513685,-8.38063784270561,36.506356610217715
fukui_24,2023-09-13,1694638819000,2.336855769159441,-8.321341732268989,36.50986233251042
fukui_24,2023-09-25,1695675620000,2.1938575076158937,-9.286943251100821,36.50485057945296
fukui_24,2023-10-07,1696712419000,2.4621045679190585,-7.105635729696713,36.50716556667799
fukui_24,2023-10-19,1697749220000,2.467298323916986,-7.766061319979162,36.50217475599218
fukui_24,2023-10-31,1698786019000,2.249576935116286,-6.854284710325168,36.50646357616942
fukui_24,2023-11-12,1699822819000,2.315365840856531,-7.515405101127555,36.50113077859272
fukui_24,2023-11-24,1700859618000,2.7089779934664455,-6.871388746210908,36.515556025385365
fukui_24,2023-12-06,1701896418000,2.4379810525558625,-7.7965012572321495,36.508716515638156
fukui_24,2023-12-18,1702933217000,2.0773424497076487,-7.002809188280328,36.50776515147635
fukui_24,2023-12-30,1703970017000,2.1812388293978398,-11.156713321137932,36.50471808138428
fukui_24,2024-01-11,1705006816000,3.5977172150790753,-7.0174423351470825,36.502598964779004
fukui_24,2024-01-23,1706043616000,5.531547124787119,-8.933729238297088,36.50489051430229
fukui_24,2024-02-04,1707080415000,4.992372826523993,-6.576728203964766,36.50823939434539
fukui_24,2024-02-16,1708117215000,5.214256745729001,-6.484043506966447,36.50891724218843
fukui_24,2024-02-28,1709154015000,5.283281232006217,-6.783336741825552,36.51121114594301
fukui_24,2024-03-11,1710190815000,4.326310099092468,-6.700289993854697,36.51027469443269
fukui_24,2024-03-23,1711227616000,5.458540972240592,-7.116790474667882,36.51115235014589
fukui_24,2024-04-04,1712264416000,4.702021604441097,-6.797078019598317,36.50913471483304
fukui_24,2024-04-16,1713301216000,5.124873212897431,-6.556455626162028,36.50915895463388
fukui_24,2024-04-28,1714338017000,4.889215490311297,-7.289776865146896,36.50437539296858
fukui_24,2024-05-10,1715374817000,5.583019938557226,-6.8529472712963955,36.49878693543285
fukui_24,2024-05-22,1716411616000,6.231437250428048,-6.84547434971926,36.50002256952686
fukui_24,2024-06-03,1717448416000,5.477817752677581,-6.814685210634578,36.49391952712196
fukui_24,2024-06-15,1718485216000,5.155800832048915,-7.068840011406649,36.494408053191115
fukui_24,2024-07-09,1720558815000,5.567295267209692,-7.1659302162553855,36.50017424428311
fukui_24,2024-07-21,1721595614000,6.054567865089539,-7.278113224945538,36.49892523392385
fukui_24,2024-08-02,1722632414000,6.051723297957841,-7.17023123262159,36.49708122203647
fukui_24,2024-08-14,1723669214000,5.159773011966402,-7.339834821588246,36.511979058452155
fukui_24,2024-08-26,1724706015000,6.367478177929718,-6.977394605659933,36.50809303280037
fukui_24,2024-09-07,1725742815000,5.68809536531515,-7.312063410647737,36.51103544745519
fukui_24,2024-09-19,1726779615000,6.662846758771042,-7.151970440316069,36.51096995004259
fukui_24,2024-10-01,1727816415000,5.587972645694561,-6.626556397154634,36.514250399393326
fukui_24,2024-10-13,1728853216000,5.531034717655339,-7.486659704850943,36.50631004624087
fukui_24,2024-10-25,1729890015000,5.795898951376839,-6.619619442741496,36.519324336555655
fukui_24,2024-11-06,1730926815000,5.409527056583399,-7.364191673123739,36.506797058690914
fukui_24,2024-11-18,1731963615000,5.844617302366072,-6.962028034780148,36.501393274371125
fukui_24,2024-12-12,1734037213000,4.904691115461853,-7.714419282891027,36.49994195884188
fukui_24,2024-12-24,1735074012000,4.704719974734644,-8.044903696046068,36.50509407250051
fukui_24,2025-01-05,1736110811000,5.603396616922957,-7.372856323850309,36.50081457475727
fukui_24,2025-01-17,1737147610000,4.805332103665533,-7.236159567996827,36.503862213363156
fukui_24,2025-01-29,1738184409000,4.747447196309204,-7.222533013246152,36.50203074627612
fukui_24,2025-02-10,1739221209000,5.605320991782971,-8.139763119315194,36.50285788603622
fukui_24,2025-02-22,1740258008000,5.27785100416979,-7.685471289107666,36.509169802355125
fukui_24,2025-03-06,1741294808000,5.167262475089447,-7.837615511159003,36.50888987885101
fukui_24,2025-03-18,1742331608000,5.221163388044777,-8.08787566794871,36.508610638953336
fukui_24,2025-03-30,1743368409000,5.17310517703478,-7.141563267088928,36.50067876483489
fukui_24,2025-04-11,1744405209000,5.529410841129401,-7.346833468210887,36.51137972749967
fukui_24,2025-04-23,1745442009000,4.685209908950016,-7.696464508284483,36.5051709014064
fukui_24,2025-05-05,1746478809000,5.4377348614247385,-7.230300063845779,36.502955006546344
fukui_24,2025-05-17,1747515609000,5.876259432063251,-7.526613433210282,36.50033163219661
fukui_24,2025-05-29,1748552408000,6.301498100863147,-7.282342905666397,36.49548697077207
fukui_24,2025-06-10,1749589208000,5.3636272141905526,-7.294157477536898,36.49220486891076
fukui_24,2025-06-22,1750626007000,10.58207241278995,-6.926813775853219,36.491660078547596
fukui_24,2025-07-04,1751662806000,6.229017460708697,-6.775657623606015,36.49879649452023
fukui_24,2025-07-16,1752699606000,6.393384681580931,-7.15620350474053,36.50065285560213
fukui_24,2025-07-28,1753736405000,5.593593033114799,-6.749992512313758,36.501417584702956
fukui_24,2025-08-09,1754773205000,5.500056735650373,-7.202281276333099,36.499970875863916
fukui_24,2025-08-21,1755810005000,5.1508795335606,-6.805966648023747,36.50520518816925
fukui_24,2025-09-02,1756846805000,6.449854924238539,-7.094891301530925,36.507747351043655
fukui_24,2025-09-14,1757883606000,6.73268096889778,-7.227960152165626,36.51059750500739
fukui_24,2025-09-26,1758920406000,5.409229502134478,-6.6077492633629396,36.511538138508236
fukui_24,2025-10-08,1759957207000,6.527094742158789,-7.4662965915958575,36.5001915233863
fukui_24,2025-10-20,1760994006000,6.233855985510872,-6.407066677188211,36.50680358528206
fukui_24,2025-11-01,1762030806000,7.002263976952797,-6.794203884291294,36.502114223302925
fukui_24,2025-11-13,1763067605000,6.396278854436977,-7.248161731831778,36.505634874861556
fukui_24,2025-11-25,1764104404000,6.9919126103419345,-5.361758353135936,36.50264237227059
fukui_24,2025-12-07,1765141203000,6.189148708449908,-6.045143032930644,36.49643456137338
fukui_24,2025-12-19,1766178002000,6.420052499537906,-6.875466210978363,36.49783039886046
fukui_24,2025-12-31,1767214801000,6.60572898389877,-6.988764773471869,36.50235715175417
fukui_24,2026-01-12,1768251600000,6.381920254283385,-6.556327264702836,36.50396872363399
fukui_24,2026-01-24,1769288398000,9.514849026391495,-5.2186801380698595,36.510049419908235
fukui_24,2026-02-17,1771361997000,5.679494266494051,-6.7585188295445535,36.50680313368162
fukui_24,2026-03-01,1772398797000,6.652875777351653,-6.392780102706238,36.50640749965607
fukui_24,2026-03-13,1773435597000,6.634596557184646,-6.143842577267148,36.510407187886614
fukui_24,2026-03-25,1774472398000,6.474192444194491,-6.5781999768600015,36.50924953030737
fukui_24,2026-04-06,1775509198000,6.358993026871166,-6.430347975815664,36.506394366309735
fukui_24,2026-04-18,1776545998000,6.714482544235223,-6.8693337720953425,36.49817855334133
fukui_24,2026-04-30,1777582797000,6.129933458365726,-6.78314783237293,36.49658928118157
fukui_24,2026-05-12,1778619597000,6.170400322313645,-6.86598042469074,36.49831933664213
fukui_25,2017-02-16,1487278774030,5.143197543961495,-9.345207644987298,36.57508148932097
fukui_25,2017-02-28,1488315573000,5.310878916038501,-8.397974907893307,36.57352229749548
fukui_25,2017-03-12,1489352374000,4.925177463564105,-8.798370650536505,36.567821608724884
fukui_25,2017-03-24,1490389174380,5.504348525590681,-9.375913870698433,36.573147312258
fukui_25,2017-04-05,1491425974840,6.269541380052419,-9.801670905462531,36.57313169859741
fukui_25,2017-04-17,1492462775450,5.797617910608615,-10.321394869021669,36.574098428203534
fukui_25,2017-04-29,1493499575000,4.672266956215985,-8.652117823882257,36.57296470789778
fukui_25,2017-05-11,1494536376000,5.014566558952576,-9.015918950728304,36.567004102515206
fukui_25,2017-05-23,1495573177000,5.667917494181923,-9.527561267581595,36.57008360640426
fukui_25,2017-06-04,1496609978000,6.0530126950786975,-9.199753771004897,36.57167756804023
fukui_25,2017-06-16,1497646778000,6.571161000456654,-10.046333748841723,36.5753620275165
fukui_25,2017-06-28,1498683579000,6.265340123064531,-9.529907818115717,36.57424487034536
fukui_25,2017-07-10,1499720379000,6.822504517860127,-10.043087194977332,36.57173484760575
fukui_25,2017-07-22,1500757180000,5.920568344631193,-10.218747470353767,36.57219355105224
fukui_25,2017-08-03,1501793981000,7.066846326085647,-9.603618650439282,36.56981150946848
fukui_25,2017-08-15,1502830782000,6.1763460862727,-10.260936242714235,36.574372519961095
fukui_25,2017-08-27,1503867582000,6.573969029529158,-9.860313249583044,36.57209592340896
fukui_25,2017-09-08,1504904382000,6.3758582385264075,-11.143259555305798,36.57004214712457
fukui_25,2017-09-20,1505941183000,6.062032654960414,-11.321343976098012,36.568161055141275
fukui_25,2017-10-02,1506977983000,4.418651144841065,-11.448430351824452,36.571488162720996
fukui_25,2017-10-14,1508014783000,5.973100390837277,-10.709676417378049,36.57278497087582
fukui_25,2017-10-26,1509051584000,5.3543533185018575,-10.20387192606726,36.57044261658399
fukui_25,2017-11-07,1510088383000,6.361017002833918,-10.84145946424592,36.570481493203545
fukui_25,2017-11-19,1511125183000,5.425786751020696,-10.77829878620294,36.56776300732416
fukui_25,2017-12-01,1512161983000,7.268921774665021,-8.268487491023581,36.571081403673126
fukui_25,2017-12-13,1513198782000,5.15176650311187,-9.333158007329926,36.57255647601939
fukui_25,2017-12-25,1514235582000,5.055478286906653,-10.890033971585883,36.57647451188426
fukui_25,2018-01-06,1515272381000,4.436159603678643,-11.460296123363134,36.57177671114829
fukui_25,2018-01-18,1516309181000,5.609554587602459,-10.552115012666057,36.566264844185234
fukui_25,2018-01-30,1517345980000,4.4179938339915665,-10.923149622314167,36.56942832633241
fukui_25,2018-02-11,1518382780000,1.2728818888174052,-9.93506597587593,36.569221395688366
fukui_25,2018-02-23,1519419580000,5.350568660370673,-9.765698355799158,36.57761957349238
fukui_25,2018-03-07,1520456380000,6.0446288683771545,-9.57946896118944,36.581606252808626
fukui_25,2018-03-19,1521493180000,4.042778737446379,-10.64720797681202,36.57395752197059
fukui_25,2018-03-31,1522529981000,6.94987052023842,-10.21485473854348,36.57024796637199
fukui_25,2018-04-12,1523566781000,4.716981313215676,-10.456488116773722,36.57262161105998
fukui_25,2018-04-24,1524603582000,8.553375142710049,-8.993469560314953,36.5759919195874
fukui_25,2018-05-06,1525640382000,6.4973291665872095,-8.608681440714726,36.5748847743546
fukui_25,2018-05-18,1526677183000,6.466422749815562,-10.470773521799654,36.57344237680738
fukui_25,2018-05-30,1527713983000,5.851452172712607,-10.417752261811621,36.57564987812935
fukui_25,2018-06-11,1528750784000,6.0566193663274746,-11.184913672297329,36.56932231085185
fukui_25,2018-06-23,1529787585000,7.034152169160984,-10.370397425600006,36.57212826712184
fukui_25,2018-06-29,1530305934000,6.55163624446029,-9.929969275817037,36.60416988885964
fukui_25,2018-07-05,1530824385000,6.235426652964371,-10.305687992650052,36.579964988368566
fukui_25,2018-07-17,1531861186000,5.2779725497733105,-9.787777488514978,36.57521278721278
fukui_25,2018-07-29,1532897988000,5.396064435575772,-10.405939918971038,36.56567496931311
fukui_25,2018-08-10,1533934788000,4.980337341595468,-10.323702388602857,36.570536823757124
fukui_25,2018-08-22,1534971588000,4.798877921671391,-9.828407439775887,36.57432565914902
fukui_25,2018-09-03,1536008389000,5.771989084952587,-9.827115367634015,36.571211910498825
fukui_25,2018-09-15,1537045189000,4.701097208614112,-9.68170260558179,36.573581870317284
fukui_25,2018-09-27,1538081990000,5.5388855002966,-10.68216175078,36.57087279411584
fukui_25,2018-10-09,1539118790000,5.727115046713216,-10.257180691596469,36.56956587310964
fukui_25,2018-10-21,1540155590000,5.840964781681586,-9.266648908606786,36.57062574641789
fukui_25,2018-11-02,1541192390000,5.639680074718273,-8.884365048735068,36.5714946323979
fukui_25,2018-11-14,1542229190000,4.858701199085158,-9.879773001848863,36.56967727151899
fukui_25,2018-11-26,1543265989000,5.366744346001423,-10.186893920544595,36.57100729252012
fukui_25,2018-12-08,1544302789000,5.922995009617899,-10.412596029471835,36.56760228583307
fukui_25,2018-12-20,1545339589000,5.320752612395654,-9.20101199028742,36.57068096739091
fukui_25,2019-01-01,1546376388000,7.187269856609871,-9.449631234885153,36.57122148528243
fukui_25,2019-01-13,1547413188000,5.822940042840917,-9.739281556311962,36.574460559421105
fukui_25,2019-01-25,1548449987000,5.641111130728528,-9.815572628720947,36.567728684063376
fukui_25,2019-02-06,1549486787000,5.282485431007756,-8.850832443528711,36.57120986022151
fukui_25,2019-02-18,1550523587000,4.257146309126049,-9.401309004363847,36.56721233584569
fukui_25,2019-03-02,1551560387000,4.793132119690396,-9.64669355073111,36.56637854393021
fukui_25,2019-03-14,1552597187000,4.670213297983412,-10.498129010847466,36.57657134991749
fukui_25,2019-03-26,1553633987000,5.331319647425146,-9.952722448239744,36.57309067524396
fukui_25,2019-04-07,1554670787000,6.3141212385337235,-11.472681733924176,36.57021709662303
fukui_25,2019-04-19,1555707588000,5.517506928042824,-10.881918795021456,36.56554999459485
fukui_25,2019-05-01,1556744388000,4.92245004227143,-10.639770021991582,36.56510389850507
fukui_25,2019-05-13,1557781189000,5.8015237108262125,-10.66468591478637,36.57385658439885
fukui_25,2019-05-25,1558817989000,6.46812119627319,-10.729441744579256,36.57269139842221
fukui_25,2019-06-06,1559854790000,6.125432983005873,-10.991235853391995,36.574965835385605
fukui_25,2019-06-18,1560891590000,5.339358068138515,-10.586922000189585,36.573606960183675
fukui_25,2019-06-30,1561928391000,5.45242464124795,-9.840446503106419,36.56936815714742
fukui_25,2019-07-12,1562965192000,6.1126820691257295,-9.389611664601517,36.57316255934151
fukui_25,2019-07-24,1564001993000,5.587575819978681,-10.099747653141629,36.575677165211225
fukui_25,2019-08-05,1565038794000,6.365730106426125,-9.496048836968646,36.57454182130655
fukui_25,2019-08-17,1566075594000,6.091569906390225,-11.091453444668016,36.56737271247018
fukui_25,2019-08-29,1567112395000,9.89323370143912,-11.065697188714594,36.570235905981065
fukui_25,2019-09-10,1568149195000,6.329343865780391,-11.195736640853411,36.57428726516911
fukui_25,2019-09-22,1569185996000,5.9666467401856345,-9.98502758603492,36.570657460872596
fukui_25,2019-10-04,1570222796000,6.4564857367075,-10.133848969472306,36.569530065738476
fukui_25,2019-10-16,1571259596000,5.689698666780031,-9.599777484375117,36.57229537873578
fukui_25,2019-10-28,1572296396000,6.033511929108239,-9.667827883372977,36.57047420184964
fukui_25,2019-11-09,1573333196000,6.275908265137163,-9.418718027416302,36.570079655137675
fukui_25,2019-11-21,1574369996000,5.9968494043270955,-11.039574827359585,36.57253617724487
fukui_25,2019-12-03,1575406796000,5.604166067351098,-10.627447107618186,36.57309735061336
fukui_25,2019-12-15,1576443595000,5.765171602755578,-11.10679260968704,36.56770533303354
fukui_25,2019-12-27,1577480395000,5.699000874059512,-10.92278648326577,36.56447285797328
fukui_25,2020-01-08,1578517194000,5.825424858607767,-10.751553829305829,36.56769770089858
fukui_25,2020-01-20,1579553994000,5.543375226226424,-12.119891984434602,36.57177359892231
fukui_25,2020-02-01,1580590793000,5.404961540035256,-11.697575922815815,36.49802785612637
fukui_25,2020-02-13,1581627593000,6.278849672212481,-11.12710406403409,36.49796696249515
fukui_25,2020-02-25,1582664393000,5.662347981366443,-11.963732747174259,36.49683159555445
fukui_25,2020-03-08,1583701193000,6.312332334400325,-12.169033818728295,36.493951071736035
fukui_25,2020-03-20,1584737993000,5.864491639495534,-11.534671316740194,36.49809995204941
fukui_25,2020-04-01,1585774793000,4.621578175745408,-12.192719368758322,36.505065912465454
fukui_25,2020-04-13,1586811594000,5.2092233358280025,-11.580060213801055,36.50126643580202
fukui_25,2020-04-25,1587848394000,6.689465494238124,-11.670092826833324,36.495635151694636
fukui_25,2020-05-07,1588885195000,6.152477381003556,-11.857494445103418,36.49873767593353
fukui_25,2020-05-19,1589921995000,5.607884537821624,-11.861676725446868,36.50015747572946
fukui_25,2020-05-31,1590958796000,6.7197890164003855,-11.45835743738479,36.50151759462019
fukui_25,2020-06-12,1591995597000,4.67501315665699,-11.145217183676102,36.4987175948586
fukui_25,2020-06-24,1593032398000,6.774637092915958,-10.67959084751582,36.49777308344039
fukui_25,2020-07-06,1594069198000,9.318064606743006,-10.365923719451093,36.498592270010526
fukui_25,2020-07-18,1595105999000,5.383298630855708,-10.623079284503381,36.50012909352353
fukui_25,2020-07-30,1596142800000,5.851392723015451,-11.048473964543566,36.496893429670905
fukui_25,2020-08-11,1597179600000,6.072693793912529,-10.634683207842851,36.49866329594129
fukui_25,2020-08-23,1598216401000,6.772163989904342,-9.90870435822567,36.497956761877035
fukui_25,2020-09-04,1599253202000,5.789471947175204,-10.11716660794484,36.494918103641304
fukui_25,2020-09-16,1600290002000,6.0646576512127535,-10.845694768211459,36.49618315274685
fukui_25,2020-09-28,1601326803000,6.42956900550261,-10.265855272654541,36.49555164344375
fukui_25,2020-10-10,1602363603000,5.39691312834264,-8.865625189349775,36.49407600267398
fukui_25,2020-10-22,1603400403000,5.0096540292868035,-9.88279113796846,36.49841644483621
fukui_25,2020-11-03,1604437203000,5.297513599207406,-10.259090630769952,36.49277977104213
fukui_25,2020-11-15,1605474003000,5.651347091961547,-11.009355375774797,36.49222716539138
fukui_25,2020-11-27,1606510802000,5.065750249085251,-10.361053214080759,36.4985169005935
fukui_25,2020-12-09,1607547602000,5.717465884114896,-10.99520181976183,36.496578743126975
fukui_25,2020-12-21,1608584401000,5.759286869592814,-9.933417416396598,36.49665661668924
fukui_25,2021-01-02,1609621201000,4.460808389930387,-10.878503325445363,36.492658549590956
fukui_25,2021-01-14,1610658000000,6.047733717291845,-10.670744513107724,36.491089856888
fukui_25,2021-01-26,1611694800000,5.3821559503972,-11.101091447767963,36.491025156103895
fukui_25,2021-02-07,1612731599000,3.982440405899496,-10.863654025381656,36.49378893123031
fukui_25,2021-02-19,1613768399000,5.077607127812419,-10.604369932584303,36.50161818076134
fukui_25,2021-03-03,1614805199000,4.830317731468082,-9.828511479627991,36.50386145924836
fukui_25,2021-03-15,1615841999000,5.369029725745438,-10.246625348703818,36.49793474185087
fukui_25,2021-03-27,1616878799000,5.016018460826678,-10.395651294460292,36.498676809830265
fukui_25,2021-04-08,1617915599000,4.664204833763371,-10.340844116617848,36.501892555028434
fukui_25,2021-04-20,1618952400000,5.91938899133532,-11.018637934904932,36.501546213167096
fukui_25,2021-05-02,1619989200000,4.973210019832291,-9.41193604682674,36.50347761732298
fukui_25,2021-05-14,1621026001000,4.665424873368979,-9.963246599085732,36.501122517677906
fukui_25,2021-05-26,1622062802000,5.832923955400088,-9.670747458840893,36.497672679408865
fukui_25,2021-06-07,1623099602000,6.340883483265336,-10.139082688279796,36.49948636191361
fukui_25,2021-06-19,1624136403000,6.573483031890016,-9.162246604246876,36.501995632278366
fukui_25,2021-07-01,1625173204000,5.274418035625965,-9.61647218047114,36.49864626386653
fukui_25,2021-07-13,1626210005000,5.047217363138509,-8.836931985342845,36.50166280177922
fukui_25,2021-07-25,1627246805000,5.721049200351737,-10.0757796889218,36.50218070916498
fukui_25,2021-08-06,1628283606000,5.347085689416,-10.00571774976938,36.49896126194238
fukui_25,2021-08-18,1629320407000,5.592232007944808,-10.265312625090454,36.5006025166839
fukui_25,2021-08-30,1630357207000,6.642872795503796,-10.797591586773063,36.500327384251854
fukui_25,2021-09-11,1631394008000,5.904311647784393,-10.527793550984164,36.49698499876498
fukui_25,2021-09-23,1632430808000,6.17286618653721,-9.817056051836264,36.49470444716177
fukui_25,2021-10-05,1633467608000,6.492733086366931,-10.740531862953558,36.49446958536889
fukui_25,2021-10-17,1634504409000,5.874405472031502,-10.037775119110822,36.494099029197955
fukui_25,2021-10-29,1635541208000,5.530215028039669,-10.507820549223068,36.49570032024088
fukui_25,2021-11-22,1637614808000,5.5767554310038525,-11.119733178981683,36.493861634234385
fukui_25,2021-12-04,1638651607000,5.82508139654885,-10.0688403546804,36.49138871222051
fukui_25,2021-12-16,1639688407000,6.490098716663748,-8.931242130095553,36.49210533469842
fukui_25,2021-12-28,1640725206000,5.45466930128133,-9.155201144441829,36.50069807778938
fukui_25,2022-01-09,1641762006000,4.791635399190629,-11.554225549853243,36.49635633288275
fukui_25,2022-01-21,1642798805000,6.035808433488586,-10.569955603990227,36.49426718661994
fukui_25,2022-02-02,1643835604000,4.5260168012302255,-9.898464576800261,36.4982195811897
fukui_25,2022-02-14,1644872405000,4.764163622010142,-11.272835409083687,36.49378455880135
fukui_25,2022-02-26,1645909204000,5.831148120120147,-10.383248806579838,36.495309542416365
fukui_25,2022-03-10,1646946004000,5.906803979160722,-10.61099125882983,36.50102843836637
fukui_25,2022-03-22,1647982805000,5.240638234909161,-10.232714608193968,36.500588673539845
fukui_25,2022-04-03,1649019605000,6.26467380639338,-11.061345025325064,36.497801136930555
fukui_25,2022-04-15,1650056405000,5.103019110174555,-11.365476693113262,36.50043949955686
fukui_25,2022-04-27,1651093206000,5.524707670985099,-10.044513055252569,36.498595499730364
fukui_25,2022-05-09,1652130006000,6.158471226655239,-11.893734574761698,36.50125089102679
fukui_25,2022-05-21,1653166807000,5.576403732133514,-10.050489919252,36.50447708283825
fukui_25,2022-06-02,1654203608000,6.019532123994412,-12.016458917365451,36.49944873659413
fukui_25,2022-06-14,1655240409000,5.7041521660316965,-10.020067321685188,36.50082346354945
fukui_25,2022-06-26,1656277210000,6.555153946687608,-11.863796057079151,36.49465978529774
fukui_25,2022-07-08,1657314010000,6.568183268662697,-10.953187775642672,36.49974443446171
fukui_25,2022-07-20,1658350811000,6.42626352804636,-10.632254045122112,36.499986602898936
fukui_25,2022-08-01,1659387612000,6.913970191863194,-10.628290168143959,36.49945510933466
fukui_25,2022-08-13,1660424413000,6.246551414123527,-11.154401929631442,36.49911920008679
fukui_25,2022-08-25,1661461213000,4.732262654703843,-11.706230800282396,36.49979322664831
fukui_25,2022-09-06,1662497988000,5.326794364768146,-10.544921976222302,36.5694703227763
fukui_25,2022-09-18,1663534814000,4.990756812990892,-10.731512076645407,36.504989867785675
fukui_25,2022-09-30,1664571615000,2.8889325340054044,-9.990087332007487,36.493702998135205
fukui_25,2022-10-12,1665608414000,2.6075613612685316,-9.655607738984303,36.502138645718105
fukui_25,2022-10-24,1666645215000,2.8408278199687556,-8.366444101963268,36.49589531904208
fukui_25,2022-11-05,1667682014000,3.1430229683885362,-8.579391819251459,36.499804048044176
fukui_25,2022-11-17,1668718814000,2.216887222728893,-10.350585775843875,36.499063934224004
fukui_25,2022-11-29,1669755614000,3.8104924566239666,-9.921615433848865,36.49465579217076
fukui_25,2022-12-11,1670792413000,4.0485983486256965,-7.720503739012296,36.4934091223731
fukui_25,2022-12-23,1671829212000,9.333124615948364,-8.475972131182035,36.49124112237455
fukui_25,2023-01-04,1672866012000,3.379589386539385,-8.856610599575333,36.496569463682775
fukui_25,2023-01-16,1673902811000,2.748045394022891,-8.958459648045569,36.508664665331345
fukui_25,2023-01-28,1674939611000,0.2919694432736786,-12.753688387236108,36.49170371070414
fukui_25,2023-02-09,1675976410000,2.258813363994957,-10.365062791589107,36.50005502705375
fukui_25,2023-02-21,1677013210000,2.131415045998027,-9.510173178614519,36.50219027125518
fukui_25,2023-03-05,1678050010000,2.5784565103638046,-9.960895669520683,36.495239935298386
fukui_25,2023-03-17,1679086810000,3.485696851146395,-10.222959478426537,36.504253614732946
fukui_25,2023-03-29,1680123610000,2.374080943757346,-11.259052359875712,36.507028337653345
fukui_25,2023-04-10,1681160411000,4.264315487267924,-9.629629565119254,36.497385609615556
fukui_25,2023-04-22,1682197211000,4.975755191999957,-10.064707090863688,36.49623068056464
fukui_25,2023-05-04,1683234012000,4.3044606563108125,-10.660119183945948,36.49478472637873
fukui_25,2023-05-16,1684270813000,3.426964640590142,-10.575724575593132,36.493573918999076
fukui_25,2023-05-28,1685307613000,3.0951602952093586,-11.762050246683819,36.49586378239372
fukui_25,2023-06-09,1686344413000,2.5439019835937597,-11.729146903016256,36.503341095357
fukui_25,2023-06-21,1687381214000,5.29934130212223,-11.386890617980995,36.50535114313154
fukui_25,2023-07-03,1688418015000,2.169722464408125,-14.990199673771956,36.49780598814084
fukui_25,2023-07-15,1689454816000,3.6988326107676106,-13.547137477130898,36.49479493250626
fukui_25,2023-07-27,1690491617000,4.005119361575954,-13.523663441075561,36.49985843755889
fukui_25,2023-08-08,1691528417000,2.699720396212046,-12.857996355602065,36.511687287396626
fukui_25,2023-08-20,1692565218000,3.3547250072570414,-13.639828297283472,36.50419174882455
fukui_25,2023-09-01,1693602019000,3.055970170603296,-13.170590636463716,36.49703446474693
fukui_25,2023-09-13,1694638819000,2.6093485264113365,-12.40017678052763,36.50045794467443
fukui_25,2023-09-25,1695675620000,3.001638728071934,-12.785706358660283,36.49545227065395
fukui_25,2023-10-07,1696712419000,2.472506916378834,-12.240953039095682,36.497712859270415
fukui_25,2023-10-19,1697749220000,3.30211755189699,-12.119782108653979,36.49275991105774
fukui_25,2023-10-31,1698786019000,2.459806454902333,-13.015220377161716,36.497071938914246
fukui_25,2023-11-12,1699822819000,1.8650762187878438,-12.175910596725346,36.49173691693473
fukui_25,2023-11-24,1700859618000,1.2997753998367132,-11.330225486610228,36.50616015073616
fukui_25,2023-12-06,1701896418000,1.8299020709227762,-13.380255434944395,36.49925484289099
fukui_25,2023-12-18,1702933217000,2.5229883755673645,-12.112887711026858,36.49833953710525
fukui_25,2023-12-30,1703970017000,1.7328191695717914,-12.779975983255758,36.49538744377919
fukui_25,2024-01-11,1705006816000,2.2474402508285434,-12.413586188666788,36.493205730099426
fukui_25,2024-01-23,1706043616000,0.8039240818582407,-11.141985517895101,36.49544053699758
fukui_25,2024-02-04,1707080415000,2.752855958429835,-12.655873493977337,36.49877020924061
fukui_25,2024-02-16,1708117215000,2.643436062047937,-12.305639585067103,36.49945048200405
fukui_25,2024-02-28,1709154015000,2.8532258425553563,-12.55873591461745,36.501882853066654
fukui_25,2024-03-11,1710190815000,3.203161396460596,-13.083829674479697,36.500890198006594
fukui_25,2024-03-23,1711227616000,3.0795151854327747,-12.535815732354642,36.50177301808169
fukui_25,2024-04-04,1712264416000,5.996588504298656,-9.998778024185038,36.499730574651146
fukui_25,2024-04-16,1713301216000,5.135002877234328,-11.74274356025318,36.49972865047212
fukui_25,2024-04-28,1714338017000,5.842263566995502,-11.058799306674532,36.49505541762758
fukui_25,2024-05-10,1715374817000,5.387253331082327,-12.486488588089529,36.48944740513497
fukui_25,2024-05-22,1716411616000,6.501177725444153,-10.767566886622607,36.490695270508155
fukui_25,2024-06-03,1717448416000,6.446715746036074,-12.473151714467658,36.48458346086947
fukui_25,2024-06-15,1718485216000,7.0811457597090435,-11.415751201213633,36.48507044085631
fukui_25,2024-07-09,1720558815000,6.937555872699775,-10.345012016511163,36.490848258486885
fukui_25,2024-07-21,1721595614000,6.267014834042236,-11.466871680954284,36.48956758425784
fukui_25,2024-08-02,1722632414000,6.364780958927392,-11.28470028465151,36.48773107046103
fukui_25,2024-08-14,1723669214000,6.712469012853792,-9.939784298406087,36.50264116072478
fukui_25,2024-08-26,1724706015000,6.018031707405587,-9.71007345113983,36.49871564502557
fukui_25,2024-09-07,1725742815000,5.72930399089392,-10.48065098495268,36.50168555915326
fukui_25,2024-09-19,1726779615000,6.131978112263181,-9.934187198103327,36.50157652101442
fukui_25,2024-10-01,1727816415000,5.685192863885196,-9.96427855669477,36.50477857837635
fukui_25,2024-10-13,1728853216000,6.415097913751018,-10.110960318376735,36.496867899101865
fukui_25,2024-10-25,1729890015000,5.86767634988911,-9.617210767919744,36.50988359865141
fukui_25,2024-11-06,1730926815000,6.124808183019166,-9.679238240501519,36.49733386618235
fukui_25,2024-11-18,1731963615000,5.933797554447144,-10.039636343267055,36.491999819450434
fukui_25,2024-12-12,1734037213000,5.420245429837026,-10.258820988004514,36.49061270688886
fukui_25,2024-12-24,1735074012000,5.537764638375686,-9.568630833974243,36.495669470494555
fukui_25,2025-01-05,1736110811000,5.9904299720806495,-10.26018843304663,36.491367539913924
fukui_25,2025-01-17,1737147610000,5.203023675454728,-9.848506299346834,36.494454828989646
fukui_25,2025-01-29,1738184409000,5.4479862174851466,-10.666615883370582,36.492685811099136
fukui_25,2025-02-10,1739221209000,5.443904746459805,-10.329828111777095,36.493535636206936
fukui_25,2025-02-22,1740258008000,5.5059247110975456,-9.758156717931485,36.49973565447904
fukui_25,2025-03-06,1741294808000,5.071143769023571,-8.731179929256433,36.499440337865416
fukui_25,2025-03-18,1742331608000,5.541985606413131,-8.546164607385483,36.49914989021095
fukui_25,2025-03-30,1743368409000,5.981743435182203,-10.441339377561432,36.49133005317596
fukui_25,2025-04-11,1744405209000,6.196197516785133,-10.453719159400867,36.502014870692506
fukui_25,2025-04-23,1745442009000,6.0009608239144905,-11.036744492020995,36.49581482820436
fukui_25,2025-05-05,1746478809000,5.9475679934716315,-9.839011028630837,36.49356105156252
fukui_25,2025-05-17,1747515609000,6.138713466600985,-10.802471822599365,36.490974337834146
fukui_25,2025-05-29,1748552408000,6.267247909519154,-10.408367012180866,36.48610525533929
fukui_25,2025-06-10,1749589208000,5.826940835976834,-10.955975800739603,36.482811520385
fukui_25,2025-06-22,1750626007000,9.854832617805698,-9.634714463145793,36.48232688758694
fukui_25,2025-07-04,1751662806000,5.939939938076382,-9.469650947929761,36.48946598571878
fukui_25,2025-07-16,1752699606000,5.772386268123293,-9.827203286857886,36.491307938238535
fukui_25,2025-07-28,1753736405000,6.10477292485764,-10.501140586916042,36.4920937964646
fukui_25,2025-08-09,1754773205000,5.10566863165583,-9.337905571973206,36.49058698275645
fukui_25,2025-08-21,1755810005000,5.64673905697732,-10.928985826889944,36.49584726698505
fukui_25,2025-09-02,1756846805000,6.109438613212048,-10.208091913881061,36.498306040489645
fukui_25,2025-09-14,1757883606000,6.316927942157843,-9.742397555974565,36.501274917402
fukui_25,2025-09-26,1758920406000,5.809223011256697,-9.301009361322512,36.5020993909234
fukui_25,2025-10-08,1759957207000,6.340732996830763,-9.596592274749788,36.490802897341034
fukui_25,2025-10-20,1760994006000,6.285374275768118,-9.782413435346411,36.49740957491668
fukui_25,2025-11-01,1762030806000,6.499069552496643,-10.916063567730296,36.49271297363221
fukui_25,2025-11-13,1763067605000,5.8038859187054035,-11.557920160460618,36.49617408928602
fukui_25,2025-11-25,1764104404000,5.835572198917794,-9.233181759881253,36.493244995102565
fukui_25,2025-12-07,1765141203000,6.283092551518818,-10.88130157364079,36.48703525986185
fukui_25,2025-12-19,1766178002000,5.46680013638818,-10.628722059856894,36.48844886928953
fukui_25,2025-12-31,1767214801000,4.999166362903328,-11.49770736491613,36.49297713959486
fukui_25,2026-01-12,1768251600000,5.07424809240472,-10.726792235219127,36.4946449633369
fukui_25,2026-01-24,1769288398000,5.565266726243927,-7.342349632436736,36.50064846125204
fukui_25,2026-02-17,1771361997000,6.342280491782767,-11.840394041693234,36.4974232541273
fukui_25,2026-03-01,1772398797000,5.714795028434411,-10.563926085417101,36.49708643938012
fukui_25,2026-03-13,1773435597000,5.3530708657036605,-11.003896659254615,36.50102848002068
fukui_25,2026-03-25,1774472398000,5.644529739654018,-10.209720815476546,36.49982770798944
fukui_25,2026-04-06,1775509198000,5.114986661445864,-11.786785700728974,36.497000604022524
fukui_25,2026-04-18,1776545998000,6.305752618723691,-11.559535800054617,36.488852740018544
fukui_25,2026-04-30,1777582797000,6.546308775680096,-11.355985425078597,36.48726212393754
fukui_25,2026-05-12,1778619597000,6.471487413438447,-11.17986022006742,36.48899091856362
fukui_26,2017-02-16,1487278774030,4.194726079018666,-6.315386534848427,36.58891483817654
fukui_26,2017-02-28,1488315573000,5.266692464920943,-6.80406496149013,36.587361441618505
fukui_26,2017-03-12,1489352374000,4.028186355532507,-7.247527045549562,36.581617491391505
fukui_26,2017-03-24,1490389174380,4.116068248296409,-6.506053222373062,36.58693074886961
fukui_26,2017-04-05,1491425974840,3.4979804331007274,-7.478170690904477,36.58692477613714
fukui_26,2017-04-17,1492462775450,3.659527414800828,-6.898488133885356,36.58790366663802
fukui_26,2017-04-29,1493499575000,3.693430833500271,-7.044811957782197,36.58680474213852
fukui_26,2017-05-11,1494536376000,3.1789551170324146,-6.78265363629302,36.58083839772676
fukui_26,2017-05-23,1495573177000,3.7252682194197524,-6.8376227670742376,36.58387537886015
fukui_26,2017-06-04,1496609978000,3.6852589424249,-6.973214679619031,36.5854800692273
fukui_26,2017-06-16,1497646778000,3.7574661654933346,-6.7003401737731565,36.58918599805322
fukui_26,2017-06-28,1498683579000,3.883099802571457,-6.468351674930735,36.5880512723288
fukui_26,2017-07-10,1499720379000,3.1133852731766614,-6.526484056108095,36.585531700014556
fukui_26,2017-07-22,1500757180000,3.71505883939976,-6.4531411359053585,36.5860422140736
fukui_26,2017-08-03,1501793981000,2.8374442344645403,-6.119707809500087,36.583608111501185
fukui_26,2017-08-15,1502830782000,4.043785466046584,-6.076121406591592,36.58817508399882
fukui_26,2017-08-27,1503867582000,3.540445563082681,-6.273007116684181,36.585895346595635
fukui_26,2017-09-08,1504904382000,3.6459212457082604,-6.314950705185994,36.583837496451686
fukui_26,2017-09-20,1505941183000,4.011936629538892,-6.397832481275211,36.58195141402991
fukui_26,2017-10-02,1506977983000,3.013529460975858,-6.207221565277514,36.58533490619388
fukui_26,2017-10-14,1508014783000,4.485154749122925,-5.711255675537871,36.58659168163708
fukui_26,2017-10-26,1509051584000,4.806148493558703,-6.338291236762617,36.58424058335093
fukui_26,2017-11-07,1510088383000,4.462659930717061,-6.438739883289855,36.584316396814536
fukui_26,2017-11-19,1511125183000,4.951713559632669,-6.880853710685265,36.58156248197349
fukui_26,2017-12-01,1512161983000,10.325123054546689,-6.198065629056979,36.58488131375346
fukui_26,2017-12-13,1513198782000,5.416860741362644,-5.99104416451353,36.58639170807584
fukui_26,2017-12-25,1514235582000,5.05818770197657,-5.4286187760323,36.59029498254466
fukui_26,2018-01-06,1515272381000,4.94173239396496,-6.494050704323363,36.585604176268184
fukui_26,2018-01-18,1516309181000,4.913863827351906,-6.566865682672581,36.58005715231995
fukui_26,2018-01-30,1517345980000,4.842584862540708,-6.211807574716579,36.58323060391798
fukui_26,2018-02-11,1518382780000,3.0509659904637996,-6.1462651946794935,36.58302831842557
fukui_26,2018-02-23,1519419580000,5.696431951256908,-6.234306512344912,36.59143307997656
fukui_26,2018-03-07,1520456380000,4.692869062319907,-6.423804685565222,36.59543430905381
fukui_26,2018-03-19,1521493180000,5.095130000412966,-5.125146505040049,36.58775801280041
fukui_26,2018-03-31,1522529981000,3.8147054087832934,-7.020361992763325,36.584041245643505
fukui_26,2018-04-12,1523566781000,5.029218316639624,-6.982564463434518,36.58642017118685
fukui_26,2018-04-24,1524603582000,12.389106278910837,-4.996795409077873,36.589834464591874
fukui_26,2018-05-06,1525640382000,5.26614462265315,-6.868949094769859,36.58872973481605
fukui_26,2018-05-18,1526677183000,5.407955737488372,-7.099408973956666,36.58725761161857
fukui_26,2018-05-30,1527713983000,4.496182768215339,-7.2088490552069375,36.58944290768428
fukui_26,2018-06-11,1528750784000,4.5188736580704605,-6.981005734409143,36.58313319325248
fukui_26,2018-06-23,1529787585000,4.087203964864235,-6.647448794712852,36.58595957171721
fukui_26,2018-06-29,1530305934000,5.004849358579147,-7.064266215969743,36.617919494325825
fukui_26,2018-07-05,1530824385000,5.62777220722905,-7.031255735066115,36.59376332965252
fukui_26,2018-07-17,1531861186000,3.9477229994524703,-6.071417271149995,36.58904342884625
fukui_26,2018-07-29,1532897988000,3.9348825951028035,-6.296048406007688,36.57949620163312
fukui_26,2018-08-10,1533934788000,3.4571315952678896,-6.251148079648221,36.584383877922924
fukui_26,2018-08-22,1534971588000,3.77717139665535,-6.530476203376748,36.58812936748551
fukui_26,2018-09-03,1536008389000,3.5088012945523546,-5.756944166756789,36.5850326102639
fukui_26,2018-09-15,1537045189000,4.801001936275491,-6.977775694989155,36.58737887624416
fukui_26,2018-09-27,1538081990000,4.569442426531222,-7.064304359620089,36.584693829635015
fukui_26,2018-10-09,1539118790000,3.969429670903311,-7.0108728916837855,36.58338667557754
fukui_26,2018-10-21,1540155590000,4.620590676697172,-6.087544734586962,36.584416800956035
fukui_26,2018-11-02,1541192390000,4.498778716010464,-7.344928648914171,36.58530862396011
fukui_26,2018-11-14,1542229190000,4.945423703654447,-7.14728522917212,36.58347049129752
fukui_26,2018-11-26,1543265989000,4.5676404627107985,-7.092949639210809,36.5848138100218
fukui_26,2018-12-08,1544302789000,5.322469704208655,-7.318274388412605,36.58145001783979
fukui_26,2018-12-20,1545339589000,5.714277904356813,-7.841042704248415,36.5844697571526
fukui_26,2019-01-01,1546376388000,12.106106622737467,-7.157307365993275,36.58505839022665
fukui_26,2019-01-13,1547413188000,4.581913049025046,-6.92118919771642,36.588256748951515
fukui_26,2019-01-25,1548449987000,5.591566035734835,-6.6869570432077134,36.58155879194004
fukui_26,2019-02-06,1549486787000,5.443767638483528,-7.276500052288843,36.58501276529822
fukui_26,2019-02-18,1550523587000,5.061691389659805,-7.022926784399484,36.58104821448658
fukui_26,2019-03-02,1551560387000,4.965416700948868,-6.656989276277405,36.58020836027684
fukui_26,2019-03-14,1552597187000,5.32731457523017,-7.90406213953783,36.59038134031521
fukui_26,2019-03-26,1553633987000,5.698185428512244,-6.783321587079449,36.58692194614756
fukui_26,2019-04-07,1554670787000,4.76298205050945,-7.611670497963416,36.58405950218224
fukui_26,2019-04-19,1555707588000,5.152618789090168,-6.8149094290525865,36.57934690623582
fukui_26,2019-05-01,1556744388000,5.712134731532602,-7.624367739891594,36.57890000538785
fukui_26,2019-05-13,1557781189000,4.259590353742308,-7.338967196671911,36.58770118180507
fukui_26,2019-05-25,1558817989000,4.6252826712053094,-7.253774183356384,36.586508974231414
fukui_26,2019-06-06,1559854790000,4.4808448043860025,-7.187200646967464,36.588776549820444
fukui_26,2019-06-18,1560891590000,4.783730325201278,-6.609240783525815,36.58740447994419
fukui_26,2019-06-30,1561928391000,5.735846847540016,-6.372629212853703,36.58319120639926
fukui_26,2019-07-12,1562965192000,5.782409876210519,-6.083254817126035,36.5869628922622
fukui_26,2019-07-24,1564001993000,5.202457406032575,-7.217372033128076,36.589479342706184
fukui_26,2019-08-05,1565038794000,4.743017985928311,-6.528115246618507,36.58834594216112
fukui_26,2019-08-17,1566075594000,5.140914238822536,-6.6575349995150335,36.58116898405336
fukui_26,2019-08-29,1567112395000,5.565203473014647,-6.664016975285616,36.584074720016666
fukui_26,2019-09-10,1568149195000,4.615176100640652,-6.049232734509223,36.5881015672071
fukui_26,2019-09-22,1569185996000,4.910969448178865,-6.149072793043048,36.5844510810404
fukui_26,2019-10-04,1570222796000,5.606435830459057,-6.7089316112164425,36.5833226022634
fukui_26,2019-10-16,1571259596000,4.5924929286648615,-6.5772158406325785,36.58607698810795
fukui_26,2019-10-28,1572296396000,5.499906353033956,-6.837079233825696,36.58427302314926
fukui_26,2019-11-09,1573333196000,4.851076799907017,-7.08604966500065,36.583869093616904
fukui_26,2019-11-21,1574369996000,4.667307920406361,-6.773798790147928,36.586366345603714
fukui_26,2019-12-03,1575406796000,5.790913989641194,-7.301445427551285,36.586902090525804
fukui_26,2019-12-15,1576443595000,5.690366357040876,-6.871968955780725,36.58153857300612
fukui_26,2019-12-27,1577480395000,5.368843600492686,-6.635555934017591,36.57829814069491
fukui_26,2020-01-08,1578517194000,5.785833804303961,-8.011020539269216,36.581481797386765
fukui_26,2020-01-20,1579553994000,5.698855834151916,-7.300479235657649,36.585597794244094
fukui_26,2020-02-01,1580590793000,5.169390090977877,-7.448041167622527,36.51179288105596
fukui_26,2020-02-13,1581627593000,5.47680712930322,-7.279546009249522,36.51171188553644
fukui_26,2020-02-25,1582664393000,5.436106477318089,-7.883721837049,36.510594622188464
fukui_26,2020-03-08,1583701193000,5.302079703620969,-7.208088743000037,36.50779051120918
fukui_26,2020-03-20,1584737993000,5.756226632497831,-7.105427346091138,36.51192454581324
fukui_26,2020-04-01,1585774793000,6.702471716466225,-5.863660525049733,36.518907076611306
fukui_26,2020-04-13,1586811594000,5.778473953864583,-7.157396156931921,36.51501091635265
fukui_26,2020-04-25,1587848394000,5.208368933171369,-6.813429786158979,36.50942486171462
fukui_26,2020-05-07,1588885195000,4.999812275508003,-7.220007210069293,36.51250153130264
fukui_26,2020-05-19,1589921995000,5.640977896014017,-7.068448618647531,36.51400638777086
fukui_26,2020-05-31,1590958796000,5.313820645723015,-6.780515154292823,36.51528927052513
fukui_26,2020-06-12,1591995597000,4.539620313634675,-6.468137722570944,36.51247142517393
fukui_26,2020-06-24,1593032398000,4.22013325491142,-6.758678498075697,36.51157159158396
fukui_26,2020-07-06,1594069198000,12.344596851227736,-6.499037264401537,36.51238335653244
fukui_26,2020-07-18,1595105999000,5.378272958060909,-6.7799679744187875,36.51396180377712
fukui_26,2020-07-30,1596142800000,5.06228354206859,-6.915497636204078,36.51073385657289
fukui_26,2020-08-11,1597179600000,5.801009831811331,-6.025747772077374,36.51242540928115
fukui_26,2020-08-23,1598216401000,5.104522732114556,-6.372202584850886,36.51171854719558
fukui_26,2020-09-04,1599253202000,5.466761203662997,-6.995128359747973,36.50871990452838
fukui_26,2020-09-16,1600290002000,5.1188843407402045,-6.3326476267648015,36.509982002701946
fukui_26,2020-09-28,1601326803000,5.106714273195237,-6.944353548546517,36.50935103742843
fukui_26,2020-10-10,1602363603000,5.544599129043787,-5.420620381603927,36.507864100035974
fukui_26,2020-10-22,1603400403000,4.979632785990359,-5.6505431963372,36.51216644045832
fukui_26,2020-11-03,1604437203000,6.897177046367454,-7.627159629201795,36.50652416956674
fukui_26,2020-11-15,1605474003000,5.189728348355364,-6.647196247785811,36.505976537461784
fukui_26,2020-11-27,1606510802000,3.8774733400452615,-6.761329553542165,36.512293679244806
fukui_26,2020-12-09,1607547602000,5.999416769593569,-6.867544705629393,36.510352538365446
fukui_26,2020-12-21,1608584401000,9.883603125159626,-7.135400826305978,36.5103949639485
fukui_26,2021-01-02,1609621201000,5.129291846977892,-6.5753602377289955,36.50645262313341
fukui_26,2021-01-14,1610658000000,5.2237919017443435,-6.844678066171367,36.50484144001107
fukui_26,2021-01-26,1611694800000,5.509833660964557,-7.583164363864882,36.50477064075465
fukui_26,2021-02-07,1612731599000,4.690989932384999,-6.684499468911668,36.50759370354697
fukui_26,2021-02-19,1613768399000,5.632566446631219,-7.387464131351813,36.515367173526336
fukui_26,2021-03-03,1614805199000,5.805467962035407,-6.604775514181717,36.5176133342485
fukui_26,2021-03-15,1615841999000,5.367674507503157,-7.479153393756484,36.51169847196689
fukui_26,2021-03-27,1616878799000,4.933225770633597,-6.468476863737829,36.512537306685324
fukui_26,2021-04-08,1617915599000,6.123576292045013,-6.772354410844057,36.5157295447007
fukui_26,2021-04-20,1618952400000,5.321587441550479,-6.708110554973101,36.51534577904855
fukui_26,2021-05-02,1619989200000,6.114763044445093,-6.994392691463708,36.51724397348212
fukui_26,2021-05-14,1621026001000,4.675480401302549,-6.396360167238419,36.514956792195626
fukui_26,2021-05-26,1622062802000,4.943905506061978,-6.736117370116436,36.511547162964405
fukui_26,2021-06-07,1623099602000,5.63431344875478,-6.845356681727331,36.51336961846413
fukui_26,2021-06-19,1624136403000,6.336719188950246,-7.716333352181254,36.51583663726435
fukui_26,2021-07-01,1625173204000,4.820297625150127,-6.681895653307065,36.51239958306623
fukui_26,2021-07-13,1626210005000,5.036671010547545,-7.2683061848532695,36.51551181708199
fukui_26,2021-07-25,1627246805000,4.015593049269189,-6.185438200627332,36.515951545183896
fukui_26,2021-08-06,1628283606000,4.027802877855375,-6.485368906521308,36.5127961799171
fukui_26,2021-08-18,1629320407000,4.911286212585752,-6.771340393207005,36.51443778022799
fukui_26,2021-08-30,1630357207000,4.600293867716813,-5.99455928953372,36.51410305715128
fukui_26,2021-09-11,1631394008000,4.9625628489942715,-6.449463778389535,36.51072800877036
fukui_26,2021-09-23,1632430808000,4.496159037588865,-6.103890720845712,36.50845502802064
fukui_26,2021-10-05,1633467608000,4.091119944219519,-6.134719296205061,36.508235638167726
fukui_26,2021-10-17,1634504409000,5.504264137132826,-6.383979099493978,36.50785719006864
fukui_26,2021-10-29,1635541208000,4.414935676275403,-6.085232400763673,36.509450601238385
fukui_26,2021-11-22,1637614808000,5.388854437572679,-7.892943100115404,36.50769570641328
fukui_26,2021-12-04,1638651607000,5.623317124557297,-7.243101515172069,36.505145236203134
fukui_26,2021-12-16,1639688407000,12.413711475817676,-7.799068003988266,36.50589664626327
fukui_26,2021-12-28,1640725206000,5.649089364671509,-6.901115479593823,36.51444455809357
fukui_26,2022-01-09,1641762006000,5.439436098307339,-7.525589302294089,36.510102836619765
fukui_26,2022-01-21,1642798805000,5.898046782577553,-6.8424561855429795,36.50801302528426
fukui_26,2022-02-02,1643835604000,6.394420425436616,-7.294491555256524,36.512014314363576
fukui_26,2022-02-14,1644872405000,5.363692689547674,-7.4136188628626964,36.50757127097502
fukui_26,2022-02-26,1645909204000,5.238430913810273,-7.1195779376106625,36.509067986591376
fukui_26,2022-03-10,1646946004000,5.264036519725411,-7.0815846163873655,36.5147802291378
fukui_26,2022-03-22,1647982805000,5.816202557480444,-7.2393890358647806,36.51441540371101
fukui_26,2022-04-03,1649019605000,5.338747877888006,-6.466612425676963,36.51163696087805
fukui_26,2022-04-15,1650056405000,5.628966197237141,-6.385821887257768,36.514282031171106
fukui_26,2022-04-27,1651093206000,5.836221259900864,-6.618038643549082,36.51246138464046
fukui_26,2022-05-09,1652130006000,5.1058393301988065,-6.27124160133459,36.51501874091276
fukui_26,2022-05-21,1653166807000,6.3356081391398344,-6.411918739807152,36.51822968162066
fukui_26,2022-06-02,1654203608000,4.440331756444652,-7.382675963849131,36.51329463849126
fukui_26,2022-06-14,1655240409000,5.56495525153482,-6.124414185626494,36.5146753428749
fukui_26,2022-06-26,1656277210000,5.234009720653887,-7.177683493015131,36.508490337618404
fukui_26,2022-07-08,1657314010000,4.495007336070288,-6.652085281190826,36.51358270028246
fukui_26,2022-07-20,1658350811000,5.157785369094381,-6.116729835433181,36.51372450949401
fukui_26,2022-08-01,1659387612000,4.126226816449065,-6.289814067918245,36.513286122821626
fukui_26,2022-08-13,1660424413000,4.660043612074756,-6.374924812881354,36.512962299488734
fukui_26,2022-08-25,1661461213000,5.138752911552531,-6.8015054604077285,36.51362944275062
fukui_26,2022-09-06,1662497988000,4.4545935259946035,-7.4480656827119756,36.58333306311597
fukui_26,2022-09-18,1663534814000,3.519106139350743,-6.4141992441597155,36.518746002742205
fukui_26,2022-09-30,1664571615000,5.095555945680566,-6.357969533254825,36.50744317776528
fukui_26,2022-10-12,1665608414000,5.308135616517687,-5.957220988138598,36.515891192723025
fukui_26,2022-10-24,1666645215000,5.506733454860139,-7.563131217609133,36.50972704742344
fukui_26,2022-11-05,1667682014000,4.878779105399741,-7.013407987132846,36.51355508210882
fukui_26,2022-11-17,1668718814000,5.6795106714063746,-6.998125004072192,36.512818126147494
fukui_26,2022-11-29,1669755614000,5.326566307654117,-6.044673833403812,36.508416324171606
fukui_26,2022-12-11,1670792413000,5.587564043195829,-6.607643742047345,36.50727382139314
fukui_26,2022-12-23,1671829212000,10.962552072215798,-6.707850875441596,36.50498249727775
fukui_26,2023-01-04,1672866012000,6.4424336699881435,-7.637019162762912,36.51031460886612
fukui_26,2023-01-16,1673902811000,5.90435969534809,-7.207410404797409,36.52240953781282
fukui_26,2023-01-28,1674939611000,-1.4194000067879062,-12.087351438247643,36.50545735197109
fukui_26,2023-02-09,1675976410000,6.232233382026995,-7.114550607211573,36.513830223898985
fukui_26,2023-02-21,1677013210000,6.80139079438683,-7.262384147765244,36.51593847068788
fukui_26,2023-03-05,1678050010000,6.33535826435722,-7.693455076011634,36.50908338253034
fukui_26,2023-03-17,1679086810000,6.231903042092336,-7.476639153881041,36.51801305433014
fukui_26,2023-03-29,1680123610000,6.59404671683388,-7.00484613655939,36.52078851283488
fukui_26,2023-04-10,1681160411000,5.918884618611146,-7.835673064649381,36.51122445263554
fukui_26,2023-04-22,1682197211000,5.815830680955118,-8.730227642620338,36.509971914042204
fukui_26,2023-05-04,1683234012000,5.987910633600471,-8.728437497828864,36.50863040446107
fukui_26,2023-05-16,1684270813000,4.935812655203035,-8.975020740706361,36.50742561811506
fukui_26,2023-05-28,1685307613000,11.721407743707617,-6.337464818228006,36.50970786517156
fukui_26,2023-06-09,1686344413000,6.407402056441849,-7.742768002280694,36.517095255908366
fukui_26,2023-06-21,1687381214000,4.556071960759399,-8.187802445663209,36.519133423871914
fukui_26,2023-07-03,1688418015000,6.17161398476501,-6.285194040868799,36.51164465733155
fukui_26,2023-07-15,1689454816000,4.755956937623073,-6.391438422105754,36.50862248102823
fukui_26,2023-07-27,1690491617000,4.594424570361758,-5.186811872357867,36.51371107439688
fukui_26,2023-08-08,1691528417000,4.930599248879903,-5.4881157251758905,36.52547808565384
fukui_26,2023-08-20,1692565218000,4.913465607626775,-5.559405201561976,36.51804389564264
fukui_26,2023-09-01,1693602019000,2.548606665006141,-5.698961398522001,36.51087042064365
fukui_26,2023-09-13,1694638819000,4.37231334238257,-5.093241418735795,36.51420771086976
fukui_26,2023-09-25,1695675620000,4.439035454916092,-6.396330171459371,36.509297220904664
fukui_26,2023-10-07,1696712419000,3.8274492014344554,-6.43908882200319,36.51145879970435
fukui_26,2023-10-19,1697749220000,4.239431655994605,-6.259917698763533,36.5065235725165
fukui_26,2023-10-31,1698786019000,3.8005656496216296,-6.840464887165853,36.51082007846413
fukui_26,2023-11-12,1699822819000,5.492104028816208,-9.407712849645137,36.50548552379987
fukui_26,2023-11-24,1700859618000,5.199406271720037,-7.152223470945687,36.51991263898742
fukui_26,2023-12-06,1701896418000,4.3127323947170275,-8.601185001778875,36.51305743814909
fukui_26,2023-12-18,1702933217000,4.002599539422534,-7.9832692422055,36.512112888837606
fukui_26,2023-12-30,1703970017000,3.6038384609535163,-7.816661910470663,36.50922517234341
fukui_26,2024-01-11,1705006816000,4.410357598238393,-8.785183959528656,36.50696210205453
fukui_26,2024-01-23,1706043616000,4.7628376561399675,-9.247940060635113,36.50919417826696
fukui_26,2024-02-04,1707080415000,5.1768817293554426,-9.233908676706257,36.51252978503394
fukui_26,2024-02-16,1708117215000,4.816300546146036,-9.358231687296799,36.513251242244934
fukui_26,2024-02-28,1709154015000,4.595164552085684,-9.547907756404282,36.51571367494849
fukui_26,2024-03-11,1710190815000,3.642762963314994,-8.561721142983602,36.51477266382691
fukui_26,2024-03-23,1711227616000,4.811092485460905,-9.342377761813822,36.51564518701983
fukui_26,2024-04-04,1712264416000,4.498677338849769,-9.037115367317764,36.51359132689703
fukui_26,2024-04-16,1713301216000,5.673941003441025,-8.245242146485444,36.51347545575674
fukui_26,2024-04-28,1714338017000,5.0084387396404235,-8.975971065410864,36.50889091319415
fukui_26,2024-05-10,1715374817000,4.97666206714655,-8.991111027700827,36.50330180804689
fukui_26,2024-05-22,1716411616000,5.506804217780146,-8.607080982003898,36.504539094684795
fukui_26,2024-06-03,1717448416000,4.944984274123809,-8.50309328043081,36.49841625760651
fukui_26,2024-06-15,1718485216000,5.01352182385065,-8.513642912853705,36.4989119196973
fukui_26,2024-07-09,1720558815000,5.9808386406869,-8.595048593413345,36.504688411587686
fukui_26,2024-07-21,1721595614000,5.56036645563107,-9.622325219639812,36.50340456833344
fukui_26,2024-08-02,1722632414000,5.202860170647305,-9.094590470108662,36.50156844591055
fukui_26,2024-08-14,1723669214000,4.623523653065454,-8.75561829925951,36.51647182278183
fukui_26,2024-08-26,1724706015000,4.3313855122294775,-8.743979734009624,36.51259392282117
fukui_26,2024-09-07,1725742815000,4.694581507146271,-8.547940760850295,36.51550919520331
fukui_26,2024-09-19,1726779615000,4.705107406903287,-8.33628605015484,36.5154269075088
fukui_26,2024-10-01,1727816415000,4.9038875111142906,-7.572143319629765,36.51857683032421
fukui_26,2024-10-13,1728853216000,4.9273640150307045,-8.02301645456382,36.5106062431858
fukui_26,2024-10-25,1729890015000,5.348408911321015,-7.8178689236422105,36.52362103623305
fukui_26,2024-11-06,1730926815000,5.4654012464693125,-8.089353877412092,36.51109140064878
fukui_26,2024-11-18,1731963615000,4.60407218806918,-8.596611656886031,36.505841400847444
fukui_26,2024-12-12,1734037213000,3.8384199957605563,-8.588442698324855,36.50444599205083
fukui_26,2024-12-24,1735074012000,5.722924079837665,-8.403043996689206,36.509443346568645
fukui_26,2025-01-05,1736110811000,5.220944705356537,-8.205851390047913,36.50516723654631
fukui_26,2025-01-17,1737147610000,5.347901973024601,-8.491165199549748,36.50822081392604
fukui_26,2025-01-29,1738184409000,4.974929509298418,-8.102150912754356,36.50651877513255
fukui_26,2025-02-10,1739221209000,5.15339908802098,-8.8436355853219,36.507371559888185
fukui_26,2025-02-22,1740258008000,5.642815642847861,-9.4534904451362,36.51352405842788
fukui_26,2025-03-06,1741294808000,6.085725653165333,-9.39114450813861,36.513186863103556
fukui_26,2025-03-18,1742331608000,6.343972543754581,-6.67362179195353,36.51290724315557
fukui_26,2025-03-30,1743368409000,5.115037368546481,-8.066019580356256,36.50516066819706
fukui_26,2025-04-11,1744405209000,5.851144324298553,-7.326682226872883,36.51583701476617
fukui_26,2025-04-23,1745442009000,5.397026799231406,-8.254091663881406,36.50968198162136
fukui_26,2025-05-05,1746478809000,5.469816929927019,-8.255015083924228,36.50742269949334
fukui_26,2025-05-17,1747515609000,5.570314667142171,-7.743200255875822,36.504839601172336
fukui_26,2025-05-29,1748552408000,5.494676368839653,-7.552232241302254,36.4999884450368
fukui_26,2025-06-10,1749589208000,6.023638479065784,-7.016069637379508,36.496685697432234
fukui_26,2025-06-22,1750626007000,13.476025672840924,-5.109667801577619,36.49615751006985
fukui_26,2025-07-04,1751662806000,5.792573534599212,-7.880931640777704,36.50330568921917
fukui_26,2025-07-16,1752699606000,5.752709879646474,-7.852285188794874,36.50513451623224
fukui_26,2025-07-28,1753736405000,5.336984469646471,-7.980655692694063,36.50592175662659
fukui_26,2025-08-09,1754773205000,6.2377089332172915,-7.228845260555645,36.504430863992965
fukui_26,2025-08-21,1755810005000,5.166562593325779,-8.263949187077934,36.509678209535856
fukui_26,2025-09-02,1756846805000,5.281279640412987,-8.082154681179391,36.51205182352927
fukui_26,2025-09-14,1757883606000,5.507805820987583,-7.68035514863468,36.515102772301894
fukui_26,2025-09-26,1758920406000,5.689512864660486,-7.688217259022268,36.515853851057635
fukui_26,2025-10-08,1759957207000,5.315397082431227,-8.01170273984056,36.50468641199455
fukui_26,2025-10-20,1760994006000,5.306667570633784,-7.702482244604903,36.511261609024025
fukui_26,2025-11-01,1762030806000,5.548533171217115,-8.328629869509873,36.50646314166839
fukui_26,2025-11-13,1763067605000,5.188757358755399,-8.644670421918546,36.5099400482397
fukui_26,2025-11-25,1764104404000,12.271353152128805,-5.673400270936896,36.50708907179414
fukui_26,2025-12-07,1765141203000,5.204152818219376,-7.728380911613153,36.50088232649248
fukui_26,2025-12-19,1766178002000,5.150121592367782,-8.27605691320671,36.50227762852061
fukui_26,2025-12-31,1767214801000,5.3561882839538075,-7.272440638496413,36.506859786335475
fukui_26,2026-01-12,1768251600000,4.650240489464059,-8.222322686585438,36.508481275223474
fukui_26,2026-01-24,1769288398000,9.21741446648665,-8.358333172419853,36.51439724730718
fukui_26,2026-02-17,1771361997000,5.352530279569195,-9.044444848944142,36.511266167375624
fukui_26,2026-03-01,1772398797000,5.480673640259167,-8.574869607700684,36.5109070395743
fukui_26,2026-03-13,1773435597000,5.559633792612182,-8.824921967925702,36.51485355180786
fukui_26,2026-03-25,1774472398000,5.670863107250161,-8.075576307073097,36.51367205476897
fukui_26,2026-04-06,1775509198000,5.437879497167977,-8.657057956727638,36.510840702982776
fukui_26,2026-04-18,1776545998000,5.432075304816047,-8.195810319895411,36.50269043008693
fukui_26,2026-04-30,1777582797000,5.665613942234479,-7.048824269876476,36.50108259787682
fukui_26,2026-05-12,1778619597000,5.304877416965178,-8.072650612092241,36.5028208901194
fukui_27,2017-02-16,1487278774030,3.6300642416373843,-12.0575198051244,36.57946113757567
fukui_27,2017-02-28,1488315573000,3.1810856379152708,-11.317155268644186,36.57789112873915
fukui_27,2017-03-12,1489352374000,3.8796275038175083,-11.689728948545916,36.57215275884205
fukui_27,2017-03-24,1490389174380,3.7432792927083547,-11.924725881371918,36.57751383674214
fukui_27,2017-04-05,1491425974840,3.5907328459085677,-12.135348967659503,36.577502378723416
fukui_27,2017-04-17,1492462775450,4.5080057508970794,-12.252717887315315,36.57843784053062
fukui_27,2017-04-29,1493499575000,2.9445816168087977,-11.76273275342668,36.57730878868148
fukui_27,2017-05-11,1494536376000,3.482626048542824,-12.19349647456377,36.57136987689776
fukui_27,2017-05-23,1495573177000,3.2747985524835217,-10.496334562817713,36.57442094942592
fukui_27,2017-06-04,1496609978000,2.488541815630881,-10.47289034885789,36.57605419190791
fukui_27,2017-06-16,1497646778000,3.3613919591338135,-10.5891833919697,36.57973995551269
fukui_27,2017-06-28,1498683579000,3.5137212103345274,-10.699572760926172,36.578590723272136
fukui_27,2017-07-10,1499720379000,3.8682811073446435,-10.551175965307086,36.576084840356714
fukui_27,2017-07-22,1500757180000,3.1359513667002257,-10.70074482130268,36.576555563036294
fukui_27,2017-08-03,1501793981000,2.7237451153445167,-11.747930067874954,36.57419148730462
fukui_27,2017-08-15,1502830782000,3.1669551591860365,-11.02556239790884,36.57874951302279
fukui_27,2017-08-27,1503867582000,3.031859372699448,-11.127987799698982,36.57644620521386
fukui_27,2017-09-08,1504904382000,2.0942679762050784,-10.006696609462399,36.57442023136415
fukui_27,2017-09-20,1505941183000,2.2460052458780804,-9.88909909327105,36.57250321621484
fukui_27,2017-10-02,1506977983000,3.592544052100772,-9.975283894352396,36.57584954437783
fukui_27,2017-10-14,1508014783000,3.520282565997549,-10.307113214846884,36.57711465999108
fukui_27,2017-10-26,1509051584000,1.6728591329404774,-10.670357590723116,36.57481455023625
fukui_27,2017-11-07,1510088383000,3.5970562512132447,-10.77783821353339,36.57484117179954
fukui_27,2017-11-19,1511125183000,3.2967380008157168,-10.959026305263162,36.57213559456505
fukui_27,2017-12-01,1512161983000,3.9634912824701174,-10.939821944229687,36.5754625714823
fukui_27,2017-12-13,1513198782000,2.754790423517776,-9.79070650508485,36.57690629204723
fukui_27,2017-12-25,1514235582000,4.196227646061357,-9.862196250929793,36.580847849670945
fukui_27,2018-01-06,1515272381000,3.469671367621197,-10.141727211311268,36.57615210522305
fukui_27,2018-01-18,1516309181000,4.017989115956791,-10.992278819207565,36.57063822039435
fukui_27,2018-01-30,1517345980000,2.96108452551944,-10.734813052793728,36.5738063276141
fukui_27,2018-02-11,1518382780000,1.2823252813897066,-12.481742766340775,36.573600272380055
fukui_27,2018-02-23,1519419580000,3.8961658560511583,-11.411861717765296,36.58199641473757
fukui_27,2018-03-07,1520456380000,3.7309591508349897,-11.027725872287844,36.5859846695923
fukui_27,2018-03-19,1521493180000,4.116960962184112,-9.546157104143493,36.57832701766858
fukui_27,2018-03-31,1522529981000,3.8974556722461084,-11.29280950796473,36.57461396490435
fukui_27,2018-04-12,1523566781000,4.024510946783228,-11.264511810426477,36.57697683571357
fukui_27,2018-04-24,1524603582000,5.6647490830829765,-10.378356302544109,36.58034121036415
fukui_27,2018-05-06,1525640382000,4.385603962827735,-10.910882310097792,36.57923716616248
fukui_27,2018-05-18,1526677183000,4.615133966341655,-10.266668229093867,36.577774724229165
fukui_27,2018-05-30,1527713983000,4.033803345387971,-10.23941921666714,36.580016191896306
fukui_27,2018-06-11,1528750784000,4.296288445114948,-10.351332115626477,36.573657038787225
fukui_27,2018-06-23,1529787585000,4.325310270417126,-12.018878834958912,36.5764645772413
fukui_27,2018-06-29,1530305934000,3.9264505256268234,-11.438873067702938,36.608440749467775
fukui_27,2018-07-05,1530824385000,3.169638033180362,-10.768774027267856,36.58434006304196
fukui_27,2018-07-17,1531861186000,3.7181855084472275,-11.667591403949459,36.5795888000127
fukui_27,2018-07-29,1532897988000,3.7379451919765083,-11.47585041190121,36.57004558415254
fukui_27,2018-08-10,1533934788000,3.637612524339654,-10.786006503803918,36.57489309439332
fukui_27,2018-08-22,1534971588000,3.819448465682019,-11.173106244957784,36.57869549772955
fukui_27,2018-09-03,1536008389000,3.345397654905426,-10.95881756537493,36.57554019338244
fukui_27,2018-09-15,1537045189000,3.218031092128025,-10.392916270767687,36.57795396462
fukui_27,2018-09-27,1538081990000,3.8659320138488718,-9.81481938424491,36.57525048244593
fukui_27,2018-10-09,1539118790000,3.2428411270047905,-10.430137752587617,36.57394160789228
fukui_27,2018-10-21,1540155590000,3.093636786011849,-10.542997169669706,36.574998728193286
fukui_27,2018-11-02,1541192390000,3.9353415925141526,-10.331129792456279,36.57586873692247
fukui_27,2018-11-14,1542229190000,3.0423881020004497,-10.414087627021964,36.57404151795401
fukui_27,2018-11-26,1543265989000,2.9370645760669962,-10.002904344676619,36.575389216468515
fukui_27,2018-12-08,1544302789000,3.4113973141292377,-11.272379320998345,36.57196194746277
fukui_27,2018-12-20,1545339589000,2.9377838224290995,-10.567633940956688,36.57504478556697
fukui_27,2019-01-01,1546376388000,5.123728735076576,-11.756404246965166,36.57557484421605
fukui_27,2019-01-13,1547413188000,4.7742981328630965,-10.967881992429218,36.57884221100697
fukui_27,2019-01-25,1548449987000,4.550298412804532,-10.7470235668194,36.57206480343837
fukui_27,2019-02-06,1549486787000,4.229077659027287,-10.711359275818998,36.57555472371922
fukui_27,2019-02-18,1550523587000,2.9421576223196606,-10.737412973999685,36.571569813033534
fukui_27,2019-03-02,1551560387000,3.5740672549178294,-10.943676100341609,36.570722258746976
fukui_27,2019-03-14,1552597187000,2.526463223878007,-10.059735048462736,36.58090446568742
fukui_27,2019-03-26,1553633987000,3.8465485726750166,-9.361505189969769,36.57744514078988
fukui_27,2019-04-07,1554670787000,3.686677667348524,-10.85397655968969,36.57456422916128
fukui_27,2019-04-19,1555707588000,3.534163486049929,-10.605431966060225,36.56992798991358
fukui_27,2019-05-01,1556744388000,3.219054304574579,-10.332599783850773,36.56943934091398
fukui_27,2019-05-13,1557781189000,3.8204900570146463,-11.565746278529039,36.57821547197871
fukui_27,2019-05-25,1558817989000,4.2122498463728135,-11.083414178303089,36.57702144908769
fukui_27,2019-06-06,1559854790000,4.45202642909067,-10.672304530477787,36.57929573286418
fukui_27,2019-06-18,1560891590000,2.8779612434418405,-11.062178131614257,36.5779478966963
fukui_27,2019-06-30,1561928391000,3.15414973312811,-10.307738431374453,36.57370239040346
fukui_27,2019-07-12,1562965192000,3.3630622984137273,-10.315378747168223,36.57750852956068
fukui_27,2019-07-24,1564001993000,3.0273915822080273,-10.9731572867033,36.58003096329537
fukui_27,2019-08-05,1565038794000,2.8761151197140604,-11.780111023789436,36.57887463130973
fukui_27,2019-08-17,1566075594000,2.793292373496406,-11.557850379605748,36.57174401410179
fukui_27,2019-08-29,1567112395000,3.730930448701298,-11.508464011598015,36.57459945533974
fukui_27,2019-09-10,1568149195000,3.3866266470844613,-11.157782296211874,36.578661084062325
fukui_27,2019-09-22,1569185996000,2.6150307891911906,-10.816958103354388,36.5750363776101
fukui_27,2019-10-04,1570222796000,2.531467639901581,-10.028324059194853,36.573906798847446
fukui_27,2019-10-16,1571259596000,3.032765692813158,-11.03272932354422,36.57663416929521
fukui_27,2019-10-28,1572296396000,3.236474855777524,-10.756735571677025,36.57485038991797
fukui_27,2019-11-09,1573333196000,2.496595538552072,-10.863915410919743,36.57444609968875
fukui_27,2019-11-21,1574369996000,2.5967255284015325,-9.930739187296425,36.57691368856235
fukui_27,2019-12-03,1575406796000,3.5020963487014325,-10.179326001397492,36.57748116819867
fukui_27,2019-12-15,1576443595000,3.7435572211002626,-9.878284862856116,36.57204183183648
fukui_27,2019-12-27,1577480395000,2.9420098877182066,-9.810570657593688,36.56884773183362
fukui_27,2020-01-08,1578517194000,3.7960377811063295,-10.620439648078875,36.57206208100385
fukui_27,2020-01-20,1579553994000,3.052743115938019,-10.286476574747493,36.57615245957494
fukui_27,2020-02-01,1580590793000,3.5623566353569465,-9.890241040209677,36.502319472144464
fukui_27,2020-02-13,1581627593000,4.070327473327509,-10.863384682106693,36.5022359795378
fukui_27,2020-02-25,1582664393000,3.7162723318680246,-9.805789339440825,36.50112518259816
fukui_27,2020-03-08,1583701193000,3.3337257620716705,-10.271736944257242,36.49834852008094
fukui_27,2020-03-20,1584737993000,3.448252379152735,-10.309417080800417,36.50252977961746
fukui_27,2020-04-01,1585774793000,3.2507494669369175,-10.368079678560639,36.50951024024716
fukui_27,2020-04-13,1586811594000,4.6781067838038135,-9.868308647725113,36.50554524900557
fukui_27,2020-04-25,1587848394000,3.243608252951229,-11.629995263703012,36.49988648024217
fukui_27,2020-05-07,1588885195000,3.5432482142072312,-11.195302900664139,36.50303048779301
fukui_27,2020-05-19,1589921995000,3.6729428459749363,-9.909013317413084,36.504556330195
fukui_27,2020-05-31,1590958796000,2.874175510064837,-10.778442803106255,36.50576243019828
fukui_27,2020-06-12,1591995597000,2.8427887421845672,-10.771938715404797,36.503003838671745
fukui_27,2020-06-24,1593032398000,3.0114087272833183,-11.877575777702294,36.50203717413886
fukui_27,2020-07-06,1594069198000,4.897042986640304,-10.156032029069317,36.502885529598814
fukui_27,2020-07-18,1595105999000,3.247333868499044,-10.018947825671372,36.50454148454663
fukui_27,2020-07-30,1596142800000,2.1304610638619192,-11.11534019524275,36.50131137100223
fukui_27,2020-08-11,1597179600000,3.777001001872028,-10.142188285049084,36.502955442365646
fukui_27,2020-08-23,1598216401000,3.197121212134579,-10.001595873937331,36.50224200244199
fukui_27,2020-09-04,1599253202000,3.1722866582370712,-10.558026802288254,36.49920071734618
fukui_27,2020-09-16,1600290002000,2.992856865544516,-11.35001078844612,36.50044649359013
fukui_27,2020-09-28,1601326803000,2.1388652930120418,-11.098513832031426,36.49982367802275
fukui_27,2020-10-10,1602363603000,3.4280024914893725,-9.504916151888686,36.49832528327492
fukui_27,2020-10-22,1603400403000,4.231278670261474,-11.644327254615032,36.50270107108945
fukui_27,2020-11-03,1604437203000,3.4368931275734016,-10.900046556029599,36.497047440514685
fukui_27,2020-11-15,1605474003000,4.080723506923144,-11.794674086466426,36.49649767513902
fukui_27,2020-11-27,1606510802000,3.908815860621156,-10.544305689270917,36.50276518071527
fukui_27,2020-12-09,1607547602000,2.841755102283498,-11.591251289745527,36.50081845784475
fukui_27,2020-12-21,1608584401000,3.453082385661078,-11.30180017222344,36.50091923034338
fukui_27,2021-01-02,1609621201000,3.47148758875065,-11.906166923072533,36.496933068653185
fukui_27,2021-01-14,1610658000000,3.0804612537854577,-10.515915866160293,36.49533267716124
fukui_27,2021-01-26,1611694800000,4.629933039698505,-10.166559726669503,36.495306369933196
fukui_27,2021-02-07,1612731599000,3.9598758853841667,-10.457621391106624,36.498068947166935
fukui_27,2021-02-19,1613768399000,2.786798277950795,-9.565693767885659,36.505902383770916
fukui_27,2021-03-03,1614805199000,2.5390439516695227,-10.390477016579354,36.50815120638472
fukui_27,2021-03-15,1615841999000,3.625733379889802,-11.080163768122588,36.502225156882254
fukui_27,2021-03-27,1616878799000,3.522058853555982,-12.540941850311075,36.50312017261825
fukui_27,2021-04-08,1617915599000,4.062920576584592,-10.872491973050554,36.50628499072725
fukui_27,2021-04-20,1618952400000,3.799459817233775,-11.310809363958613,36.5058109688309
fukui_27,2021-05-02,1619989200000,3.2527001387630947,-10.970999938348935,36.50771972539879
fukui_27,2021-05-14,1621026001000,2.938345208537833,-11.624995943978561,36.505540055355475
fukui_27,2021-05-26,1622062802000,2.967944738406886,-11.360595412649385,36.50211329805417
fukui_27,2021-06-07,1623099602000,3.771397936270591,-10.730641532392431,36.50390972102272
fukui_27,2021-06-19,1624136403000,4.049904069979924,-11.585862793520457,36.50639170831286
fukui_27,2021-07-01,1625173204000,3.8951550301860745,-11.170793577373338,36.50293260951111
fukui_27,2021-07-13,1626210005000,2.8364759578460483,-10.338520361110811,36.50605774652908
fukui_27,2021-07-25,1627246805000,2.9731961532495985,-10.841181098523554,36.506469245863386
fukui_27,2021-08-06,1628283606000,3.170288593269334,-9.920815166448293,36.50340417443517
fukui_27,2021-08-18,1629320407000,2.7951508679851442,-10.298509750514693,36.50499462162847
fukui_27,2021-08-30,1630357207000,3.1999885022483854,-10.997174023716068,36.50457154129082
fukui_27,2021-09-11,1631394008000,2.3083392049215075,-10.700510503828877,36.50125582125308
fukui_27,2021-09-23,1632430808000,2.883921457690623,-9.95793313664041,36.498990159818014
fukui_27,2021-10-05,1633467608000,3.6426631568589922,-10.579485484107774,36.49871821625156
fukui_27,2021-10-17,1634504409000,2.5684825626332835,-10.597746855958041,36.49839178600582
fukui_27,2021-10-29,1635541208000,3.939188064718863,-11.99640802203772,36.49995627543011
fukui_27,2021-11-22,1637614808000,3.2751945977839996,-11.205218496132177,36.49830615870759
fukui_27,2021-12-04,1638651607000,2.7742817764499796,-12.222550456847198,36.495682070624326
fukui_27,2021-12-16,1639688407000,4.694169783662809,-11.197996998707653,36.49639805284245
fukui_27,2021-12-28,1640725206000,3.729718606983387,-11.630595605770607,36.50498485160896
fukui_27,2022-01-09,1641762006000,3.2879854859139783,-11.625249816326468,36.5006447532124
fukui_27,2022-01-21,1642798805000,3.5368358357313827,-11.732302263540166,36.49855345306973
fukui_27,2022-02-02,1643835604000,3.6045473903773173,-11.044934815509807,36.502508153518036
fukui_27,2022-02-14,1644872405000,3.777916620155792,-11.271964994517049,36.498073056336665
fukui_27,2022-02-26,1645909204000,3.5325916913793782,-10.351888253772639,36.499600264284396
fukui_27,2022-03-10,1646946004000,4.485046229552658,-11.326121723252134,36.50531996381736
fukui_27,2022-03-22,1647982805000,2.5814308271387256,-10.594557701787139,36.50500916060167
fukui_27,2022-04-03,1649019605000,4.823348089211358,-11.114920466156937,36.5022364518175
fukui_27,2022-04-15,1650056405000,4.053750346601217,-12.67393277752825,36.50485716358425
fukui_27,2022-04-27,1651093206000,3.1514988475650645,-11.517447761787032,36.50303998628273
fukui_27,2022-05-09,1652130006000,4.478488243060425,-12.069022966171275,36.505495691625036
fukui_27,2022-05-21,1653166807000,2.865881263054812,-11.99944955748375,36.50876308356309
fukui_27,2022-06-02,1654203608000,3.768154657927376,-11.630203472040897,36.50384899449431
fukui_27,2022-06-14,1655240409000,3.8790512107194792,-12.237020163481443,36.50521396321488
fukui_27,2022-06-26,1656277210000,3.8076481249455556,-12.801463329716096,36.49909508785775
fukui_27,2022-07-08,1657314010000,3.4403621711264836,-11.007611764526905,36.50416540763104
fukui_27,2022-07-20,1658350811000,3.6639587751148017,-11.627747879507991,36.5042345567749
fukui_27,2022-08-01,1659387612000,4.124681975951634,-10.694370260319504,36.503858800631086
fukui_27,2022-08-13,1660424413000,3.593494612993116,-12.40549650046278,36.503522858371845
fukui_27,2022-08-25,1661461213000,3.272056660668033,-11.86800280924571,36.5042168784792
fukui_27,2022-09-06,1662497988000,3.213144588994896,-12.208222632022178,36.57393462912548
fukui_27,2022-09-18,1663534814000,3.956558084956393,-10.820873985691698,36.509281580177145
fukui_27,2022-09-30,1664571615000,2.4923547306619387,-11.742930415375945,36.49796504217515
fukui_27,2022-10-12,1665608414000,2.4036076847579513,-10.918063001293191,36.5064295320817
fukui_27,2022-10-24,1666645215000,2.9767567333408707,-12.302796216271753,36.50033673553755
fukui_27,2022-11-05,1667682014000,3.2920011483336795,-10.510731679876171,36.50405189664464
fukui_27,2022-11-17,1668718814000,3.1589546983136247,-10.864278560678008,36.503313663584755
fukui_27,2022-11-29,1669755614000,3.065143685500472,-11.328537618194307,36.49893974879967
fukui_27,2022-12-11,1670792413000,2.7971977980080753,-11.801547631286185,36.4978200621982
fukui_27,2022-12-23,1671829212000,13.058631249430768,-9.150973718595042,36.49552383892574
fukui_27,2023-01-04,1672866012000,2.6792538255404867,-11.187061855213672,36.5008439047672
fukui_27,2023-01-16,1673902811000,4.091699700737417,-10.491054654620392,36.51293367222682
fukui_27,2023-01-28,1674939611000,-0.7913458187174,-12.72230476132842,36.49599798159165
fukui_27,2023-02-09,1675976410000,3.894122211165461,-9.558671863408257,36.50429533916339
fukui_27,2023-02-21,1677013210000,3.618662587075205,-9.994233232222939,36.50648199258576
fukui_27,2023-03-05,1678050010000,2.5703717634217718,-10.469865075178912,36.499632125530596
fukui_27,2023-03-17,1679086810000,5.6885073783498825,-10.2137559034978,36.508536456777186
fukui_27,2023-03-29,1680123610000,3.852897027794968,-10.450184980305584,36.511272172412276
fukui_27,2023-04-10,1681160411000,3.769357850741261,-11.480325294643084,36.50178358492683
fukui_27,2023-04-22,1682197211000,3.3060167783007484,-11.797717473337697,36.500494677294405
fukui_27,2023-05-04,1683234012000,3.5804029048580697,-11.965648847292416,36.499231607613815
fukui_27,2023-05-16,1684270813000,3.4550567146827436,-12.0856643597077,36.498017989959926
fukui_27,2023-05-28,1685307613000,7.563273512637634,-11.859943147614741,36.50025840587266
fukui_27,2023-06-09,1686344413000,2.816029699275675,-11.626083803873831,36.50759800195579
fukui_27,2023-06-21,1687381214000,4.270194726499295,-10.986371296622432,36.509607454559514
fukui_27,2023-07-03,1688418015000,3.1856871145686743,-12.864359063313085,36.502248267158116
fukui_27,2023-07-15,1689454816000,2.8855404946554364,-11.92397052648799,36.499235376557024
fukui_27,2023-07-27,1690491617000,3.560243537304662,-11.561202937189021,36.50425801913467
fukui_27,2023-08-08,1691528417000,3.1269129893394014,-11.376132278479682,36.51596275691523
fukui_27,2023-08-20,1692565218000,3.082480243879549,-11.213502120788023,36.508637465050754
fukui_27,2023-09-01,1693602019000,2.7115588718762895,-11.741395347545566,36.5014330163224
fukui_27,2023-09-13,1694638819000,2.862328636443413,-10.984435125483028,36.50474855089628
fukui_27,2023-09-25,1695675620000,2.763331758659034,-11.765747743626116,36.499893624285654
fukui_27,2023-10-07,1696712419000,2.386121271087858,-10.763443856279132,36.50199314910319
fukui_27,2023-10-19,1697749220000,3.378965985239314,-11.340216395624395,36.49700563714001
fukui_27,2023-10-31,1698786019000,2.7793687084482586,-10.488600481022697,36.50135734993761
fukui_27,2023-11-12,1699822819000,4.077056243126647,-12.011753075673724,36.496017332189226
fukui_27,2023-11-24,1700859618000,2.5868468284933313,-9.80407447773739,36.51042017772433
fukui_27,2023-12-06,1701896418000,2.755879430631452,-11.205824571666135,36.503530824879
fukui_27,2023-12-18,1702933217000,3.660941559058976,-8.505463354922911,36.50259239883816
fukui_27,2023-12-30,1703970017000,1.381399290417579,-11.514225181022788,36.49982534874972
fukui_27,2024-01-11,1705006816000,2.5064223009340814,-11.377078637556004,36.49745375745074
fukui_27,2024-01-23,1706043616000,-1.4315712733342782,-12.776328304539296,36.49973531563133
fukui_27,2024-02-04,1707080415000,1.4941090028643556,-10.863164815023083,36.503064294920016
fukui_27,2024-02-16,1708117215000,1.7025672231855895,-11.688966788587026,36.503734822636936
fukui_27,2024-02-28,1709154015000,3.0813651757939677,-10.636714019426396,36.50629741251818
fukui_27,2024-03-11,1710190815000,1.2101054240622244,-9.301030561795432,36.505313268643
fukui_27,2024-03-23,1711227616000,0.6571068609653651,-12.385187721578328,36.50620074425974
fukui_27,2024-04-04,1712264416000,0.95792979220697,-13.720767393168824,36.50417339025936
fukui_27,2024-04-16,1713301216000,1.5412102288409864,-14.283808839616945,36.50400761970411
fukui_27,2024-04-28,1714338017000,0.38398681899994613,-11.548900221011564,36.4994691480031
fukui_27,2024-05-10,1715374817000,0.17824987429934502,-11.231325669800938,36.49384033377056
fukui_27,2024-05-22,1716411616000,0.5196469523744973,-11.226914122492074,36.4950905173399
fukui_27,2024-06-03,1717448416000,0.7897345412591094,-12.846998540448466,36.4889819218149
fukui_27,2024-06-15,1718485216000,0.5800224697105109,-11.957783735768222,36.48946741620232
fukui_27,2024-07-09,1720558815000,0.6698129326009451,-11.762380146243872,36.495263788828595
fukui_27,2024-07-21,1721595614000,0.6160395599874341,-11.753844816906279,36.49401310460365
fukui_27,2024-08-02,1722632414000,0.6016688431999693,-12.488599764699552,36.4921733503658
fukui_27,2024-08-14,1723669214000,0.9836117396600466,-11.66102493423871,36.5070830395705
fukui_27,2024-08-26,1724706015000,0.8028431953845805,-12.320992528266476,36.50313594897738
fukui_27,2024-09-07,1725742815000,0.7744873543778638,-12.437716801134812,36.506124005817824
fukui_27,2024-09-19,1726779615000,0.8125040810492873,-12.252813071411419,36.50601145492832
fukui_27,2024-10-01,1727816415000,1.0561173700439301,-13.248373586222487,36.50906408572862
fukui_27,2024-10-13,1728853216000,0.4473456042853044,-12.480795113615713,36.501145265134035
fukui_27,2024-10-25,1729890015000,0.454944411222008,-12.420382947449875,36.51416264346868
fukui_27,2024-11-06,1730926815000,0.8587799756547282,-12.80172073513466,36.50162368472006
fukui_27,2024-11-18,1731963615000,1.492533660970056,-11.63794751231276,36.49644537894955
fukui_27,2024-12-12,1734037213000,1.120241456275997,-12.545822036045989,36.4950218496466
fukui_27,2024-12-24,1735074012000,0.3359193712763339,-12.601195105139094,36.499918456586464
fukui_27,2025-01-05,1736110811000,0.16908267655747972,-12.139467925472514,36.49563114650422
fukui_27,2025-01-17,1737147610000,0.5858844045216675,-11.651944794600293,36.49869897266655
fukui_27,2025-01-29,1738184409000,0.9699415710948258,-12.14668099748949,36.497127815996535
fukui_27,2025-02-10,1739221209000,-0.29189592526348296,-12.726374437623358,36.497972236899734
fukui_27,2025-02-22,1740258008000,0.701540688507302,-12.585026528691161,36.50398751499232
fukui_27,2025-03-06,1741294808000,0.9548891085855622,-11.600801184137847,36.50372585563947
fukui_27,2025-03-18,1742331608000,0.8885659956806039,-12.122463596743842,36.503437223500136
fukui_27,2025-03-30,1743368409000,0.9844276384703997,-13.107534880107574,36.49576683542198
fukui_27,2025-04-11,1744405209000,0.4361726000068671,-10.751022783469384,36.506450903769185
fukui_27,2025-04-23,1745442009000,0.3785578564503148,-10.742174096045257,36.5002137224821
fukui_27,2025-05-05,1746478809000,0.33951328762507355,-11.642522151546592,36.49799796513149
fukui_27,2025-05-17,1747515609000,0.7151182720594709,-11.208827082320099,36.4953814276708
fukui_27,2025-05-29,1748552408000,0.6191025755835498,-12.205043260242036,36.49052687972946
fukui_27,2025-06-10,1749589208000,0.8470185540585754,-11.870982653494078,36.487250576150444
fukui_27,2025-06-22,1750626007000,9.0162536576651,-11.632313430827153,36.486724659821526
fukui_27,2025-07-04,1751662806000,0.5792931837615446,-10.713425033622071,36.49390263133654
fukui_27,2025-07-16,1752699606000,0.547890958558512,-11.848343052529104,36.495746270192626
fukui_27,2025-07-28,1753736405000,0.7959695195815186,-10.366929126683297,36.49652174593782
fukui_27,2025-08-09,1754773205000,2.2496730898910835,-12.333306084680776,36.495032248235546
fukui_27,2025-08-21,1755810005000,0.6111094249775448,-10.891031750646787,36.50028528175461
fukui_27,2025-09-02,1756846805000,0.6469285050118554,-10.811903321664055,36.502594876261135
fukui_27,2025-09-14,1757883606000,0.37880841661062814,-10.297477822485465,36.505712747517734
fukui_27,2025-09-26,1758920406000,0.8250163443322984,-12.469369807807386,36.50639266606616
fukui_27,2025-10-08,1759957207000,0.3657341326712576,-11.024437516921958,36.49522514144579
fukui_27,2025-10-20,1760994006000,0.8519031619707551,-11.678891247443948,36.50184857677244
fukui_27,2025-11-01,1762030806000,1.2225600300382216,-11.352199560462381,36.49699810848391
fukui_27,2025-11-13,1763067605000,0.23085263457813254,-11.944311950204838,36.50046207196126
fukui_27,2025-11-25,1764104404000,9.903360845543054,-11.097159195001218,36.49768565672077
fukui_27,2025-12-07,1765141203000,0.8171210711272169,-11.012961930109306,36.49147837745724
fukui_27,2025-12-19,1766178002000,1.0087434187968447,-11.059256404101593,36.49288480603039
fukui_27,2025-12-31,1767214801000,1.4086132043130926,-13.063110527664895,36.49739773360934
fukui_27,2026-01-12,1768251600000,0.08526151266657257,-11.860500447472095,36.49908148582172
fukui_27,2026-01-24,1769288398000,0.7305706087940523,-11.692482721736539,36.50492209454264
fukui_27,2026-02-17,1771361997000,0.33396677634752536,-11.566090638885163,36.50186919441991
fukui_27,2026-03-01,1772398797000,0.4036275273936489,-11.894014826134304,36.50150132508768
fukui_27,2026-03-13,1773435597000,-0.03395843995749504,-11.843229059559038,36.5054643604779
fukui_27,2026-03-25,1774472398000,0.5359751707917195,-12.449470036168014,36.504177391189764
fukui_27,2026-04-06,1775509198000,0.325238385859504,-11.476796322524269,36.50143441656754
fukui_27,2026-04-18,1776545998000,0.9038390241822235,-11.80396535360313,36.493244938414854
fukui_27,2026-04-30,1777582797000,1.2998884856967703,-11.870042208752084,36.491661827066046
fukui_27,2026-05-12,1778619597000,0.7138221107572976,-11.458421381251654,36.49343213168057
fukui_28,2017-02-16,1487278774030,9.958399045583814,-11.020557719330528,36.565432164071574
fukui_28,2017-02-28,1488315573000,9.958816864606733,-9.131917988810313,36.56386469581808
fukui_28,2017-03-12,1489352374000,9.919161563806583,-9.76636705173683,36.558152638342314
fukui_28,2017-03-24,1490389174380,7.707606584226207,-8.470573247598773,36.563494924493284
fukui_28,2017-04-05,1491425974840,7.290675630113591,-7.657319875790325,36.563469829132636
fukui_28,2017-04-17,1492462775450,9.527670481269107,-8.772002490071724,36.56444545105824
fukui_28,2017-04-29,1493499575000,7.48694989627927,-9.4910287260341,36.56330056478894
fukui_28,2017-05-11,1494536376000,7.871598740319618,-8.818511994546538,36.55733682798301
fukui_28,2017-05-23,1495573177000,7.962743019953999,-8.088469603160949,36.560421659060175
fukui_28,2017-06-04,1496609978000,7.58306534814826,-8.74188269256458,36.56202515820793
fukui_28,2017-06-16,1497646778000,7.132657087515639,-9.357230909409433,36.56570927773635
fukui_28,2017-06-28,1498683579000,5.930442825032432,-11.282494884989086,36.564596583018265
fukui_28,2017-07-10,1499720379000,7.216967304675065,-9.912326473011223,36.562077605670375
fukui_28,2017-07-22,1500757180000,7.203604073651985,-8.982297204694929,36.56254077645064
fukui_28,2017-08-03,1501793981000,7.304450117169261,-9.455090601091381,36.56015648885062
fukui_28,2017-08-15,1502830782000,6.059006804003065,-9.586008509285058,36.564723413459696
fukui_28,2017-08-27,1503867582000,7.594397612023493,-11.897859471753456,36.56244607859272
fukui_28,2017-09-08,1504904382000,8.047172165110835,-11.08860198280017,36.560388899678074
fukui_28,2017-09-20,1505941183000,7.552069894016653,-10.205526993832871,36.55850041646876
fukui_28,2017-10-02,1506977983000,7.226418340649516,-10.762741962110184,36.56183589836928
fukui_28,2017-10-14,1508014783000,7.462530135664615,-10.475075659928926,36.5631139356078
fukui_28,2017-10-26,1509051584000,5.516547457482059,-11.206428697699739,36.56079126860824
fukui_28,2017-11-07,1510088383000,7.45652265419635,-11.345423274289633,36.56082214125202
fukui_28,2017-11-19,1511125183000,5.940837358782361,-10.15524302335102,36.55812460822516
fukui_28,2017-12-01,1512161983000,13.858355896349465,-9.33534681688028,36.56142854883603
fukui_28,2017-12-13,1513198782000,6.684185721027914,-10.7998127493052,36.562889384163505
fukui_28,2017-12-25,1514235582000,7.240863462069635,-11.13407634935549,36.56682740780789
fukui_28,2018-01-06,1515272381000,6.117749888814706,-11.497678695411118,36.56213240610988
fukui_28,2018-01-18,1516309181000,6.274939128532654,-13.279955873219466,36.55661021618017
fukui_28,2018-01-30,1517345980000,5.300348371072046,-10.386146524399656,36.55977687563213
fukui_28,2018-02-11,1518382780000,0.415913164295767,-9.369723460627215,36.55957651160978
fukui_28,2018-02-23,1519419580000,7.0591100690099875,-12.687985242702732,36.56797082381639
fukui_28,2018-03-07,1520456380000,7.3866983166194,-11.747850927660407,36.57196137506341
fukui_28,2018-03-19,1521493180000,12.084677270377805,-8.679110884048763,36.56431223581635
fukui_28,2018-03-31,1522529981000,6.971835963418899,-10.372439159392561,36.560587768845735
fukui_28,2018-04-12,1523566781000,7.276691775041614,-10.557778150052417,36.56296602490974
fukui_28,2018-04-24,1524603582000,10.764410073097723,-10.157516276525993,36.56632895462841
fukui_28,2018-05-06,1525640382000,4.814450348201784,-8.95533675247944,36.5652246099578
fukui_28,2018-05-18,1526677183000,7.339604760564107,-9.287639010647178,36.56378896858008
fukui_28,2018-05-30,1527713983000,8.666094726169602,-9.920355177095251,36.56600101925076
fukui_28,2018-06-11,1528750784000,7.5290740549304696,-9.783938234984948,36.55967035933002
fukui_28,2018-06-23,1529787585000,8.38131490854695,-12.577964159944756,36.562461893249385
fukui_28,2018-06-29,1530305934000,8.399072891854393,-11.153312264480139,36.5944839352391
fukui_28,2018-07-05,1530824385000,6.704970029306275,-9.561389842934993,36.57033089712156
fukui_28,2018-07-17,1531861186000,7.719324413426518,-10.579396054717506,36.56556961963552
fukui_28,2018-07-29,1532897988000,7.855323765811337,-9.845711310366129,36.55601212538327
fukui_28,2018-08-10,1533934788000,7.237459472089741,-11.298872042373478,36.56087978641049
fukui_28,2018-08-22,1534971588000,8.24904505646763,-9.834566633487945,36.56466756938011
fukui_28,2018-09-03,1536008389000,6.6679969639899745,-10.320194868909814,36.561551102968004
fukui_28,2018-09-15,1537045189000,6.215844704339275,-10.444927275084742,36.56393170056532
fukui_28,2018-09-27,1538081990000,7.48959318677347,-11.657851125835858,36.56123644194145
fukui_28,2018-10-09,1539118790000,7.70656397473151,-12.232061598879966,36.559925260695685
fukui_28,2018-10-21,1540155590000,7.0705073068759745,-11.042439471835367,36.56096871983335
fukui_28,2018-11-02,1541192390000,6.489959623741599,-10.307282096736603,36.56183535490485
fukui_28,2018-11-14,1542229190000,6.989631070838531,-11.260832208815275,36.560020426843046
fukui_28,2018-11-26,1543265989000,7.116606952225065,-10.99749290066656,36.56136847720853
fukui_28,2018-12-08,1544302789000,6.067134205383483,-8.449194334704282,36.5579492646356
fukui_28,2018-12-20,1545339589000,6.421643335110882,-10.929478125547828,36.56102573961922
fukui_28,2019-01-01,1546376388000,14.35016837839366,-8.390570394560378,36.561554656031
fukui_28,2019-01-13,1547413188000,6.930961609272855,-11.682675584713246,36.564807646295655
fukui_28,2019-01-25,1548449987000,8.14210780357133,-8.944811830325055,36.55805975635712
fukui_28,2019-02-06,1549486787000,5.858700307304625,-10.417431597889543,36.561557911531644
fukui_28,2019-02-18,1550523587000,5.614569446881667,-10.602081262975606,36.55754814580004
fukui_28,2019-03-02,1551560387000,5.512232468950324,-10.935515079654493,36.556713261213005
fukui_28,2019-03-14,1552597187000,6.573213452714091,-11.634697654164462,36.566898105594014
fukui_28,2019-03-26,1553633987000,6.559746278527296,-11.196996715761143,36.56342764308767
fukui_28,2019-04-07,1554670787000,6.999696333135347,-10.793562367593056,36.56055046385698
fukui_28,2019-04-19,1555707588000,7.435521945880263,-10.270381206019113,36.555907935124104
fukui_28,2019-05-01,1556744388000,7.127997914874864,-11.018288802321102,36.55543603286455
fukui_28,2019-05-13,1557781189000,7.689129629968305,-11.182469064723838,36.56420151858433
fukui_28,2019-05-25,1558817989000,8.38525341369433,-11.750564027070585,36.56303320705516
fukui_28,2019-06-06,1559854790000,8.079289233818631,-10.773020036913048,36.565311801960526
fukui_28,2019-06-18,1560891590000,7.1138704023720525,-9.92682808844789,36.563945337632106
fukui_28,2019-06-30,1561928391000,6.830454375276404,-9.869975039619028,36.55970054579436
fukui_28,2019-07-12,1562965192000,7.007678207182912,-9.859900248427627,36.56351164261425
fukui_28,2019-07-24,1564001993000,6.815592123011834,-10.895304617023854,36.56603204254057
fukui_28,2019-08-05,1565038794000,7.768203736508493,-10.341550277919266,36.564886808734215
fukui_28,2019-08-17,1566075594000,6.764233499978429,-9.708754220534095,36.55772902967245
fukui_28,2019-08-29,1567112395000,10.605117874154914,-9.50207933533168,36.5605756205375
fukui_28,2019-09-10,1568149195000,7.330999461119494,-10.218275517849694,36.564630809630835
fukui_28,2019-09-22,1569185996000,6.65431476616612,-11.378464790759898,36.56100404018098
fukui_28,2019-10-04,1570222796000,6.898492711983634,-11.92834151198027,36.559879102396906
fukui_28,2019-10-16,1571259596000,7.287224857267346,-10.797748179196667,36.56262759445575
fukui_28,2019-10-28,1572296396000,7.257567380968198,-11.341351190129966,36.560819214092106
fukui_28,2019-11-09,1573333196000,7.751829059456666,-10.437171327567464,36.56042492132555
fukui_28,2019-11-21,1574369996000,7.5998616189506,-12.5310141835764,36.56288323334607
fukui_28,2019-12-03,1575406796000,7.302674142744436,-13.473778570012746,36.56345378672667
fukui_28,2019-12-15,1576443595000,6.941938605126281,-11.795476209587829,36.55804015678567
fukui_28,2019-12-27,1577480395000,7.995072567969668,-12.7689151644355,36.554819590928496
fukui_28,2020-01-08,1578517194000,6.456888162615804,-12.097886240741948,36.558043842942666
fukui_28,2020-01-20,1579553994000,7.488858057469409,-12.217121317938291,36.5621365261463
fukui_28,2020-02-01,1580590793000,7.204058108644403,-11.281922316101115,36.48834436886775
fukui_28,2020-02-13,1581627593000,6.31833510749568,-11.904928891529652,36.488270846198354
fukui_28,2020-02-25,1582664393000,5.812485762173943,-12.307031422932244,36.48714756676609
fukui_28,2020-03-08,1583701193000,6.146901873808902,-11.588643525790886,36.48432186665135
fukui_28,2020-03-20,1584737993000,6.0095662970475185,-12.202617176334659,36.48847010567073
fukui_28,2020-04-01,1585774793000,7.901503606234677,-10.298271655489796,36.495449721742354
fukui_28,2020-04-13,1586811594000,6.656305607828745,-11.41172702021991,36.49157814484078
fukui_28,2020-04-25,1587848394000,6.683031545175863,-10.737221722543499,36.48592696247053
fukui_28,2020-05-07,1588885195000,7.721308619247823,-11.37400742600017,36.48905621150188
fukui_28,2020-05-19,1589921995000,5.732963554971121,-10.835500593100422,36.49051596795977
fukui_28,2020-05-31,1590958796000,8.246394608177457,-10.607673624823711,36.49181201016626
fukui_28,2020-06-12,1591995597000,7.300546283932593,-11.07985713631867,36.48901959789116
fukui_28,2020-06-24,1593032398000,7.835237413245449,-9.612117678848648,36.488071813129245
fukui_28,2020-07-06,1594069198000,11.791021380879815,-8.881536407952408,36.48889495925326
fukui_28,2020-07-18,1595105999000,7.049573705029316,-8.956189191099662,36.49050161013126
fukui_28,2020-07-30,1596142800000,6.258019715484374,-8.877770864351254,36.48727370987157
fukui_28,2020-08-11,1597179600000,7.4093529779903164,-10.345511380220458,36.48897653374039
fukui_28,2020-08-23,1598216401000,8.415007385143628,-10.022876966982903,36.488259607987125
fukui_28,2020-09-04,1599253202000,7.5788446884776715,-10.71294205570023,36.48523216510765
fukui_28,2020-09-16,1600290002000,7.4196466054267765,-12.19496263987164,36.48647709197597
fukui_28,2020-09-28,1601326803000,7.443628490517346,-11.833263533624503,36.485853927946856
fukui_28,2020-10-10,1602363603000,7.186548966360355,-9.62138471566434,36.48436827189519
fukui_28,2020-10-22,1603400403000,9.236570601899531,-11.975137851664083,36.488732921042406
fukui_28,2020-11-03,1604437203000,7.231903363340314,-11.123678251723446,36.48308149029317
fukui_28,2020-11-15,1605474003000,7.10991889304648,-13.419634647372382,36.48253066548208
fukui_28,2020-11-27,1606510802000,8.837055195160918,-11.93617824345265,36.48880880425314
fukui_28,2020-12-09,1607547602000,6.9681030923351015,-12.285633804910383,36.486878502466006
fukui_28,2020-12-21,1608584401000,14.479487474595041,-10.911141710849025,36.4869512893619
fukui_28,2021-01-02,1609621201000,7.5052845342190855,-12.628814334221422,36.482958103767345
fukui_28,2021-01-14,1610658000000,5.994468389325256,-11.377516031437292,36.481377464158996
fukui_28,2021-01-26,1611694800000,7.868228290085385,-11.387114664372813,36.48132469244827
fukui_28,2021-02-07,1612731599000,8.704092366201706,-11.512662515638985,36.484100517216596
fukui_28,2021-02-19,1613768399000,6.598735995035158,-11.354315429347402,36.49192721915624
fukui_28,2021-03-03,1614805199000,6.826274448789698,-10.29917156444724,36.49416575135716
fukui_28,2021-03-15,1615841999000,7.367502920934475,-12.796066424433816,36.48824888452189
fukui_28,2021-03-27,1616878799000,7.622668248196058,-13.431344249238968,36.48905244618158
fukui_28,2021-04-08,1617915599000,7.569471020399218,-12.942128268368174,36.49225026373295
fukui_28,2021-04-20,1618952400000,7.774223018075377,-13.976976748619572,36.491842323119435
fukui_28,2021-05-02,1619989200000,6.553808302421635,-11.627858631790447,36.49377736866288
fukui_28,2021-05-14,1621026001000,8.357045778578945,-13.838141450842514,36.49149763331217
fukui_28,2021-05-26,1622062802000,7.7525417884630885,-11.630805061167624,36.488048987858214
fukui_28,2021-06-07,1623099602000,7.568065891857767,-12.611717054409915,36.48986042544256
fukui_28,2021-06-19,1624136403000,7.802074435314803,-11.220493498693267,36.492351806955895
fukui_28,2021-07-01,1625173204000,7.812783981817551,-10.863374868485115,36.48895661482522
fukui_28,2021-07-13,1626210005000,7.094108151739533,-11.559651950781209,36.49202912670984
fukui_28,2021-07-25,1627246805000,8.782143376433513,-10.728043551804866,36.49249775750943
fukui_28,2021-08-06,1628283606000,7.834939919145534,-10.662257218404974,36.48935286377648
fukui_28,2021-08-18,1629320407000,7.468364694310491,-12.210724983659238,36.49096092356588
fukui_28,2021-08-30,1630357207000,8.169596737359555,-11.904791750918719,36.49062558412551
fukui_28,2021-09-11,1631394008000,6.908667684824872,-11.95084748612199,36.487281845593635
fukui_28,2021-09-23,1632430808000,6.828130230534989,-11.92437301438911,36.485004209995715
fukui_28,2021-10-05,1633467608000,8.18961945762057,-10.776146870247244,36.48477767846078
fukui_28,2021-10-17,1634504409000,6.961065881270388,-12.780569091118428,36.484413982572995
fukui_28,2021-10-29,1635541208000,7.076524986720429,-10.959201958333123,36.486000063763164
fukui_28,2021-11-22,1637614808000,6.458882478905661,-13.920099613194685,36.48423641571649
fukui_28,2021-12-04,1638651607000,6.452902310607688,-13.724487524624799,36.48169201625254
fukui_28,2021-12-16,1639688407000,14.899799248421107,-10.687397262176678,36.48241451595258
fukui_28,2021-12-28,1640725206000,6.194753829506402,-12.447350082124593,36.491003887581435
fukui_28,2022-01-09,1641762006000,6.590030352828876,-11.994844913202616,36.48666621096662
fukui_28,2022-01-21,1642798805000,5.463295454742077,-11.722929949614459,36.484584296688524
fukui_28,2022-02-02,1643835604000,6.292794331434386,-13.262171720964544,36.488539573497064
fukui_28,2022-02-14,1644872405000,7.164642335488884,-13.160900556854134,36.484104418607195
fukui_28,2022-02-26,1645909204000,6.371645259086213,-12.02695094200262,36.48561657608234
fukui_28,2022-03-10,1646946004000,6.01202853399922,-11.014234492828129,36.49133748838081
fukui_28,2022-03-22,1647982805000,6.682265428596636,-11.306927557129223,36.4909569915423
fukui_28,2022-04-03,1649019605000,7.486317587336395,-12.638633641171907,36.48818272091093
fukui_28,2022-04-15,1650056405000,5.302570170506574,-10.99683690482223,36.49082299068807
fukui_28,2022-04-27,1651093206000,5.800390458076068,-10.9398847449121,36.48897291541779
fukui_28,2022-05-09,1652130006000,7.778725662202833,-11.416719516909218,36.49155084065354
fukui_28,2022-05-21,1653166807000,7.156470381501579,-12.249478701910808,36.49478079578958
fukui_28,2022-06-02,1654203608000,8.522092184955994,-11.864972916186328,36.48980325940527
fukui_28,2022-06-14,1655240409000,6.469982682093269,-10.725924740235046,36.491193617823946
fukui_28,2022-06-26,1656277210000,7.0402217678090535,-11.219830840940226,36.48503066095343
fukui_28,2022-07-08,1657314010000,7.250574906468197,-10.659108603836808,36.49013035388203
fukui_28,2022-07-20,1658350811000,7.213660852144954,-10.266640563417855,36.490278080583245
fukui_28,2022-08-01,1659387612000,7.671140935155043,-9.649080373822171,36.48982203012358
fukui_28,2022-08-13,1660424413000,7.301503778064338,-9.881602208079588,36.48949754749511
fukui_28,2022-08-25,1661461213000,6.393575814242327,-10.485835651420416,36.49018023273731
fukui_28,2022-09-06,1662497988000,6.56026598706017,-11.632892392639857,36.55986073827289
fukui_28,2022-09-18,1663534814000,8.002331404797701,-11.393099964978504,36.49529539742548
fukui_28,2022-09-30,1664571615000,7.484294989136092,-10.765517450525692,36.483999815638896
fukui_28,2022-10-12,1665608414000,6.5895759425719,-12.222450988038014,36.492463565954125
fukui_28,2022-10-24,1666645215000,6.742215028551657,-10.484585129190261,36.48627117954772
fukui_28,2022-11-05,1667682014000,6.807817865530135,-9.543336053467568,36.49009723084256
fukui_28,2022-11-17,1668718814000,6.821978382051662,-10.58556542166194,36.48936586144112
fukui_28,2022-11-29,1669755614000,8.348311926651553,-11.506965040654126,36.484955395156206
fukui_28,2022-12-11,1670792413000,6.373625669931646,-12.374949044638052,36.48377048817659
fukui_28,2022-12-23,1671829212000,15.331853138530452,-8.847195924986174,36.481550029643955
fukui_28,2023-01-04,1672866012000,6.33854071239655,-11.951857860564369,36.486864959745816
fukui_28,2023-01-16,1673902811000,6.491478246681141,-10.229757868928218,36.49896301233329
fukui_28,2023-01-28,1674939611000,-2.0801160834206627,-12.983037049853005,36.48200752885748
fukui_28,2023-02-09,1675976410000,7.065330926859359,-11.731315589138932,36.490351422658186
fukui_28,2023-02-21,1677013210000,6.077150355216882,-11.432068830591229,36.4924951586504
fukui_28,2023-03-05,1678050010000,6.887070248016533,-11.541596674923149,36.48561028228408
fukui_28,2023-03-17,1679086810000,9.33311009784489,-12.048656909449933,36.494553203505674
fukui_28,2023-03-29,1680123610000,7.077230327388693,-10.601890983569598,36.4973314874724
fukui_28,2023-04-10,1681160411000,5.78449761841404,-10.54465236821941,36.48775875021143
fukui_28,2023-04-22,1682197211000,7.001103848783768,-9.768105934481158,36.48653042718391
fukui_28,2023-05-04,1683234012000,8.114914646043516,-11.496400962450826,36.48517631567006
fukui_28,2023-05-16,1684270813000,6.614301668785817,-10.860914251707912,36.483967501159626
fukui_28,2023-05-28,1685307613000,15.028383568846003,-10.671511921663196,36.48621517690744
fukui_28,2023-06-09,1686344413000,6.403996414142071,-10.599976481957238,36.493646721003046
fukui_28,2023-06-21,1687381214000,9.795002639988203,-9.882709924176256,36.49564651145317
fukui_28,2023-07-03,1688418015000,7.297035483713585,-8.994258028809456,36.48817786643868
fukui_28,2023-07-15,1689454816000,7.784186230832534,-9.550757790604418,36.48517218131552
fukui_28,2023-07-27,1690491617000,7.4258038617692,-7.882401873595646,36.49021086206565
fukui_28,2023-08-08,1691528417000,7.756998329754617,-11.012480253933893,36.50198586587343
fukui_28,2023-08-20,1692565218000,6.670149013615942,-10.108579376842169,36.49458824870369
fukui_28,2023-09-01,1693602019000,6.5091108698929965,-10.458780023531796,36.4874042522663
fukui_28,2023-09-13,1694638819000,6.492036425583072,-9.711865071224176,36.49077976309517
fukui_28,2023-09-25,1695675620000,7.836462743043064,-10.852311358734289,36.48583739170399
fukui_28,2023-10-07,1696712419000,6.57024546576008,-11.234974034670413,36.488012076337654
fukui_28,2023-10-19,1697749220000,6.926144090550394,-10.258437134262973,36.48305794533018
fukui_28,2023-10-31,1698786019000,6.300306055823195,-9.987648363130738,36.487381228316025
fukui_28,2023-11-12,1699822819000,6.338373117031056,-10.699564775484486,36.48203367014697
fukui_28,2023-11-24,1700859618000,5.681947757461389,-10.869956210000588,36.49646376108874
fukui_28,2023-12-06,1701896418000,6.4602341750733885,-11.41044440673318,36.48956406897582
fukui_28,2023-12-18,1702933217000,6.229240025157729,-11.769904085188907,36.48862725262573
fukui_28,2023-12-30,1703970017000,6.4121785187576945,-10.199501858083812,36.485780202251526
fukui_28,2024-01-11,1705006816000,5.945850339989105,-10.928363544467466,36.48350450313792
fukui_28,2024-01-23,1706043616000,5.625994545370644,-11.567735318735435,36.48574454539555
fukui_28,2024-02-04,1707080415000,6.097976714571568,-10.302572949870953,36.4890873991245
fukui_28,2024-02-16,1708117215000,5.537736816527026,-10.508178024108384,36.48975806962036
fukui_28,2024-02-28,1709154015000,6.0390021995718675,-9.08587880765908,36.49225490418424
fukui_28,2024-03-11,1710190815000,7.370852098802853,-9.595057815827085,36.49126421118647
fukui_28,2024-03-23,1711227616000,6.459621474853688,-10.229554439394548,36.49213773389976
fukui_28,2024-04-04,1712264416000,5.697128659102251,-9.02705733561428,36.49012576795207
fukui_28,2024-04-16,1713301216000,4.829521906776656,-9.108334469823589,36.49004028491024
fukui_28,2024-04-28,1714338017000,7.66187672534838,-9.474436052705947,36.48542873758919
fukui_28,2024-05-10,1715374817000,5.67964271649133,-9.911513408049256,36.47981609845548
fukui_28,2024-05-22,1716411616000,7.445530045877158,-9.726138874260887,36.4810622468836
fukui_28,2024-06-03,1717448416000,7.373856109665172,-9.911026830968842,36.474944882011805
fukui_28,2024-06-15,1718485216000,6.472031950269378,-9.256991641958443,36.47543987940344
fukui_28,2024-07-09,1720558815000,6.779474531774843,-9.23669499174277,36.481228700358265
fukui_28,2024-07-21,1721595614000,6.5431420257298365,-8.826772128718899,36.47994395470362
fukui_28,2024-08-02,1722632414000,7.4672008298073,-10.709091739677529,36.478105098527216
fukui_28,2024-08-14,1723669214000,7.071412175405155,-10.008863938664687,36.49303556600146
fukui_28,2024-08-26,1724706015000,7.1711272819218035,-10.567450175261369,36.48908280532699
fukui_28,2024-09-07,1725742815000,6.6613536029915,-9.373564531071668,36.492066895189886
fukui_28,2024-09-19,1726779615000,6.4690712964501245,-8.456753076487699,36.49194628071115
fukui_28,2024-10-01,1727816415000,6.99206931348452,-9.004448550953112,36.4950908257193
fukui_28,2024-10-13,1728853216000,7.267943166173868,-10.24431825801379,36.48717182174867
fukui_28,2024-10-25,1729890015000,6.057327155709329,-9.154380073330332,36.500187662826185
fukui_28,2024-11-06,1730926815000,6.464081538222316,-9.339633393020105,36.48763997525288
fukui_28,2024-11-18,1731963615000,5.940111398749166,-8.650530854540957,36.48238725453132
fukui_28,2024-12-12,1734037213000,5.041333235649602,-8.953262923688865,36.48098436037017
fukui_28,2024-12-24,1735074012000,6.362072476138458,-10.85372641339443,36.485959106021454
fukui_28,2025-01-05,1736110811000,6.499676099873831,-9.969079306310515,36.48166182227103
fukui_28,2025-01-17,1737147610000,4.433925925092198,-10.753973586601552,36.484753038836004
fukui_28,2025-01-29,1738184409000,4.479830763659432,-10.472915814190861,36.48305903445164
fukui_28,2025-02-10,1739221209000,4.009172688981519,-10.589966987161027,36.483923908659285
fukui_28,2025-02-22,1740258008000,2.400796542878654,-12.386040755850663,36.490024232716095
fukui_28,2025-03-06,1741294808000,7.047109130613507,-12.233856326937719,36.48974069835183
fukui_28,2025-03-18,1742331608000,7.745027073694393,-8.992761576420543,36.48944903078847
fukui_28,2025-03-30,1743368409000,6.521593867778777,-10.407659084993071,36.48170577643856
fukui_28,2025-04-11,1744405209000,7.107603091755397,-9.640048296653042,36.492393507374274
fukui_28,2025-04-23,1745442009000,7.9663530750924965,-9.920860561359058,36.486179528192956
fukui_28,2025-05-05,1746478809000,6.986130892678933,-9.407411595757106,36.48394655546761
fukui_28,2025-05-17,1747515609000,7.223080433754538,-9.756570156641054,36.48133873344869
fukui_28,2025-05-29,1748552408000,7.922321898143549,-10.826354475787477,36.47647583353775
fukui_28,2025-06-10,1749589208000,8.189927217340136,-9.980522668605072,36.47318210918941
fukui_28,2025-06-22,1750626007000,15.043292435040124,-8.603695433113764,36.472688029487934
fukui_28,2025-07-04,1751662806000,8.449291700777403,-10.589936864380295,36.47985719684406
fukui_28,2025-07-16,1752699606000,7.577467173199759,-11.032524601171483,36.48169322944685
fukui_28,2025-07-28,1753736405000,7.796590543665566,-11.096781997710043,36.4824604441131
fukui_28,2025-08-09,1754773205000,8.852605682289951,-10.363476865678901,36.48097056434267
fukui_28,2025-08-21,1755810005000,7.794051259956706,-10.348092538965323,36.48622555595645
fukui_28,2025-09-02,1756846805000,6.62816867342752,-10.72055165582917,36.48861032298427
fukui_28,2025-09-14,1757883606000,7.502334787287288,-9.964544429578268,36.49164942992002
fukui_28,2025-09-26,1758920406000,7.1454143771235525,-9.448838652900625,36.49240897464796
fukui_28,2025-10-08,1759957207000,6.9474525885064535,-9.943289077943314,36.48117555343068
fukui_28,2025-10-20,1760994006000,7.258041995941152,-8.72620303492478,36.48779207197425
fukui_28,2025-11-01,1762030806000,7.592144339176981,-8.453815697103169,36.48300999971405
fukui_28,2025-11-13,1763067605000,7.254074563349584,-9.208377985422244,36.48647288129084
fukui_28,2025-11-25,1764104404000,11.063329622511755,-7.661049866685883,36.48362894461827
fukui_28,2025-12-07,1765141203000,6.931914763600067,-9.52127486911842,36.47742363679235
fukui_28,2025-12-19,1766178002000,6.55070793654056,-9.043089387938185,36.47881908819063
fukui_28,2025-12-31,1767214801000,7.889174139795434,-10.563211926369622,36.48334806330382
fukui_28,2026-01-12,1768251600000,7.198021693398163,-9.745349349549048,36.48503498058414
fukui_28,2026-01-24,1769288398000,6.77265765295343,-9.561422361106894,36.49094843320519
fukui_28,2026-02-17,1771361997000,5.594120889467732,-10.603853230705452,36.487807977037875
fukui_28,2026-03-01,1772398797000,6.164646637360104,-9.541740327237225,36.48745300542282
fukui_28,2026-03-13,1773435597000,7.170939909508033,-10.139743880677514,36.49140105181236
fukui_28,2026-03-25,1774472398000,7.679813787099086,-8.405564505242564,36.490163921769934
fukui_28,2026-04-06,1775509198000,6.972233891210293,-8.935703581079732,36.48736963565637
fukui_28,2026-04-18,1776545998000,7.199446573085178,-9.805082784678067,36.47920934983462
fukui_28,2026-04-30,1777582797000,7.494407312010407,-8.818969118325116,36.477623475252166
fukui_28,2026-05-12,1778619597000,7.548572153613576,-9.864011176663412,36.479371540419
fukui_29,2017-02-16,1487278774030,4.035355836230472,-8.643611244651193,36.56998237898444
fukui_29,2017-02-28,1488315573000,4.186700508593637,-8.498659821438524,36.568408977807536
fukui_29,2017-03-12,1489352374000,4.131370513405174,-8.718508527290577,36.56266753665128
fukui_29,2017-03-24,1490389174380,4.261378696792592,-8.677888341971935,36.56803052311957
fukui_29,2017-04-05,1491425974840,3.916725599636245,-10.173853636382837,36.5679764486385
fukui_29,2017-04-17,1492462775450,9.227271264287307,-9.006777264401,36.568933467107804
fukui_29,2017-04-29,1493499575000,3.902728853543471,-8.72504841505704,36.5678436756699
fukui_29,2017-05-11,1494536376000,3.723402670173021,-8.468708623584304,36.5618890998896
fukui_29,2017-05-23,1495573177000,3.4164251138298587,-8.688192397549942,36.5649173823106
fukui_29,2017-06-04,1496609978000,3.5712950028238617,-8.875019087353774,36.566573682548636
fukui_29,2017-06-16,1497646778000,3.3037864421254444,-8.802493498285985,36.57026182622806
fukui_29,2017-06-28,1498683579000,4.328160118479927,-9.15399050478365,36.5690783526787
fukui_29,2017-07-10,1499720379000,3.6547854302603713,-9.171448507292071,36.56656346062721
fukui_29,2017-07-22,1500757180000,3.6350464396581317,-9.584600365424174,36.56709506631234
fukui_29,2017-08-03,1501793981000,3.0935146986785576,-10.135697356914076,36.56468774431492
fukui_29,2017-08-15,1502830782000,2.945333454109999,-10.140102477943001,36.569274239976046
fukui_29,2017-08-27,1503867582000,4.543974932792082,-9.639280662120507,36.56692683435458
fukui_29,2017-09-08,1504904382000,4.816848541454781,-9.819256634536412,36.5648976441303
fukui_29,2017-09-20,1505941183000,4.5852171483726005,-9.855833071724637,36.56299305547235
fukui_29,2017-10-02,1506977983000,5.584498123776417,-10.880676036237087,36.5663865398264
fukui_29,2017-10-14,1508014783000,5.327701631963565,-11.013820231738457,36.56762900490837
fukui_29,2017-10-26,1509051584000,3.609333121694047,-10.123618328262,36.56533985312186
fukui_29,2017-11-07,1510088383000,3.50135934280229,-9.232393479337244,36.56536107163596
fukui_29,2017-11-19,1511125183000,5.116705338714022,-11.298447691157621,36.562598998255645
fukui_29,2017-12-01,1512161983000,9.88830871140557,-9.057085332844647,36.565979233185246
fukui_29,2017-12-13,1513198782000,5.221566658780015,-9.475943109027147,36.56743339646791
fukui_29,2017-12-25,1514235582000,5.730330349421732,-11.501604066844843,36.57138190183756
fukui_29,2018-01-06,1515272381000,4.959030270705099,-9.47376433449659,36.5666814730422
fukui_29,2018-01-18,1516309181000,3.3283599269732727,-9.423079824575357,36.56110194017586
fukui_29,2018-01-30,1517345980000,3.291908486991538,-10.674604076991113,36.564325860129316
fukui_29,2018-02-11,1518382780000,3.3682992411205097,-11.271880267575852,36.5641226587899
fukui_29,2018-02-23,1519419580000,3.2529346868621443,-9.922354486749505,36.57252464033584
fukui_29,2018-03-07,1520456380000,3.6957193647792286,-9.172298783959354,36.576512018989845
fukui_29,2018-03-19,1521493180000,10.462541495296387,-9.31795327966805,36.56879431484117
fukui_29,2018-03-31,1522529981000,3.868847479901965,-9.963515812362902,36.56513674691399
fukui_29,2018-04-12,1523566781000,3.4072031973019015,-9.057557261535909,36.567452732191875
fukui_29,2018-04-24,1524603582000,9.612394600049129,-9.42547661371903,36.57087801126749
fukui_29,2018-05-06,1525640382000,6.765750411345958,-10.107616374778647,36.56977498144975
fukui_29,2018-05-18,1526677183000,6.858860805774556,-6.879981007790519,36.568286113829394
fukui_29,2018-05-30,1527713983000,3.781620444100712,-8.141518790746908,36.57051568898891
fukui_29,2018-06-11,1528750784000,5.326503985104252,-8.228071762337919,36.56415609108915
fukui_29,2018-06-23,1529787585000,3.341822489511906,-7.187411426712271,36.5669962188098
fukui_29,2018-06-29,1530305934000,4.6440723714123635,-8.051651436241903,36.5989097352693
fukui_29,2018-07-05,1530824385000,6.527822183157608,-9.381727411999801,36.574806766894525
fukui_29,2018-07-17,1531861186000,2.907047801532264,-9.769838521666117,36.57011881392271
fukui_29,2018-07-29,1532897988000,2.9690881798909743,-9.231632273469346,36.56057845451644
fukui_29,2018-08-10,1533934788000,3.352848513611703,-8.525161600781933,36.565427269836064
fukui_29,2018-08-22,1534971588000,2.634582645718276,-7.205227223070076,36.56921832337377
fukui_29,2018-09-03,1536008389000,3.717308925534799,-7.5910276843685285,36.56605687303421
fukui_29,2018-09-15,1537045189000,2.3616716790643726,-9.58433308815677,36.568478370847075
fukui_29,2018-09-27,1538081990000,5.118936833381863,-10.16748464373189,36.565787295823384
fukui_29,2018-10-09,1539118790000,3.914457722991351,-10.282539225375317,36.5644772946413
fukui_29,2018-10-21,1540155590000,4.057799209222869,-10.172177224156831,36.56551611133561
fukui_29,2018-11-02,1541192390000,4.348353029322683,-9.75800736013338,36.56638890735603
fukui_29,2018-11-14,1542229190000,3.7880017163660415,-9.425702777675394,36.56452015442593
fukui_29,2018-11-26,1543265989000,3.02900520377175,-10.29999406818937,36.56591626440573
fukui_29,2018-12-08,1544302789000,4.800786713515599,-9.892933912112044,36.56250274658202
fukui_29,2018-12-20,1545339589000,4.0177352111160936,-10.427474710716051,36.56550907761464
fukui_29,2019-01-01,1546376388000,9.79134289252477,-8.463986253514042,36.566100987705404
fukui_29,2019-01-13,1547413188000,3.8444220405455902,-10.902157900294203,36.569360298229036
fukui_29,2019-01-25,1548449987000,9.156525321057034,-10.398996136969298,36.56259585159434
fukui_29,2019-02-06,1549486787000,3.1073177192861974,-9.844748622706627,36.56604401315574
fukui_29,2019-02-18,1550523587000,2.8506061204610846,-10.08064589928551,36.56209366459826
fukui_29,2019-03-02,1551560387000,2.9543629928325745,-10.702324774011382,36.561239771921855
fukui_29,2019-03-14,1552597187000,3.2090056835061334,-10.615465321002304,36.57142496626088
fukui_29,2019-03-26,1553633987000,2.7448439919066487,-10.200668547312642,36.567963918649056
fukui_29,2019-04-07,1554670787000,2.6719124897689093,-10.367304501139397,36.565100415141565
fukui_29,2019-04-19,1555707588000,3.539249546977222,-10.615270778822676,36.56039155265639
fukui_29,2019-05-01,1556744388000,2.313405536935956,-11.052097264350897,36.55993914373367
fukui_29,2019-05-13,1557781189000,3.1648584172853744,-11.347971874401203,36.568738559900744
fukui_29,2019-05-25,1558817989000,3.4559153573340895,-10.81407296724721,36.567536929515306
fukui_29,2019-06-06,1559854790000,3.1469948840940796,-11.148968631436233,36.569801600849445
fukui_29,2019-06-18,1560891590000,3.0381344340951615,-9.767958908833444,36.56844068951525
fukui_29,2019-06-30,1561928391000,3.4527704899358174,-10.891198386572833,36.56422013329263
fukui_29,2019-07-12,1562965192000,3.55492168098428,-11.77283123649864,36.56799160526259
fukui_29,2019-07-24,1564001993000,2.64352633838628,-11.736383642234292,36.57050713835787
fukui_29,2019-08-05,1565038794000,3.034793387157825,-11.616015470692712,36.56937022205791
fukui_29,2019-08-17,1566075594000,2.414444575939794,-12.380902318575133,36.56222641582057
fukui_29,2019-08-29,1567112395000,8.59589378733676,-11.491570782465361,36.565118253090134
fukui_29,2019-09-10,1568149195000,3.2408960006073846,-12.733951714580686,36.56918573244689
fukui_29,2019-09-22,1569185996000,4.506206069845281,-11.908010427453656,36.56552171309313
fukui_29,2019-10-04,1570222796000,3.347578821483337,-10.730154767182986,36.56437972793687
fukui_29,2019-10-16,1571259596000,4.398877936573251,-11.429071448229893,36.567128413835185
fukui_29,2019-10-28,1572296396000,3.887422527424886,-9.689538217554743,36.565343049146776
fukui_29,2019-11-09,1573333196000,4.050528200443941,-10.150196046319724,36.56490746293475
fukui_29,2019-11-21,1574369996000,4.187684327202384,-10.613544217667394,36.56743401809857
fukui_29,2019-12-03,1575406796000,4.454514983025181,-9.443044909775931,36.56800065034997
fukui_29,2019-12-15,1576443595000,3.719325089349595,-10.441435154921091,36.56256621490339
fukui_29,2019-12-27,1577480395000,2.9769349992305836,-9.596980054022312,36.55937213371012
fukui_29,2020-01-08,1578517194000,3.831560065837172,-10.228918160635404,36.562580826808585
fukui_29,2020-01-20,1579553994000,3.6360220198354267,-9.989842525459311,36.56668753278133
fukui_29,2020-02-01,1580590793000,3.3757492088105847,-10.21617290564672,36.49280905549952
fukui_29,2020-02-13,1581627593000,4.120442864280234,-10.518572540923786,36.49267295725417
fukui_29,2020-02-25,1582664393000,6.189649280832663,-9.641153233679571,36.49160773498291
fukui_29,2020-03-08,1583701193000,4.416976139263166,-9.944107229722173,36.48888207651533
fukui_29,2020-03-20,1584737993000,3.8257688205983578,-10.310421431851367,36.49308314218157
fukui_29,2020-04-01,1585774793000,5.003867505633197,-9.477852161562573,36.50005660637263
fukui_29,2020-04-13,1586811594000,6.677039006396054,-8.330579103311631,36.496014278627854
fukui_29,2020-04-25,1587848394000,3.657693716914638,-10.587575325854127,36.490381244911546
fukui_29,2020-05-07,1588885195000,3.4360054970955516,-10.723812820747206,36.493522257109596
fukui_29,2020-05-19,1589921995000,5.160488470869214,-10.254082316808521,36.49510757514698
fukui_29,2020-05-31,1590958796000,4.542552767068746,-9.688908014946781,36.496237418589
fukui_29,2020-06-12,1591995597000,4.885550516286047,-10.599980880654822,36.49345465890869
fukui_29,2020-06-24,1593032398000,4.135354234990044,-10.660234642749572,36.492519047225656
fukui_29,2020-07-06,1594069198000,9.191875553560262,-10.577490442067221,36.49336342166113
fukui_29,2020-07-18,1595105999000,4.634561606937936,-10.129705125726797,36.49505382797303
fukui_29,2020-07-30,1596142800000,4.668402517795289,-10.706917908954443,36.491819096418986
fukui_29,2020-08-11,1597179600000,7.150058607334928,-9.73028295161881,36.493435492882355
fukui_29,2020-08-23,1598216401000,3.8371911551883637,-9.955072470657262,36.49272813310405
fukui_29,2020-09-04,1599253202000,5.157774273400941,-10.108877748247163,36.489700885797966
fukui_29,2020-09-16,1600290002000,5.284549868702143,-10.626280750871087,36.49094429025132
fukui_29,2020-09-28,1601326803000,4.0954005860889,-10.651892731040448,36.49032228696494
fukui_29,2020-10-10,1602363603000,5.1172420508915035,-10.869770160324304,36.48881567852813
fukui_29,2020-10-22,1603400403000,8.160515344339178,-10.386111980923198,36.493141278499316
fukui_29,2020-11-03,1604437203000,5.703514317039482,-9.247253866008677,36.48748468980721
fukui_29,2020-11-15,1605474003000,3.7828706317030867,-10.819490190833864,36.48693460045437
fukui_29,2020-11-27,1606510802000,6.004757797151256,-10.960167651476985,36.49324437756168
fukui_29,2020-12-09,1607547602000,4.215439480444534,-11.483541721541016,36.49129481466144
fukui_29,2020-12-21,1608584401000,10.665912885264214,-9.174357216870336,36.491358117921656
fukui_29,2021-01-02,1609621201000,6.962451723802599,-10.637317344571958,36.48742329424384
fukui_29,2021-01-14,1610658000000,2.749005154748633,-10.196427763924198,36.48580935314993
fukui_29,2021-01-26,1611694800000,6.516616716964887,-10.375292072024857,36.48578629927199
fukui_29,2021-02-07,1612731599000,7.493584602184232,-10.237931870763944,36.488568590176804
fukui_29,2021-02-19,1613768399000,4.526892315898712,-10.523831429449453,36.49636203825293
fukui_29,2021-03-03,1614805199000,4.566944011939204,-10.795562822374071,36.49860157958664
fukui_29,2021-03-15,1615841999000,4.093817166665876,-9.600319412699182,36.4927130229491
fukui_29,2021-03-27,1616878799000,3.6794215209840226,-10.473337782029496,36.493671009290644
fukui_29,2021-04-08,1617915599000,3.7399170412936074,-11.273838312598501,36.49683115990933
fukui_29,2021-04-20,1618952400000,4.433544578219711,-11.215361463569346,36.49630939737473
fukui_29,2021-05-02,1619989200000,4.51841567810772,-11.095785629595126,36.49818726073266
fukui_29,2021-05-14,1621026001000,3.9100142161362035,-11.269220881356384,36.496052209286994
fukui_29,2021-05-26,1622062802000,4.457308012288791,-10.479109730113674,36.49266263963143
fukui_29,2021-06-07,1623099602000,4.446086197301,-10.542648767753452,36.494475716324196
fukui_29,2021-06-19,1624136403000,4.111135833944864,-10.023850122329645,36.496941720343855
fukui_29,2021-07-01,1625173204000,4.489839298545104,-10.61558935706248,36.49341084825535
fukui_29,2021-07-13,1626210005000,5.099336903197436,-9.875217065200863,36.49659901891177
fukui_29,2021-07-25,1627246805000,4.80848183412385,-9.956623711474265,36.49696421246572
fukui_29,2021-08-06,1628283606000,4.629427423721109,-9.971135755869577,36.49389553968911
fukui_29,2021-08-18,1629320407000,4.443684527197608,-9.044353920539237,36.495537952032066
fukui_29,2021-08-30,1630357207000,3.4953279273417497,-9.367441737561277,36.49505130350378
fukui_29,2021-09-11,1631394008000,3.128973335948497,-9.080939362531403,36.49168738796037
fukui_29,2021-09-23,1632430808000,3.1503713415902665,-9.697630561092987,36.489428158309266
fukui_29,2021-10-05,1633467608000,3.599699221807488,-10.665050045665067,36.48917931579027
fukui_29,2021-10-17,1634504409000,4.169611039564855,-10.137717748193133,36.48887241037163
fukui_29,2021-10-29,1635541208000,4.316577487986448,-10.31447330439478,36.49040391829887
fukui_29,2021-11-22,1637614808000,5.129678343071263,-12.154641051901645,36.48884367665644
fukui_29,2021-12-04,1638651607000,4.347545224054361,-12.620924837311106,36.48615923056457
fukui_29,2021-12-16,1639688407000,10.10499248893452,-10.735524501158185,36.48687804634047
fukui_29,2021-12-28,1640725206000,3.2276185106673636,-11.642805140235573,36.495408288613284
fukui_29,2022-01-09,1641762006000,4.0340385387282875,-13.043983510684079,36.49107320728024
fukui_29,2022-01-21,1642798805000,4.646048248056128,-11.334799930036942,36.48899829500339
fukui_29,2022-02-02,1643835604000,5.974415028796312,-11.09371911944534,36.493004680780786
fukui_29,2022-02-14,1644872405000,4.691773547323022,-11.234828133340297,36.48857290544925
fukui_29,2022-02-26,1645909204000,4.220214645323914,-11.746399712086665,36.49007720369143
fukui_29,2022-03-10,1646946004000,3.249907816839965,-11.649266445991714,36.495784260518796
fukui_29,2022-03-22,1647982805000,4.4679052875917415,-12.263387187167362,36.495515241073804
fukui_29,2022-04-03,1649019605000,3.647563476671186,-11.038114319097753,36.49273555763649
fukui_29,2022-04-15,1650056405000,5.737011893856958,-11.063226865309323,36.49536840523842
fukui_29,2022-04-27,1651093206000,4.016605255725596,-11.184880284442244,36.49359069009165
fukui_29,2022-05-09,1652130006000,4.6195714403734645,-11.91474433974312,36.495968083512494
fukui_29,2022-05-21,1653166807000,3.094048323114878,-10.625938079006383,36.49922087092463
fukui_29,2022-06-02,1654203608000,2.966995065873259,-10.255615007619568,36.4943995097898
fukui_29,2022-06-14,1655240409000,6.740576428605297,-10.441070410001439,36.49575857456295
fukui_29,2022-06-26,1656277210000,3.5479921612787937,-10.2291420206427,36.48960239721839
fukui_29,2022-07-08,1657314010000,3.847904683888944,-10.03148874314784,36.49466854826848
fukui_29,2022-07-20,1658350811000,5.560636416487744,-10.518785676189049,36.49469129576326
fukui_29,2022-08-01,1659387612000,4.445168222548391,-9.94088913679913,36.49438547525234
fukui_29,2022-08-13,1660424413000,3.96114758448107,-12.491878939971752,36.4940465156164
fukui_29,2022-08-25,1661461213000,4.8886065855199226,-9.844397895607372,36.4947192113371
fukui_29,2022-09-06,1662497988000,5.322009154811965,-9.373371581464847,36.56449344165889
fukui_29,2022-09-18,1663534814000,4.964959833884216,-9.123346955111735,36.49976283497581
fukui_29,2022-09-30,1664571615000,3.992728284914612,-9.305872097546253,36.48840546918339
fukui_29,2022-10-12,1665608414000,5.1544215761536485,-9.03328696395289,36.49686010269763
fukui_29,2022-10-24,1666645215000,3.8665187465482402,-9.03561686431614,36.49086374655926
fukui_29,2022-11-05,1667682014000,4.0101357240312385,-9.331329493767395,36.49451144491307
fukui_29,2022-11-17,1668718814000,4.280963306555296,-9.36233317568384,36.493765162253126
fukui_29,2022-11-29,1669755614000,7.724609303210593,-9.682713402379834,36.48942235550789
fukui_29,2022-12-11,1670792413000,3.955236435661821,-9.647805741179264,36.48837439759481
fukui_29,2022-12-23,1671829212000,10.302285411096156,-7.074230254018467,36.48599278211705
fukui_29,2023-01-04,1672866012000,4.9224139070753,-9.830632997486452,36.491278551587655
fukui_29,2023-01-16,1673902811000,4.262168819359551,-10.00322102559845,36.50337337983374
fukui_29,2023-01-28,1674939611000,-1.3293913158839847,-12.401973642117309,36.48645791175502
fukui_29,2023-02-09,1675976410000,5.221842097738212,-10.532040896084093,36.49477467823414
fukui_29,2023-02-21,1677013210000,4.6803318626251516,-9.845830101128316,36.49692142940701
fukui_29,2023-03-05,1678050010000,4.887043131714722,-10.466856498731696,36.49016837920818
fukui_29,2023-03-17,1679086810000,9.783354532437093,-9.92585508529475,36.499019998166055
fukui_29,2023-03-29,1680123610000,5.061675019999388,-9.888892816906916,36.501733829828396
fukui_29,2023-04-10,1681160411000,5.501747308923495,-10.468616604366632,36.49230873230326
fukui_29,2023-04-22,1682197211000,3.7069182464965285,-10.50712040341882,36.490935032687354
fukui_29,2023-05-04,1683234012000,5.126126565317006,-10.543991186277824,36.489791445468946
fukui_29,2023-05-16,1684270813000,3.8822863616411962,-10.433841926221625,36.488582540158795
fukui_29,2023-05-28,1685307613000,12.717293320828514,-7.9527498877120255,36.490813938176856
fukui_29,2023-06-09,1686344413000,5.69525771842955,-9.700710314302693,36.4980438426664
fukui_29,2023-06-21,1687381214000,11.30817510409234,-9.025279279704684,36.500086710032946
fukui_29,2023-07-03,1688418015000,5.808642847546043,-9.849885331021508,36.49279626203017
fukui_29,2023-07-15,1689454816000,4.795317458897528,-9.333400540416434,36.48974924948716
fukui_29,2023-07-27,1690491617000,4.581941166709028,-9.458993742509833,36.49481244876326
fukui_29,2023-08-08,1691528417000,3.766826526177083,-10.476611984914582,36.506446517944326
fukui_29,2023-08-20,1692565218000,3.6274198355080847,-10.819081141046672,36.499202449715284
fukui_29,2023-09-01,1693602019000,4.52942584445175,-9.783340962217682,36.49195745271199
fukui_29,2023-09-13,1694638819000,3.606684688688436,-10.252591309928622,36.49518033593738
fukui_29,2023-09-25,1695675620000,3.5989363578366005,-10.271267949077641,36.49045282981688
fukui_29,2023-10-07,1696712419000,4.3665359114290725,-9.639298365038657,36.49247321704468
fukui_29,2023-10-19,1697749220000,3.896854214264027,-9.857594730255094,36.4874754827597
fukui_29,2023-10-31,1698786019000,5.022002834085749,-9.97401324163077,36.49178000439752
fukui_29,2023-11-12,1699822819000,6.372222126602992,-10.580556442854707,36.48644957248632
fukui_29,2023-11-24,1700859618000,5.354807405354743,-11.408105781445395,36.500863529920224
fukui_29,2023-12-06,1701896418000,4.754747054354881,-11.331446380646806,36.49403202172481
fukui_29,2023-12-18,1702933217000,7.1662905049849925,-10.65854399373602,36.493076669863456
fukui_29,2023-12-30,1703970017000,7.549686687642519,-11.083832049615886,36.49031730650067
fukui_29,2024-01-11,1705006816000,4.343696648651051,-12.45761328866191,36.48791036693741
fukui_29,2024-01-23,1706043616000,2.975929877301138,-11.763850350826072,36.49021032138985
fukui_29,2024-02-04,1707080415000,4.639037944186982,-11.780925740819079,36.493551969639974
fukui_29,2024-02-16,1708117215000,4.652923490931198,-10.865607891014742,36.49421719388661
fukui_29,2024-02-28,1709154015000,4.615288272078153,-11.322567657443127,36.49680715492263
fukui_29,2024-03-11,1710190815000,4.371379359392214,-11.335464455085775,36.49588192954207
fukui_29,2024-03-23,1711227616000,4.2044442162968965,-11.852550246910338,36.496753497347555
fukui_29,2024-04-04,1712264416000,5.590744266917734,-11.386896218271634,36.49474093481412
fukui_29,2024-04-16,1713301216000,7.031884899085805,-11.273204052446332,36.494478135814305
fukui_29,2024-04-28,1714338017000,5.267440631675459,-11.089101296955027,36.48998412149373
fukui_29,2024-05-10,1715374817000,5.472181205774399,-11.027189335865254,36.48438308175524
fukui_29,2024-05-22,1716411616000,4.590129966737626,-10.910635952920773,36.485623507749466
fukui_29,2024-06-03,1717448416000,4.668405597439407,-10.302271733696436,36.47952196380794
fukui_29,2024-06-15,1718485216000,4.624612482543419,-10.243860878313619,36.48000013459181
fukui_29,2024-07-09,1720558815000,6.001670927581388,-9.996589226874086,36.48577197737339
fukui_29,2024-07-21,1721595614000,5.681803728536361,-9.636622835601964,36.48454489405013
fukui_29,2024-08-02,1722632414000,4.783014895717812,-10.062518953239444,36.48269792282352
fukui_29,2024-08-14,1723669214000,4.9746964000591944,-9.823747548477376,36.49758695698792
fukui_29,2024-08-26,1724706015000,4.745726631714934,-10.314373508131453,36.493699870358256
fukui_29,2024-09-07,1725742815000,5.140551272471935,-10.206960684014373,36.49665504614813
fukui_29,2024-09-19,1726779615000,5.038304716418003,-10.274679108429648,36.496562226523295
fukui_29,2024-10-01,1727816415000,3.794039995204967,-11.387190031719635,36.49955305929616
fukui_29,2024-10-13,1728853216000,5.305509189277825,-9.555128998206145,36.49162476638267
fukui_29,2024-10-25,1729890015000,5.24017058281212,-9.983839872631608,36.50464297554382
fukui_29,2024-11-06,1730926815000,5.437070962991259,-11.280416375424146,36.49210795099053
fukui_29,2024-11-18,1731963615000,8.198825529608683,-10.634217554865526,36.4869992283208
fukui_29,2024-12-12,1734037213000,5.5755120438799235,-11.69037501130328,36.48553623803958
fukui_29,2024-12-24,1735074012000,6.544682931078547,-10.746409476335867,36.49039995915095
fukui_29,2025-01-05,1736110811000,4.41862536272877,-12.39938102708859,36.486127792943044
fukui_29,2025-01-17,1737147610000,5.442829629808339,-11.186530801416765,36.4891657836061
fukui_29,2025-01-29,1738184409000,7.392767783995148,-11.11105715192046,36.48764829768105
fukui_29,2025-02-10,1739221209000,6.310451876532543,-10.737818320612368,36.488468464712874
fukui_29,2025-02-22,1740258008000,5.332873645733407,-10.487804147301649,36.494480808782406
fukui_29,2025-03-06,1741294808000,7.473769471736251,-10.592460052778824,36.494204923971914
fukui_29,2025-03-18,1742331608000,7.169546262050557,-10.861780514405368,36.49391490732082
fukui_29,2025-03-30,1743368409000,4.798384030693431,-11.912541071119835,36.48629033998
fukui_29,2025-04-11,1744405209000,6.161443059978084,-12.049258913468762,36.496993851639125
fukui_29,2025-04-23,1745442009000,5.98301850751671,-12.926119693755664,36.490766777524925
fukui_29,2025-05-05,1746478809000,5.8118835283661765,-12.06253784536684,36.488562212037586
fukui_29,2025-05-17,1747515609000,6.974157255073361,-11.338461973083303,36.48592829946592
fukui_29,2025-05-29,1748552408000,5.210618824778949,-11.976843362017242,36.48107864427157
fukui_29,2025-06-10,1749589208000,6.3401646065630874,-11.794338688193022,36.47780112354058
fukui_29,2025-06-22,1750626007000,11.790015325921566,-10.5014007025631,36.47726519662175
fukui_29,2025-07-04,1751662806000,4.741370319374127,-10.42561937199215,36.484394812824185
fukui_29,2025-07-16,1752699606000,4.801653504130102,-10.894974410366054,36.48626655922115
fukui_29,2025-07-28,1753736405000,4.073000573069721,-10.901506069819396,36.487022794650784
fukui_29,2025-08-09,1754773205000,9.564687889351381,-11.062529984045112,36.48557953462214
fukui_29,2025-08-21,1755810005000,3.722438613486103,-11.617969210108251,36.49081503934638
fukui_29,2025-09-02,1756846805000,3.5874115975705814,-11.542851471385983,36.49306843155012
fukui_29,2025-09-14,1757883606000,5.6027696418298785,-10.102683255904719,36.49620996947748
fukui_29,2025-09-26,1758920406000,4.2398102485920175,-9.84380252474658,36.496860413133035
fukui_29,2025-10-08,1759957207000,4.980129126735283,-10.456139961020352,36.48578867691166
fukui_29,2025-10-20,1760994006000,4.534995895991253,-9.526917937494895,36.492406962808055
fukui_29,2025-11-01,1762030806000,5.878769862767336,-10.165592890007757,36.48743331191118
fukui_29,2025-11-13,1763067605000,3.8212037946958506,-9.472386239193336,36.49094101254731
fukui_29,2025-11-25,1764104404000,9.954652809076729,-10.553312150777755,36.48824393575003
fukui_29,2025-12-07,1765141203000,4.615329754862349,-11.35976817676365,36.48203765176049
fukui_29,2025-12-19,1766178002000,2.854968607360879,-12.050552581250988,36.48343240252751
fukui_29,2025-12-31,1767214801000,6.468203179041333,-11.848595654949879,36.48795096366987
fukui_29,2026-01-12,1768251600000,4.426390079396482,-12.311122042799598,36.48957718937921
fukui_29,2026-01-24,1769288398000,6.700003301319733,-7.737521547515352,36.49535775680523
fukui_29,2026-02-17,1771361997000,4.543284391923496,-12.10270383070239,36.49241580855476
fukui_29,2026-03-01,1772398797000,3.4991710398537244,-12.05832506784493,36.492009628357195
fukui_29,2026-03-13,1773435597000,3.554119048100793,-10.355400846307832,36.496011982401384
fukui_29,2026-03-25,1774472398000,6.218164215060448,-10.250636051806211,36.49469997779034
fukui_29,2026-04-06,1775509198000,3.8626668605881984,-11.256607115695973,36.49198529129892
fukui_29,2026-04-18,1776545998000,5.2365866028179475,-10.231966114908808,36.483785267619325
fukui_29,2026-04-30,1777582797000,3.836066876320125,-10.460962093924785,36.482188220067975
fukui_29,2026-05-12,1778619597000,5.445928736299169,-11.639430429899692,36.48392615115893
fukui_00,2026-06-05,1780693196000,5.895623046538103,-7.452516593610684,36.44767403080702
fukui_01,2026-06-05,1780693196000,3.548516894176534,-10.39693036035667,36.43782493181171
fukui_02,2026-06-05,1780693196000,4.302961336115118,-8.690407540553155,36.45132625317449
fukui_03,2026-06-05,1780693196000,5.152944719103188,-10.542238446673233,36.44141223822256
fukui_04,2026-06-05,1780693196000,6.117693558214178,-8.184365895702001,36.45493797577234
fukui_05,2026-06-05,1780693196000,3.51004654344965,-12.687358245623736,36.44526224096534
fukui_06,2026-06-05,1780693196000,7.663827897848889,-6.036309332110007,36.4588285596734
fukui_07,2026-06-05,1780693196000,3.4643448002213773,-10.446377109017709,36.448968183590004
fukui_08,2026-06-05,1780693196000,3.64028514847001,-6.212509468006964,36.46319229609517
fukui_09,2026-06-05,1780693196000,2.980851562723175,-7.644586243314107,36.45354850735933
fukui_10,2026-06-05,1780693196000,6.022254046980218,-8.37086092080253,36.467091386151175
fukui_11,2026-06-05,1780693196000,2.9999968429288453,-10.506036774633092,36.45720717732739
fukui_12,2026-06-05,1780693196000,2.4788884980753743,-7.948332664042047,36.47099234981311
fukui_13,2026-06-05,1780693196000,2.0771064419977314,-11.389035889659187,36.46078074845457
fukui_14,2026-06-05,1780693196000,6.281925780226699,-7.919746422776706,36.47432123800981
fukui_15,2026-06-05,1780693196000,3.0795805577878648,-11.663376932572577,36.464469088055594
fukui_16,2026-06-05,1780693196000,7.013649089304108,-8.755058969770616,36.47814168455459
fukui_17,2026-06-05,1780693196000,5.741041186850588,-10.784127042477753,36.46816601664671
fukui_18,2026-06-05,1780693196000,1.1926033601367496,-7.946558833608893,36.481861012888544
fukui_19,2026-06-05,1780693196000,2.154712545434535,-11.247759696150759,36.47188043815926
fukui_20,2026-06-05,1780693196000,3.072275164515659,-6.492170638272189,36.485712121449886
fukui_21,2026-06-05,1780693196000,3.547998616753915,-9.784546585330231,36.47620276367724
fukui_22,2026-06-05,1780693196000,6.322948704587568,-5.423902453255073,36.49012678985374
fukui_23,2026-06-05,1780693196000,3.383422938130866,-13.353022009518158,36.48084110162478
fukui_24,2026-06-05,1780693196000,6.529342206832303,-6.285355246580419,36.49482462568767
fukui_25,2026-06-05,1780693196000,5.9747451363913155,-10.599959258781533,36.485430770032984
fukui_26,2026-06-05,1780693196000,5.662592685241466,-6.163030469004319,36.49927135103229
fukui_27,2026-06-05,1780693196000,1.3359813966900396,-12.432631167453357,36.48987802067156
fukui_28,2026-06-05,1780693196000,9.383997135746121,-8.415724594138796,36.47580647309771
fukui_29,2026-06-05,1780693196000,7.936640218850067,-11.450145611982867,36.48042458889751
