tank_id,date,datetime_utc,vv,vh,angle
hokkaido_00,2017-02-18,1487450457000,4.065427448160552,-6.561052558012682,35.98983748227045
hokkaido_00,2017-03-02,1488487257090,6.5358498364465,-6.8446840843368495,35.99202595978307
hokkaido_00,2017-03-14,1489524057000,5.027197286777744,-8.12331756485903,35.98200256822565
hokkaido_00,2017-03-26,1490560857000,6.765936820493718,-7.378913790579181,35.9816282947401
hokkaido_00,2017-04-07,1491597658140,6.634506327158688,-7.507497239216413,35.98533292195827
hokkaido_00,2017-04-19,1492634458760,8.776031008674684,-5.701652173775598,35.98729708276614
hokkaido_00,2017-05-01,1493671259000,8.244890861539483,-4.969454655004023,35.98497876155934
hokkaido_00,2017-05-13,1494708059970,9.373635451854007,-5.567687388408025,35.980880852107724
hokkaido_00,2017-05-25,1495744860000,9.332614798417612,-6.657133981901482,35.985520338163404
hokkaido_00,2017-06-06,1496781661000,9.06285888285922,-6.002373001352426,35.98109138411705
hokkaido_00,2017-06-18,1497818461000,8.630386594613741,-6.33941997350069,35.986104986788064
hokkaido_00,2017-06-30,1498855262000,8.516828682137648,-6.738970569159284,35.98816043917737
hokkaido_00,2017-07-12,1499892063000,8.735303301456854,-4.118618335815044,35.98571388539552
hokkaido_00,2017-07-24,1500928864000,8.440957754299337,-3.9359997020494824,35.985292899974525
hokkaido_00,2017-08-05,1501965664000,8.666683498310261,-4.54874713460297,35.9796122402615
hokkaido_00,2017-08-17,1503002465000,7.947670867258661,-5.965517339149048,35.98693114867324
hokkaido_00,2017-08-29,1504039265000,6.836249176206469,-5.872510163762576,35.9863014429392
hokkaido_00,2017-09-10,1505076066000,7.206314687546347,-5.3013078758249454,35.98433215848986
hokkaido_00,2017-09-22,1506112866000,7.555615658861173,-4.541114531085224,35.98476064031844
hokkaido_00,2017-10-04,1507149666000,7.948827664810371,-4.058494205057151,35.98396200963981
hokkaido_00,2017-10-16,1508186467000,7.251489958933399,-5.648667077564024,35.985135309530584
hokkaido_00,2017-10-28,1509223267000,7.06162889517952,-5.743248917866226,35.98405976364803
hokkaido_00,2017-11-09,1510260066000,7.524146401132731,-6.106410424807691,35.98706379711737
hokkaido_00,2017-11-21,1511296866000,5.0892400780871325,-5.965205006596514,35.98141592115116
hokkaido_00,2017-12-03,1512333666000,3.1033622509986163,-7.335341861800725,35.981504938346106
hokkaido_00,2017-12-15,1513370465000,1.6768419064983593,-7.1977976109290545,35.981379722504336
hokkaido_00,2017-12-27,1514407265000,7.892910474489421,-5.342289606807424,35.98858492285834
hokkaido_00,2018-01-08,1515444064000,5.527728560118126,-6.879447075767315,35.987381238070405
hokkaido_00,2018-01-20,1516480864000,6.337926945509296,-6.866251975673893,35.98063064695393
hokkaido_00,2018-02-01,1517517664000,5.748344630578843,-7.362820368835225,35.980002192382074
hokkaido_00,2018-02-13,1518554463000,4.770601320229418,-7.230073810091451,35.97946308617063
hokkaido_00,2018-02-25,1519591263000,3.324913426193789,-5.660863890884147,35.98752156498456
hokkaido_00,2018-03-09,1520628063000,3.046299936215118,-7.0363907571376405,35.99303901106364
hokkaido_00,2018-03-21,1521664863000,9.71605199604196,-9.562923453956298,35.992932901563705
hokkaido_00,2018-04-02,1522701664000,5.2693835771538,-8.2299650746722,35.98618560294318
hokkaido_00,2018-04-14,1523738464000,5.984649733839569,-6.32581767508745,35.98369329787111
hokkaido_00,2018-04-26,1524775265000,7.600442878867379,-5.905968366458163,35.984169454863576
hokkaido_00,2018-05-08,1525812065000,7.466856779898987,-5.4064919826855125,35.98643523168082
hokkaido_00,2018-05-20,1526848866000,8.062279251125785,-4.3438803698333865,35.98819542740168
hokkaido_00,2018-06-01,1527885667000,6.164672815011893,-4.623206633706549,35.98955655651528
hokkaido_00,2018-06-13,1528922468000,7.032436726218762,-3.8868113201830115,35.98054350496543
hokkaido_00,2018-06-25,1529959268000,7.964464558749237,-4.800360813894735,35.98193805990626
hokkaido_00,2018-07-19,1532032870000,8.422208007722855,-3.890384386368212,35.988933390572846
hokkaido_00,2018-07-31,1533069670000,8.560505859545664,-3.8461463818579906,35.990930526437594
hokkaido_00,2018-08-12,1534106471000,8.867816049983837,-3.491602802528878,35.98425344882006
hokkaido_00,2018-08-24,1535143272000,8.536515402754956,-4.719410909242113,35.97387859955728
hokkaido_00,2018-09-05,1536180072000,9.459140993040593,-4.1146779500882165,35.98376870742953
hokkaido_00,2018-09-17,1537216873000,7.9756209365175215,-5.893675426340047,35.98688244154421
hokkaido_00,2018-09-29,1538253673000,7.885121756492682,-4.2754780661818845,35.986587754205814
hokkaido_00,2018-10-11,1539290473000,8.256882749730833,-6.26052533893221,35.982294849744214
hokkaido_00,2018-10-23,1540327273000,7.967058883226947,-7.177855699618267,35.982721681691174
hokkaido_00,2018-11-04,1541364073000,6.500018740764977,-6.62431918084861,35.982403354178444
hokkaido_00,2018-11-16,1542400873000,8.22431083572106,-3.771202973568834,35.98655912696882
hokkaido_00,2018-11-28,1543437672000,7.177116867495081,-4.901017489532346,35.988311810751746
hokkaido_00,2018-12-10,1544474472000,5.614702817071428,-6.337980626283766,35.983133884547016
hokkaido_00,2018-12-22,1545511272000,6.567559633392159,-7.277133625631898,35.97843734084488
hokkaido_00,2019-01-03,1546548071000,5.722847548159768,-6.8373941370566085,35.981062462759674
hokkaido_00,2019-01-15,1547584871000,6.647002167186798,-6.517527339300325,35.987807477700585
hokkaido_00,2019-01-27,1548621671000,6.610084589565528,-6.577783609211172,35.983651439782356
hokkaido_00,2019-02-08,1549658470000,4.482006707244404,-6.7393481761746346,35.985036881572064
hokkaido_00,2019-02-20,1550695270000,3.9112932946823893,-8.999970554087922,35.98040568773227
hokkaido_00,2019-03-04,1551732070000,5.199921764797731,-9.521252773120219,35.976522382036144
hokkaido_00,2019-03-16,1552768870000,6.234721796070618,-7.287274179160539,35.986508596639574
hokkaido_00,2019-03-28,1553805670000,6.0556096984606835,-8.107881535606642,35.986479590920844
hokkaido_00,2019-04-09,1554842470000,5.981206113910791,-8.978158547125577,35.98831960152442
hokkaido_00,2019-04-21,1555879271000,4.901813708442466,-7.223460202120756,35.98009022319406
hokkaido_00,2019-05-03,1556916071000,6.780395274689846,-7.86482135903544,35.976894340908096
hokkaido_00,2019-05-15,1557952872000,6.648596967355625,-7.204879958082875,35.98224813911178
hokkaido_00,2019-06-08,1560026473000,9.615687603149274,-7.829772022602429,35.990647100732666
hokkaido_00,2019-06-20,1561063274000,7.734918771968295,-7.0367288077131205,35.986752737099344
hokkaido_00,2019-07-02,1562100075000,10.021005875357854,-6.986631422909932,35.98081498597758
hokkaido_00,2019-07-14,1563136875000,8.339834774707798,-6.989456416514301,35.982589989201905
hokkaido_00,2019-07-26,1564173676000,9.604351452345753,-7.992343137877972,35.98799306198795
hokkaido_00,2019-08-07,1565210477000,8.634128774528513,-7.000748652822008,35.98705355352033
hokkaido_00,2019-08-19,1566247278000,8.29771561942296,-6.931957883576588,35.982172723106366
hokkaido_00,2019-09-12,1568320879000,9.651868039143155,-7.556322208762143,35.986358021706444
hokkaido_00,2019-09-24,1569357679000,10.324623955777716,-6.105061088101906,35.98159880032324
hokkaido_00,2019-10-06,1570394480000,8.291160191578909,-6.8032711191122495,35.9858155372914
hokkaido_00,2019-10-18,1571431279000,9.776635689856276,-7.631064961695772,35.987723930360424
hokkaido_00,2019-10-30,1572468080000,9.827090053062008,-6.125793071727177,35.98222068424052
hokkaido_00,2019-11-11,1573504880000,9.794706363568263,-7.122955877068384,35.980482467497254
hokkaido_00,2019-11-23,1574541679000,6.242992717354173,-6.704727759552034,35.9826093017331
hokkaido_00,2019-12-05,1575578479000,6.88447185923251,-8.622637678377734,35.98878930125952
hokkaido_00,2019-12-17,1576615278000,8.310175954796712,-7.959700631193517,35.984937460115646
hokkaido_00,2019-12-29,1577652078000,6.61030162632509,-7.792159790795062,35.97983437194145
hokkaido_00,2020-01-10,1578688877000,6.333603757802706,-7.284858894993249,35.97731261991033
hokkaido_00,2020-01-22,1579725677000,2.9651431892407096,-7.2139908346971,35.980847650393095
hokkaido_00,2020-02-03,1580762477000,4.282322942075854,-6.282158136734076,36.105516348473344
hokkaido_00,2020-02-15,1581799276000,6.371407680513333,-9.070123200512143,36.10874996632458
hokkaido_00,2020-02-27,1582836076000,5.192910221462195,-9.221585006514058,36.106273685837174
hokkaido_00,2020-03-10,1583872876000,14.644706922061374,-4.731288033798315,36.09790770103391
hokkaido_00,2020-03-22,1584909676000,5.723374910611992,-8.731469366066303,36.09901147875626
hokkaido_00,2020-04-03,1585946477000,6.896567586818667,-8.647643659090601,36.105457633631346
hokkaido_00,2020-04-15,1586983277000,6.636431313611646,-8.25600445552746,36.10843439946713
hokkaido_00,2020-04-27,1588020078000,7.974460582616366,-8.118764674813795,36.10743505843961
hokkaido_00,2020-05-09,1589056878000,9.385725838230279,-7.380680302590135,36.10874484639641
hokkaido_00,2020-05-21,1590093679000,7.704455866756082,-7.31548671459202,36.10389782879721
hokkaido_00,2020-06-02,1591130479000,8.241626950385553,-7.089155962476575,36.10719661824412
hokkaido_00,2020-06-14,1592167280000,7.8465012905639355,-7.509510104445927,36.104789465701955
hokkaido_00,2020-06-26,1593204081000,9.572403492061147,-8.100455115287415,36.10883189473309
hokkaido_00,2020-07-08,1594240882000,7.320140071690417,-8.36519860785494,36.10790120644267
hokkaido_00,2020-07-20,1595277682000,8.131806695249633,-7.016251397178849,36.101764635037135
hokkaido_00,2020-08-01,1596314483000,6.772589472965251,-8.539187327222074,36.09946750756466
hokkaido_00,2020-08-13,1597351284000,7.3777456267467425,-7.422655959924424,36.10693960151209
hokkaido_00,2020-08-25,1598388085000,7.78661136605449,-7.966534727792241,36.105606789637086
hokkaido_00,2020-09-06,1599424885000,7.418142260180195,-8.315835293915608,36.1034692527311
hokkaido_00,2020-09-18,1600461685000,7.434337925263957,-7.0695552049698565,36.10139084093592
hokkaido_00,2020-09-30,1601498486000,7.527922553075702,-7.327103087238893,36.10385312528059
hokkaido_00,2020-10-12,1602535286000,6.6865384816285065,-8.178869535315286,36.10286986247575
hokkaido_00,2020-10-24,1603572086000,7.067152020869631,-8.10668433458471,36.10656790019046
hokkaido_00,2020-11-05,1604608886000,7.799691267238819,-7.3213491454328485,36.10212706515461
hokkaido_00,2020-11-17,1605645686000,5.521412200366626,-8.800537499803623,36.10050028952843
hokkaido_00,2020-11-29,1606682485000,6.1959768626936995,-8.080275302666763,36.10232268627703
hokkaido_00,2020-12-11,1607719285000,6.700898905932482,-8.780562659058527,36.10268185109743
hokkaido_00,2020-12-23,1608756084000,6.804355643493601,-8.651741030203699,36.10738579133725
hokkaido_00,2021-01-04,1609792884000,6.383326020199907,-8.575018023986118,36.10602964717849
hokkaido_00,2021-01-16,1610829683000,5.652060776064926,-7.476763164452809,36.102425133450936
hokkaido_00,2021-01-28,1611866483000,4.773867185625828,-7.20157959251033,36.095855077493304
hokkaido_00,2021-02-09,1612903282000,5.541191137756465,-7.686701816354172,36.0972501087651
hokkaido_00,2021-02-21,1613940082000,3.445163928973985,-9.80694636869061,36.10854648228582
hokkaido_00,2021-03-05,1614976882000,8.092813421691073,-8.026122306126892,36.112150339632755
hokkaido_00,2021-03-17,1616013682000,7.2596128872200545,-9.132422512916174,36.11157611349355
hokkaido_00,2021-03-29,1617050482000,5.029629186809491,-8.725596067025409,36.103089008007494
hokkaido_00,2021-04-10,1618087283000,7.93989733330526,-6.5944335787920805,36.102791490518214
hokkaido_00,2021-04-22,1619124083000,5.947193093881931,-5.615995643182999,36.10683983696832
hokkaido_00,2021-05-04,1620160884000,6.781676160749916,-8.492786942041384,36.108622400831095
hokkaido_00,2021-05-16,1621197684000,9.22255492104463,-4.1571874415578804,36.107692304418045
hokkaido_00,2021-05-28,1622234485000,8.90635363963845,-5.0558845614872325,36.10356016268896
hokkaido_00,2021-06-09,1623271286000,7.793167042220161,-5.175340475838756,36.10211487186765
hokkaido_00,2021-06-21,1624308087000,8.37351701841308,-5.769385901977039,36.10362176111669
hokkaido_00,2021-07-03,1625344887000,8.662006496195819,-6.670776095300711,36.10581408568104
hokkaido_00,2021-07-15,1626381688000,8.546126216761161,-5.775283396181372,36.10666998267584
hokkaido_00,2021-07-27,1627418489000,7.74123037382736,-7.873565866872757,36.11213308164321
hokkaido_00,2021-08-08,1628455289000,7.24093753700718,-5.948302059172745,36.102822932159036
hokkaido_00,2021-08-20,1629492090000,8.182525059918715,-6.278062177451195,36.101057632406224
hokkaido_00,2021-09-01,1630528905000,7.698617709082499,-5.033297295022379,35.6162769620552
hokkaido_00,2021-09-13,1631565705000,7.411221552653926,-6.34362436674478,35.612538568463165
hokkaido_00,2021-09-25,1632602506000,7.627200642836965,-5.70105839213123,35.608469596868964
hokkaido_00,2021-10-07,1633639303000,7.390088633915856,-5.328157784382733,35.7476959884625
hokkaido_00,2021-10-19,1634676103000,7.836642575111708,-5.624554559857991,35.745472997938435
hokkaido_00,2021-10-31,1635712903000,7.259788775942686,-6.356655957156238,35.749165807121116
hokkaido_00,2021-11-12,1636749703000,7.960577526551427,-6.566126205649828,35.75105100000044
hokkaido_00,2021-11-24,1637786503000,8.91875348071914,-6.1030910862570895,35.74545569961261
hokkaido_00,2021-12-06,1638823302000,6.087790693343608,-6.885192424247907,35.74537284929696
hokkaido_00,2021-12-18,1639860102000,7.428308321969387,-6.323794349341347,35.7436506671632
hokkaido_00,2021-12-30,1640896901000,7.210461805298846,-5.514130144711338,35.750961404138366
hokkaido_00,2022-01-11,1641933701000,1.6837034747031427,-7.671762494173314,35.74962676576299
hokkaido_00,2022-01-23,1642970500000,3.246765081406302,-7.546987344526499,35.749416300465995
hokkaido_00,2022-02-04,1644007299000,5.342225029348309,-6.988865208695248,35.75050361880406
hokkaido_00,2022-02-16,1645044099000,5.031846953078567,-7.280783792293028,35.748626234749736
hokkaido_00,2022-02-28,1646080899000,4.310790003069017,-7.230189095790432,35.74722707857615
hokkaido_00,2022-03-12,1647117699000,4.664493408132913,-9.086636054869526,35.752990425186944
hokkaido_00,2022-03-24,1648154500000,6.115507428041937,-8.06044196001029,35.75221230460237
hokkaido_00,2022-04-05,1649191300000,7.147046340054278,-7.24333494055865,35.753202170724094
hokkaido_00,2022-04-17,1650228100000,7.1403623106650285,-6.467929948774314,35.74876717805912
hokkaido_00,2022-04-29,1651264901000,6.841006580146099,-5.939336917351957,35.74862156388351
hokkaido_00,2022-05-11,1652301701000,7.544791386883903,-6.5990394382831274,35.75075845121135
hokkaido_00,2022-06-04,1654375303000,8.740042655533179,-5.36913971138413,35.74935653603193
hokkaido_00,2022-06-16,1655412104000,8.633289520478481,-5.639231881532992,35.75247940979558
hokkaido_00,2022-06-28,1656448905000,9.622003189587376,-5.888989174210764,35.74509157309999
hokkaido_00,2022-07-10,1657485705000,9.639383299466038,-6.009473957310575,35.74663050301818
hokkaido_00,2022-07-22,1658522506000,9.572404536608513,-5.743111684950468,35.7522291219372
hokkaido_00,2022-08-03,1659559307000,10.042905082443104,-5.468107625141012,35.75041405858116
hokkaido_00,2022-08-15,1660596108000,8.163708105912269,-5.811101003778173,35.74993250659441
hokkaido_00,2022-08-27,1661632908000,9.849260894621471,-5.525922050119017,35.7471980843908
hokkaido_00,2022-09-08,1662669709000,7.435776634568254,-7.329627141673038,35.74044451928337
hokkaido_00,2022-09-20,1663706508000,8.736528295116095,-6.20256605226076,35.76573927291716
hokkaido_00,2022-10-02,1664743309000,8.989689387797503,-6.478777982247025,35.75051649504715
hokkaido_00,2022-10-14,1665780109000,9.412142291571842,-5.523849173600017,35.751259630306556
hokkaido_00,2022-10-26,1666816909000,6.290289339575953,-5.922517133047984,35.74157215868068
hokkaido_00,2022-11-07,1667853709000,5.980594890316063,-6.847743914679,35.750608201124194
hokkaido_00,2022-11-19,1668890509000,7.782895172654879,-6.161423402710102,35.74679843100754
hokkaido_00,2022-12-01,1669927308000,6.910756749412047,-6.874887369124295,35.75274873839911
hokkaido_00,2022-12-13,1670964108000,6.00083255517812,-5.739497334285317,35.74866786472148
hokkaido_00,2022-12-25,1672000907000,7.181604315128136,-7.808702329830984,35.74845222339024
hokkaido_00,2023-01-06,1673037706000,8.352412510585822,-7.210792088669693,35.745478910966355
hokkaido_00,2023-01-18,1674074505000,7.449778944658112,-7.2429423282943635,35.76552546267509
hokkaido_00,2023-01-30,1675111306000,6.579554368561406,-6.494021982949577,35.74573367849748
hokkaido_00,2023-02-11,1676148105000,5.24746022144494,-7.209878454278913,35.751383230056994
hokkaido_00,2023-02-23,1677184905000,7.04694053582942,-6.639597872132384,35.75552939211748
hokkaido_00,2023-03-07,1678221705000,6.7947330279558695,-6.559759756705066,35.74917334770734
hokkaido_00,2023-03-19,1679258505000,9.35065719400731,-5.068310811914545,35.74948522861039
hokkaido_00,2023-03-31,1680295305000,7.331841405019429,-4.513256170549345,35.75078044050413
hokkaido_00,2023-04-12,1681332106000,7.250843027905506,-5.5783105096527645,35.75103151634419
hokkaido_00,2023-04-24,1682368906000,7.958795519779643,-5.84674482075933,35.750289968615036
hokkaido_00,2023-05-06,1683405707000,7.864728899266168,-5.843375885190009,35.742086466053834
hokkaido_00,2023-05-18,1684442508000,8.910507689298171,-5.761464208154918,35.74172913895686
hokkaido_00,2023-05-30,1685479308000,8.624472636881281,-6.832691790716844,35.7423026314167
hokkaido_00,2023-06-11,1686516109000,9.805217954608688,-6.1343554349699065,35.75146369502347
hokkaido_00,2023-06-23,1687552909000,8.58943203990568,-6.381173167422172,35.74738084987418
hokkaido_00,2023-07-05,1688589710000,9.811146025417992,-5.559942722183487,35.74914632227272
hokkaido_00,2023-07-17,1689626511000,9.583355947540298,-4.183669500870025,35.74677458366352
hokkaido_00,2023-07-29,1690663311000,8.924314869665421,-4.932046641563428,35.74739929122155
hokkaido_00,2023-08-10,1691700111000,9.066973256742438,-7.394785148485411,35.766096728532894
hokkaido_00,2023-08-22,1692736913000,9.324700335553098,-5.852650292848553,35.75454402470625
hokkaido_00,2023-09-03,1693773714000,10.16231977111907,-3.9181733048897054,35.74716128724994
hokkaido_00,2023-09-15,1694810514000,10.401098265958263,-3.8808683193162437,35.74469074088908
hokkaido_00,2023-09-27,1695847314000,9.752988030767964,-4.256879392191639,35.75013210212512
hokkaido_00,2023-10-09,1696884114000,8.90673184085724,-4.548562157704741,35.75542961864899
hokkaido_00,2023-10-21,1697920914000,8.6256956681783,-5.232856381765948,35.74654440544455
hokkaido_00,2023-11-02,1698957714000,9.933904938888887,-4.340630725367745,35.75080295215954
hokkaido_00,2023-11-14,1699994514000,8.034591281986657,-5.603399509690217,35.74220989350001
hokkaido_00,2023-11-26,1701031313000,6.2635275796011385,-5.9796414432893705,35.75065509526417
hokkaido_00,2023-12-08,1702068113000,8.252509143108197,-5.96170118239819,35.7474014789927
hokkaido_00,2023-12-20,1703104912000,6.109781670567294,-6.92221831354354,35.76234197472052
hokkaido_00,2024-01-01,1704141711000,4.720342585838669,-7.322786471207484,35.75659105429295
hokkaido_00,2024-01-13,1705178511000,7.206616156549635,-6.768980322743156,35.74617415836328
hokkaido_00,2024-01-25,1706215311000,2.4474592423162607,-6.274448341809175,35.744354532817916
hokkaido_00,2024-02-06,1707252110000,3.678093428455561,-5.466384769641316,35.75137484609575
hokkaido_00,2024-02-18,1708288910000,5.986230631602604,-7.670603210107965,35.75039570771374
hokkaido_00,2024-03-01,1709325710000,4.492645706669912,-6.885390209130992,35.75196052074721
hokkaido_00,2024-03-13,1710362510000,6.782869093292986,-6.335708853929107,35.75372853021338
hokkaido_00,2024-03-25,1711399310000,6.194977786314092,-8.325927496430715,35.75527696834867
hokkaido_00,2024-04-06,1712436111000,7.939780897871856,-6.746248378640193,35.74512159328268
hokkaido_00,2024-04-18,1713472911000,8.141615398007032,-6.71626825407535,35.74690958956898
hokkaido_00,2024-04-30,1714509712000,7.610350303040502,-7.1642969765372,35.746818609648784
hokkaido_00,2024-05-12,1715546511000,7.155032752570187,-7.88226524599594,35.74473574167796
hokkaido_00,2024-05-24,1716583311000,7.636920332036348,-6.638854423133605,35.73081645861519
hokkaido_00,2024-06-05,1717620111000,8.563709735758472,-6.406400748527525,35.73310476295378
hokkaido_00,2024-06-17,1718656910000,8.285024747482026,-7.446357014563547,35.74201898285839
hokkaido_00,2024-06-29,1719693710000,7.518173378019909,-7.525643198621105,35.739447483263525
hokkaido_00,2024-07-11,1720730509000,7.978818755870224,-6.6060575571684375,35.73907377377904
hokkaido_00,2024-07-23,1721767309000,7.648375951255478,-7.672697068341803,35.74006679281215
hokkaido_00,2024-08-04,1722804109000,8.008491774150999,-5.525487804863008,35.73626311388602
hokkaido_00,2024-08-16,1723840909000,7.630534576744206,-6.822209316390937,35.74516774303217
hokkaido_00,2024-08-28,1724877709000,7.571256591505246,-4.8745223127646495,35.74915257263801
hokkaido_00,2024-09-09,1725914510000,7.164939628628687,-7.060649892497162,35.754290684401376
hokkaido_00,2024-09-21,1726951310000,7.065141948130226,-5.32592874023663,35.753764653740625
hokkaido_00,2024-10-03,1727988110000,5.700771672136855,-6.4271438434212484,35.75388437444515
hokkaido_00,2024-10-15,1729024910000,8.097167363305271,-6.403382206835158,35.752752002105964
hokkaido_00,2024-10-27,1730061711000,7.544333669796925,-6.4631082027292495,35.750506057739265
hokkaido_00,2024-11-08,1731098510000,6.19221957382262,-5.52320958339033,35.75205460890198
hokkaido_00,2024-11-20,1732135309000,6.097131283678714,-6.674671508225871,35.74513933586353
hokkaido_00,2024-12-02,1733172109000,6.321891632730928,-5.9365769795749594,35.73701391345449
hokkaido_00,2024-12-14,1734208908000,6.777175517077465,-6.222644022491966,35.73364452216084
hokkaido_00,2024-12-26,1735245707000,6.254048183233422,-5.349288730029103,35.74224940662393
hokkaido_00,2025-01-07,1736282505000,4.814295142551921,-5.792444900426109,35.746468235884336
hokkaido_00,2025-01-19,1737319304000,7.210233950758385,-6.448385258686375,35.747103324925575
hokkaido_00,2025-01-31,1738356103000,6.828727689027856,-6.263723154362019,35.749876701304096
hokkaido_00,2025-02-12,1739392903000,7.036747286044013,-6.793273305096019,35.74427314604173
hokkaido_00,2025-02-24,1740429703000,7.890982091517037,-6.480772230011924,35.75127543449595
hokkaido_00,2025-03-08,1741466503000,6.134576484067967,-6.8604185491171386,35.750276209513345
hokkaido_00,2025-03-20,1742503304000,7.988817008193571,-6.761640225422359,35.74799880580144
hokkaido_00,2025-04-01,1743540104000,8.76653708855546,-6.898641298678101,35.7431099464526
hokkaido_00,2025-04-13,1744576904000,8.685632543604898,-6.076873452344219,35.747159168651336
hokkaido_00,2025-04-25,1745613704000,8.13892878320354,-6.05276299831673,35.737811717909835
hokkaido_00,2025-05-07,1746650504000,7.7333483581010345,-6.998181776686177,35.73913449403584
hokkaido_00,2025-05-19,1747687303000,8.199885795620022,-6.139623477317261,35.74062494575749
hokkaido_00,2025-05-31,1748724103000,7.752303959945628,-7.256735881145522,35.7355357810063
hokkaido_00,2025-06-12,1749760902000,8.449802118238814,-6.816829393476178,35.730557280450974
hokkaido_00,2025-06-24,1750797702000,7.5846442275073995,-7.078722708361833,35.728596449235674
hokkaido_00,2025-07-06,1751834501000,8.149463130459868,-6.216972976274555,35.73316998799644
hokkaido_00,2025-07-18,1752871300000,8.56500002561075,-6.091558735237162,35.7400779500724
hokkaido_00,2025-07-30,1753908100000,8.177906504367524,-6.540633892880905,35.741759910977414
hokkaido_00,2025-08-11,1754944900000,7.3365363549771505,-8.399845349596696,35.74128666776153
hokkaido_00,2025-08-23,1755981700000,7.335044059345798,-8.108384843097632,35.74321735334261
hokkaido_00,2025-09-04,1757018500000,6.805320169589178,-8.508741253103658,35.75013737841295
hokkaido_00,2025-09-16,1758055301000,8.232013699374575,-7.066806464003741,35.75535975517275
hokkaido_00,2025-09-28,1759092101000,7.653764641715381,-7.514854097157144,35.75431259620933
hokkaido_00,2025-10-10,1760128901000,8.094289646255701,-7.895367320072767,35.74109665623475
hokkaido_00,2025-10-22,1761165701000,8.095520416537456,-6.7450850307011345,35.746126363311625
hokkaido_00,2025-11-03,1762202501000,7.4872463157863764,-6.807966534155129,35.74366805441142
hokkaido_00,2025-11-15,1763239300000,7.527773997037357,-5.20673434486875,35.74649716945303
hokkaido_00,2025-11-27,1764276099000,7.607744442421999,-8.067196182678106,35.7439067414323
hokkaido_00,2025-12-09,1765312898000,5.135886529798762,-3.812294609690018,35.73829519840277
hokkaido_00,2025-12-21,1766349697000,6.881815549509132,-5.232044476275237,35.73562954872956
hokkaido_00,2026-01-02,1767386495000,4.441018270069337,-6.326713447692019,35.73661646742813
hokkaido_00,2026-01-14,1768423294000,5.326492583482738,-5.569301897240068,35.740451277361544
hokkaido_00,2026-01-26,1769460094000,4.577814115679816,-8.373123562695087,35.74614653643258
hokkaido_00,2026-02-07,1770496893000,3.0381206828649177,-8.00937833356306,35.74756712997371
hokkaido_00,2026-02-19,1771533692000,2.124728001450815,-8.25687231401556,35.746494699261255
hokkaido_00,2026-03-03,1772570492000,4.221211019858388,-7.598702476297174,35.74839231634487
hokkaido_00,2026-03-15,1773607292000,4.070457418775516,-7.089832181202149,35.746310522811044
hokkaido_00,2026-04-08,1775680892000,4.053578702536847,-7.635522999178613,35.747874262648175
hokkaido_00,2026-04-20,1776717693000,2.535900662068139,-7.084373255164351,35.73889217052906
hokkaido_00,2026-05-02,1777754492000,5.973060006417004,-7.619991907105812,35.735210444940236
hokkaido_00,2026-05-14,1778791292000,6.45288368514838,-7.50178593310077,35.73262328777498
hokkaido_01,2017-02-18,1487450457000,6.070521679744894,-7.033582370454722,35.992714308767965
hokkaido_01,2017-03-02,1488487257090,2.6380347399759856,-9.068626409684834,35.99490391803675
hokkaido_01,2017-03-14,1489524057000,3.8091983039489135,-7.521477036883842,35.98486728710606
hokkaido_01,2017-03-26,1490560857000,3.616615532082338,-5.313205691984862,35.98449901194796
hokkaido_01,2017-04-07,1491597658140,6.2669997271281614,-7.802712674611649,35.98821163312544
hokkaido_01,2017-04-19,1492634458760,5.980579420743566,-5.397342843180536,35.990160687379166
hokkaido_01,2017-05-01,1493671259000,6.495657906380269,-5.7137495787179935,35.98785657399404
hokkaido_01,2017-05-13,1494708059970,6.811149207714616,-5.390691330725151,35.98375266742244
hokkaido_01,2017-05-25,1495744860000,6.4961469775577205,-5.644951459193263,35.988383444868404
hokkaido_01,2017-06-06,1496781661000,5.508606595854245,-5.815527453830212,35.98397045486071
hokkaido_01,2017-06-18,1497818461000,5.9857963447027425,-5.324862096102242,35.98898287229744
hokkaido_01,2017-06-30,1498855262000,6.055593389848698,-5.73152825204997,35.99103880593407
hokkaido_01,2017-07-12,1499892063000,6.146100550507011,-5.935412227239014,35.98859164089832
hokkaido_01,2017-07-24,1500928864000,6.110514278290446,-6.44050987616797,35.98815967906606
hokkaido_01,2017-08-05,1501965664000,5.887470600180459,-6.1558731393898025,35.98247670674474
hokkaido_01,2017-08-17,1503002465000,6.067009451526289,-5.701395348408413,35.98979358438002
hokkaido_01,2017-08-29,1504039265000,8.714202968461919,-6.278780705050033,35.98917904945005
hokkaido_01,2017-09-10,1505076066000,7.995096011686244,-5.153788076716015,35.98720925834186
hokkaido_01,2017-09-22,1506112866000,7.031898829908945,-4.841669644538831,35.98762972452685
hokkaido_01,2017-10-04,1507149666000,7.589896857978997,-5.3809327303499295,35.986831075789425
hokkaido_01,2017-10-16,1508186467000,8.28098695139753,-5.629255517595518,35.98800360675004
hokkaido_01,2017-10-28,1509223267000,6.852723752539162,-6.411488951686001,35.98693527221678
hokkaido_01,2017-11-09,1510260066000,7.40706208360374,-6.439538597698682,35.98992739708453
hokkaido_01,2017-11-21,1511296866000,6.302721108573448,-5.80128631852118,35.98429306378676
hokkaido_01,2017-12-03,1512333666000,5.205609852945695,-6.645168856329629,35.98437032568523
hokkaido_01,2017-12-15,1513370465000,4.885065753673767,-7.939459104196012,35.984250595401036
hokkaido_01,2017-12-27,1514407265000,5.289751826263178,-9.027468650003561,35.99144661908003
hokkaido_01,2018-01-08,1515444064000,3.4111739385009527,-7.4584859691584455,35.99025892700812
hokkaido_01,2018-01-20,1516480864000,2.689898053389836,-8.45911673964256,35.98349630774897
hokkaido_01,2018-02-01,1517517664000,5.41017701407204,-9.788685621446794,35.98288109743678
hokkaido_01,2018-02-13,1518554463000,4.978429033819958,-8.11177853957398,35.98232617387867
hokkaido_01,2018-02-25,1519591263000,4.067933730822612,-8.99347578858778,35.99039869674528
hokkaido_01,2018-03-09,1520628063000,2.3690483597945864,-9.787222325424702,35.995911735765866
hokkaido_01,2018-03-21,1521664863000,5.572484832222959,-9.98148582645134,35.995810827519456
hokkaido_01,2018-04-02,1522701664000,6.961259489487689,-9.343552004391286,35.98905413788755
hokkaido_01,2018-04-14,1523738464000,5.321024755291155,-8.687968441081106,35.986570402973825
hokkaido_01,2018-04-26,1524775265000,7.180067918581154,-6.926173721423538,35.98704620167047
hokkaido_01,2018-05-08,1525812065000,6.4028908188415095,-5.642378263107585,35.98930996236259
hokkaido_01,2018-05-20,1526848866000,6.125968075018514,-5.165518867250524,35.99107312462827
hokkaido_01,2018-06-01,1527885667000,7.278716637489649,-5.656418548255978,35.99243404483949
hokkaido_01,2018-06-13,1528922468000,6.305733642768219,-6.47658640829231,35.983407035205225
hokkaido_01,2018-06-25,1529959268000,5.02120071926423,-5.99900490673477,35.984808971520614
hokkaido_01,2018-07-19,1532032870000,4.597082561765026,-5.288298801123474,35.991809254417326
hokkaido_01,2018-07-31,1533069670000,5.660704994913876,-5.498135018548177,35.99380839401036
hokkaido_01,2018-08-12,1534106471000,5.897989009788689,-5.6362128922705494,35.98713208499454
hokkaido_01,2018-08-24,1535143272000,5.750067037017486,-6.257722757225822,35.97661675792394
hokkaido_01,2018-09-05,1536180072000,8.603001698122405,-4.648880723164622,35.98664709919632
hokkaido_01,2018-09-17,1537216873000,4.252410987902924,-6.318910446813588,35.98975716153852
hokkaido_01,2018-09-29,1538253673000,8.359096414551516,-5.366805357546633,35.989463695883146
hokkaido_01,2018-10-11,1539290473000,8.535902082677588,-5.126871663244871,35.985157577166255
hokkaido_01,2018-10-23,1540327273000,7.781143136327311,-4.631188479434761,35.985592128820706
hokkaido_01,2018-11-04,1541364073000,9.862573480168663,-5.298802714386598,35.9852718975702
hokkaido_01,2018-11-16,1542400873000,8.888821257183036,-6.5088176949751855,35.98942403245956
hokkaido_01,2018-11-28,1543437672000,8.89401164918802,-5.826194483846443,35.99117654663185
hokkaido_01,2018-12-10,1544474472000,6.177122028804643,-6.5185118858334015,35.98599867387253
hokkaido_01,2018-12-22,1545511272000,5.15362983728193,-6.763483284311844,35.981301926256954
hokkaido_01,2019-01-03,1546548071000,5.734492664143305,-8.888918573246789,35.98394066131504
hokkaido_01,2019-01-15,1547584871000,5.621326675736404,-7.290979396964816,35.99068123073301
hokkaido_01,2019-01-27,1548621671000,4.8500063402584335,-7.41230312928841,35.98651438549311
hokkaido_01,2019-02-08,1549658470000,4.884637592976959,-6.452924194850588,35.9879139437534
hokkaido_01,2019-02-20,1550695270000,4.439347289107711,-9.790886051560857,35.9832738124963
hokkaido_01,2019-03-04,1551732070000,3.6436329024046126,-7.89513531707836,35.97938672773811
hokkaido_01,2019-03-16,1552768870000,6.952078090125442,-8.596129201007894,35.989371445010406
hokkaido_01,2019-03-28,1553805670000,4.273308442961213,-9.746985854448983,35.9893485410809
hokkaido_01,2019-04-09,1554842470000,5.106478577854446,-7.80084982047136,35.991183030424516
hokkaido_01,2019-04-21,1555879271000,6.389371865100773,-10.289145758113316,35.982969678628336
hokkaido_01,2019-05-03,1556916071000,5.039839747488819,-9.864284447250386,35.97975881703334
hokkaido_01,2019-05-15,1557952872000,4.223221270603138,-8.878530543073072,35.98511233628399
hokkaido_01,2019-06-08,1560026473000,4.838861109079247,-9.000721190403326,35.99352540261142
hokkaido_01,2019-06-20,1561063274000,4.546928547669026,-9.161973339590444,35.98963065436978
hokkaido_01,2019-07-02,1562100075000,5.114190763033193,-9.19566147758822,35.98368181842334
hokkaido_01,2019-07-14,1563136875000,4.1415020064630115,-8.708231785882525,35.98546436975922
hokkaido_01,2019-07-26,1564173676000,5.432727180145777,-9.650884483838034,35.99086246247773
hokkaido_01,2019-08-07,1565210477000,4.850734865663112,-9.115578972114465,35.989932164065266
hokkaido_01,2019-08-19,1566247278000,5.450539913237062,-9.184533265085888,35.98503751941679
hokkaido_01,2019-09-12,1568320879000,6.550469876731218,-7.321344006415024,35.98922585717535
hokkaido_01,2019-09-24,1569357679000,4.752486973670792,-9.17333857585632,35.98446587737568
hokkaido_01,2019-10-06,1570394480000,5.088169589029611,-8.026580378777671,35.98868495389603
hokkaido_01,2019-10-18,1571431279000,5.688160405768058,-8.377137961506573,35.99059850064155
hokkaido_01,2019-10-30,1572468080000,4.127477428126133,-9.37714977366847,35.98509768521145
hokkaido_01,2019-11-11,1573504880000,6.898315900145517,-8.055786926747565,35.98336111709645
hokkaido_01,2019-11-23,1574541679000,6.020363030418437,-6.510330529178836,35.985474528752725
hokkaido_01,2019-12-05,1575578479000,6.206918794787035,-7.710167993534688,35.9916558951284
hokkaido_01,2019-12-17,1576615278000,6.245690210271495,-6.249334326931529,35.987811380385196
hokkaido_01,2019-12-29,1577652078000,6.28774358070027,-6.810101790208932,35.98271143622131
hokkaido_01,2020-01-10,1578688877000,6.615332833210677,-7.252617019002367,35.98019010896294
hokkaido_01,2020-01-22,1579725677000,5.69876557401529,-7.150249479771673,35.98371186510618
hokkaido_01,2020-02-03,1580762477000,5.255477086187121,-6.4891186396341345,36.10841651178873
hokkaido_01,2020-02-15,1581799276000,4.475773162536209,-9.344934697659443,36.11165565623328
hokkaido_01,2020-02-27,1582836076000,5.137150877717519,-6.924326368936072,36.10917932874233
hokkaido_01,2020-03-10,1583872876000,7.013652977647828,-7.404804294289895,36.10080547220771
hokkaido_01,2020-03-22,1584909676000,5.509884200435851,-6.447981938376044,36.10190956026184
hokkaido_01,2020-04-03,1585946477000,4.274680964359907,-5.990711008857549,36.10836767542956
hokkaido_01,2020-04-15,1586983277000,4.799914963572506,-5.802353437195795,36.111344168941066
hokkaido_01,2020-04-27,1588020078000,5.449266955442033,-7.930574719006537,36.11034034493235
hokkaido_01,2020-05-09,1589056878000,5.373270189425598,-6.676600440651796,36.111644997695976
hokkaido_01,2020-05-21,1590093679000,5.909367109496096,-6.1800526481463525,36.106807477125344
hokkaido_01,2020-06-02,1591130479000,5.714329307771955,-6.26500052028254,36.11010388174957
hokkaido_01,2020-06-14,1592167280000,5.909545762417834,-6.795213065022854,36.10770044274733
hokkaido_01,2020-06-26,1593204081000,4.7769275560503415,-6.955448471734728,36.111730808767724
hokkaido_01,2020-07-08,1594240882000,5.717302340125814,-6.987364557360827,36.11081239614268
hokkaido_01,2020-07-20,1595277682000,5.9557224835533535,-6.337975554145093,36.10466180594942
hokkaido_01,2020-08-01,1596314483000,5.741637584109789,-5.372799620123832,36.102376995641315
hokkaido_01,2020-08-13,1597351284000,6.464450271517083,-7.240308984579825,36.10984839458886
hokkaido_01,2020-08-25,1598388085000,4.693093361435124,-6.557232597005423,36.10850996519431
hokkaido_01,2020-09-06,1599424885000,5.186332808996144,-5.699995244137729,36.1063664131697
hokkaido_01,2020-09-18,1600461685000,6.46345242654265,-7.689477964865726,36.104297200983225
hokkaido_01,2020-09-30,1601498486000,7.068762872854671,-5.676135074720186,36.106751398527784
hokkaido_01,2020-10-12,1602535286000,6.1406376378286955,-6.965260262224764,36.10578116607821
hokkaido_01,2020-10-24,1603572086000,7.223164229347992,-7.162948062184151,36.10947529619654
hokkaido_01,2020-11-05,1604608886000,7.035700933649079,-7.257034702857474,36.10502495759897
hokkaido_01,2020-11-17,1605645686000,5.437729612989426,-6.959113618637113,36.10339965804889
hokkaido_01,2020-11-29,1606682485000,5.840615365783494,-5.509133764550472,36.10523186823856
hokkaido_01,2020-12-11,1607719285000,6.617053942602002,-7.308933879034181,36.10559146471309
hokkaido_01,2020-12-23,1608756084000,5.999197031133064,-8.734437588362152,36.11029303451905
hokkaido_01,2021-01-04,1609792884000,5.3244651191724826,-7.885943483106125,36.108937048043316
hokkaido_01,2021-01-16,1610829683000,5.727797871452767,-7.376987310962462,36.1053275020377
hokkaido_01,2021-01-28,1611866483000,6.6211992749971165,-8.48388492331624,36.09876497277936
hokkaido_01,2021-02-09,1612903282000,5.626060313885391,-8.702472510939739,36.10016168244944
hokkaido_01,2021-02-21,1613940082000,8.161260621344764,-7.917059921318742,36.11144774642827
hokkaido_01,2021-03-05,1614976882000,9.719662575838228,-6.800129864161497,36.11505229454798
hokkaido_01,2021-03-17,1616013682000,7.248929545098655,-8.85308532499488,36.11448654776517
hokkaido_01,2021-03-29,1617050482000,6.407161340480287,-8.527929174756245,36.10598417956421
hokkaido_01,2021-04-10,1618087283000,6.2196060788277245,-4.946910554998014,36.105694617516384
hokkaido_01,2021-04-22,1619124083000,6.400514109564814,-6.458566805855245,36.10973638320219
hokkaido_01,2021-05-04,1620160884000,5.696327543722311,-7.114730984817882,36.11153464353987
hokkaido_01,2021-05-16,1621197684000,6.705641676417346,-6.842520686047342,36.11060126551817
hokkaido_01,2021-05-28,1622234485000,5.814206700608467,-6.665668893076893,36.10646712883618
hokkaido_01,2021-06-09,1623271286000,6.2889563967456645,-6.14029454376017,36.10502554157748
hokkaido_01,2021-06-21,1624308087000,6.960239800821105,-6.501105234835764,36.10651857074613
hokkaido_01,2021-07-03,1625344887000,6.631310596885672,-6.843947973394444,36.10871033812022
hokkaido_01,2021-07-15,1626381688000,6.720275273429023,-6.311686510355266,36.10956665248807
hokkaido_01,2021-07-27,1627418489000,6.492028481135236,-7.07798994199962,36.1150452091718
hokkaido_01,2021-08-08,1628455289000,6.246124634059629,-6.362347231727368,36.10573304080307
hokkaido_01,2021-08-20,1629492090000,6.971104961304585,-5.982802000374903,36.1039540241166
hokkaido_01,2021-09-01,1630528905000,8.56205662618386,-7.234595850204132,35.61886707178085
hokkaido_01,2021-09-13,1631565705000,7.629516357887355,-6.593983072814924,35.6151291580123
hokkaido_01,2021-09-25,1632602506000,8.333495595831653,-7.29069285452047,35.61106025199305
hokkaido_01,2021-10-07,1633639303000,7.296129978716924,-6.498781442202076,35.75048003600913
hokkaido_01,2021-10-19,1634676103000,8.144571798415438,-6.500026619765483,35.7482573089877
hokkaido_01,2021-10-31,1635712903000,7.618291521081573,-6.5622262927764625,35.75194163775203
hokkaido_01,2021-11-12,1636749703000,7.172541388528819,-6.909682982264846,35.75383409603024
hokkaido_01,2021-11-24,1637786503000,7.301139427408488,-7.247936002342321,35.74823632645704
hokkaido_01,2021-12-06,1638823302000,5.458691978425962,-7.232352705970309,35.74814594456913
hokkaido_01,2021-12-18,1639860102000,4.833636459190246,-7.662497418032439,35.74643017378414
hokkaido_01,2021-12-30,1640896901000,5.473557969797108,-7.272955369044306,35.75374320701317
hokkaido_01,2022-01-11,1641933701000,1.5445622698529402,-8.375167308966173,35.75241593481268
hokkaido_01,2022-01-23,1642970500000,4.4247924547351385,-8.012613861709056,35.752192488391
hokkaido_01,2022-02-04,1644007299000,3.7808881097130693,-7.244261308020674,35.75328713235585
hokkaido_01,2022-02-16,1645044099000,3.5055292620580736,-8.368716730834128,35.75140033592508
hokkaido_01,2022-02-28,1646080899000,0.651374277646474,-8.464551267431778,35.75000185836315
hokkaido_01,2022-03-12,1647117699000,1.8001249832003148,-8.542662140758235,35.755774086075604
hokkaido_01,2022-03-24,1648154500000,4.750905297232147,-8.793433152749154,35.754993105532414
hokkaido_01,2022-04-05,1649191300000,4.641483046835836,-9.32365003726794,35.75598585721359
hokkaido_01,2022-04-17,1650228100000,4.873707815028562,-6.431842344829518,35.75153816985158
hokkaido_01,2022-04-29,1651264901000,5.223619387713883,-6.892709229101636,35.75140679039105
hokkaido_01,2022-05-11,1652301701000,5.925277641641688,-6.4176047669414436,35.7535439670676
hokkaido_01,2022-06-04,1654375303000,6.949128840270056,-6.150927066501348,35.75212910172914
hokkaido_01,2022-06-16,1655412104000,7.2464812498418585,-7.400817843213271,35.755264714049986
hokkaido_01,2022-06-28,1656448905000,7.556538252158204,-7.471782828873886,35.74787011938542
hokkaido_01,2022-07-10,1657485705000,7.143111538183069,-7.516848161198336,35.74940464305512
hokkaido_01,2022-07-22,1658522506000,7.839033143772009,-6.244856630214881,35.75501417419286
hokkaido_01,2022-08-03,1659559307000,6.892744127674467,-6.892740846098322,35.753187056983194
hokkaido_01,2022-08-15,1660596108000,6.584090300019049,-6.939491909425175,35.75271169808483
hokkaido_01,2022-08-27,1661632908000,6.559800159529,-7.47907400061972,35.74998134187639
hokkaido_01,2022-09-08,1662669709000,7.867119018975357,-7.056896452486626,35.74321639937585
hokkaido_01,2022-09-20,1663706508000,8.494863498754556,-7.7584154574986455,35.76852595468828
hokkaido_01,2022-10-02,1664743309000,6.984820800816092,-6.089440665570301,35.753297811569475
hokkaido_01,2022-10-14,1665780109000,7.0377776795879115,-6.233086913349827,35.75404338262655
hokkaido_01,2022-10-26,1666816909000,7.393899143494366,-6.3864802793411535,35.7443528171493
hokkaido_01,2022-11-07,1667853709000,7.047793816742231,-6.364654826225863,35.753386871109875
hokkaido_01,2022-11-19,1668890509000,6.4973395281598405,-7.744312810226513,35.74957482020061
hokkaido_01,2022-12-01,1669927308000,6.813952135650577,-6.909050739890224,35.75553639215638
hokkaido_01,2022-12-13,1670964108000,6.692928698291876,-8.359591396599129,35.75144514616656
hokkaido_01,2022-12-25,1672000907000,3.071254670939818,-8.101330118312985,35.7512317595819
hokkaido_01,2023-01-06,1673037706000,7.206661374152787,-8.527052832043664,35.748249374479016
hokkaido_01,2023-01-18,1674074505000,7.135752363630895,-7.959459490568681,35.768314622663
hokkaido_01,2023-01-30,1675111306000,4.939000784624947,-9.032323822432096,35.74850434973804
hokkaido_01,2023-02-11,1676148105000,4.359488582448516,-8.560302533462314,35.7541610547888
hokkaido_01,2023-02-23,1677184905000,0.9354164302182666,-7.976663858372962,35.75831437896156
hokkaido_01,2023-03-07,1678221705000,5.2026401720134485,-7.856599986108509,35.751944761179914
hokkaido_01,2023-03-19,1679258505000,6.2661219789323965,-6.506882434953327,35.752272203456215
hokkaido_01,2023-03-31,1680295305000,5.626646169910943,-8.900262939855695,35.753562386143344
hokkaido_01,2023-04-12,1681332106000,7.315169060704614,-6.284033366206214,35.75381403528078
hokkaido_01,2023-04-24,1682368906000,5.646296540497431,-6.322572043320389,35.75306949422816
hokkaido_01,2023-05-06,1683405707000,6.083651655448212,-6.588006405124022,35.744863557574476
hokkaido_01,2023-05-18,1684442508000,6.838693208142029,-5.39546633010507,35.744514182504986
hokkaido_01,2023-05-30,1685479308000,7.63872702171309,-6.22137945231893,35.74507436887181
hokkaido_01,2023-06-11,1686516109000,8.04533242630638,-7.252983792119438,35.754252731498994
hokkaido_01,2023-06-23,1687552909000,6.381474551452033,-6.685917884363675,35.75015369060071
hokkaido_01,2023-07-05,1688589710000,7.30906954519267,-6.682847236736759,35.75193144721954
hokkaido_01,2023-07-17,1689626511000,7.144223324309614,-6.638551147168389,35.74955864191392
hokkaido_01,2023-07-29,1690663311000,6.16089166040765,-6.212285488714438,35.75018350989444
hokkaido_01,2023-08-10,1691700111000,7.104092298096131,-6.799681804061578,35.76888062328154
hokkaido_01,2023-08-22,1692736913000,6.574192219037865,-5.899061233149589,35.75733200307566
hokkaido_01,2023-09-03,1693773714000,6.321349211724213,-5.285775285078599,35.749944515035615
hokkaido_01,2023-09-15,1694810514000,11.409842463283585,-5.495133976371274,35.74747660320038
hokkaido_01,2023-09-27,1695847314000,10.75974460300066,-6.068369440762236,35.75290357244509
hokkaido_01,2023-10-09,1696884114000,11.396835778866793,-5.506127710257372,35.75820553714662
hokkaido_01,2023-10-21,1697920914000,10.543750359676768,-7.0222322930384395,35.74932397690945
hokkaido_01,2023-11-02,1698957714000,7.411867729330541,-6.307733329841408,35.753581364178906
hokkaido_01,2023-11-14,1699994514000,5.842372361730857,-7.191061717001307,35.74498270611967
hokkaido_01,2023-11-26,1701031313000,6.4179837278411505,-5.3379329480685795,35.753432135974855
hokkaido_01,2023-12-08,1702068113000,6.431138985636956,-7.331507467404499,35.750190509470414
hokkaido_01,2023-12-20,1703104912000,6.184003760215475,-7.088207401989185,35.76512760894467
hokkaido_01,2024-01-01,1704141711000,4.780211242858649,-7.066575970887519,35.759368030699214
hokkaido_01,2024-01-13,1705178511000,3.6955402864068643,-7.441465129091299,35.748947665281975
hokkaido_01,2024-01-25,1706215311000,2.988072349889443,-8.118853312515723,35.74713844609554
hokkaido_01,2024-02-06,1707252110000,3.0536767976384174,-7.555802152774764,35.7541473308395
hokkaido_01,2024-02-18,1708288910000,3.29621035917006,-8.045054106912385,35.75317884238834
hokkaido_01,2024-03-01,1709325710000,2.1776921343884594,-8.757106040995003,35.75473319854457
hokkaido_01,2024-03-13,1710362510000,2.8284380862789043,-8.775898408513164,35.75651711894751
hokkaido_01,2024-03-25,1711399310000,4.689822386511154,-7.698841806639181,35.758052420649854
hokkaido_01,2024-04-06,1712436111000,4.947255323937745,-6.186440028425009,35.74789697589297
hokkaido_01,2024-04-18,1713472911000,6.291190305188921,-6.763466167431203,35.74968124365004
hokkaido_01,2024-04-30,1714509712000,6.468455451186121,-5.890984406265573,35.74960327380099
hokkaido_01,2024-05-12,1715546511000,6.391710967662745,-5.599484728118331,35.74752038357161
hokkaido_01,2024-05-24,1716583311000,5.966759019872034,-5.641015137039711,35.733604596103895
hokkaido_01,2024-06-05,1717620111000,7.370436460455884,-4.766732977971721,35.73589173336459
hokkaido_01,2024-06-17,1718656910000,7.406523187356408,-4.674805935292825,35.74491469110294
hokkaido_01,2024-06-29,1719693710000,7.101389248900101,-5.593228735160217,35.74222225690269
hokkaido_01,2024-07-11,1720730509000,6.959452165845325,-5.170016173619554,35.74184970782516
hokkaido_01,2024-07-23,1721767309000,6.8538090412172075,-4.961039844067474,35.74283934381424
hokkaido_01,2024-08-04,1722804109000,7.623324494910184,-4.4948604047305984,35.73904261143643
hokkaido_01,2024-08-16,1723840909000,8.106719595026412,-5.041414826264581,35.747950282241355
hokkaido_01,2024-08-28,1724877709000,8.393724526445716,-4.801962709622297,35.751926907822316
hokkaido_01,2024-09-09,1725914510000,8.553269667024518,-6.378386996840471,35.7570707286488
hokkaido_01,2024-09-21,1726951310000,8.85089836123712,-4.640148647810038,35.756551121673
hokkaido_01,2024-10-03,1727988110000,9.36220318133667,-6.616342043586122,35.756658498216595
hokkaido_01,2024-10-15,1729024910000,7.439297719232796,-5.408742421411872,35.75554121845901
hokkaido_01,2024-10-27,1730061711000,8.391994159569812,-4.468870574536327,35.75328142956051
hokkaido_01,2024-11-08,1731098510000,8.42808009250159,-5.91031671254407,35.754830448651546
hokkaido_01,2024-11-20,1732135309000,7.0856007185473535,-6.481546382693986,35.747922530200256
hokkaido_01,2024-12-02,1733172109000,7.599919691624727,-7.714075911620419,35.7397894301621
hokkaido_01,2024-12-14,1734208908000,6.68048293817056,-7.197379393510827,35.73642727777914
hokkaido_01,2024-12-26,1735245707000,6.356920630558934,-8.02814780003945,35.74503105853507
hokkaido_01,2025-01-07,1736282505000,6.083944000104329,-9.495674729525229,35.74924340115066
hokkaido_01,2025-01-19,1737319304000,7.506873251617669,-6.535697958705006,35.74988453895293
hokkaido_01,2025-01-31,1738356103000,6.671515547459005,-6.39900645484875,35.75265310422339
hokkaido_01,2025-02-12,1739392903000,6.031006909138445,-6.415597255402006,35.747047034825485
hokkaido_01,2025-02-24,1740429703000,4.7732714661650615,-7.244654965956307,35.75405718989818
hokkaido_01,2025-03-08,1741466503000,3.64866221123685,-7.375025416927123,35.753046570594854
hokkaido_01,2025-03-20,1742503304000,4.165245713005843,-7.504937212647723,35.75076957025599
hokkaido_01,2025-04-01,1743540104000,5.815578411141052,-7.404700432020215,35.74588610395502
hokkaido_01,2025-04-13,1744576904000,5.387059322722242,-7.299379966175776,35.749938369664626
hokkaido_01,2025-04-25,1745613704000,6.27531014971073,-6.61603298138316,35.74058561827007
hokkaido_01,2025-05-07,1746650504000,6.4677463878576695,-4.82114939427594,35.741909017067016
hokkaido_01,2025-05-19,1747687303000,6.344997559592659,-5.798692083562179,35.743405015353545
hokkaido_01,2025-05-31,1748724103000,6.832473696903996,-5.67772417312004,35.7383105535307
hokkaido_01,2025-06-12,1749760902000,6.390626548330838,-6.159691089462438,35.73333624336054
hokkaido_01,2025-06-24,1750797702000,6.350719066943354,-5.448784717649969,35.73138295565564
hokkaido_01,2025-07-06,1751834501000,6.135469097055664,-5.559229553370935,35.735943817181834
hokkaido_01,2025-07-18,1752871300000,6.65145762638887,-6.020032124494996,35.74284965855695
hokkaido_01,2025-07-30,1753908100000,6.072230195997342,-5.847683976610636,35.74454356957331
hokkaido_01,2025-08-11,1754944900000,6.828645929179374,-5.433117822303873,35.744068293064345
hokkaido_01,2025-08-23,1755981700000,6.310687845118441,-5.855988494433225,35.74600259877214
hokkaido_01,2025-09-04,1757018500000,7.071464137784933,-5.274685638546096,35.752923231562136
hokkaido_01,2025-09-16,1758055301000,6.578928870836183,-5.9337633768207105,35.758137180742125
hokkaido_01,2025-09-28,1759092101000,8.003994178926307,-5.369654369135861,35.75710073207403
hokkaido_01,2025-10-10,1760128901000,7.805737723367332,-6.268112664748224,35.74386824420505
hokkaido_01,2025-10-22,1761165701000,7.570132904408233,-6.717003730163666,35.74890379955814
hokkaido_01,2025-11-03,1762202501000,7.092771833227723,-5.843429334444015,35.74643861975278
hokkaido_01,2025-11-15,1763239300000,6.719158372552615,-5.389391313250062,35.749286977726314
hokkaido_01,2025-11-27,1764276099000,5.487421901513058,-6.923475036096742,35.74667979827414
hokkaido_01,2025-12-09,1765312898000,6.791165367318022,-5.9805194197851375,35.74108200736399
hokkaido_01,2025-12-21,1766349697000,4.834620683753692,-8.176170999673579,35.73841497062502
hokkaido_01,2026-01-02,1767386495000,5.382364844703566,-7.044226307646547,35.739388163402836
hokkaido_01,2026-01-14,1768423294000,6.426980551914807,-7.751840147527955,35.74323173234786
hokkaido_01,2026-01-26,1769460094000,5.3415982166012705,-7.523316369398646,35.748920628939636
hokkaido_01,2026-02-07,1770496893000,5.023272583355787,-8.110917258845824,35.75034039851243
hokkaido_01,2026-02-19,1771533692000,1.7326938936106737,-7.6059751496488275,35.74927407775263
hokkaido_01,2026-03-03,1772570492000,4.266455577807917,-8.867209803676191,35.751176884989626
hokkaido_01,2026-03-15,1773607292000,5.063026743521137,-5.167580134573199,35.74908383134931
hokkaido_01,2026-04-08,1775680892000,4.894500074791446,-5.799580336505119,35.75065863120424
hokkaido_01,2026-04-20,1776717693000,3.7073677154849904,-6.844996387455949,35.74167424246479
hokkaido_01,2026-05-02,1777754492000,5.117401344024882,-6.071462313910509,35.73798747048219
hokkaido_01,2026-05-14,1778791292000,6.090477994359686,-4.12143811330184,35.73540155223
hokkaido_02,2017-02-18,1487450457000,2.7798281852049063,-2.6623623868670325,35.9956925602021
hokkaido_02,2017-03-02,1488487257090,2.7955698613675852,-3.8584987651506863,35.997878293775045
hokkaido_02,2017-03-14,1489524057000,3.4140357437126307,-2.7302146459767758,35.98785794969277
hokkaido_02,2017-03-26,1490560857000,4.460760039645149,-2.985501880471815,35.987482473688225
hokkaido_02,2017-04-07,1491597658140,5.0232528526316855,-2.378224130055374,35.99118585617361
hokkaido_02,2017-04-19,1492634458760,6.6252883665258375,-1.2908062831185783,35.99314969447594
hokkaido_02,2017-05-01,1493671259000,6.629793454187474,-2.5927228357883876,35.990831467674376
hokkaido_02,2017-05-13,1494708059970,7.021718817492058,-2.2706969419161807,35.98673378712631
hokkaido_02,2017-05-25,1495744860000,7.893961275680416,-1.3238174105845,35.991370132551054
hokkaido_02,2017-06-06,1496781661000,8.03009739812831,-1.1906282901069347,35.98694400613783
hokkaido_02,2017-06-18,1497818461000,7.470027957419049,-1.5698911535229723,35.99195901459641
hokkaido_02,2017-06-30,1498855262000,7.488684150614828,-2.444404044076059,35.99401167003783
hokkaido_02,2017-07-12,1499892063000,7.15700040516684,-1.7518538773428007,35.99156526036396
hokkaido_02,2017-07-24,1500928864000,7.694684125254051,-1.4961489185725005,35.991148736656164
hokkaido_02,2017-08-05,1501965664000,8.031266855097723,-1.268504270928662,35.98546453717749
hokkaido_02,2017-08-17,1503002465000,7.419915302395103,-1.9303982644972844,35.992785060381664
hokkaido_02,2017-08-29,1504039265000,7.07235028442388,-1.432922797748653,35.99215462780366
hokkaido_02,2017-09-10,1505076066000,7.078064761748983,-1.3861925242719375,35.99018395351477
hokkaido_02,2017-09-22,1506112866000,6.813583636019337,-1.479853699062308,35.99061307754872
hokkaido_02,2017-10-04,1507149666000,6.451181851632892,-1.5985126594256345,35.98981419121995
hokkaido_02,2017-10-16,1508186467000,7.385219510991611,-2.1112136183668686,35.99098832090309
hokkaido_02,2017-10-28,1509223267000,6.647653569044106,-2.9134477824510068,35.98991545844483
hokkaido_02,2017-11-09,1510260066000,5.1390396817244035,-1.9511902366339087,35.992917455130026
hokkaido_02,2017-11-21,1511296866000,5.807969721876506,-2.4093611469700438,35.987270805281824
hokkaido_02,2017-12-03,1512333666000,6.099788075596305,-2.7827698829917784,35.987358132588504
hokkaido_02,2017-12-15,1513370465000,4.099565021521898,-4.0129106191613575,35.98723622494006
hokkaido_02,2017-12-27,1514407265000,5.472788723094155,-2.9279961350364303,35.99443796704171
hokkaido_02,2018-01-08,1515444064000,4.220783625571382,-2.116043413226423,35.99323547156498
hokkaido_02,2018-01-20,1516480864000,6.269739566711442,-2.7083401428239515,35.98648648736164
hokkaido_02,2018-02-01,1517517664000,3.520539866202608,-1.35195809235308,35.98585744435644
hokkaido_02,2018-02-13,1518554463000,5.792899229560487,-2.459845783886525,35.98531808042334
hokkaido_02,2018-02-25,1519591263000,3.8673181057447006,-2.9553622612579633,35.99337580984587
hokkaido_02,2018-03-09,1520628063000,4.15680705093402,-3.6990308934155713,35.99889192619788
hokkaido_02,2018-03-21,1521664863000,3.784658495310454,-2.4807456060783597,35.99878686925325
hokkaido_02,2018-04-02,1522701664000,6.06611735769024,-2.8358457283341103,35.9920400168679
hokkaido_02,2018-04-14,1523738464000,6.8947463203136286,-2.3326639002924736,35.989547636808716
hokkaido_02,2018-04-26,1524775265000,7.992388186314635,-1.1112583070479911,35.99002485979194
hokkaido_02,2018-05-08,1525812065000,7.789676008747758,-1.3606689324722163,35.99228838902862
hokkaido_02,2018-05-20,1526848866000,8.04255464299589,-1.5176669872370898,35.99404819070497
hokkaido_02,2018-06-01,1527885667000,8.354564997394847,-1.702098393093432,35.99540804196331
hokkaido_02,2018-06-13,1528922468000,8.665251242579853,-2.0804010450195554,35.98639607694897
hokkaido_02,2018-06-25,1529959268000,7.99826340296548,-1.7019501866295361,35.987789753857605
hokkaido_02,2018-07-19,1532032870000,8.317869242113549,-1.495365553750674,35.99478588324282
hokkaido_02,2018-07-31,1533069670000,8.507832565004568,-2.0236375261588804,35.996781789887955
hokkaido_02,2018-08-12,1534106471000,9.688614937155352,-1.2173314311231949,35.9901055095654
hokkaido_02,2018-08-24,1535143272000,8.673402270180096,-1.9626660462247663,35.979457514612854
hokkaido_02,2018-09-05,1536180072000,7.235152198077605,-3.0555331561708923,35.98962198764658
hokkaido_02,2018-09-17,1537216873000,6.05180792570665,-2.793703504684168,35.99273620812085
hokkaido_02,2018-09-29,1538253673000,5.684280936928993,-1.698790969058467,35.992439780290205
hokkaido_02,2018-10-11,1539290473000,6.907625367935888,-2.345433776041031,35.988149525664014
hokkaido_02,2018-10-23,1540327273000,7.834897085467052,-2.968719789525151,35.988576721821644
hokkaido_02,2018-11-04,1541364073000,7.0641374428099635,-2.510738274000578,35.98825848907581
hokkaido_02,2018-11-16,1542400873000,6.203511565559454,-2.8921991508030365,35.99241057153324
hokkaido_02,2018-11-28,1543437672000,5.593835558693278,-1.9268852971831745,35.99416489347631
hokkaido_02,2018-12-10,1544474472000,5.680812080404418,-1.6899516239558305,35.98898782373318
hokkaido_02,2018-12-22,1545511272000,5.701417183905447,-2.728917945782891,35.98429094852585
hokkaido_02,2019-01-03,1546548071000,4.133982573253861,-3.755267675352901,35.98691658177358
hokkaido_02,2019-01-15,1547584871000,4.644389229375758,-2.9530619948208052,35.99366048470285
hokkaido_02,2019-01-27,1548621671000,4.268068746168883,-1.90474770187903,35.98950303245041
hokkaido_02,2019-02-08,1549658470000,4.185451631939045,-2.322968579564172,35.99089062936672
hokkaido_02,2019-02-20,1550695270000,4.819110639966504,-3.405731494751748,35.98626058527608
hokkaido_02,2019-03-04,1551732070000,3.0768760769659687,-3.750567638312183,35.982374193980895
hokkaido_02,2019-03-16,1552768870000,4.047057248681247,-3.4921315346057784,35.99236059545627
hokkaido_02,2019-03-28,1553805670000,4.311638477407703,-3.2777301872353073,35.99233553924191
hokkaido_02,2019-04-09,1554842470000,5.749941605488682,-1.9552496352434963,35.99417280760758
hokkaido_02,2019-04-21,1555879271000,6.875012105993407,-0.7673019909999251,35.98594236566642
hokkaido_02,2019-05-03,1556916071000,6.274811525846012,-1.686808539141366,35.9827476137573
hokkaido_02,2019-05-15,1557952872000,6.349509422847888,-2.7287913382938407,35.98810199777639
hokkaido_02,2019-06-08,1560026473000,6.959251320943116,-1.419058317838053,35.996498944547895
hokkaido_02,2019-06-20,1561063274000,6.287120689027908,-2.505674697977348,35.99260347837296
hokkaido_02,2019-07-02,1562100075000,6.382849509994252,-1.3482131776314623,35.98666978026999
hokkaido_02,2019-07-14,1563136875000,7.198618752321341,-3.1237271718674724,35.98844652091098
hokkaido_02,2019-07-26,1564173676000,7.7968522031303555,-2.6047672466502796,35.99384728774808
hokkaido_02,2019-08-07,1565210477000,7.241928856683053,-2.2800004531307465,35.992910119493
hokkaido_02,2019-08-19,1566247278000,7.35170615421435,-2.4678260401065026,35.98802708508249
hokkaido_02,2019-09-12,1568320879000,6.1718062359175505,-3.1478783230633596,35.992214407143294
hokkaido_02,2019-09-24,1569357679000,6.161611375108352,-3.7616857129199373,35.987453077527526
hokkaido_02,2019-10-06,1570394480000,5.527395327256173,-2.7549449605616028,35.99167213486218
hokkaido_02,2019-10-18,1571431279000,6.517600567625065,-3.291546712312749,35.99357919141091
hokkaido_02,2019-10-30,1572468080000,5.926576718098192,-3.8139117738611206,35.98807478847107
hokkaido_02,2019-11-11,1573504880000,7.034730774319859,-3.2596973625250274,35.98633934764799
hokkaido_02,2019-11-23,1574541679000,5.3191923746600205,-3.8204115919765553,35.988463605781725
hokkaido_02,2019-12-05,1575578479000,5.244884118196385,-3.322532834370444,35.99464254338788
hokkaido_02,2019-12-17,1576615278000,4.5468608036260685,-5.238828552944383,35.99079024743455
hokkaido_02,2019-12-29,1577652078000,4.769144866368167,-3.106764139781176,35.9856866500093
hokkaido_02,2020-01-10,1578688877000,6.4138030960852,-3.941124364061613,35.9831671648328
hokkaido_02,2020-01-22,1579725677000,4.353535978473987,-3.6147192923221945,35.986702069390255
hokkaido_02,2020-02-03,1580762477000,3.2541888871565865,-2.4954144736529367,36.11144391042347
hokkaido_02,2020-02-15,1581799276000,3.298707724483171,-3.6363735151276826,36.11467966619878
hokkaido_02,2020-02-27,1582836076000,3.561453142327477,-3.8658307206195515,36.112202804707294
hokkaido_02,2020-03-10,1583872876000,9.887923210186791,-1.5880820194518916,36.10382833619496
hokkaido_02,2020-03-22,1584909676000,6.823689133998205,-1.7149097192182952,36.104929426852394
hokkaido_02,2020-04-03,1585946477000,6.488510589705919,-2.8202431223986513,36.11137619095621
hokkaido_02,2020-04-15,1586983277000,6.662780682045787,-2.8274361282809477,36.11435731059374
hokkaido_02,2020-04-27,1588020078000,4.446421885405813,-3.340173825369968,36.11336354496503
hokkaido_02,2020-05-09,1589056878000,5.735817544425969,-3.3453688239513855,36.11466755754275
hokkaido_02,2020-05-21,1590093679000,5.859016511890118,-2.85150569121976,36.10982015151685
hokkaido_02,2020-06-02,1591130479000,5.710729143418261,-3.181639282598117,36.113122177355265
hokkaido_02,2020-06-14,1592167280000,5.110095308153559,-3.2557434649182775,36.11071136884676
hokkaido_02,2020-06-26,1593204081000,5.081426087487485,-2.9769495519417437,36.11475636231109
hokkaido_02,2020-07-08,1594240882000,5.647937646815131,-3.5054917929445697,36.11382470919391
hokkaido_02,2020-07-20,1595277682000,5.727395307391157,-2.441559468733351,36.107687911555225
hokkaido_02,2020-08-01,1596314483000,4.4998201291613755,-3.074083302749715,36.10538828853073
hokkaido_02,2020-08-13,1597351284000,6.523133291052432,-2.777853314804719,36.11286167799824
hokkaido_02,2020-08-25,1598388085000,5.938463911249379,-2.557761743691332,36.11152681828413
hokkaido_02,2020-09-06,1599424885000,5.451103095782466,-3.0986095079285296,36.109391201098646
hokkaido_02,2020-09-18,1600461685000,6.6003681061500235,-2.8495950205532172,36.10731663795526
hokkaido_02,2020-09-30,1601498486000,7.0682851747502795,-2.660876707891819,36.10977886546743
hokkaido_02,2020-10-12,1602535286000,5.342029190668151,-2.811188022538044,36.10879313711838
hokkaido_02,2020-10-24,1603572086000,6.307464284958084,-2.7837383087432963,36.11249253225432
hokkaido_02,2020-11-05,1604608886000,6.236134130117324,-2.632647055805455,36.108051005602604
hokkaido_02,2020-11-17,1605645686000,6.272210087452177,-2.7214248062936104,36.106424231805875
hokkaido_02,2020-11-29,1606682485000,5.5571852105342385,-2.9359314352248087,36.10824751776785
hokkaido_02,2020-12-11,1607719285000,5.428074216469036,-2.7280826400173535,36.10860564800223
hokkaido_02,2020-12-23,1608756084000,7.262538270545992,-2.5570820857506367,36.11331901889789
hokkaido_02,2021-01-04,1609792884000,6.707106534534919,-2.4679113671889734,36.11195446915472
hokkaido_02,2021-01-16,1610829683000,5.547317058818582,-2.5465773580711013,36.108348573737075
hokkaido_02,2021-01-28,1611866483000,6.597370045652787,-2.649897011230959,36.101778332812934
hokkaido_02,2021-02-09,1612903282000,6.879005682220321,-2.6516601458292848,36.103175431640665
hokkaido_02,2021-02-21,1613940082000,5.692621205540704,-2.373075042748853,36.11447149952339
hokkaido_02,2021-03-05,1614976882000,4.697460837344619,-2.2772395335757016,36.118077651983704
hokkaido_02,2021-03-17,1616013682000,4.232123779396381,-2.1290987149934995,36.11750117600566
hokkaido_02,2021-03-29,1617050482000,5.472066827882873,-3.1402662341670067,36.10901034842802
hokkaido_02,2021-04-10,1618087283000,5.815717759029227,-2.4830204290322517,36.108710998708105
hokkaido_02,2021-04-22,1619124083000,6.200749834210975,-2.773672133943492,36.11276272331984
hokkaido_02,2021-05-04,1620160884000,6.456216896253839,-2.6667238561339497,36.11454521872779
hokkaido_02,2021-05-16,1621197684000,5.804287630075721,-3.0380347523865403,36.113615819757634
hokkaido_02,2021-05-28,1622234485000,7.219342913249578,-2.508132403179374,36.109485252381916
hokkaido_02,2021-06-09,1623271286000,7.21201403443813,-2.148978866005982,36.10803687767431
hokkaido_02,2021-06-21,1624308087000,6.837595343952223,-2.6680459799346026,36.109543208883274
hokkaido_02,2021-07-03,1625344887000,7.580048599130178,-3.4774148494306414,36.11173560767431
hokkaido_02,2021-07-15,1626381688000,7.470752990947045,-3.306407184208177,36.112592877125735
hokkaido_02,2021-07-27,1627418489000,7.388802732629294,-3.5271532313728087,36.11805728798999
hokkaido_02,2021-08-08,1628455289000,7.094908619463084,-2.3016493943067813,36.10874444187279
hokkaido_02,2021-08-20,1629492090000,8.096723101700013,-2.910405665051768,36.10697788653804
hokkaido_02,2021-09-01,1630528905000,7.904827148868077,-3.0838349312176807,35.6215536368886
hokkaido_02,2021-09-13,1631565705000,7.521231356545592,-2.6191489514534356,35.61781350638355
hokkaido_02,2021-09-25,1632602506000,7.981972597366419,-2.080657817114844,35.613745654499205
hokkaido_02,2021-10-07,1633639303000,7.1412181496009,-2.301259803334622,35.75335747293694
hokkaido_02,2021-10-19,1634676103000,6.64419381937271,-3.244253488367343,35.75113647321941
hokkaido_02,2021-10-31,1635712903000,7.88553249794657,-2.365616512854215,35.75483628831941
hokkaido_02,2021-11-12,1636749703000,8.510579426275674,-2.6989040126580615,35.75671993661993
hokkaido_02,2021-11-24,1637786503000,6.617975216612863,-2.2928379449427463,35.75111460030946
hokkaido_02,2021-12-06,1638823302000,5.626701806354538,-2.375899177797336,35.75103580132547
hokkaido_02,2021-12-18,1639860102000,4.512988614750267,-2.327318870638153,35.74931810492814
hokkaido_02,2021-12-30,1640896901000,7.101650098928574,-2.9317854157987404,35.75663558886009
hokkaido_02,2022-01-11,1641933701000,-0.5104173207706155,-3.347195132165372,35.75529554285747
hokkaido_02,2022-01-23,1642970500000,3.36236377096864,-2.628131385825218,35.755087616664596
hokkaido_02,2022-02-04,1644007299000,4.105156141398279,-1.8894682323119751,35.75617352028748
hokkaido_02,2022-02-16,1645044099000,2.082880751947694,-3.240298006887051,35.75429156222888
hokkaido_02,2022-02-28,1646080899000,3.2353342573034127,-2.580623489517038,35.75289034906022
hokkaido_02,2022-03-12,1647117699000,3.8095675053083684,-3.740462365648909,35.758651731085564
hokkaido_02,2022-03-24,1648154500000,4.260122573179325,-3.4545093131366915,35.75788612673981
hokkaido_02,2022-04-05,1649191300000,4.186163708157411,-2.980128613470698,35.75886446575857
hokkaido_02,2022-04-17,1650228100000,5.621541988881686,-2.987417314579419,35.754427732073545
hokkaido_02,2022-04-29,1651264901000,6.402782138648611,-3.0584671314314806,35.75428538693697
hokkaido_02,2022-05-11,1652301701000,6.48194051754745,-2.5416397412458123,35.75642075405591
hokkaido_02,2022-06-04,1654375303000,6.958652317098275,-2.2545666085465994,35.755018197261926
hokkaido_02,2022-06-16,1655412104000,7.611854969548143,-3.307002919519104,35.75815360791755
hokkaido_02,2022-06-28,1656448905000,7.70211801558373,-2.9021925580570107,35.75075719853022
hokkaido_02,2022-07-10,1657485705000,7.982992628057627,-2.2655842347410955,35.75229381926861
hokkaido_02,2022-07-22,1658522506000,6.337691156849134,-3.1269582367524524,35.757890784858375
hokkaido_02,2022-08-03,1659559307000,8.143096770009636,-2.3181743523431537,35.756073334116394
hokkaido_02,2022-08-15,1660596108000,7.833213471780355,-2.742946812122936,35.755595058299185
hokkaido_02,2022-08-27,1661632908000,7.155523987024294,-2.073518533421317,35.75285846031044
hokkaido_02,2022-09-08,1662669709000,8.458922279356097,-2.38765098177061,35.746109416707974
hokkaido_02,2022-09-20,1663706508000,8.600447812627356,-2.2849475727093465,35.771412601948946
hokkaido_02,2022-10-02,1664743309000,7.187160388889183,-2.5416530043968284,35.756176855163154
hokkaido_02,2022-10-14,1665780109000,7.9157577732769715,-2.1789373364151756,35.75693359482979
hokkaido_02,2022-10-26,1666816909000,8.756660017019467,-2.1423681619436072,35.7472341595274
hokkaido_02,2022-11-07,1667853709000,8.121133229512056,-2.0048721974964923,35.75627950382193
hokkaido_02,2022-11-19,1668890509000,7.274070722824753,-2.8302539065412744,35.75246846047443
hokkaido_02,2022-12-01,1669927308000,8.065310938389315,-2.251379509142564,35.75842150755604
hokkaido_02,2022-12-13,1670964108000,6.049847068429549,-3.410200537696879,35.7543420055064
hokkaido_02,2022-12-25,1672000907000,3.3309953867291995,-2.9183558722376044,35.754125802816176
hokkaido_02,2023-01-06,1673037706000,4.948519482242583,-2.770847457099088,35.75114188123798
hokkaido_02,2023-01-18,1674074505000,4.364598458588835,-3.579692301877082,35.771198486303454
hokkaido_02,2023-01-30,1675111306000,3.104570068374564,-2.5787676719889947,35.7513943791872
hokkaido_02,2023-02-11,1676148105000,1.4500338207307457,-2.375440292280853,35.75705583949696
hokkaido_02,2023-02-23,1677184905000,2.3324643659340314,-3.6153200848705698,35.76120440113805
hokkaido_02,2023-03-07,1678221705000,5.729917829368105,-3.198416938682753,35.75483491231187
hokkaido_02,2023-03-19,1679258505000,3.5170546412439374,-2.330291284476731,35.75514777633103
hokkaido_02,2023-03-31,1680295305000,5.461715993957791,-2.6963906142580227,35.75644450940584
hokkaido_02,2023-04-12,1681332106000,6.6385518524366995,-3.0073364834981944,35.75669372669612
hokkaido_02,2023-04-24,1682368906000,6.274474782085291,-3.316079988866717,35.755954703081
hokkaido_02,2023-05-06,1683405707000,6.7068397333983105,-2.8632407642893254,35.74775014979004
hokkaido_02,2023-05-18,1684442508000,6.695578352124373,-2.8883418173262974,35.74739475836171
hokkaido_02,2023-05-30,1685479308000,6.97337140768909,-3.3374602085472267,35.74796652875849
hokkaido_02,2023-06-11,1686516109000,5.880718714444658,-2.8175979289803386,35.757134849528306
hokkaido_02,2023-06-23,1687552909000,5.836931894130563,-2.512241486120579,35.75304260824069
hokkaido_02,2023-07-05,1688589710000,6.364348443907986,-3.1532995780106137,35.75480783612091
hokkaido_02,2023-07-17,1689626511000,5.991342568283844,-2.9272403672483143,35.75243650031625
hokkaido_02,2023-07-29,1690663311000,6.737589602636124,-2.2638545355577873,35.7530614916548
hokkaido_02,2023-08-10,1691700111000,6.126226474752106,-3.122594173910225,35.771769469493655
hokkaido_02,2023-08-22,1692736913000,7.061542234106762,-2.5344668240572887,35.76021849617615
hokkaido_02,2023-09-03,1693773714000,6.884270773891505,-2.8827122242337633,35.752822272517264
hokkaido_02,2023-09-15,1694810514000,6.868698504104228,-2.1686884868412455,35.75035485857109
hokkaido_02,2023-09-27,1695847314000,4.998474793476758,-3.29127939478289,35.75579312978864
hokkaido_02,2023-10-09,1696884114000,4.375814050601737,-3.0938999410290444,35.76110022122033
hokkaido_02,2023-10-21,1697920914000,5.12423724766108,-2.7135394042441194,35.75221050908775
hokkaido_02,2023-11-02,1698957714000,5.555923760162453,-3.3461507455709905,35.75647374512214
hokkaido_02,2023-11-14,1699994514000,5.921169444426753,-2.340153134666759,35.747871828349055
hokkaido_02,2023-11-26,1701031313000,5.947489500994432,-2.4152808377008785,35.75632586679799
hokkaido_02,2023-12-08,1702068113000,6.320802247004128,-2.0300583393475913,35.753071317478174
hokkaido_02,2023-12-20,1703104912000,4.0016493806139035,-2.9952031279981255,35.76801409757082
hokkaido_02,2024-01-01,1704141711000,3.5237003776462106,-3.8265195657346855,35.762263173793116
hokkaido_02,2024-01-13,1705178511000,2.8938398542428976,-2.1681400984011336,35.751838239329494
hokkaido_02,2024-01-25,1706215311000,4.543625997973806,-2.542289435479408,35.750016909179195
hokkaido_02,2024-02-06,1707252110000,3.051268912388557,-3.3021849658870632,35.757035882352575
hokkaido_02,2024-02-18,1708288910000,4.775778874262115,-3.8115370185284863,35.75605741725793
hokkaido_02,2024-03-01,1709325710000,2.627391157676102,-2.505831931361833,35.75762319208467
hokkaido_02,2024-03-13,1710362510000,0.7915033560202572,-3.6251751872222484,35.75939711291381
hokkaido_02,2024-03-25,1711399310000,4.682172036741472,-2.480779565490978,35.76094035820839
hokkaido_02,2024-04-06,1712436111000,7.376027306438721,-2.566249826760494,35.75078646598945
hokkaido_02,2024-04-18,1713472911000,7.208440669786547,-3.007367794038054,35.75257069933375
hokkaido_02,2024-04-30,1714509712000,6.006036568486471,-2.518600491487695,35.75248190244745
hokkaido_02,2024-05-12,1715546511000,7.810240943123031,-3.13679342606723,35.75040023418388
hokkaido_02,2024-05-24,1716583311000,6.919634516727071,-2.4241373273477036,35.736485088958354
hokkaido_02,2024-06-05,1717620111000,6.529396688752574,-2.3448702189602546,35.73877097621109
hokkaido_02,2024-06-17,1718656910000,6.892050719460564,-1.8718649146258415,35.74791720308113
hokkaido_02,2024-06-29,1719693710000,4.7084561789674275,-2.1557468193788227,35.74511252064053
hokkaido_02,2024-07-11,1720730509000,5.511490979501094,-1.7943112988785805,35.744740919282556
hokkaido_02,2024-07-23,1721767309000,5.43747391292102,-1.6247236666262874,35.745732804886025
hokkaido_02,2024-08-04,1722804109000,6.1094190758398215,-2.972724871749645,35.74193042036549
hokkaido_02,2024-08-16,1723840909000,5.7810277787507545,-2.2256043706723303,35.75082919086039
hokkaido_02,2024-08-28,1724877709000,5.874648526296195,-2.929408678914672,35.75481611192888
hokkaido_02,2024-09-09,1725914510000,6.215127299232993,-2.8927242217625952,35.75995504607506
hokkaido_02,2024-09-21,1726951310000,5.940679548856243,-2.5598162426452227,35.75943586176091
hokkaido_02,2024-10-03,1727988110000,4.319955922339214,-3.457551113109422,35.759554884975046
hokkaido_02,2024-10-15,1729024910000,5.969980416362421,-2.794741314664068,35.75842248913927
hokkaido_02,2024-10-27,1730061711000,6.543568334498215,-2.865186354571336,35.75617816808517
hokkaido_02,2024-11-08,1731098510000,5.894975229416064,-3.062037900789325,35.75772421293025
hokkaido_02,2024-11-20,1732135309000,4.407972323217935,-3.569923957977728,35.75080120435844
hokkaido_02,2024-12-02,1733172109000,5.348147179836664,-3.5759342460711414,35.74267843304258
hokkaido_02,2024-12-14,1734208908000,4.101459127660277,-2.7337272915644952,35.73930785439231
hokkaido_02,2024-12-26,1735245707000,5.174003969001657,-2.9404787360597338,35.747912608293305
hokkaido_02,2025-01-07,1736282505000,4.763751700754228,-3.7383391012538842,35.752131740412786
hokkaido_02,2025-01-19,1737319304000,5.949586225608472,-3.8111915496419706,35.75276843348665
hokkaido_02,2025-01-31,1738356103000,5.351454880140523,-4.103211749164279,35.75554032815302
hokkaido_02,2025-02-12,1739392903000,11.74868017853445,-2.2712753215517383,35.7499381817093
hokkaido_02,2025-02-24,1740429703000,4.015497466909445,-3.806844546852975,35.75693521210641
hokkaido_02,2025-03-08,1741466503000,1.6866054559956023,-2.642606870225816,35.75593700022833
hokkaido_02,2025-03-20,1742503304000,4.1727908741543684,-3.9692120086481535,35.75365992183998
hokkaido_02,2025-04-01,1743540104000,4.8068075094004845,-4.091020687489179,35.748770043287
hokkaido_02,2025-04-13,1744576904000,4.293609788193099,-2.992162444697387,35.7528192901149
hokkaido_02,2025-04-25,1745613704000,5.077624774594689,-2.872805566627112,35.74347712656052
hokkaido_02,2025-05-07,1746650504000,7.550032810569976,-3.1719507310364565,35.74479983489071
hokkaido_02,2025-05-19,1747687303000,6.835542004589445,-2.9780484793548117,35.74628967893408
hokkaido_02,2025-05-31,1748724103000,7.323668802457371,-1.7204211641267637,35.741204775652854
hokkaido_02,2025-06-12,1749760902000,8.55186156560733,-1.867465761355419,35.73622539327603
hokkaido_02,2025-06-24,1750797702000,8.262575684333461,-2.135926000644484,35.73426516414267
hokkaido_02,2025-07-06,1751834501000,7.896962835403921,-2.1489226648607898,35.738836971272946
hokkaido_02,2025-07-18,1752871300000,6.368789625244602,-1.8963773457899578,35.74574391355793
hokkaido_02,2025-07-30,1753908100000,7.439148194886167,-1.5169075611028067,35.747422961353095
hokkaido_02,2025-08-11,1754944900000,8.163416829733148,-2.4200038065929355,35.74694764801951
hokkaido_02,2025-08-23,1755981700000,8.039497415915378,-1.349232466987597,35.74888094017353
hokkaido_02,2025-09-04,1757018500000,8.296707997779276,-1.7242628636880308,35.755798589633955
hokkaido_02,2025-09-16,1758055301000,7.507646420482666,-1.7934991329874732,35.76103076171257
hokkaido_02,2025-09-28,1759092101000,6.067161111385522,-1.735234652556189,35.75998254497469
hokkaido_02,2025-10-10,1760128901000,7.130727097174037,-1.1543619937662046,35.74675977516831
hokkaido_02,2025-10-22,1761165701000,7.6597558417213865,-1.7770923770828895,35.751792566675974
hokkaido_02,2025-11-03,1762202501000,7.421842402136522,-1.9273338171613101,35.74933158592284
hokkaido_02,2025-11-15,1763239300000,6.9729740163482985,-1.9522737598974484,35.75217023025992
hokkaido_02,2025-11-27,1764276099000,4.47925997398904,-2.7317205989004734,35.749567482056406
hokkaido_02,2025-12-09,1765312898000,4.660667753205165,-2.9608700921069753,35.743958640594556
hokkaido_02,2025-12-21,1766349697000,6.868154693699549,-2.9803180760971095,35.74129415892324
hokkaido_02,2026-01-02,1767386495000,3.0703082261797223,-2.214630865920196,35.742281496054545
hokkaido_02,2026-01-14,1768423294000,4.428062015521788,-2.469377816217775,35.74611892314482
hokkaido_02,2026-01-26,1769460094000,4.09163239480319,-1.953086523031827,35.75181145540823
hokkaido_02,2026-02-07,1770496893000,2.885843305421867,-3.044709397030474,35.753229302718296
hokkaido_02,2026-02-19,1771533692000,4.667644730940074,-2.84591129163052,35.75216222257961
hokkaido_02,2026-03-03,1772570492000,5.038767342707023,-2.9613555477325786,35.75405518117577
hokkaido_02,2026-03-15,1773607292000,5.666290278031977,-3.322001489562695,35.751974384808776
hokkaido_02,2026-04-08,1775680892000,4.370582967014296,-3.391962650957351,35.75353740653607
hokkaido_02,2026-04-20,1776717693000,3.7671247654143527,-3.9886008811197597,35.74455628363285
hokkaido_02,2026-05-02,1777754492000,5.372051375710736,-2.9144073336969716,35.740877149948595
hokkaido_02,2026-05-14,1778791292000,6.067197307482335,-2.1368316388582924,35.73829018383453
hokkaido_03,2017-02-18,1487450457000,2.61306536646697,-7.717677226734639,35.979881231860986
hokkaido_03,2017-03-02,1488487257090,2.490388916638014,-7.201263445111185,35.98206646619877
hokkaido_03,2017-03-14,1489524057000,3.358484172934228,-6.258132482073147,35.972031223562134
hokkaido_03,2017-03-26,1490560857000,5.872720977029863,-6.235123060220482,35.971659524872074
hokkaido_03,2017-04-07,1491597658140,6.378113947884977,-5.080370478911769,35.97537497271427
hokkaido_03,2017-04-19,1492634458760,7.686385550477825,-5.630415450244188,35.97732716142396
hokkaido_03,2017-05-01,1493671259000,7.423401427768436,-5.519895790369449,35.975020476295555
hokkaido_03,2017-05-13,1494708059970,7.444491643793313,-5.49586304189146,35.970912694786264
hokkaido_03,2017-05-25,1495744860000,8.083014256970346,-5.437096701641013,35.975545430221935
hokkaido_03,2017-06-06,1496781661000,8.077292011406833,-6.450891994600542,35.97113247160626
hokkaido_03,2017-06-18,1497818461000,8.317050936152574,-6.404093280244806,35.97614741855198
hokkaido_03,2017-06-30,1498855262000,9.109653408765128,-6.458879660001748,35.978202322624256
hokkaido_03,2017-07-12,1499892063000,8.40844278320717,-7.1513094032606945,35.97575509145925
hokkaido_03,2017-07-24,1500928864000,7.859584828968065,-7.027691535405735,35.9753266145653
hokkaido_03,2017-08-05,1501965664000,7.316933050775118,-7.906131365882745,35.96964068829642
hokkaido_03,2017-08-17,1503002465000,7.742796147945193,-6.876008198691697,35.97696003570803
hokkaido_03,2017-08-29,1504039265000,7.259517006633768,-5.893942824154701,35.97634458850504
hokkaido_03,2017-09-10,1505076066000,6.42494872462729,-6.255506370506054,35.974375934662554
hokkaido_03,2017-09-22,1506112866000,8.37173826369748,-5.768851390294662,35.97479087602698
hokkaido_03,2017-10-04,1507149666000,7.785787590882243,-6.1285485503599055,35.97399079062723
hokkaido_03,2017-10-16,1508186467000,7.984767647953099,-5.619552772952173,35.975165304113446
hokkaido_03,2017-10-28,1509223267000,8.991315137668229,-6.694637325172732,35.97410217390155
hokkaido_03,2017-11-09,1510260066000,6.7395188823379435,-6.558849058374699,35.977091860708576
hokkaido_03,2017-11-21,1511296866000,5.33308007328055,-6.235896660536866,35.97145977560808
hokkaido_03,2017-12-03,1512333666000,5.774137830810355,-5.6040724938897455,35.97153456928661
hokkaido_03,2017-12-15,1513370465000,5.947837451759473,-5.248898726294279,35.9714149530719
hokkaido_03,2017-12-27,1514407265000,2.751792385907371,-6.731140768490706,35.978614807900485
hokkaido_03,2018-01-08,1515444064000,2.867321225463885,-5.828951124987927,35.97742462543682
hokkaido_03,2018-01-20,1516480864000,2.295622091912984,-5.898782224342918,35.97066278011964
hokkaido_03,2018-02-01,1517517664000,2.407807163605198,-6.143798235535086,35.970046596334434
hokkaido_03,2018-02-13,1518554463000,2.892340241378767,-4.148194783574497,35.969493144163216
hokkaido_03,2018-02-25,1519591263000,1.6880043150005744,-4.915751559217121,35.977563682674855
hokkaido_03,2018-03-09,1520628063000,3.025503446715058,-6.193254329041487,35.98307281626637
hokkaido_03,2018-03-21,1521664863000,2.5683049552603903,-5.818432685471347,35.98297825129347
hokkaido_03,2018-04-02,1522701664000,4.9332698453670005,-6.349277894563922,35.97621815439231
hokkaido_03,2018-04-14,1523738464000,3.676579404727884,-4.307575534168636,35.97372983273606
hokkaido_03,2018-04-26,1524775265000,5.015779811524561,-4.449123614353412,35.97421132740506
hokkaido_03,2018-05-08,1525812065000,4.994922108414435,-5.358322147035578,35.97646932330112
hokkaido_03,2018-05-20,1526848866000,6.4779971617356695,-5.593216103390444,35.97823865607447
hokkaido_03,2018-06-01,1527885667000,7.3614223214454535,-4.261594731534118,35.97959558879833
hokkaido_03,2018-06-13,1528922468000,8.260953252131296,-4.244952375336048,35.97057028749631
hokkaido_03,2018-06-25,1529959268000,7.953154977832742,-3.835807368609774,35.97196670198836
hokkaido_03,2018-07-19,1532032870000,8.646721066551985,-4.196054540455997,35.97896935596989
hokkaido_03,2018-07-31,1533069670000,8.003905791527417,-4.409201807004902,35.980971272477646
hokkaido_03,2018-08-12,1534106471000,8.946832976693782,-3.890744413656745,35.97429430506458
hokkaido_03,2018-08-24,1535143272000,8.628552593537908,-4.373095515629856,35.96387524845626
hokkaido_03,2018-09-05,1536180072000,8.270465310073769,-4.767663263452294,35.97381030499128
hokkaido_03,2018-09-17,1537216873000,7.4268861611238695,-5.238402483873948,35.97692180349233
hokkaido_03,2018-09-29,1538253673000,6.726598934638879,-4.543866425555849,35.976629699078316
hokkaido_03,2018-10-11,1539290473000,6.714984174662184,-5.29883468413964,35.97232421486517
hokkaido_03,2018-10-23,1540327273000,6.851555904210962,-4.852731475451816,35.97275489036483
hokkaido_03,2018-11-04,1541364073000,5.3722707052993535,-4.570028831719254,35.97243871816102
hokkaido_03,2018-11-16,1542400873000,5.40018698162995,-4.38223581366041,35.976586461259785
hokkaido_03,2018-11-28,1543437672000,5.082264224282146,-4.510394557092456,35.97834239840145
hokkaido_03,2018-12-10,1544474472000,4.34185004741748,-3.7580749904313646,35.97316578841734
hokkaido_03,2018-12-22,1545511272000,2.4082540167762634,-6.2388245136527845,35.9684660856822
hokkaido_03,2019-01-03,1546548071000,3.5242955708604957,-4.761862325143581,35.971106890455665
hokkaido_03,2019-01-15,1547584871000,2.955377714378439,-4.953623416306244,35.977840741282655
hokkaido_03,2019-01-27,1548621671000,2.1637717743970843,-5.681141048629941,35.97367893951109
hokkaido_03,2019-02-08,1549658470000,3.6635473817671236,-5.5201212223805385,35.97508114905666
hokkaido_03,2019-02-20,1550695270000,3.0404048345427674,-6.623241186078685,35.9704379842427
hokkaido_03,2019-03-04,1551732070000,2.9857075365248495,-6.274363142569467,35.96654676813301
hokkaido_03,2019-03-16,1552768870000,6.0627068260687045,-6.082478457757181,35.97653704967179
hokkaido_03,2019-03-28,1553805670000,5.198160229394805,-7.209896132131604,35.97651586717771
hokkaido_03,2019-04-09,1554842470000,6.955408213486667,-6.145135371581995,35.97834847036036
hokkaido_03,2019-04-21,1555879271000,5.938646543861479,-6.566312245133722,35.97013029169011
hokkaido_03,2019-05-03,1556916071000,6.420687776808101,-5.820259925507209,35.96692057775583
hokkaido_03,2019-05-15,1557952872000,5.904691099453371,-5.404872459968285,35.972276627414395
hokkaido_03,2019-06-08,1560026473000,6.450647224714514,-7.31637957272369,35.98068972589127
hokkaido_03,2019-06-20,1561063274000,6.92906050198687,-6.897979536539457,35.976791846817235
hokkaido_03,2019-07-02,1562100075000,6.8553783121289475,-6.660349931604818,35.970845961561096
hokkaido_03,2019-07-14,1563136875000,7.526721667893991,-7.421301388869191,35.97263100154962
hokkaido_03,2019-07-26,1564173676000,8.021246513132184,-7.055239207587981,35.97802569302646
hokkaido_03,2019-08-07,1565210477000,6.870107674011414,-6.705210421204705,35.9770994481233
hokkaido_03,2019-08-19,1566247278000,7.794820178250458,-6.726327607121119,35.972201130353106
hokkaido_03,2019-09-12,1568320879000,6.502365410467901,-7.291735868215402,35.97639304421165
hokkaido_03,2019-09-24,1569357679000,7.336274786656349,-6.12322104359465,35.97163025930506
hokkaido_03,2019-10-06,1570394480000,7.9446728922519005,-5.359188563742552,35.97585245814496
hokkaido_03,2019-10-18,1571431279000,7.550457628932935,-6.2486794670083645,35.97775950174569
hokkaido_03,2019-10-30,1572468080000,7.802977077609657,-6.670447670169394,35.97225811468942
hokkaido_03,2019-11-11,1573504880000,9.519048222088243,-6.287021522567279,35.97052748320343
hokkaido_03,2019-11-23,1574541679000,6.820010577595997,-6.938592813628434,35.97263940657321
hokkaido_03,2019-12-05,1575578479000,5.117061489751338,-4.42152990840228,35.97881958251928
hokkaido_03,2019-12-17,1576615278000,5.343942297506044,-6.756148008290324,35.97497047270188
hokkaido_03,2019-12-29,1577652078000,7.792426724730974,-7.067203241851827,35.969870348073
hokkaido_03,2020-01-10,1578688877000,7.221036213547979,-6.212249029373109,35.96734931098089
hokkaido_03,2020-01-22,1579725677000,4.64611910624189,-7.45607832281003,35.970876260096986
hokkaido_03,2020-02-03,1580762477000,5.849990476154842,-7.752205996402552,36.09544329624943
hokkaido_03,2020-02-15,1581799276000,5.740409223080508,-6.6330601706970524,36.09868159917263
hokkaido_03,2020-02-27,1582836076000,3.312771252371587,-8.527679694366638,36.096206383582725
hokkaido_03,2020-03-10,1583872876000,8.836847046782113,-4.58668037121691,36.08783058863731
hokkaido_03,2020-03-22,1584909676000,6.765914595121946,-5.880016820173111,36.088931583167806
hokkaido_03,2020-04-03,1585946477000,6.328356744392592,-7.168279128112231,36.09539141359173
hokkaido_03,2020-04-15,1586983277000,6.771471212311575,-8.592249565516314,36.09836939160491
hokkaido_03,2020-04-27,1588020078000,7.01001459904072,-6.763617722477096,36.09736697316654
hokkaido_03,2020-05-09,1589056878000,6.567043708791203,-5.611491089051316,36.09866731599716
hokkaido_03,2020-05-21,1590093679000,6.933991438690906,-6.283532669521512,36.09383410921572
hokkaido_03,2020-06-02,1591130479000,7.317386278899513,-7.271416078970319,36.097132264325765
hokkaido_03,2020-06-14,1592167280000,7.514553450398324,-8.14703012667198,36.09472725881527
hokkaido_03,2020-06-26,1593204081000,6.0954294985959026,-7.347583002132088,36.09875617853004
hokkaido_03,2020-07-08,1594240882000,6.906751467206652,-6.0647610326178345,36.09784044560252
hokkaido_03,2020-07-20,1595277682000,7.222557739750352,-6.963795999835411,36.091689843071826
hokkaido_03,2020-08-01,1596314483000,6.198545483579353,-7.205774871087037,36.08940478772148
hokkaido_03,2020-08-13,1597351284000,6.461078014962321,-6.355239212988082,36.09687664910281
hokkaido_03,2020-08-25,1598388085000,6.388200991344673,-6.923145731464048,36.09553060127027
hokkaido_03,2020-09-06,1599424885000,6.841273611890946,-8.493938557922826,36.09339053416888
hokkaido_03,2020-09-18,1600461685000,8.28685322141175,-5.290822244351637,36.091325347290166
hokkaido_03,2020-09-30,1601498486000,7.437064873470867,-5.941912186744749,36.09377856589048
hokkaido_03,2020-10-12,1602535286000,8.361845520208137,-6.370568135209659,36.092806929941005
hokkaido_03,2020-10-24,1603572086000,8.982217513504533,-5.384312900166081,36.09650334374797
hokkaido_03,2020-11-05,1604608886000,8.933664714048433,-4.364083534482882,36.09205029949413
hokkaido_03,2020-11-17,1605645686000,7.303012338341247,-5.195779562993098,36.09042490152271
hokkaido_03,2020-11-29,1606682485000,5.998542546757248,-4.332600240521947,36.092253633911305
hokkaido_03,2020-12-11,1607719285000,7.080655856255665,-8.116895151156447,36.09261572994495
hokkaido_03,2020-12-23,1608756084000,7.403840095024641,-8.033575933706032,36.09731976944408
hokkaido_03,2021-01-04,1609792884000,7.19730297578903,-7.536331112767086,36.09595690993847
hokkaido_03,2021-01-16,1610829683000,5.08741630348198,-7.452736632360057,36.092348072933035
hokkaido_03,2021-01-28,1611866483000,4.369297502904161,-6.6047205641480655,36.08579078828447
hokkaido_03,2021-02-09,1612903282000,6.289262879248114,-7.305848369510118,36.0871872096266
hokkaido_03,2021-02-21,1613940082000,4.850403947204485,-6.633488581750857,36.09847004565869
hokkaido_03,2021-03-05,1614976882000,5.973534371787668,-7.487463857781238,36.102074521169385
hokkaido_03,2021-03-17,1616013682000,6.395390001688211,-9.437202186627118,36.10151180713448
hokkaido_03,2021-03-29,1617050482000,6.768605944490371,-6.608419897288961,36.093010602744606
hokkaido_03,2021-04-10,1618087283000,6.493889038581652,-4.596408058336596,36.09271430545298
hokkaido_03,2021-04-22,1619124083000,6.525776007178514,-5.930450890192017,36.09676252478035
hokkaido_03,2021-05-04,1620160884000,6.524893530026559,-5.062205609232691,36.098560807199185
hokkaido_03,2021-05-16,1621197684000,5.637882509902209,-7.186246466750988,36.097625728567856
hokkaido_03,2021-05-28,1622234485000,7.181458870018259,-4.847837177180907,36.0934957264648
hokkaido_03,2021-06-09,1623271286000,7.435526817432672,-4.876550278010474,36.09205178771357
hokkaido_03,2021-06-21,1624308087000,7.827289461609293,-5.979557067021605,36.0935436329779
hokkaido_03,2021-07-03,1625344887000,6.703907725147025,-5.252665714582602,36.095736585850915
hokkaido_03,2021-07-15,1626381688000,7.934994517349894,-4.77675297473927,36.09659447330487
hokkaido_03,2021-07-27,1627418489000,7.912455313635066,-5.632881382149325,36.102067564838194
hokkaido_03,2021-08-08,1628455289000,6.929785208721168,-5.683704568566357,36.09275935412514
hokkaido_03,2021-08-20,1629492090000,8.396543933827212,-5.476491861788161,36.090979369629366
hokkaido_03,2021-09-01,1630528905000,8.266875735023934,-5.301397183479544,35.60692506128113
hokkaido_03,2021-09-13,1631565705000,8.621761686971041,-5.059833796128299,35.60318622600672
hokkaido_03,2021-09-25,1632602506000,8.652189988083265,-4.5115441473083555,35.59911339655232
hokkaido_03,2021-10-07,1633639303000,9.070299713995668,-6.485993456455051,35.73833923802231
hokkaido_03,2021-10-19,1634676103000,9.180986239702994,-6.998393060505682,35.73611610939934
hokkaido_03,2021-10-31,1635712903000,9.015505336992181,-5.866684225776225,35.73979843876088
hokkaido_03,2021-11-12,1636749703000,7.85912593933375,-5.024897577219613,35.741688096082484
hokkaido_03,2021-11-24,1637786503000,8.945395766494906,-5.255770094220947,35.7360871429875
hokkaido_03,2021-12-06,1638823302000,7.330683290522573,-8.297971668555745,35.7360055317789
hokkaido_03,2021-12-18,1639860102000,7.103594572439751,-4.217365108963562,35.73429010120188
hokkaido_03,2021-12-30,1640896901000,7.7732427774904265,-5.9855272863797735,35.74160062409063
hokkaido_03,2022-01-11,1641933701000,2.2532560320145545,-7.059399627376453,35.74027172743672
hokkaido_03,2022-01-23,1642970500000,2.111968973479115,-8.523047862579062,35.740051852257295
hokkaido_03,2022-02-04,1644007299000,0.932575186306448,-6.814761438113814,35.74114014544775
hokkaido_03,2022-02-16,1645044099000,1.4287308403058023,-7.898693003890231,35.73926000410212
hokkaido_03,2022-02-28,1646080899000,1.5062102902824261,-7.16159675742574,35.7378576189659
hokkaido_03,2022-03-12,1647117699000,1.660960463363238,-9.140437924515279,35.743632890415256
hokkaido_03,2022-03-24,1648154500000,4.0118628380938866,-7.132856998923567,35.742851224173044
hokkaido_03,2022-04-05,1649191300000,5.258021503719293,-6.799822434435769,35.74384720844108
hokkaido_03,2022-04-17,1650228100000,4.646863245256668,-6.416383609020885,35.73939511308766
hokkaido_03,2022-04-29,1651264901000,5.629714833737865,-6.0529111997801595,35.739262824825836
hokkaido_03,2022-05-11,1652301701000,7.4650916576604285,-5.4559856517544585,35.74140092793803
hokkaido_03,2022-06-04,1654375303000,8.320478906627082,-4.916943391281496,35.739983638481156
hokkaido_03,2022-06-16,1655412104000,8.429557418688148,-5.551375060833529,35.74312272723867
hokkaido_03,2022-06-28,1656448905000,9.350108127607994,-4.657326317428621,35.735726071752694
hokkaido_03,2022-07-10,1657485705000,8.180789703596677,-5.298382680774374,35.737258739945666
hokkaido_03,2022-07-22,1658522506000,8.695368394702902,-5.5721081858143915,35.74287341493549
hokkaido_03,2022-08-03,1659559307000,9.111521008429674,-3.787670598375204,35.74104250613632
hokkaido_03,2022-08-15,1660596108000,12.559812126787605,-6.833721805491212,35.74056534492331
hokkaido_03,2022-08-27,1661632908000,7.861055389266293,-5.424510482742516,35.73782958228837
hokkaido_03,2022-09-08,1662669709000,9.171293794557299,-5.743917725451172,35.73107034560759
hokkaido_03,2022-09-20,1663706508000,8.543531597230539,-4.900333557638795,35.75639194131911
hokkaido_03,2022-10-02,1664743309000,8.75040356381742,-4.816637631044892,35.74115421631871
hokkaido_03,2022-10-14,1665780109000,7.997287601217289,-4.668401402685638,35.741899597839826
hokkaido_03,2022-10-26,1666816909000,8.481014844795721,-5.211471182587311,35.73220189489547
hokkaido_03,2022-11-07,1667853709000,7.296328286122909,-5.591187077085871,35.74124137330706
hokkaido_03,2022-11-19,1668890509000,8.041010802374704,-5.508233367121907,35.737429318415515
hokkaido_03,2022-12-01,1669927308000,6.432447927898745,-6.758213095289829,35.74339054374741
hokkaido_03,2022-12-13,1670964108000,6.260865257642104,-7.537911143034252,35.73930414946653
hokkaido_03,2022-12-25,1672000907000,6.662595767459361,-7.8070811891764285,35.7390921707585
hokkaido_03,2023-01-06,1673037706000,6.67702638133283,-6.580672881401421,35.73610845604689
hokkaido_03,2023-01-18,1674074505000,6.248753663578214,-5.61275875979923,35.756180739137605
hokkaido_03,2023-01-30,1675111306000,4.518231312114996,-7.044425271733623,35.736362513509825
hokkaido_03,2023-02-11,1676148105000,2.523442523645143,-7.897680218325115,35.74201792174998
hokkaido_03,2023-02-23,1677184905000,1.8884900761556946,-7.099091483590346,35.74617379313768
hokkaido_03,2023-03-07,1678221705000,4.966162762547784,-6.334744825716691,35.73980217673563
hokkaido_03,2023-03-19,1679258505000,5.652385173073573,-6.429359533431208,35.74012529963217
hokkaido_03,2023-03-31,1680295305000,7.210934602767352,-9.220283235106937,35.741421288825904
hokkaido_03,2023-04-12,1681332106000,6.870780375258873,-7.455780274787851,35.74166649254095
hokkaido_03,2023-04-24,1682368906000,5.2822746337839845,-7.740602223653259,35.74092828593689
hokkaido_03,2023-05-06,1683405707000,7.111398122680353,-4.93125354921072,35.732711882157766
hokkaido_03,2023-05-18,1684442508000,7.771933044781644,-5.380582337924091,35.73236511048706
hokkaido_03,2023-05-30,1685479308000,6.991850632741909,-4.740774878616006,35.73292808787494
hokkaido_03,2023-06-11,1686516109000,9.400745279564134,-4.243730244895741,35.74210917520311
hokkaido_03,2023-06-23,1687552909000,6.8171888703247046,-5.88726888232156,35.73800999471966
hokkaido_03,2023-07-05,1688589710000,6.952403969309013,-4.60518224578734,35.73978723517914
hokkaido_03,2023-07-17,1689626511000,6.932157638661891,-4.142304555535513,35.73741193289709
hokkaido_03,2023-07-29,1690663311000,6.578958265215552,-4.874129099295963,35.73803934836937
hokkaido_03,2023-08-10,1691700111000,8.174422919279742,-5.756670698326044,35.75674410970059
hokkaido_03,2023-08-22,1692736913000,8.63040138368165,-4.985189191433631,35.74519113999447
hokkaido_03,2023-09-03,1693773714000,9.522525623174186,-4.1353797072636835,35.737793269890055
hokkaido_03,2023-09-15,1694810514000,7.600062335708926,-3.808531244153337,35.735332785652425
hokkaido_03,2023-09-27,1695847314000,9.187714230186662,-4.269672173917552,35.74076074077511
hokkaido_03,2023-10-09,1696884114000,8.408313908424939,-4.097432120200504,35.74606519027842
hokkaido_03,2023-10-21,1697920914000,7.37781663597468,-3.4450496774699904,35.7371830995144
hokkaido_03,2023-11-02,1698957714000,7.137202225146996,-5.027870217780227,35.74143914402517
hokkaido_03,2023-11-14,1699994514000,7.450881062554408,-5.525401646852721,35.732836079130195
hokkaido_03,2023-11-26,1701031313000,5.547292244128861,-6.59660058151819,35.741288981101306
hokkaido_03,2023-12-08,1702068113000,6.780017243607213,-7.457843468607213,35.73804583848124
hokkaido_03,2023-12-20,1703104912000,7.394653076035593,-5.19675929256362,35.752987537449535
hokkaido_03,2024-01-01,1704141711000,7.009243874818849,-7.951452831796667,35.74722772220501
hokkaido_03,2024-01-13,1705178511000,6.350957105545753,-6.4671145468601186,35.73680779849056
hokkaido_03,2024-01-25,1706215311000,3.408008095267895,-7.035551279165076,35.7349957041992
hokkaido_03,2024-02-06,1707252110000,3.6171248566204364,-5.794185148891091,35.742005122020984
hokkaido_03,2024-02-18,1708288910000,2.650366848120586,-8.4087757816089,35.741032655911766
hokkaido_03,2024-03-01,1709325710000,2.281983315957588,-5.856471126305106,35.74259111440669
hokkaido_03,2024-03-13,1710362510000,2.8510047167745483,-7.062248401496953,35.74437238578002
hokkaido_03,2024-03-25,1711399310000,5.5215063465008765,-5.948618626695923,35.74591141133174
hokkaido_03,2024-04-06,1712436111000,6.048001675630674,-6.391684135552262,35.735751996831866
hokkaido_03,2024-04-18,1713472911000,5.430093088969737,-6.98176669162586,35.737537040255674
hokkaido_03,2024-04-30,1714509712000,6.244436971496452,-6.275118107965986,35.73746167470991
hokkaido_03,2024-05-12,1715546511000,7.1901275563560985,-7.471782762399232,35.73537549498204
hokkaido_03,2024-05-24,1716583311000,7.206927940910302,-5.552674712032604,35.7214467744153
hokkaido_03,2024-06-05,1717620111000,8.064812598254532,-4.975810476388581,35.723736757215974
hokkaido_03,2024-06-17,1718656910000,5.816035368511558,-4.067517219255078,35.73268260736221
hokkaido_03,2024-06-29,1719693710000,4.819952275401117,-4.655947632799079,35.73007034720905
hokkaido_03,2024-07-11,1720730509000,8.736117557103812,-5.337268578662753,35.729697380736795
hokkaido_03,2024-07-23,1721767309000,8.0969070328539,-6.2348317844765315,35.73068936126402
hokkaido_03,2024-08-04,1722804109000,9.311896833702365,-5.199756253130449,35.72689038825758
hokkaido_03,2024-08-16,1723840909000,9.589961826991397,-4.907028150225827,35.73579855816086
hokkaido_03,2024-08-28,1724877709000,9.027340304240262,-4.427427801796563,35.73978508886113
hokkaido_03,2024-09-09,1725914510000,8.701832559632216,-5.3397014495332105,35.74493244672063
hokkaido_03,2024-09-21,1726951310000,9.502257855652559,-5.165077096940907,35.74440957774958
hokkaido_03,2024-10-03,1727988110000,8.632429320738275,-7.633498662392808,35.74451579161366
hokkaido_03,2024-10-15,1729024910000,9.915972795347923,-4.567327678100092,35.74339646992418
hokkaido_03,2024-10-27,1730061711000,9.820521824809948,-6.265214329812724,35.741140202641894
hokkaido_03,2024-11-08,1731098510000,8.74861876316652,-6.710077651190681,35.742686984559775
hokkaido_03,2024-11-20,1732135309000,7.409551061871017,-6.555963014449317,35.735779560874604
hokkaido_03,2024-12-02,1733172109000,8.608982679049038,-6.372860856379326,35.72764163992534
hokkaido_03,2024-12-14,1734208908000,5.901486894210516,-4.931488204066853,35.724269656386895
hokkaido_03,2024-12-26,1735245707000,6.799671637594579,-7.083918180584477,35.732882369622054
hokkaido_03,2025-01-07,1736282505000,6.456047146489093,-7.059933589174869,35.7371005232981
hokkaido_03,2025-01-19,1737319304000,5.578996748737588,-5.562407987023068,35.73774390180119
hokkaido_03,2025-01-31,1738356103000,4.165203741379793,-7.112322795850991,35.740507699985706
hokkaido_03,2025-02-12,1739392903000,4.882899827760954,-7.0249639672587,35.734902105396976
hokkaido_03,2025-02-24,1740429703000,4.4131372433757905,-5.997240991867649,35.741908627743676
hokkaido_03,2025-03-08,1741466503000,2.9121756266353733,-7.218063761448115,35.7409040485729
hokkaido_03,2025-03-20,1742503304000,6.582092082871408,-8.085960180897878,35.73862437311628
hokkaido_03,2025-04-01,1743540104000,6.302280064752019,-6.891624702638,35.73373458658731
hokkaido_03,2025-04-13,1744576904000,6.710997814833395,-5.927369347713408,35.73778704840773
hokkaido_03,2025-04-25,1745613704000,8.465988768873741,-4.93002136473377,35.72843402009526
hokkaido_03,2025-05-07,1746650504000,8.460734594654298,-4.876377417730617,35.729757293929346
hokkaido_03,2025-05-19,1747687303000,7.443932730770936,-6.479209948266449,35.73125228866418
hokkaido_03,2025-05-31,1748724103000,9.146184274582183,-6.275943139580202,35.726159641134
hokkaido_03,2025-06-12,1749760902000,7.823616494881596,-6.62166678382411,35.721179360932936
hokkaido_03,2025-06-24,1750797702000,8.325800249539522,-5.352431490665302,35.719225675794824
hokkaido_03,2025-07-06,1751834501000,8.855474429031622,-5.658322037776991,35.723787708819046
hokkaido_03,2025-07-18,1752871300000,7.899195254620261,-6.043748584991331,35.73070301715478
hokkaido_03,2025-07-30,1753908100000,8.482823680402356,-6.385323457411895,35.732394450982476
hokkaido_03,2025-08-11,1754944900000,8.268466402548167,-5.996203988121334,35.73191311432149
hokkaido_03,2025-08-23,1755981700000,8.658622520509846,-5.89527738511456,35.73385559467355
hokkaido_03,2025-09-04,1757018500000,8.967390019788612,-5.068471025320799,35.740778377995234
hokkaido_03,2025-09-16,1758055301000,8.882446821396176,-5.093362594809351,35.74599414787609
hokkaido_03,2025-09-28,1759092101000,9.119897932377576,-5.724263952432887,35.74495738463775
hokkaido_03,2025-10-10,1760128901000,8.055693722325614,-4.959799278471985,35.73171928939696
hokkaido_03,2025-10-22,1761165701000,8.149608395077546,-5.1118059677811685,35.73676260482721
hokkaido_03,2025-11-03,1762202501000,5.904790685470698,-6.52790262930723,35.73429558479866
hokkaido_03,2025-11-15,1763239300000,7.114958296421826,-6.093604583562287,35.737143416661176
hokkaido_03,2025-11-27,1764276099000,7.050412982080651,-6.562492452440943,35.7345346609912
hokkaido_03,2025-12-09,1765312898000,7.004241225524003,-5.284887844784145,35.7289342392914
hokkaido_03,2025-12-21,1766349697000,7.668615073058557,-6.027237207611185,35.726266013465526
hokkaido_03,2026-01-02,1767386495000,6.431991314938195,-5.083540175300835,35.72723945878312
hokkaido_03,2026-01-14,1768423294000,4.1808423538037385,-5.382080631058669,35.73108550103139
hokkaido_03,2026-01-26,1769460094000,3.8856340711225155,-7.673649792930765,35.73677929040158
hokkaido_03,2026-02-07,1770496893000,5.049183639459411,-6.802452297993957,35.73819672442072
hokkaido_03,2026-02-19,1771533692000,3.616673293099453,-8.284645848274554,35.73713111915982
hokkaido_03,2026-03-03,1772570492000,3.3134067311183704,-5.62836780044837,35.73903195310771
hokkaido_03,2026-03-15,1773607292000,5.467058668400474,-7.834673356413427,35.73693890110389
hokkaido_03,2026-04-08,1775680892000,7.139677107805504,-4.97554140932834,35.73851086842463
hokkaido_03,2026-04-20,1776717693000,5.688672765328698,-6.11765982995597,35.72951979321309
hokkaido_03,2026-05-02,1777754492000,7.248778800422253,-4.398100365099755,35.725832087563575
hokkaido_03,2026-05-14,1778791292000,6.926605067077351,-4.548800355662602,35.72324339728637
hokkaido_04,2017-02-18,1487450457000,-0.5116483654963135,-11.375774871812611,35.96967938205869
hokkaido_04,2017-03-02,1488487257090,1.4069002750894688,-11.61548052047931,35.97185908249819
hokkaido_04,2017-03-14,1489524057000,1.0333243595205193,-9.589845663287099,35.96182760681768
hokkaido_04,2017-03-26,1490560857000,3.7435927919643506,-9.087582040238797,35.961452686285114
hokkaido_04,2017-04-07,1491597658140,5.7206042815217995,-8.003217932766532,35.96516499991368
hokkaido_04,2017-04-19,1492634458760,5.880579011498587,-8.991843533646751,35.967125904984464
hokkaido_04,2017-05-01,1493671259000,5.099237729775612,-8.722581924512564,35.96481129150268
hokkaido_04,2017-05-13,1494708059970,5.268482272199751,-8.317739706943987,35.960705773540546
hokkaido_04,2017-05-25,1495744860000,5.246326694391732,-9.022819218354861,35.965345008458925
hokkaido_04,2017-06-06,1496781661000,8.174872878506616,-7.470164864778344,35.960923942203344
hokkaido_04,2017-06-18,1497818461000,6.807728832249598,-7.981784232975055,35.965944099078854
hokkaido_04,2017-06-30,1498855262000,7.387443047839017,-7.4313153562545,35.96799276600714
hokkaido_04,2017-07-12,1499892063000,7.180256481325697,-8.650054462422654,35.96554489968209
hokkaido_04,2017-07-24,1500928864000,7.01229943801792,-8.144283817460854,35.96512321052427
hokkaido_04,2017-08-05,1501965664000,7.212384097853455,-9.36483702054454,35.9594387402916
hokkaido_04,2017-08-17,1503002465000,7.8748197190345595,-9.528759231410524,35.96675747598067
hokkaido_04,2017-08-29,1504039265000,6.7089472419833704,-8.518531459231296,35.96613447533179
hokkaido_04,2017-09-10,1505076066000,5.999681605450594,-8.444903213596538,35.964170317573725
hokkaido_04,2017-09-22,1506112866000,7.139145810919049,-7.580327363600756,35.964587045173914
hokkaido_04,2017-10-04,1507149666000,6.627532074257196,-7.377291717559349,35.96378547238524
hokkaido_04,2017-10-16,1508186467000,7.230634035574273,-7.862087819200605,35.964961675682936
hokkaido_04,2017-10-28,1509223267000,7.19013383641372,-7.500645638181192,35.963898505207794
hokkaido_04,2017-11-09,1510260066000,4.708640575725895,-7.429068173303344,35.96689042601923
hokkaido_04,2017-11-21,1511296866000,2.9739241934088576,-9.158531945565286,35.96125344564748
hokkaido_04,2017-12-03,1512333666000,2.840906713610092,-9.521350472867613,35.96133293663978
hokkaido_04,2017-12-15,1513370465000,2.102544097383138,-10.169572113466693,35.96121337628341
hokkaido_04,2017-12-27,1514407265000,2.884450950276495,-8.965788843400484,35.96841276007917
hokkaido_04,2018-01-08,1515444064000,3.460775828435034,-9.408803692634784,35.96721508530941
hokkaido_04,2018-01-20,1516480864000,0.9531925594570931,-11.201279963734766,35.960459942810935
hokkaido_04,2018-02-01,1517517664000,0.6107091208679327,-10.538757277298458,35.959840327561515
hokkaido_04,2018-02-13,1518554463000,0.49531869586363114,-9.240338816553907,35.95928920532251
hokkaido_04,2018-02-25,1519591263000,-1.286437935607824,-8.925736993080497,35.9673531084873
hokkaido_04,2018-03-09,1520628063000,2.9758494002669083,-10.25698916750747,35.972869396691486
hokkaido_04,2018-03-21,1521664863000,1.4866394053982335,-10.109397253483136,35.97277530169247
hokkaido_04,2018-04-02,1522701664000,2.3681062785251656,-10.899270814398578,35.96601653652402
hokkaido_04,2018-04-14,1523738464000,6.831915523447475,-9.372734911935241,35.96352061473203
hokkaido_04,2018-04-26,1524775265000,5.865751550787939,-8.550426019284238,35.964008449231486
hokkaido_04,2018-05-08,1525812065000,5.012584903932336,-8.628277255500997,35.966261842661616
hokkaido_04,2018-05-20,1526848866000,6.152417359251218,-9.095410402338503,35.968033675962204
hokkaido_04,2018-06-01,1527885667000,6.1488706564617255,-8.146082489926048,35.96938867850711
hokkaido_04,2018-06-13,1528922468000,5.8038494160274485,-8.331900816861257,35.960368681619876
hokkaido_04,2018-06-25,1529959268000,7.330736425900389,-7.514709097827385,35.961761104699335
hokkaido_04,2018-07-19,1532032870000,7.050215341764145,-8.592518086073701,35.96876329786972
hokkaido_04,2018-07-31,1533069670000,7.386849648498832,-7.602155441788658,35.97076292868839
hokkaido_04,2018-08-12,1534106471000,7.880818991317339,-8.252558707354845,35.96408462601494
hokkaido_04,2018-08-24,1535143272000,7.752606671854258,-8.589791760044086,35.95362375432795
hokkaido_04,2018-09-05,1536180072000,7.7171789027673325,-7.04767484076029,35.963603345956145
hokkaido_04,2018-09-17,1537216873000,5.522418424968074,-7.87014728246985,35.96671946175842
hokkaido_04,2018-09-29,1538253673000,5.392049816957055,-7.655019545655983,35.9664223597185
hokkaido_04,2018-10-11,1539290473000,7.420519276554411,-7.806994741278786,35.96211961721144
hokkaido_04,2018-10-23,1540327273000,8.207974760565346,-6.829229126671251,35.962548306803605
hokkaido_04,2018-11-04,1541364073000,5.327336567520177,-6.852601341462289,35.962236274740846
hokkaido_04,2018-11-16,1542400873000,6.919153636599472,-8.123623117641259,35.96638607834324
hokkaido_04,2018-11-28,1543437672000,3.812741797686667,-6.101299614139127,35.96814157005749
hokkaido_04,2018-12-10,1544474472000,0.2580185301482418,-9.136792171190399,35.96296347174368
hokkaido_04,2018-12-22,1545511272000,1.4542748666403644,-7.753789278749652,35.958262016578836
hokkaido_04,2019-01-03,1546548071000,1.2960935457597205,-9.733356041489149,35.96090036740228
hokkaido_04,2019-01-15,1547584871000,0.22510490706393185,-11.33759751982011,35.96763649009995
hokkaido_04,2019-01-27,1548621671000,1.1607095635151576,-10.798946253248728,35.96347557483066
hokkaido_04,2019-02-08,1549658470000,1.483252536062294,-8.86585717842611,35.964873616363604
hokkaido_04,2019-02-20,1550695270000,3.391538873157719,-9.842615482949073,35.96023607610668
hokkaido_04,2019-03-04,1551732070000,-0.0818472108830468,-10.042459574891195,35.956344468115404
hokkaido_04,2019-03-16,1552768870000,2.9461876425723044,-9.64851013443205,35.966333969477546
hokkaido_04,2019-03-28,1553805670000,0.022582108385472303,-10.490843320942679,35.966312758320505
hokkaido_04,2019-04-09,1554842470000,2.864001228857633,-7.858955941476043,35.96814637848826
hokkaido_04,2019-04-21,1555879271000,4.227248852705908,-9.252845409030783,35.95992096949106
hokkaido_04,2019-05-03,1556916071000,5.146453621991786,-8.137670731995993,35.95671685369593
hokkaido_04,2019-05-15,1557952872000,5.8834590092855175,-7.8839242800238125,35.96207484072466
hokkaido_04,2019-06-08,1560026473000,7.474501361613428,-9.113272925615952,35.97048382578846
hokkaido_04,2019-06-20,1561063274000,7.966733125771627,-10.112567563940742,35.966583043836685
hokkaido_04,2019-07-02,1562100075000,7.834801113876593,-9.954948841464072,35.96064199753178
hokkaido_04,2019-07-14,1563136875000,7.785551403811563,-9.334562586771897,35.962426885637235
hokkaido_04,2019-07-26,1564173676000,9.237181181572254,-10.1177830603266,35.967820754106214
hokkaido_04,2019-08-07,1565210477000,6.973737853673712,-8.603337847400839,35.966893021587424
hokkaido_04,2019-08-19,1566247278000,7.275080322438218,-10.118976031098736,35.96199655937426
hokkaido_04,2019-09-12,1568320879000,5.784332414924185,-9.678652436280215,35.966189301616005
hokkaido_04,2019-09-24,1569357679000,5.611428395480125,-8.506388039051503,35.961428605837845
hokkaido_04,2019-10-06,1570394480000,6.544275743670422,-9.117758145793154,35.96564989926047
hokkaido_04,2019-10-18,1571431279000,6.278908877380018,-8.375665906233662,35.967553413638235
hokkaido_04,2019-10-30,1572468080000,5.6990955056466595,-9.106133224000029,35.96204857817561
hokkaido_04,2019-11-11,1573504880000,9.311440881342753,-8.898076982998745,35.96032111010926
hokkaido_04,2019-11-23,1574541679000,3.8922996364858746,-9.119476947439914,35.962435275966726
hokkaido_04,2019-12-05,1575578479000,3.7089391165453196,-8.101175035575183,35.96861972855134
hokkaido_04,2019-12-17,1576615278000,2.864384370837181,-10.32235123407829,35.96476527964191
hokkaido_04,2019-12-29,1577652078000,2.9066574072143987,-8.387038330257004,35.95966082487641
hokkaido_04,2020-01-10,1578688877000,0.9175190023481516,-11.022691230867068,35.9571380337858
hokkaido_04,2020-01-22,1579725677000,0.25766181128008214,-11.267788329593316,35.96067223965542
hokkaido_04,2020-02-03,1580762477000,1.067066298048986,-10.308791450597468,36.085130435673875
hokkaido_04,2020-02-15,1581799276000,1.634735078418053,-11.115993863346587,36.08837120130165
hokkaido_04,2020-02-27,1582836076000,0.7867306961815703,-11.310394254381272,36.08589374508314
hokkaido_04,2020-03-10,1583872876000,3.97540999967202,-7.305073505032049,36.077513067391486
hokkaido_04,2020-03-22,1584909676000,2.3443526592472783,-9.202614347507373,36.078617626922295
hokkaido_04,2020-04-03,1585946477000,4.908079810675623,-9.153302978288256,36.0850710391228
hokkaido_04,2020-04-15,1586983277000,3.8793324223842456,-9.074418200899933,36.08804915465938
hokkaido_04,2020-04-27,1588020078000,5.149885620612915,-9.169182653049305,36.08705536437704
hokkaido_04,2020-05-09,1589056878000,5.8613132392431835,-8.60871896605455,36.08835355177365
hokkaido_04,2020-05-21,1590093679000,6.227991676791589,-9.00624532653493,36.0835111282811
hokkaido_04,2020-06-02,1591130479000,7.094894251392524,-9.032499777747061,36.08681839664754
hokkaido_04,2020-06-14,1592167280000,5.386765692173575,-9.75084746489164,36.084411308085045
hokkaido_04,2020-06-26,1593204081000,7.960283915742555,-9.404954225318965,36.08844435347479
hokkaido_04,2020-07-08,1594240882000,7.574265363150367,-8.8588397944574,36.087523921719225
hokkaido_04,2020-07-20,1595277682000,6.938622403136477,-8.883062484777517,36.0813759912223
hokkaido_04,2020-08-01,1596314483000,6.926634821095704,-9.174133124701799,36.07908448170833
hokkaido_04,2020-08-13,1597351284000,5.720128004145439,-8.027179536133033,36.0865555503432
hokkaido_04,2020-08-25,1598388085000,6.411301310952702,-9.51346208877639,36.085217942804206
hokkaido_04,2020-09-06,1599424885000,7.945419478176612,-8.266977189614458,36.08307727543994
hokkaido_04,2020-09-18,1600461685000,8.193255253709928,-7.886120471349015,36.08101038537844
hokkaido_04,2020-09-30,1601498486000,6.978856936886347,-6.779247302442905,36.08346518715286
hokkaido_04,2020-10-12,1602535286000,9.386082424813349,-7.3449408322927,36.082488044369875
hokkaido_04,2020-10-24,1603572086000,8.045895296067576,-8.311600807689548,36.08618963244275
hokkaido_04,2020-11-05,1604608886000,5.597647075888897,-8.271081328279967,36.08173690308653
hokkaido_04,2020-11-17,1605645686000,2.2429101949232244,-8.03448254400595,36.08011317277181
hokkaido_04,2020-11-29,1606682485000,3.147055645715483,-7.4966301789067185,36.081934150088976
hokkaido_04,2020-12-11,1607719285000,3.3531861027353425,-9.145471056005114,36.08230445447126
hokkaido_04,2020-12-23,1608756084000,2.0647888984282226,-9.426903961784031,36.08700792226205
hokkaido_04,2021-01-04,1609792884000,4.188871791515534,-9.069649641141762,36.08563990351118
hokkaido_04,2021-01-16,1610829683000,3.1936899341076312,-12.208872664659363,36.08203398634579
hokkaido_04,2021-01-28,1611866483000,2.1242353767978224,-12.239062865571682,36.07547327456535
hokkaido_04,2021-02-09,1612903282000,2.576788930080043,-9.560228409424397,36.076871180085796
hokkaido_04,2021-02-21,1613940082000,2.8002771751968294,-12.45832656336648,36.08815812476839
hokkaido_04,2021-03-05,1614976882000,1.4660288385499902,-9.32296254631177,36.09176490563421
hokkaido_04,2021-03-17,1616013682000,4.9536297821180035,-10.452834748942491,36.09119900558933
hokkaido_04,2021-03-29,1617050482000,4.300744386010075,-10.162250312212548,36.08269650468923
hokkaido_04,2021-04-10,1618087283000,5.315386679696292,-7.40945051519638,36.082399816279604
hokkaido_04,2021-04-22,1619124083000,2.986727665398363,-9.119449738710044,36.08645111981197
hokkaido_04,2021-05-04,1620160884000,4.412891627417739,-8.90350606954001,36.088244686704705
hokkaido_04,2021-05-16,1621197684000,7.246251253326854,-9.073169696744902,36.08731322912485
hokkaido_04,2021-05-28,1622234485000,5.620927150704396,-8.099124871985133,36.0831807279606
hokkaido_04,2021-06-09,1623271286000,4.936297763230697,-8.324055180790877,36.08172853208267
hokkaido_04,2021-06-21,1624308087000,6.249569898946978,-7.753667250184538,36.08322840218591
hokkaido_04,2021-07-03,1625344887000,5.6547224508897385,-7.78607706976101,36.08542581834012
hokkaido_04,2021-07-15,1626381688000,5.695108307314972,-7.687970910719018,36.08628083740507
hokkaido_04,2021-07-27,1627418489000,4.562256005771905,-8.682008953266896,36.09175033677292
hokkaido_04,2021-08-08,1628455289000,5.046077457760927,-9.76825014683556,36.08243701300057
hokkaido_04,2021-08-20,1629492090000,5.607820066955276,-7.573626437868831,36.08066400477405
hokkaido_04,2021-09-01,1630528905000,4.182983792335436,-7.762911687134299,35.597341858453355
hokkaido_04,2021-09-13,1631565705000,3.9773173331550584,-7.811771539422997,35.59360344658908
hokkaido_04,2021-09-25,1632602506000,3.9752710385281738,-7.226079060419752,35.58952755946346
hokkaido_04,2021-10-07,1633639303000,5.889007993518254,-8.558099861957405,35.72873856515596
hokkaido_04,2021-10-19,1634676103000,9.486093963787456,-7.886315941049931,35.7265170552115
hokkaido_04,2021-10-31,1635712903000,4.010394691791226,-7.7194182897546755,35.730209607418566
hokkaido_04,2021-11-12,1636749703000,4.556981647433179,-7.752604496806037,35.732097700469986
hokkaido_04,2021-11-24,1637786503000,5.955016902455565,-6.842659988248677,35.72649144384746
hokkaido_04,2021-12-06,1638823302000,4.7411292150334905,-8.979818469996893,35.726414407975035
hokkaido_04,2021-12-18,1639860102000,3.4585084499945613,-8.578601539362106,35.72469403502429
hokkaido_04,2021-12-30,1640896901000,1.2739316827257385,-10.862278187469432,35.73201307136106
hokkaido_04,2022-01-11,1641933701000,-0.03823166383198792,-13.460875305711676,35.73067792808858
hokkaido_04,2022-01-23,1642970500000,1.446085121637857,-9.124149467069147,35.73046371314815
hokkaido_04,2022-02-04,1644007299000,2.1527534224580127,-8.315353286218418,35.7315484087395
hokkaido_04,2022-02-16,1645044099000,-1.1955049291634092,-9.704999206061661,35.72966703588803
hokkaido_04,2022-02-28,1646080899000,0.30661292936661244,-11.263089183364373,35.728265265832526
hokkaido_04,2022-03-12,1647117699000,-2.9904786857580836,-11.037974294273141,35.73404121784405
hokkaido_04,2022-03-24,1648154500000,3.8946756939694764,-11.015065190033273,35.733261002092256
hokkaido_04,2022-04-05,1649191300000,4.607648413254335,-11.063677238281242,35.73425161624152
hokkaido_04,2022-04-17,1650228100000,4.4943899194464025,-9.592812714638654,35.72980335428258
hokkaido_04,2022-04-29,1651264901000,2.593324126254444,-9.120826686556436,35.72966319446636
hokkaido_04,2022-05-11,1652301701000,5.4578061723799856,-8.987320967439393,35.731806449010186
hokkaido_04,2022-06-04,1654375303000,5.863517173709897,-8.544642909910372,35.730390160607435
hokkaido_04,2022-06-16,1655412104000,7.365832421021735,-7.8722899861736835,35.73353101017499
hokkaido_04,2022-06-28,1656448905000,8.627686143941943,-8.234262310539338,35.72612965629453
hokkaido_04,2022-07-10,1657485705000,7.987352090386284,-7.010042811149028,35.72766122312404
hokkaido_04,2022-07-22,1658522506000,10.38129754468469,-8.620254589608248,35.733277415054246
hokkaido_04,2022-08-03,1659559307000,7.253202175098388,-8.085673892500015,35.73145056897262
hokkaido_04,2022-08-15,1660596108000,8.70481624823759,-8.840820071881398,35.73096711912506
hokkaido_04,2022-08-27,1661632908000,7.513620871659831,-9.774494842726758,35.728229562786765
hokkaido_04,2022-09-08,1662669709000,5.795143186372756,-8.225903103489253,35.7214703661166
hokkaido_04,2022-09-20,1663706508000,6.236152789983246,-8.488376198786716,35.74680820570731
hokkaido_04,2022-10-02,1664743309000,6.537654936396176,-7.954795198583965,35.73155502029632
hokkaido_04,2022-10-14,1665780109000,7.040084162496754,-8.087578125542578,35.73231167983161
hokkaido_04,2022-10-26,1666816909000,5.35403692113887,-8.556196373474755,35.722601948385794
hokkaido_04,2022-11-07,1667853709000,5.03837553550505,-8.41232454884273,35.73165368020498
hokkaido_04,2022-11-19,1668890509000,6.243119932092947,-8.668110222665982,35.72784029958514
hokkaido_04,2022-12-01,1669927308000,2.663770468769226,-8.605969059892955,35.73379924206747
hokkaido_04,2022-12-13,1670964108000,3.3950082339042305,-10.426716916668804,35.72971335958319
hokkaido_04,2022-12-25,1672000907000,1.094841308471591,-10.749237101162425,35.72950296625554
hokkaido_04,2023-01-06,1673037706000,0.8143308228008667,-9.986111350975984,35.72651599401218
hokkaido_04,2023-01-18,1674074505000,2.1629876231238865,-11.84263948279571,35.74659319354367
hokkaido_04,2023-01-30,1675111306000,2.020342283153376,-10.042285021381161,35.726772423199044
hokkaido_04,2023-02-11,1676148105000,4.207965905480757,-10.857005745175917,35.732428157033276
hokkaido_04,2023-02-23,1677184905000,1.9411576587933586,-13.038633179741495,35.73658806298673
hokkaido_04,2023-03-07,1678221705000,3.878721920983291,-12.355454304417789,35.730210342607634
hokkaido_04,2023-03-19,1679258505000,5.724815658096263,-10.684635291391826,35.73052807081542
hokkaido_04,2023-03-31,1680295305000,4.877698320270186,-12.471865614222828,35.731830337724986
hokkaido_04,2023-04-12,1681332106000,2.92026145826817,-11.612181108731757,35.73206713901755
hokkaido_04,2023-04-24,1682368906000,3.6800686570561396,-11.029083963172257,35.731336741951516
hokkaido_04,2023-05-06,1683405707000,3.818161244112534,-11.482354800410597,35.723110812656714
hokkaido_04,2023-05-18,1684442508000,2.854836789443952,-10.647957738849538,35.72276573003868
hokkaido_04,2023-05-30,1685479308000,3.34694305184375,-13.010168238230667,35.72332952785763
hokkaido_04,2023-06-11,1686516109000,2.4279387963290384,-11.258403900461095,35.732511840783296
hokkaido_04,2023-06-23,1687552909000,2.9943479623094458,-11.595931289356942,35.72841726762885
hokkaido_04,2023-07-05,1688589710000,5.293963590906701,-11.541098414068548,35.73018695695719
hokkaido_04,2023-07-17,1689626511000,5.805623466535767,-9.909615463018842,35.72781074213561
hokkaido_04,2023-07-29,1690663311000,4.8064112425284735,-10.147607334460309,35.72844409440895
hokkaido_04,2023-08-10,1691700111000,3.9967755761839694,-10.548636414102056,35.747165181323744
hokkaido_04,2023-08-22,1692736913000,4.653582423378417,-10.24788660059423,35.73559942602267
hokkaido_04,2023-09-03,1693773714000,5.270717324498154,-9.322513852598146,35.72819333319328
hokkaido_04,2023-09-15,1694810514000,6.6744167929250535,-9.229604112035537,35.72573434771913
hokkaido_04,2023-09-27,1695847314000,5.9499092595367,-10.180650021183313,35.73116812322907
hokkaido_04,2023-10-09,1696884114000,5.3635347489720715,-9.965776337689205,35.73647744899919
hokkaido_04,2023-10-21,1697920914000,5.842230308812365,-11.900013811923053,35.72758943994101
hokkaido_04,2023-11-02,1698957714000,4.762497522753098,-12.242359722048512,35.73185262857373
hokkaido_04,2023-11-14,1699994514000,2.1388451734398055,-8.402532026964513,35.723240091304206
hokkaido_04,2023-11-26,1701031313000,2.573269451582545,-12.140047670725801,35.731701478150846
hokkaido_04,2023-12-08,1702068113000,3.2366020613180724,-13.052665714689626,35.72844843208561
hokkaido_04,2023-12-20,1703104912000,3.625888277169933,-11.911541465591881,35.74340221201497
hokkaido_04,2024-01-01,1704141711000,1.0078217748111444,-10.237688852887844,35.737642856674206
hokkaido_04,2024-01-13,1705178511000,2.9605180569645007,-11.504187014516836,35.727215613362084
hokkaido_04,2024-01-25,1706215311000,-1.1865117475560576,-13.363554608088506,35.72539544225919
hokkaido_04,2024-02-06,1707252110000,-0.46486645019365486,-13.098165983924984,35.73241347665619
hokkaido_04,2024-02-18,1708288910000,2.4844996100727013,-10.040935751659088,35.73143191829736
hokkaido_04,2024-03-01,1709325710000,-1.0227473353798306,-11.708547349790948,35.732996517142865
hokkaido_04,2024-03-13,1710362510000,0.75996515741231,-12.04102701156385,35.734775701965944
hokkaido_04,2024-03-25,1711399310000,3.276717853813096,-13.966633542177405,35.736322127611004
hokkaido_04,2024-04-06,1712436111000,4.415289578190558,-8.774602906432687,35.72615652022624
hokkaido_04,2024-04-18,1713472911000,4.649014344620727,-8.987410385663097,35.72794416033322
hokkaido_04,2024-04-30,1714509712000,4.4219206767560175,-9.055295633400151,35.72786350909279
hokkaido_04,2024-05-07,1715114016000,4.421159884800356,-10.955631118615285,45.52765734939082
hokkaido_04,2024-05-12,1715546511000,3.7612528542879407,-10.210270893749518,35.72577847477687
hokkaido_04,2024-05-19,1716150815000,6.652828100137474,-9.727541732706221,45.52942048385815
hokkaido_04,2024-05-24,1716583311000,5.319793555377274,-9.331445597758467,35.71183753572554
hokkaido_04,2024-06-05,1717620111000,4.925069599753406,-8.978939282647133,35.71412765250209
hokkaido_04,2024-06-17,1718656910000,4.5500460342573374,-8.182742106943843,35.72312519784596
hokkaido_04,2024-06-24,1719261214000,6.648532174341993,-9.595430881709554,45.5286906507516
hokkaido_04,2024-06-29,1719693710000,4.431677867962765,-7.956476494628572,35.720472069279644
hokkaido_04,2024-07-06,1720298014000,5.030925601588457,-8.96317581038556,45.52619286501121
hokkaido_04,2024-07-11,1720730509000,5.130288591108605,-9.855650279741393,35.720097516534686
hokkaido_04,2024-07-23,1721767309000,3.254289813967838,-9.557060304507463,35.7210884117339
hokkaido_04,2024-08-04,1722804109000,4.862314299688034,-8.014901160542443,35.717290147723574
hokkaido_04,2024-08-16,1723840909000,5.797597224866976,-8.30287939016856,35.72619798551167
hokkaido_04,2024-08-28,1724877709000,5.593394692611,-7.663596079066125,35.73018941877346
hokkaido_04,2024-09-09,1725914510000,5.748221043133974,-7.756742628146303,35.735339786192704
hokkaido_04,2024-09-21,1726951310000,5.267551234310737,-7.967468277636575,35.73482070179348
hokkaido_04,2024-10-03,1727988110000,5.580373019606992,-9.533465563650749,35.73492598234764
hokkaido_04,2024-10-15,1729024910000,3.155811773879464,-9.182145253446233,35.733800192830834
hokkaido_04,2024-10-27,1730061711000,5.570017967783072,-8.054759488151978,35.73154983814065
hokkaido_04,2024-11-08,1731098510000,6.024749201593833,-8.081671417395999,35.73309962828503
hokkaido_04,2024-11-20,1732135309000,5.540194129160623,-9.651926563996666,35.726185997479845
hokkaido_04,2024-12-02,1733172109000,4.4466267811537845,-9.235063404355753,35.71804366781947
hokkaido_04,2024-12-14,1734208908000,2.7535409885332736,-9.925106809271213,35.71466620551215
hokkaido_04,2024-12-26,1735245707000,2.1144582710353395,-10.351667202230198,35.72328147109673
hokkaido_04,2025-01-07,1736282505000,2.285306603217998,-10.110987156108637,35.72750936924194
hokkaido_04,2025-01-19,1737319304000,3.6796292826483117,-6.344565170856109,35.728148939827854
hokkaido_04,2025-01-31,1738356103000,0.12747854741247047,-8.53285501816493,35.73091230604384
hokkaido_04,2025-02-12,1739392903000,0.9570746548084264,-7.897024720021268,35.72530557961779
hokkaido_04,2025-02-24,1740429703000,1.8569062285850038,-9.321401099152288,35.732312745510114
hokkaido_04,2025-03-08,1741466503000,0.9103426971490038,-12.3205611579112,35.73131128232521
hokkaido_04,2025-03-20,1742503304000,3.0182621884908083,-11.931657195204963,35.729030715458514
hokkaido_04,2025-04-01,1743540104000,2.9905697413586765,-11.051747014166622,35.72413713243272
hokkaido_04,2025-04-13,1744576904000,3.341026417345355,-9.913497573663937,35.728189196235824
hokkaido_04,2025-04-25,1745613704000,5.6459978692331045,-8.071340433626165,35.71883450564806
hokkaido_04,2025-05-07,1746650504000,7.326689146227146,-7.29814341518579,35.72015654262713
hokkaido_04,2025-05-14,1747254808000,6.419976727217894,-10.434851570533205,45.52812147111598
hokkaido_04,2025-05-19,1747687303000,6.563913176031183,-7.479178566058316,35.72165087881358
hokkaido_04,2025-05-26,1748291607000,6.812739426524937,-9.66736045363243,45.523778384986564
hokkaido_04,2025-05-31,1748724103000,6.38808730814789,-8.720973371900925,35.71655856952617
hokkaido_04,2025-06-07,1749328407000,6.2313959080950125,-8.532467903106786,45.52551535927617
hokkaido_04,2025-06-12,1749760902000,6.480989952128708,-7.253936512247421,35.711577833433495
hokkaido_04,2025-06-19,1750365206000,8.648249149706706,-11.04647438556415,45.52962864266668
hokkaido_04,2025-06-24,1750797702000,6.879863650667756,-7.954007296514163,35.709619712444265
hokkaido_04,2025-07-01,1751402005000,4.656493877213966,-10.414614797385003,45.52945891251562
hokkaido_04,2025-07-06,1751834501000,5.5414935209063705,-8.921612514232645,35.71418670003082
hokkaido_04,2025-07-13,1752438805000,4.453024366118669,-10.55839494949539,45.52768781811911
hokkaido_04,2025-07-18,1752871300000,4.708840773521888,-8.516365289221548,35.7211037724396
hokkaido_04,2025-07-30,1753908100000,5.687929387570854,-6.3135107721389625,35.72278799695617
hokkaido_04,2025-08-11,1754944900000,6.41296708612352,-7.083195016176666,35.72231309363837
hokkaido_04,2025-08-23,1755981700000,7.2176172376881595,-7.563066882539995,35.724257015450135
hokkaido_04,2025-09-04,1757018500000,7.459084940714514,-7.249747682282763,35.731181098217185
hokkaido_04,2025-09-16,1758055301000,6.9978364929258365,-7.633862761696215,35.73640457727958
hokkaido_04,2025-09-28,1759092101000,7.732407514056861,-6.591858979195346,35.735367680906585
hokkaido_04,2025-10-10,1760128901000,6.076639724783345,-7.428919187631318,35.72212131426233
hokkaido_04,2025-10-22,1761165701000,7.1818045083881685,-7.626075633331601,35.727166993084154
hokkaido_04,2025-11-03,1762202501000,4.254578971139006,-7.856077063274813,35.72469878866622
hokkaido_04,2025-11-15,1763239300000,5.189651840455041,-8.340765574185674,35.727548920801844
hokkaido_04,2025-11-27,1764276099000,3.7386400681002696,-10.184341875603971,35.724942243771544
hokkaido_04,2025-12-09,1765312898000,3.6706114697486636,-11.15530658833146,35.719333377523846
hokkaido_04,2025-12-21,1766349697000,3.39937280890232,-9.668824024970126,35.71665959832354
hokkaido_04,2026-01-02,1767386495000,1.3396912574631927,-7.8410671363372115,35.71764021415843
hokkaido_04,2026-01-14,1768423294000,1.5795120818042352,-9.47131971520235,35.72148861300362
hokkaido_04,2026-01-26,1769460094000,2.2801519418346037,-9.25848393522845,35.72718564120206
hokkaido_04,2026-02-07,1770496893000,1.7142204554851963,-10.04749061369816,35.72860043244931
hokkaido_04,2026-02-19,1771533692000,-1.8346446177395066,-11.187396747953393,35.72753473789073
hokkaido_04,2026-03-03,1772570492000,1.8232404502762998,-9.691371640150136,35.7294374273394
hokkaido_04,2026-03-15,1773607292000,3.5496403880120195,-6.6490812520240015,35.727344934994356
hokkaido_04,2026-04-08,1775680892000,3.9342184060695224,-8.348649211260469,35.72890897414536
hokkaido_04,2026-04-15,1776285196000,13.75633849051761,-12.246811686347378,45.53159422730948
hokkaido_04,2026-04-20,1776717693000,5.2142574387820835,-9.050047538117777,35.719916129300046
hokkaido_04,2026-05-02,1777754492000,7.225420251178782,-7.949154792450701,35.716229925153705
hokkaido_04,2026-05-14,1778791292000,5.400630934957626,-8.500790650278631,35.713639557710735
hokkaido_04,2026-05-21,1779395595000,12.029536820114808,-13.82692794060847,45.531056257631874
hokkaido_05,2017-02-18,1487450457000,2.9600411486627283,-3.8325866010312617,35.98264314132707
hokkaido_05,2017-03-02,1488487257090,5.561265509841191,-3.911967038516368,35.984823054164416
hokkaido_05,2017-03-14,1489524057000,4.789055897153901,-3.4938700076596994,35.97479716392807
hokkaido_05,2017-03-26,1490560857000,5.01949971055982,-4.131820534431606,35.97442341256322
hokkaido_05,2017-04-07,1491597658140,6.682656078399251,-3.7171113682634926,35.97812742463359
hokkaido_05,2017-04-19,1492634458760,6.7162037605465095,-3.990978239150732,35.98009292793697
hokkaido_05,2017-05-01,1493671259000,7.012933662729298,-3.5216032279621743,35.97777423966663
hokkaido_05,2017-05-13,1494708059970,6.2858048308338175,-3.332592360789741,35.97367436705259
hokkaido_05,2017-05-25,1495744860000,7.1950861973399505,-3.5688952469302557,35.97831149939335
hokkaido_05,2017-06-06,1496781661000,7.263673371205743,-3.198666161809125,35.973887975763006
hokkaido_05,2017-06-18,1497818461000,7.773542890654177,-3.3902415317054873,35.97890611212495
hokkaido_05,2017-06-30,1498855262000,7.033227866244824,-3.2357968923420395,35.980956823610676
hokkaido_05,2017-07-12,1499892063000,7.247543388559525,-3.5797548494053286,35.9785081089362
hokkaido_05,2017-07-24,1500928864000,7.606331769119778,-3.7976133801691776,35.97809307641359
hokkaido_05,2017-08-05,1501965664000,5.879384247452395,-2.9501199436805323,35.97240689112797
hokkaido_05,2017-08-17,1503002465000,6.204666778885786,-3.7253769511350865,35.979726816412665
hokkaido_05,2017-08-29,1504039265000,5.777609779412801,-3.263105568845725,35.97909949281069
hokkaido_05,2017-09-10,1505076066000,5.692053210122271,-3.298200415580807,35.977133565194926
hokkaido_05,2017-09-22,1506112866000,5.809899411658629,-4.176047932331912,35.97755307313741
hokkaido_05,2017-10-04,1507149666000,4.687240572784369,-3.846135281015657,35.976754700631794
hokkaido_05,2017-10-16,1508186467000,5.187878480618018,-3.6956021801650683,35.977928601333424
hokkaido_05,2017-10-28,1509223267000,5.041237883709375,-2.9260391326725164,35.97686411035511
hokkaido_05,2017-11-09,1510260066000,4.800674163893345,-4.306714122229221,35.97985793460237
hokkaido_05,2017-11-21,1511296866000,7.86449187837327,-2.80261035145169,35.974219323749
hokkaido_05,2017-12-03,1512333666000,6.087632529430608,-3.7599731766583884,35.974300048951555
hokkaido_05,2017-12-15,1513370465000,5.214673015444852,-4.633895826121122,35.97418030767602
hokkaido_05,2017-12-27,1514407265000,5.434290294471962,-4.276797859988128,35.98138038154845
hokkaido_05,2018-01-08,1515444064000,5.747941823305246,-3.867751541647906,35.980178931730265
hokkaido_05,2018-01-20,1516480864000,3.6064745283348345,-4.626400949647636,35.97342809298744
hokkaido_05,2018-02-01,1517517664000,1.4200760888534292,-5.28993741341793,35.97280494460334
hokkaido_05,2018-02-13,1518554463000,2.8772869964364065,-4.4218177604355535,35.97225889392504
hokkaido_05,2018-02-25,1519591263000,3.099972655151381,-4.127593066527755,35.980318613258554
hokkaido_05,2018-03-09,1520628063000,3.540342369407505,-3.7180762116198727,35.98583497018525
hokkaido_05,2018-03-21,1521664863000,2.9889387142009314,-4.148803526775033,35.98573764608364
hokkaido_05,2018-04-02,1522701664000,6.8641510094750275,-3.812267834180902,35.978984432798455
hokkaido_05,2018-04-14,1523738464000,8.331615148026426,-3.169051072207187,35.97648823126453
hokkaido_05,2018-04-26,1524775265000,9.30826251215809,-2.2000950795502137,35.97697398648601
hokkaido_05,2018-05-08,1525812065000,9.79520583788474,-1.8492389844210477,35.979229895241716
hokkaido_05,2018-05-20,1526848866000,9.401830980949942,-1.850747430972758,35.98099495373795
hokkaido_05,2018-06-01,1527885667000,8.693903759967323,-1.9175034664033965,35.98235235140846
hokkaido_05,2018-06-13,1528922468000,7.616968816771175,-3.2719031070838636,35.97333621304037
hokkaido_05,2018-06-25,1529959268000,7.217886780065591,-3.6051867674538576,35.97473027066959
hokkaido_05,2018-07-19,1532032870000,6.099700709843673,-3.8847916509460103,35.981728610006385
hokkaido_05,2018-07-31,1533069670000,7.103060922384225,-3.48853065892153,35.98372688108279
hokkaido_05,2018-08-12,1534106471000,6.603088034487617,-3.6647515163442757,35.97704905542515
hokkaido_05,2018-08-24,1535143272000,5.2342561153517435,-3.9065921566980553,35.96649488417109
hokkaido_05,2018-09-05,1536180072000,6.981181787160785,-3.4937580683027973,35.97656502155341
hokkaido_05,2018-09-17,1537216873000,6.524049033059606,-4.11375664195084,35.97968600124235
hokkaido_05,2018-09-29,1538253673000,5.961310291503761,-2.6602790170159905,35.97938590793718
hokkaido_05,2018-10-11,1539290473000,4.937865184346314,-3.5727319077616597,35.97509081230233
hokkaido_05,2018-10-23,1540327273000,4.968095138021188,-3.221064949768549,35.97551777088708
hokkaido_05,2018-11-04,1541364073000,4.8505427318478,-2.417901963539864,35.97520194601062
hokkaido_05,2018-11-16,1542400873000,3.1002905512255228,-2.1158176539983318,35.97935247392381
hokkaido_05,2018-11-28,1543437672000,5.478215138312935,-2.2643158507411307,35.981107895851316
hokkaido_05,2018-12-10,1544474472000,6.033122859996258,-2.043093148760652,35.97593040458598
hokkaido_05,2018-12-22,1545511272000,7.128589451614317,-2.317888417128822,35.97123018065519
hokkaido_05,2019-01-03,1546548071000,5.7324174758073685,-1.9612060887297735,35.97386467871206
hokkaido_05,2019-01-15,1547584871000,5.592993913201126,-2.6067689603042563,35.980603125737815
hokkaido_05,2019-01-27,1548621671000,5.510669241898778,-3.002853177980115,35.976444817090375
hokkaido_05,2019-02-08,1549658470000,3.8169911253260405,-3.020789703099271,35.977838088307045
hokkaido_05,2019-02-20,1550695270000,5.532872906249513,-4.224920971472809,35.97320445079452
hokkaido_05,2019-03-04,1551732070000,6.1656096898373365,-3.0637961538003213,35.969313551006884
hokkaido_05,2019-03-16,1552768870000,6.369138793672169,-2.399767797510486,35.979302925463024
hokkaido_05,2019-03-28,1553805670000,6.029265083463293,-3.957369747109677,35.979279665602846
hokkaido_05,2019-04-09,1554842470000,6.88993909398523,-2.5679798405498193,35.9811153180578
hokkaido_05,2019-04-21,1555879271000,6.441978592481902,-3.0990460033857015,35.97288431649257
hokkaido_05,2019-05-03,1556916071000,6.608481305248405,-3.222032421136772,35.96968652399934
hokkaido_05,2019-05-15,1557952872000,6.939521060211341,-2.722100158164187,35.975042404467956
hokkaido_05,2019-06-08,1560026473000,7.352927744232982,-2.358023921943315,35.983445169275114
hokkaido_05,2019-06-20,1561063274000,6.736516090267243,-3.0046256023057296,35.979546544430946
hokkaido_05,2019-07-02,1562100075000,7.221465585617683,-2.830110336397239,35.97361266135012
hokkaido_05,2019-07-14,1563136875000,6.4644434683221785,-2.5857727693442474,35.97539362366228
hokkaido_05,2019-07-26,1564173676000,7.479093572992797,-2.5006991090614235,35.98078824669425
hokkaido_05,2019-08-07,1565210477000,6.453526576306461,-2.3991747432136465,35.97985749986436
hokkaido_05,2019-08-19,1566247278000,6.289857862896428,-3.7022382549568125,35.974966610224556
hokkaido_05,2019-09-12,1568320879000,6.717395057400536,-2.8254246869533968,35.9791592725285
hokkaido_05,2019-09-24,1569357679000,5.43348390033621,-3.4459589851556416,35.974395578312254
hokkaido_05,2019-10-06,1570394480000,5.436391792037207,-2.6443105047781033,35.97861789327142
hokkaido_05,2019-10-18,1571431279000,4.433930678480793,-2.075772204669958,35.98052086029146
hokkaido_05,2019-10-30,1572468080000,4.827368437979527,-3.0357594359039957,35.97501570964495
hokkaido_05,2019-11-11,1573504880000,4.698253501720972,-2.2611896698721656,35.97328647359931
hokkaido_05,2019-11-23,1574541679000,6.1465333480181386,-3.4595613597490837,35.975405321452726
hokkaido_05,2019-12-05,1575578479000,6.066795502988056,-3.644894949588116,35.98158519477582
hokkaido_05,2019-12-17,1576615278000,7.054890478464825,-3.5094747816251077,35.977732581144586
hokkaido_05,2019-12-29,1577652078000,2.84511696009577,-3.5229502490859805,35.972628073171286
hokkaido_05,2020-01-10,1578688877000,5.142388389356437,-3.1981597694565687,35.970106830018935
hokkaido_05,2020-01-22,1579725677000,5.996484697226536,-3.0813447050852063,35.973642455764455
hokkaido_05,2020-02-03,1580762477000,4.205246870445586,-3.9029280313911965,36.0982394608663
hokkaido_05,2020-02-15,1581799276000,4.384217351489438,-3.496669308661889,36.1014785019528
hokkaido_05,2020-02-27,1582836076000,5.712910223761136,-3.0488930865585924,36.099003151270054
hokkaido_05,2020-03-10,1583872876000,5.791358898609456,-3.485384788815823,36.09062298069915
hokkaido_05,2020-03-22,1584909676000,6.445810315114942,-2.583857834772209,36.09172525536946
hokkaido_05,2020-04-03,1585946477000,6.7356315400562154,-3.501132066185183,36.098173647306346
hokkaido_05,2020-04-15,1586983277000,6.0357663859270065,-4.104753737183237,36.1011555346729
hokkaido_05,2020-04-27,1588020078000,5.193422684650108,-2.3509210275347594,36.100162608055335
hokkaido_05,2020-05-09,1589056878000,4.585130969383056,-2.654939282621501,36.10146300834184
hokkaido_05,2020-05-21,1590093679000,4.838207965288023,-2.325509410791463,36.09661687066118
hokkaido_05,2020-06-02,1591130479000,4.905191783463154,-3.0947370163281858,36.099926163849325
hokkaido_05,2020-06-14,1592167280000,3.3205865599099025,-3.251758440519831,36.097514580620654
hokkaido_05,2020-06-26,1593204081000,4.066951827909838,-3.4982295305823525,36.10155187681194
hokkaido_05,2020-07-08,1594240882000,2.5161099420829895,-3.0860041468221735,36.10062649399854
hokkaido_05,2020-07-20,1595277682000,2.2187438988127597,-2.7902688846639223,36.09448500714367
hokkaido_05,2020-08-01,1596314483000,2.657565969147611,-2.726096373814487,36.09218712307984
hokkaido_05,2020-08-13,1597351284000,4.00527984595554,-3.6846892602495624,36.09966052231294
hokkaido_05,2020-08-25,1598388085000,3.01543574763772,-3.580172757641924,36.09832267637877
hokkaido_05,2020-09-06,1599424885000,3.2073271746735426,-3.693022131648763,36.09618654522695
hokkaido_05,2020-09-18,1600461685000,1.8838325499188664,-3.546632943291386,36.09411872504722
hokkaido_05,2020-09-30,1601498486000,4.03021950843862,-3.8399704489894972,36.09657471470999
hokkaido_05,2020-10-12,1602535286000,3.1082306284710253,-3.658195888939631,36.095590304190964
hokkaido_05,2020-10-24,1603572086000,4.0223574863410745,-3.5838394842513717,36.09929697295347
hokkaido_05,2020-11-05,1604608886000,4.370519565045028,-3.4544046547040854,36.0948473874646
hokkaido_05,2020-11-17,1605645686000,3.224484003510356,-3.1574427361198567,36.09322146833895
hokkaido_05,2020-11-29,1606682485000,6.906676334874828,-2.5180040012263936,36.09504322324206
hokkaido_05,2020-12-11,1607719285000,8.23236091418281,-3.8881235109904067,36.09540932393841
hokkaido_05,2020-12-23,1608756084000,4.880233721099038,-3.8458008208587913,36.10011709498974
hokkaido_05,2021-01-04,1609792884000,4.04347301257902,-2.5953425552994283,36.0987495474799
hokkaido_05,2021-01-16,1610829683000,5.8959031561865825,-4.1719890288396835,36.09514413698755
hokkaido_05,2021-01-28,1611866483000,4.264959349923202,-3.3063831578660827,36.08857951263447
hokkaido_05,2021-02-09,1612903282000,2.549989491477934,-4.077900234694737,36.089975083035675
hokkaido_05,2021-02-21,1613940082000,3.325958359948699,-3.7797681700430927,36.10126612873139
hokkaido_05,2021-03-05,1614976882000,6.38107049094724,-4.040938818436666,36.10487205164677
hokkaido_05,2021-03-17,1616013682000,5.426825261873024,-4.1078407900245555,36.10430473625166
hokkaido_05,2021-03-29,1617050482000,4.534767727664693,-2.7961028687900016,36.095805721333015
hokkaido_05,2021-04-10,1618087283000,6.332946222680608,-3.33575829042273,36.09550650002212
hokkaido_05,2021-04-22,1619124083000,4.327317671641173,-3.313836945128408,36.099558092280624
hokkaido_05,2021-05-04,1620160884000,4.063471353312983,-1.9826658877224705,36.101344764846615
hokkaido_05,2021-05-16,1621197684000,7.649777246152214,-4.641233406684996,36.100419511407715
hokkaido_05,2021-05-28,1622234485000,6.084344670961504,-3.319473027748953,36.09628799379824
hokkaido_05,2021-06-09,1623271286000,6.289023821967454,-3.082525452873407,36.09483361749836
hokkaido_05,2021-06-21,1624308087000,7.273699994729297,-3.004817240552047,36.09633877833057
hokkaido_05,2021-07-03,1625344887000,5.51214657044972,-4.175976167851078,36.09853211096431
hokkaido_05,2021-07-15,1626381688000,3.626942176414685,-4.367725512599155,36.099388103265156
hokkaido_05,2021-07-27,1627418489000,6.188891083884527,-4.583311452146349,36.104854964747204
hokkaido_05,2021-08-08,1628455289000,5.529163806149235,-3.766763417080786,36.09554206094606
hokkaido_05,2021-08-20,1629492090000,6.5656775361881765,-3.8984827072335686,36.09377318340531
hokkaido_05,2021-09-01,1630528905000,6.717476226271458,-3.7133711798214573,35.60940260286514
hokkaido_05,2021-09-13,1631565705000,7.023789695236608,-3.2122674571973926,35.60566246092838
hokkaido_05,2021-09-25,1632602506000,6.678494732573023,-3.1819669906124193,35.601590329110145
hokkaido_05,2021-10-07,1633639303000,6.095844827644415,-3.365380745981555,35.741008817125845
hokkaido_05,2021-10-19,1634676103000,6.517855811775395,-2.9693378918052358,35.73878731313378
hokkaido_05,2021-10-31,1635712903000,5.784253349445326,-3.6559830091923655,35.74248438889294
hokkaido_05,2021-11-12,1636749703000,6.314877091618938,-2.217041715970985,35.74436872032426
hokkaido_05,2021-11-24,1637786503000,6.397862641420142,-3.723670365494005,35.73876221788414
hokkaido_05,2021-12-06,1638823302000,5.788554296896965,-4.539125216413204,35.73868542566956
hokkaido_05,2021-12-18,1639860102000,5.059677112067275,-2.9636528360631966,35.73697013392593
hokkaido_05,2021-12-30,1640896901000,4.739468063937604,-2.5381508850340437,35.744286777709135
hokkaido_05,2022-01-11,1641933701000,1.8381577312582564,-3.7315717834995374,35.7429464545119
hokkaido_05,2022-01-23,1642970500000,2.5330903433547536,-3.3041304238924014,35.74273608895235
hokkaido_05,2022-02-04,1644007299000,1.2106616874336265,-3.267952910442198,35.743821700895666
hokkaido_05,2022-02-16,1645044099000,2.7815101639216624,-3.7292509900950943,35.741940651648655
hokkaido_05,2022-02-28,1646080899000,2.410521424740414,-4.466400807206713,35.7405385992275
hokkaido_05,2022-03-12,1647117699000,4.358002376948896,-3.4574110012956325,35.746309769775934
hokkaido_05,2022-03-24,1648154500000,5.231264478315776,-2.1728145697836916,35.745535749184974
hokkaido_05,2022-04-05,1649191300000,5.357433195918616,-3.30935025417371,35.74652039754371
hokkaido_05,2022-04-17,1650228100000,5.959413360246221,-3.703662901103825,35.742075533355276
hokkaido_05,2022-04-29,1651264901000,4.917852754663545,-3.35707698099483,35.74193453109763
hokkaido_05,2022-05-11,1652301701000,6.262873092488319,-2.8568926001850596,35.74407423415069
hokkaido_05,2022-06-04,1654375303000,7.885064913928233,-2.4535236182750646,35.742664794428364
hokkaido_05,2022-06-16,1655412104000,7.322549739771857,-3.327234170080686,35.74580629571903
hokkaido_05,2022-06-28,1656448905000,8.718335016585863,-3.254503829757956,35.73840701016515
hokkaido_05,2022-07-10,1657485705000,9.132687631815996,-2.536172171131816,35.73993777052337
hokkaido_05,2022-07-22,1658522506000,8.589575776171927,-3.511035689014633,35.74554510469076
hokkaido_05,2022-08-03,1659559307000,8.828672362127824,-3.8201533836886985,35.743722628314586
hokkaido_05,2022-08-15,1660596108000,9.203988741511482,-2.8656587822072543,35.74324246722904
hokkaido_05,2022-08-27,1661632908000,9.093547063134784,-3.408687381149152,35.74050431685015
hokkaido_05,2022-09-08,1662669709000,8.734839059685747,-3.3436571087816556,35.73375119156961
hokkaido_05,2022-09-20,1663706508000,8.361574146875663,-3.813825762300659,35.759074407873804
hokkaido_05,2022-10-02,1664743309000,7.771717540314411,-3.9727843195394916,35.74382788839786
hokkaido_05,2022-10-14,1665780109000,8.52373661165217,-3.3465870206752797,35.74458390946152
hokkaido_05,2022-10-26,1666816909000,7.7684018787317,-3.970307746501113,35.734879088189786
hokkaido_05,2022-11-07,1667853709000,7.822295212717152,-3.567981429326136,35.7439257604973
hokkaido_05,2022-11-19,1668890509000,7.771818817255218,-4.699439166497492,35.74011541872608
hokkaido_05,2022-12-01,1669927308000,9.718653578895362,-4.080900178326876,35.74607007419136
hokkaido_05,2022-12-13,1670964108000,6.859985323119854,-2.468707530785223,35.74198948982633
hokkaido_05,2022-12-25,1672000907000,5.316996372741774,-3.4311143512355646,35.74177729864269
hokkaido_05,2023-01-06,1673037706000,5.479017239727662,-3.955307308562904,35.73879025391857
hokkaido_05,2023-01-18,1674074505000,6.4031140751734945,-2.2788849398479036,35.75885614113072
hokkaido_05,2023-01-30,1675111306000,5.562060331151709,-1.3576016000218645,35.73904408547893
hokkaido_05,2023-02-11,1676148105000,5.4019378211045765,-3.134647523462333,35.744703406585884
hokkaido_05,2023-02-23,1677184905000,3.1134028519981305,-3.1349022168861604,35.748859922412144
hokkaido_05,2023-03-07,1678221705000,5.545368812591869,-3.3243106849576636,35.742483013782824
hokkaido_05,2023-03-19,1679258505000,8.820443111232164,-2.4317215574247415,35.74279664602875
hokkaido_05,2023-03-31,1680295305000,7.270382663227273,-1.9810909627594502,35.74409968674785
hokkaido_05,2023-04-12,1681332106000,6.209753480130161,-1.455303441194511,35.74434110227442
hokkaido_05,2023-04-24,1682368906000,5.606085936843945,-2.5515289952934013,35.74360808616892
hokkaido_05,2023-05-06,1683405707000,6.385730746632081,-1.9912762598761458,35.73539197748358
hokkaido_05,2023-05-18,1684442508000,6.667419817216128,-2.0880908171902366,35.73504296258114
hokkaido_05,2023-05-30,1685479308000,6.500021252177154,-2.397826568705933,35.73560901940871
hokkaido_05,2023-06-11,1686516109000,7.056861750729152,-2.338597467698061,35.744784165585855
hokkaido_05,2023-06-23,1687552909000,5.5748132859406345,-2.9500125274365963,35.74069082496046
hokkaido_05,2023-07-05,1688589710000,7.589888729518025,-2.506501370093814,35.74245681192877
hokkaido_05,2023-07-17,1689626511000,8.392936783373075,-3.6339039737632683,35.740083177916546
hokkaido_05,2023-07-29,1690663311000,5.811411569257798,-3.6495881516506343,35.74071637376374
hokkaido_05,2023-08-10,1691700111000,6.773629125158515,-3.0375454301698035,35.759429560264316
hokkaido_05,2023-08-22,1692736913000,6.159461453007581,-3.6897916004387272,35.74787299243624
hokkaido_05,2023-09-03,1693773714000,7.811708659020879,-4.682784473004464,35.740467598548555
hokkaido_05,2023-09-15,1694810514000,8.069556508156106,-4.986592226384115,35.73800615166914
hokkaido_05,2023-09-27,1695847314000,7.515482464004494,-4.209889954198504,35.74344181749395
hokkaido_05,2023-10-09,1696884114000,7.049481207078021,-4.230929248765208,35.748749236567036
hokkaido_05,2023-10-21,1697920914000,7.5189893863118025,-4.437432497804704,35.73986334947084
hokkaido_05,2023-11-02,1698957714000,8.37127801349714,-4.481896140800001,35.744125030345046
hokkaido_05,2023-11-14,1699994514000,9.301388533349778,-2.926054795830902,35.73551679924537
hokkaido_05,2023-11-26,1701031313000,6.945606596293043,-3.400484877773569,35.74397388332561
hokkaido_05,2023-12-08,1702068113000,6.47495087740166,-2.0303456264593636,35.740718968709295
hokkaido_05,2023-12-20,1703104912000,5.572946583174665,-3.3570341661621668,35.755668058416575
hokkaido_05,2024-01-01,1704141711000,4.556855840331212,-2.880763469036156,35.74991365698163
hokkaido_05,2024-01-13,1705178511000,6.538059224431504,-2.9906964007681203,35.739486612498666
hokkaido_05,2024-01-25,1706215311000,3.848363687833859,-3.3394976128595566,35.73766874910605
hokkaido_05,2024-02-06,1707252110000,1.4853866476690694,-3.2170242246293888,35.744685450852515
hokkaido_05,2024-02-18,1708288910000,3.808086025028027,-4.357956808274054,35.74370479564478
hokkaido_05,2024-03-01,1709325710000,2.1473736393667346,-2.341698444574391,35.74527143053424
hokkaido_05,2024-03-13,1710362510000,7.047411337558395,-2.8946552975141913,35.747047444369414
hokkaido_05,2024-03-25,1711399310000,7.7686192127211795,-3.2553492536392974,35.74859134097119
hokkaido_05,2024-04-06,1712436111000,7.578953624401566,-2.8455540207005487,35.73843244637555
hokkaido_05,2024-04-18,1713472911000,5.2767315940252315,-2.3223592434558245,35.74021734501883
hokkaido_05,2024-04-30,1714509712000,3.8587895072499596,-2.4409458211972344,35.74013484664123
hokkaido_05,2024-05-12,1715546511000,5.15043680348426,-2.1841297963525164,35.73805239901482
hokkaido_05,2024-05-24,1716583311000,4.870263827199966,-2.141093687427668,35.724119269195626
hokkaido_05,2024-06-05,1717620111000,5.264136866162245,-2.8351530815478574,35.72640805101817
hokkaido_05,2024-06-17,1718656910000,6.138674958198556,-3.395307139674396,35.735482189481395
hokkaido_05,2024-06-29,1719693710000,5.172580417304844,-3.436043286283327,35.73275258026493
hokkaido_05,2024-07-11,1720730509000,5.727652769997252,-3.831124443893591,35.73238035381383
hokkaido_05,2024-07-23,1721767309000,4.764691063352399,-3.7416303314243056,35.73337246673276
hokkaido_05,2024-08-04,1722804109000,6.3961085888693,-3.434658488031199,35.72957108906722
hokkaido_05,2024-08-16,1723840909000,5.901581101803805,-3.5250631265424692,35.73847239399361
hokkaido_05,2024-08-28,1724877709000,7.476080974362684,-3.985732296199305,35.74246405129769
hokkaido_05,2024-09-09,1725914510000,6.5765766166848225,-4.995429368963085,35.74761106798901
hokkaido_05,2024-09-21,1726951310000,7.827219422444503,-2.143216474901578,35.747090869265335
hokkaido_05,2024-10-03,1727988110000,7.812565375286394,-2.218635891938634,35.74720233989735
hokkaido_05,2024-10-15,1729024910000,8.832288747556257,-2.195008229691416,35.746071099415325
hokkaido_05,2024-10-27,1730061711000,9.811478245457257,-1.1860052964271408,35.74382467291102
hokkaido_05,2024-11-08,1731098510000,7.935200718222806,-4.5261989575057555,35.745372075968945
hokkaido_05,2024-11-20,1732135309000,4.710548895660948,-3.879550099321114,35.738456108434505
hokkaido_05,2024-12-02,1733172109000,7.472456719034337,-5.137458170194007,35.73032295475148
hokkaido_05,2024-12-14,1734208908000,6.749685213855564,-3.800264777988273,35.72694698924533
hokkaido_05,2024-12-26,1735245707000,6.710998869548123,-3.8470777091279675,35.73555825232689
hokkaido_05,2025-01-07,1736282505000,7.662328639827718,-2.7234768481378406,35.73978162178035
hokkaido_05,2025-01-19,1737319304000,7.936099507309119,-3.2069280386052825,35.740422368097875
hokkaido_05,2025-01-31,1738356103000,7.142599846902797,-4.475612522980926,35.74318691602554
hokkaido_05,2025-02-12,1739392903000,8.943831461717831,-3.0139420040417844,35.73758216217627
hokkaido_05,2025-02-24,1740429703000,5.570295931490592,-4.040550380737818,35.74458386276708
hokkaido_05,2025-03-08,1741466503000,4.44645032985198,-2.804947982104388,35.74358515036227
hokkaido_05,2025-03-20,1742503304000,4.941967114163485,-2.346491688288398,35.7413060746481
hokkaido_05,2025-04-01,1743540104000,5.15789612758767,-2.748546465260573,35.73641492149802
hokkaido_05,2025-04-13,1744576904000,6.626580667956704,-2.534990198818115,35.740464877600125
hokkaido_05,2025-04-25,1745613704000,7.025694464584385,-2.6081102794241486,35.73111820895945
hokkaido_05,2025-05-07,1746650504000,8.304888811514523,-3.3347438494589494,35.73244021883206
hokkaido_05,2025-05-19,1747687303000,7.573984183945461,-3.2721470437463034,35.73393122483688
hokkaido_05,2025-05-31,1748724103000,7.319318849074365,-3.8172834610846045,35.728842449785844
hokkaido_05,2025-06-12,1749760902000,7.846163656341908,-4.013433863660259,35.72386202326884
hokkaido_05,2025-06-24,1750797702000,8.2327042673238,-3.5962312433176797,35.72190401188607
hokkaido_05,2025-07-06,1751834501000,8.375643866236635,-3.2795480700825834,35.72646959922052
hokkaido_05,2025-07-18,1752871300000,6.362200306566045,-3.287399952668468,35.73338504243877
hokkaido_05,2025-07-30,1753908100000,7.635914378881364,-4.0455314271687275,35.73506629960805
hokkaido_05,2025-08-11,1754944900000,8.379544433703686,-4.370956847342899,35.734589603682906
hokkaido_05,2025-08-23,1755981700000,7.871611275412298,-4.085525498480928,35.73653075228986
hokkaido_05,2025-09-04,1757018500000,8.409071537781095,-3.7820387807303675,35.74344941204653
hokkaido_05,2025-09-16,1758055301000,8.394726333385277,-4.214625488630858,35.7486774891959
hokkaido_05,2025-09-28,1759092101000,8.854523122189176,-3.429650196358105,35.74763796722443
hokkaido_05,2025-10-10,1760128901000,7.638677960084187,-3.7257948577114144,35.734401735274176
hokkaido_05,2025-10-22,1761165701000,8.516856162008601,-3.100511673383377,35.73944243459992
hokkaido_05,2025-11-03,1762202501000,8.684450532218987,-3.181641523626374,35.73697682305184
hokkaido_05,2025-11-15,1763239300000,6.8278007935713365,-3.415904197239011,35.739820396714705
hokkaido_05,2025-11-27,1764276099000,6.5781519782698865,-4.43483276477747,35.73721427840415
hokkaido_05,2025-12-09,1765312898000,5.689276236925462,-3.1218800681515226,35.73160582796488
hokkaido_05,2025-12-21,1766349697000,8.459366094813632,-1.9791897458466499,35.728937334077635
hokkaido_05,2026-01-02,1767386495000,7.601947719970696,-2.643418975183878,35.72992243493095
hokkaido_05,2026-01-14,1768423294000,6.7607579159214914,-2.548158725328033,35.7337653777292
hokkaido_05,2026-01-26,1769460094000,2.8803824738447057,-3.344456484297843,35.739460026876166
hokkaido_05,2026-02-07,1770496893000,4.967531624516445,-3.443329290604664,35.74087633978588
hokkaido_05,2026-02-19,1771533692000,1.3036600961474711,-3.6241760273927,35.739811744466415
hokkaido_05,2026-03-03,1772570492000,5.707559591144768,-3.2273104911138675,35.74170892019242
hokkaido_05,2026-03-15,1773607292000,8.333683134962822,-1.5160040689019672,35.739620341452195
hokkaido_05,2026-04-08,1775680892000,6.0353445899145,-2.3058597473271303,35.741184142930805
hokkaido_05,2026-04-20,1776717693000,6.713192204857362,-2.300275643999252,35.7321961298299
hokkaido_05,2026-05-02,1777754492000,8.325477138271589,-1.924808033531679,35.72851402866984
hokkaido_05,2026-05-14,1778791292000,7.728120055464669,-1.9276272602635196,35.72592519052437
hokkaido_06,2017-02-18,1487450457000,0.92373427091437,-11.28596722047457,35.97261101847948
hokkaido_06,2017-03-02,1488487257090,5.732475828203904,-9.023608318840726,35.97480195630627
hokkaido_06,2017-03-14,1489524057000,4.757990436008444,-10.230437836405425,35.96477176060692
hokkaido_06,2017-03-26,1490560857000,4.136027864448673,-10.810886988639675,35.964398884151805
hokkaido_06,2017-04-07,1491597658140,4.564325207844587,-10.738909963140419,35.96810687458199
hokkaido_06,2017-04-19,1492634458760,5.138440914455245,-10.676610030948419,35.97006065303893
hokkaido_06,2017-05-01,1493671259000,6.876130192222067,-9.589734449444142,35.96775167654365
hokkaido_06,2017-05-13,1494708059970,6.2748885890786426,-11.227868422475638,35.96365221863349
hokkaido_06,2017-05-25,1495744860000,6.396618631942779,-9.751789110921669,35.968286050186464
hokkaido_06,2017-06-06,1496781661000,8.291790883572562,-8.262506417406453,35.96386173231324
hokkaido_06,2017-06-18,1497818461000,7.240944638400166,-8.448921326335316,35.96887727756693
hokkaido_06,2017-06-30,1498855262000,6.611158157184114,-9.514390432663419,35.9709348393565
hokkaido_06,2017-07-12,1499892063000,5.60877794778082,-9.07253853479495,35.96848658077254
hokkaido_06,2017-07-24,1500928864000,6.0921357428584955,-9.824717480485623,35.96805531665533
hokkaido_06,2017-08-05,1501965664000,5.922989132282415,-9.87878156807154,35.96237297019534
hokkaido_06,2017-08-17,1503002465000,6.276843499696341,-10.13052677387963,35.96969483463021
hokkaido_06,2017-08-29,1504039265000,6.743863386130288,-10.04076698940216,35.969073919630915
hokkaido_06,2017-09-10,1505076066000,6.375646260393305,-10.11233662304711,35.96710320805762
hokkaido_06,2017-09-22,1506112866000,5.547394283326393,-9.808432837162128,35.967532202980735
hokkaido_06,2017-10-04,1507149666000,6.527523362323152,-9.212747027037716,35.96673289531403
hokkaido_06,2017-10-16,1508186467000,5.995754613051175,-10.02801695446348,35.967906896395355
hokkaido_06,2017-10-28,1509223267000,7.984583591182644,-9.134799707316786,35.9668291142011
hokkaido_06,2017-11-09,1510260066000,6.2746745916365265,-9.64956224410261,35.96983495190692
hokkaido_06,2017-11-21,1511296866000,4.099744895271482,-9.316429525186349,35.96418806210913
hokkaido_06,2017-12-03,1512333666000,3.8887061729561934,-9.304513052976393,35.96426752965554
hokkaido_06,2017-12-15,1513370465000,6.616773937379577,-9.024802828604065,35.96414377925372
hokkaido_06,2017-12-27,1514407265000,6.444532695350272,-9.044173044012258,35.971351171348715
hokkaido_06,2018-01-08,1515444064000,8.544257568066078,-10.19003398174601,35.97015841490428
hokkaido_06,2018-01-20,1516480864000,2.396713115188559,-9.865101372435168,35.963394269097286
hokkaido_06,2018-02-01,1517517664000,4.8781286471314065,-9.069011301446642,35.962775227130486
hokkaido_06,2018-02-13,1518554463000,4.0576719624358235,-10.11784045979852,35.962227122194605
hokkaido_06,2018-02-25,1519591263000,2.246163816674047,-10.525236000559723,35.97029798749435
hokkaido_06,2018-03-09,1520628063000,3.040009911978302,-10.660381156576047,35.975816514928376
hokkaido_06,2018-03-21,1521664863000,3.6816891731866335,-9.95469975999073,35.97570793296913
hokkaido_06,2018-04-02,1522701664000,4.640684000529729,-9.499987302798038,35.96894896028013
hokkaido_06,2018-04-14,1523738464000,3.7416328510154995,-9.707731871453376,35.96646698466978
hokkaido_06,2018-04-26,1524775265000,4.410408426643758,-10.459211237177726,35.96694014981552
hokkaido_06,2018-05-08,1525812065000,4.696104838121228,-11.69264651353596,35.96920763260911
hokkaido_06,2018-05-20,1526848866000,4.107964405273447,-10.677622986262328,35.97096735137842
hokkaido_06,2018-06-01,1527885667000,4.069748046933044,-8.51991715569558,35.97232958139301
hokkaido_06,2018-06-13,1528922468000,4.716309773944754,-9.612622587926838,35.96330580175549
hokkaido_06,2018-06-25,1529959268000,4.759219990193351,-10.20079252585386,35.964706525706276
hokkaido_06,2018-07-19,1532032870000,5.364504339418981,-9.605542958870316,35.971708973361274
hokkaido_06,2018-07-31,1533069670000,5.2671497135832634,-10.543416491124953,35.973704465012
hokkaido_06,2018-08-12,1534106471000,6.058402385669515,-9.09344129264346,35.96702528501001
hokkaido_06,2018-08-24,1535143272000,6.239630282119133,-9.990444057989224,35.956419027731556
hokkaido_06,2018-09-05,1536180072000,7.974434352784168,-10.447840075568608,35.96654188196627
hokkaido_06,2018-09-17,1537216873000,6.627461694218341,-10.368220061576602,35.96965099505341
hokkaido_06,2018-09-29,1538253673000,7.304747653303484,-9.486304117634374,35.96935788409185
hokkaido_06,2018-10-11,1539290473000,7.594193565451436,-9.86231881612944,35.965060223471305
hokkaido_06,2018-10-23,1540327273000,7.280060283211055,-10.014585583618867,35.96549536677639
hokkaido_06,2018-11-04,1541364073000,7.544169409033528,-10.353482659301527,35.965167596665076
hokkaido_06,2018-11-16,1542400873000,7.4001433522031235,-11.634851859981787,35.969328236936896
hokkaido_06,2018-11-28,1543437672000,6.562592986452605,-9.703851968140649,35.97108247741933
hokkaido_06,2018-12-10,1544474472000,4.086371370645994,-7.550372817694914,35.965898267622315
hokkaido_06,2018-12-22,1545511272000,5.863856734640063,-12.333720401378635,35.96120686635145
hokkaido_06,2019-01-03,1546548071000,5.186504515808436,-9.599337642135765,35.963834957971464
hokkaido_06,2019-01-15,1547584871000,4.651509380755744,-7.68007269100389,35.97058237121668
hokkaido_06,2019-01-27,1548621671000,3.2802058063115065,-8.615476091433345,35.96641863084019
hokkaido_06,2019-02-08,1549658470000,5.409369591600843,-8.027512904588912,35.967809620119255
hokkaido_06,2019-02-20,1550695270000,3.231317690159761,-11.183809167228974,35.96316628159296
hokkaido_06,2019-03-04,1551732070000,2.221663867341674,-11.545134838659434,35.959285004656905
hokkaido_06,2019-03-16,1552768870000,3.8541960802987365,-9.44928980113004,35.96927601900967
hokkaido_06,2019-03-28,1553805670000,2.841050202832328,-11.435028627530345,35.969244372745976
hokkaido_06,2019-04-09,1554842470000,6.243303638632456,-10.720184825298261,35.971080937336396
hokkaido_06,2019-04-21,1555879271000,6.4589462872204555,-10.414707694524193,35.9628602331896
hokkaido_06,2019-05-03,1556916071000,5.66116646892449,-10.089063554393183,35.95965612777555
hokkaido_06,2019-05-15,1557952872000,6.269275133508762,-9.727627672241782,35.96501147180981
hokkaido_06,2019-06-08,1560026473000,6.317792168353554,-10.404866164438168,35.973420034764125
hokkaido_06,2019-06-20,1561063274000,6.239102666344662,-10.774687282918782,35.969523913450914
hokkaido_06,2019-07-02,1562100075000,6.072514090750757,-11.057392310689826,35.963574643615864
hokkaido_06,2019-07-14,1563136875000,5.980582219039916,-11.034086180226895,35.965357933591484
hokkaido_06,2019-07-26,1564173676000,5.747874190752107,-10.113226029919531,35.97076651631547
hokkaido_06,2019-08-07,1565210477000,6.097281521361803,-9.109761608582465,35.96982778304031
hokkaido_06,2019-08-19,1566247278000,7.266900724704632,-11.886300712676382,35.96494164642322
hokkaido_06,2019-09-12,1568320879000,6.126828606158444,-11.0159276549476,35.969123748439536
hokkaido_06,2019-09-24,1569357679000,5.623691544358159,-11.387204010888558,35.96435924261127
hokkaido_06,2019-10-06,1570394480000,5.8976515120182205,-9.550989521584086,35.968581900446296
hokkaido_06,2019-10-18,1571431279000,6.4634935301401875,-10.053858691568292,35.970501016944354
hokkaido_06,2019-10-30,1572468080000,5.331852419240136,-10.790617841321772,35.96499494939634
hokkaido_06,2019-11-11,1573504880000,7.125243774837029,-10.082139083069574,35.963255772446146
hokkaido_06,2019-11-23,1574541679000,6.378331101557459,-11.01719533096362,35.965378216912846
hokkaido_06,2019-12-05,1575578479000,5.337803082436035,-10.14495895646449,35.971563307649674
hokkaido_06,2019-12-17,1576615278000,3.048145891084657,-11.21120256510417,35.96771120277768
hokkaido_06,2019-12-29,1577652078000,7.598054272461307,-7.412113802536781,35.96260741533729
hokkaido_06,2020-01-10,1578688877000,4.652244384224357,-8.56853168438789,35.96008563065794
hokkaido_06,2020-01-22,1579725677000,2.6282764141750112,-9.977428950283237,35.96361472130594
hokkaido_06,2020-02-03,1580762477000,4.454078468052069,-10.968232914174832,36.08809807646403
hokkaido_06,2020-02-15,1581799276000,5.362694373397624,-9.609876561782004,36.0913345153352
hokkaido_06,2020-02-27,1582836076000,1.56540258674123,-11.64213910005245,36.08885566249038
hokkaido_06,2020-03-10,1583872876000,3.760622517591567,-8.423932413876518,36.08048737155111
hokkaido_06,2020-03-22,1584909676000,6.904475502151639,-9.354679049482693,36.081589967114745
hokkaido_06,2020-04-03,1585946477000,5.927585030819338,-9.620016430958543,36.08804168747513
hokkaido_06,2020-04-15,1586983277000,5.9043004065253415,-9.381129023109093,36.091020272891235
hokkaido_06,2020-04-27,1588020078000,6.653129321311136,-11.379985902246977,36.0900157396058
hokkaido_06,2020-05-09,1589056878000,7.711404581138746,-10.182157874646613,36.09133018108329
hokkaido_06,2020-05-21,1590093679000,6.9380048667069225,-9.248531070763622,36.08648391702041
hokkaido_06,2020-06-02,1591130479000,5.833280412006399,-8.648937280209452,36.08977932451518
hokkaido_06,2020-06-14,1592167280000,6.478356705980607,-9.733053361630734,36.08737462438718
hokkaido_06,2020-06-26,1593204081000,5.600363791839998,-12.440508794630134,36.09141728796141
hokkaido_06,2020-07-08,1594240882000,6.935159162904291,-9.997004672086605,36.09048915589181
hokkaido_06,2020-07-20,1595277682000,6.685179625619643,-9.975090778130276,36.08433779756766
hokkaido_06,2020-08-01,1596314483000,5.817375404649622,-10.550885211326968,36.08205044604379
hokkaido_06,2020-08-13,1597351284000,7.80777822215458,-10.75698959999121,36.089525818222576
hokkaido_06,2020-08-25,1598388085000,5.455199447004299,-10.193113648533163,36.08819157893619
hokkaido_06,2020-09-06,1599424885000,6.808196367493023,-10.343378581119113,36.08605022904655
hokkaido_06,2020-09-18,1600461685000,7.261224670945859,-10.135348465505297,36.08397149875878
hokkaido_06,2020-09-30,1601498486000,6.137261401855259,-9.6788371244903,36.08643186410397
hokkaido_06,2020-10-12,1602535286000,7.3714158484384,-10.399222459914906,36.085458002734455
hokkaido_06,2020-10-24,1603572086000,7.026432369861749,-10.432782114354811,36.08915269704847
hokkaido_06,2020-11-05,1604608886000,6.460784751022331,-10.129585339617865,36.084703498652146
hokkaido_06,2020-11-17,1605645686000,5.703983133513341,-11.082970323805748,36.08307598998603
hokkaido_06,2020-11-29,1606682485000,5.709065995221219,-9.642653357365662,36.084910220066774
hokkaido_06,2020-12-11,1607719285000,6.142674795474223,-8.787592452150125,36.085265186381484
hokkaido_06,2020-12-23,1608756084000,6.499867429734226,-11.93313179135136,36.08997120835089
hokkaido_06,2021-01-04,1609792884000,5.175712189384785,-10.665676949684164,36.088618507624204
hokkaido_06,2021-01-16,1610829683000,3.5667696554457633,-11.819003359086354,36.08501037360201
hokkaido_06,2021-01-28,1611866483000,4.047620835707311,-9.785383901057378,36.07843644477037
hokkaido_06,2021-02-09,1612903282000,3.619888029126836,-10.134843004385383,36.07983456721882
hokkaido_06,2021-02-21,1613940082000,1.7729641216513132,-13.392718294143407,36.09113354778308
hokkaido_06,2021-03-05,1614976882000,1.0878687621053245,-11.402707252413197,36.09474073886486
hokkaido_06,2021-03-17,1616013682000,4.8366025356493765,-12.21595778205132,36.09416164402052
hokkaido_06,2021-03-29,1617050482000,4.114908418213286,-11.48519555710296,36.08566395110621
hokkaido_06,2021-04-10,1618087283000,6.496397737722563,-9.99295845307942,36.085373930904105
hokkaido_06,2021-04-22,1619124083000,6.336329287329908,-8.620967784174887,36.089416604962935
hokkaido_06,2021-05-04,1620160884000,6.994978640331506,-10.769753834321993,36.091210092927255
hokkaido_06,2021-05-16,1621197684000,5.798730862916814,-10.098362650940745,36.09027541079502
hokkaido_06,2021-05-28,1622234485000,6.714937846773025,-9.818032047222422,36.08614139603106
hokkaido_06,2021-06-09,1623271286000,6.197703839652601,-9.080339642737199,36.084699798454444
hokkaido_06,2021-06-21,1624308087000,5.437882824703042,-10.17930083161197,36.08620233676382
hokkaido_06,2021-07-03,1625344887000,7.059662472874938,-9.146504898236214,36.08839005808987
hokkaido_06,2021-07-15,1626381688000,6.691518351714709,-9.914505042320538,36.08924689938325
hokkaido_06,2021-07-27,1627418489000,6.4796987173109315,-9.60255271462865,36.09472310692373
hokkaido_06,2021-08-08,1628455289000,7.340785348543201,-9.835140174337957,36.08540783078833
hokkaido_06,2021-08-20,1629492090000,7.53100646104744,-10.446598847117702,36.08363723292401
hokkaido_06,2021-09-01,1630528905000,7.255437236459775,-9.53876584176373,35.59998809364669
hokkaido_06,2021-09-13,1631565705000,6.336520886800083,-9.496642917153117,35.59624933419284
hokkaido_06,2021-09-25,1632602506000,7.605054811694109,-10.336878646678704,35.59218182069971
hokkaido_06,2021-10-07,1633639303000,8.292647925136635,-9.147318140836257,35.73158523226586
hokkaido_06,2021-10-19,1634676103000,8.567558121334068,-8.667933577469585,35.729359801234395
hokkaido_06,2021-10-31,1635712903000,8.521481264170616,-8.360596748006376,35.73305532448889
hokkaido_06,2021-11-12,1636749703000,9.179813608234968,-9.53703561929016,35.7349543791551
hokkaido_06,2021-11-24,1637786503000,6.949409656334045,-9.040997620330291,35.72934323940535
hokkaido_06,2021-12-06,1638823302000,9.498266353939043,-8.082829038971036,35.72925278807583
hokkaido_06,2021-12-18,1639860102000,5.421112696553579,-10.49672615705577,35.727533507751865
hokkaido_06,2021-12-30,1640896901000,6.327380548922923,-12.009833146105802,35.73485673538362
hokkaido_06,2022-01-11,1641933701000,0.8394001557931562,-14.445571919265353,35.73352853920082
hokkaido_06,2022-01-23,1642970500000,-1.3906224606265638,-10.067860798071159,35.7333116059256
hokkaido_06,2022-02-04,1644007299000,1.8810768036511447,-11.197406635130084,35.73440494872652
hokkaido_06,2022-02-16,1645044099000,2.18931915239091,-11.45368852445924,35.73250699173451
hokkaido_06,2022-02-28,1646080899000,1.3991985195311702,-10.32347177220069,35.73110539266888
hokkaido_06,2022-03-12,1647117699000,-2.4514997299102044,-15.388293605891416,35.736879816536955
hokkaido_06,2022-03-24,1648154500000,4.5782922665091785,-10.590309724260118,35.73610562672263
hokkaido_06,2022-04-05,1649191300000,7.448409989646484,-9.773243125394439,35.73709160698442
hokkaido_06,2022-04-17,1650228100000,7.268135340819834,-9.602280192402514,35.73264927402868
hokkaido_06,2022-04-29,1651264901000,6.299012766524941,-10.002162904252335,35.73250637625412
hokkaido_06,2022-05-11,1652301701000,7.473075337459626,-9.997246849362288,35.734646727436726
hokkaido_06,2022-06-04,1654375303000,9.761188177015885,-8.44894329447018,35.733236499287194
hokkaido_06,2022-06-16,1655412104000,8.887521034465804,-10.202660447962883,35.73637514389942
hokkaido_06,2022-06-28,1656448905000,10.039015237485502,-10.160006925623918,35.72896921246865
hokkaido_06,2022-07-10,1657485705000,9.681363817558012,-9.131869282666608,35.73051271956753
hokkaido_06,2022-07-22,1658522506000,9.666044409788347,-8.947704311211233,35.73611813848722
hokkaido_06,2022-08-03,1659559307000,10.30438751868168,-8.54730563776831,35.734300273495094
hokkaido_06,2022-08-15,1660596108000,9.673446326870454,-9.655593810226343,35.73381897743302
hokkaido_06,2022-08-27,1661632908000,9.778322989920868,-8.908804306204702,35.73108147717311
hokkaido_06,2022-09-08,1662669709000,9.32507243956393,-8.99954400918041,35.724315471456514
hokkaido_06,2022-09-20,1663706508000,9.907791764703875,-9.328069473084307,35.7496512887551
hokkaido_06,2022-10-02,1664743309000,9.110132221349206,-8.815571250986027,35.73440726016086
hokkaido_06,2022-10-14,1665780109000,9.619729295974565,-8.431176299385017,35.73515331708972
hokkaido_06,2022-10-26,1666816909000,8.24541340428965,-9.067264364068512,35.72545532997209
hokkaido_06,2022-11-07,1667853709000,8.248310932278276,-10.323501617806146,35.73450806733935
hokkaido_06,2022-11-19,1668890509000,9.446735390197691,-9.735475440619245,35.73068809316577
hokkaido_06,2022-12-01,1669927308000,6.378757114252122,-11.234733550907675,35.736655925457185
hokkaido_06,2022-12-13,1670964108000,5.878651022581892,-10.78769551205556,35.732558795494135
hokkaido_06,2022-12-25,1672000907000,1.693950426911712,-11.364837893257617,35.73234746063764
hokkaido_06,2023-01-06,1673037706000,4.962966448877498,-10.348318022253896,35.72935998039693
hokkaido_06,2023-01-18,1674074505000,5.829935420025494,-9.261019834455269,35.749444101507
hokkaido_06,2023-01-30,1675111306000,3.2235288189232554,-9.323291520251482,35.72961478767441
hokkaido_06,2023-02-11,1676148105000,2.8228695453298287,-10.463859437615753,35.73528285635954
hokkaido_06,2023-02-23,1677184905000,3.677982470090354,-11.787715120983695,35.739432457175745
hokkaido_06,2023-03-07,1678221705000,2.9188844604800517,-10.109045795217002,35.73305183046751
hokkaido_06,2023-03-19,1679258505000,3.565101101029552,-10.940866508025861,35.7333714892067
hokkaido_06,2023-03-31,1680295305000,3.5906622688143073,-11.399042821888692,35.734667341091146
hokkaido_06,2023-04-12,1681332106000,6.564169593922332,-8.373760382902153,35.73492010089215
hokkaido_06,2023-04-24,1682368906000,6.297708253703105,-8.301970140396854,35.73417433412853
hokkaido_06,2023-05-06,1683405707000,7.382764806475899,-8.834272163691056,35.725963734414144
hokkaido_06,2023-05-18,1684442508000,7.490760901396081,-9.050552509653121,35.72560589058886
hokkaido_06,2023-05-30,1685479308000,7.087165940650211,-9.739007305561444,35.726180040963946
hokkaido_06,2023-06-11,1686516109000,8.926829098491435,-8.773631147680888,35.735363169165225
hokkaido_06,2023-06-23,1687552909000,8.046987783623013,-9.488246521538931,35.73126196206482
hokkaido_06,2023-07-05,1688589710000,8.279121118682768,-10.33276574708141,35.73303775907021
hokkaido_06,2023-07-17,1689626511000,8.97838053245447,-8.947850174025099,35.73066076079779
hokkaido_06,2023-07-29,1690663311000,7.892699380949779,-9.603423833804031,35.731281698292065
hokkaido_06,2023-08-10,1691700111000,8.121572423673669,-9.632704417078232,35.75000839295163
hokkaido_06,2023-08-22,1692736913000,7.861565094148415,-9.53465149660015,35.73844186108522
hokkaido_06,2023-09-03,1693773714000,8.063604317458921,-8.816032093717524,35.731043862862585
hokkaido_06,2023-09-15,1694810514000,8.02035823937411,-8.888644191655606,35.7285761862137
hokkaido_06,2023-09-27,1695847314000,8.623425982777462,-8.95544494343337,35.73401133681788
hokkaido_06,2023-10-09,1696884114000,8.61096930098345,-9.356713719793868,35.739330416668395
hokkaido_06,2023-10-21,1697920914000,7.318718629707481,-10.906536244648647,35.73042823254267
hokkaido_06,2023-11-02,1698957714000,7.410657344680082,-8.84514584958457,35.734695179897
hokkaido_06,2023-11-14,1699994514000,5.152279719517856,-8.518072116669535,35.72609000463561
hokkaido_06,2023-11-26,1701031313000,6.185970517751511,-9.767635797194774,35.73455151259297
hokkaido_06,2023-12-08,1702068113000,6.794977737617387,-11.564407302100769,35.73130197686925
hokkaido_06,2023-12-20,1703104912000,6.078649104858395,-7.933011366247064,35.74625962645991
hokkaido_06,2024-01-01,1704141711000,4.685135856794093,-7.38086967434631,35.74048984647759
hokkaido_06,2024-01-13,1705178511000,4.576571864803206,-10.890166651392205,35.73005375839012
hokkaido_06,2024-01-25,1706215311000,-0.09409210417805308,-10.992557800485068,35.7282383974316
hokkaido_06,2024-02-06,1707252110000,-0.18763829765444093,-11.590381667573762,35.735262003864506
hokkaido_06,2024-02-18,1708288910000,0.14551744203193076,-14.299965770863277,35.73428499597409
hokkaido_06,2024-03-01,1709325710000,1.9584982790233754,-11.173895966560467,35.735846462623584
hokkaido_06,2024-03-13,1710362510000,2.297419190616921,-12.313756959061383,35.737626826312706
hokkaido_06,2024-03-25,1711399310000,1.90398747260649,-13.10499296701304,35.73915901184082
hokkaido_06,2024-04-06,1712436111000,5.647397231622465,-11.000675558809338,35.72899523276812
hokkaido_06,2024-04-18,1713472911000,6.332319958893597,-9.903901592720748,35.73079257618298
hokkaido_06,2024-04-30,1714509712000,5.889063937790694,-9.551252493616557,35.73070472717285
hokkaido_06,2024-05-12,1715546511000,5.635495306079553,-9.992750368513489,35.72861809953926
hokkaido_06,2024-05-24,1716583311000,5.307187679230087,-7.993295999658063,35.714685291919906
hokkaido_06,2024-06-05,1717620111000,6.279260771155296,-10.054552009417487,35.7169782591935
hokkaido_06,2024-06-17,1718656910000,6.469166469735884,-9.517777949808801,35.726079304498825
hokkaido_06,2024-06-29,1719693710000,6.0322187607570905,-9.019964008464527,35.723320338064944
hokkaido_06,2024-07-06,1720298014000,5.967644905578309,-9.563057484991331,45.529338496883724
hokkaido_06,2024-07-11,1720730509000,6.156680526999153,-9.24398393654384,35.722937660841886
hokkaido_06,2024-07-23,1721767309000,6.132964634343512,-10.767089146300057,35.723933515264754
hokkaido_06,2024-08-04,1722804109000,6.983920504944053,-10.921397800256825,35.720130459683006
hokkaido_06,2024-08-16,1723840909000,6.078025690176469,-8.838430640714265,35.72904996418736
hokkaido_06,2024-08-28,1724877709000,6.355412492482671,-8.424012980892178,35.7330299792636
hokkaido_06,2024-09-09,1725914510000,5.907941339986412,-8.926748641391402,35.738177515069246
hokkaido_06,2024-09-21,1726951310000,7.77630193388522,-10.346589765541882,35.73766273509323
hokkaido_06,2024-10-03,1727988110000,6.503436662493841,-10.58973724046796,35.73777665571733
hokkaido_06,2024-10-15,1729024910000,7.205498145412592,-10.354093363247848,35.73665432900136
hokkaido_06,2024-10-27,1730061711000,6.920229051831839,-9.20890066544799,35.7344008704151
hokkaido_06,2024-11-08,1731098510000,7.468482708056729,-9.537231381513886,35.73594770776312
hokkaido_06,2024-11-20,1732135309000,6.990039179071537,-10.270342324058257,35.72902435429096
hokkaido_06,2024-12-02,1733172109000,5.429465350842729,-8.58853303426125,35.72088306518012
hokkaido_06,2024-12-14,1734208908000,5.883351707654755,-10.501204747180182,35.71751864423655
hokkaido_06,2024-12-26,1735245707000,5.8988848314203075,-10.825268618402765,35.72613505345732
hokkaido_06,2025-01-07,1736282505000,3.8129509798348016,-10.250388911645858,35.73034775683288
hokkaido_06,2025-01-19,1737319304000,6.674113035630288,-9.988432725144365,35.73098721624503
hokkaido_06,2025-01-31,1738356103000,3.435936134525806,-10.480360691934168,35.73376530672938
hokkaido_06,2025-02-12,1739392903000,7.01739190497726,-11.992478019257334,35.7281478317951
hokkaido_06,2025-02-24,1740429703000,3.960817678670686,-11.490873784774962,35.735163380792706
hokkaido_06,2025-03-08,1741466503000,2.2696581684274344,-11.599064365336092,35.73415950854571
hokkaido_06,2025-03-20,1742503304000,3.3930542047905172,-11.817460314598987,35.73187693104949
hokkaido_06,2025-04-01,1743540104000,4.961341473243793,-10.967555437164828,35.726988376596616
hokkaido_06,2025-04-13,1744576904000,5.538073649714164,-10.141271443397498,35.731041570087235
hokkaido_06,2025-04-25,1745613704000,5.684946343354444,-9.899899373533113,35.72167803546576
hokkaido_06,2025-05-07,1746650504000,6.119362778974143,-9.068791848890294,35.72300792453553
hokkaido_06,2025-05-19,1747687303000,6.524661279890725,-9.658818736273945,35.72450323484479
hokkaido_06,2025-05-26,1748291607000,5.776521189936555,-11.007871605897886,45.52693475025758
hokkaido_06,2025-05-31,1748724103000,6.874608523656294,-8.401531067236611,35.719400338465896
hokkaido_06,2025-06-07,1749328407000,5.348298926735301,-8.990968226730335,45.52865928572838
hokkaido_06,2025-06-12,1749760902000,6.586767810370237,-9.392979818163091,35.71441717427468
hokkaido_06,2025-06-24,1750797702000,6.6249133931050315,-10.120830118304747,35.71246238564839
hokkaido_06,2025-07-01,1751402005000,8.693607857955843,-16.355561284319055,45.53260954499124
hokkaido_06,2025-07-06,1751834501000,6.701500128826874,-9.644778797948733,35.7170321182596
hokkaido_06,2025-07-18,1752871300000,7.259147235682479,-10.023317050735407,35.723952232695375
hokkaido_06,2025-07-30,1753908100000,6.6127070560889525,-9.037224166357904,35.725640349361136
hokkaido_06,2025-08-11,1754944900000,7.310340803237832,-9.807982074893212,35.72516458902238
hokkaido_06,2025-08-23,1755981700000,6.970485410686391,-9.567100912676043,35.72709712638754
hokkaido_06,2025-09-04,1757018500000,7.716155925003524,-10.269230499008344,35.73402462880122
hokkaido_06,2025-09-16,1758055301000,8.279396511068109,-9.28692122572642,35.73925950552248
hokkaido_06,2025-09-28,1759092101000,8.5636124497812,-8.916036035314805,35.73820964988134
hokkaido_06,2025-10-10,1760128901000,6.099426149800509,-10.777920586582653,35.72496550462298
hokkaido_06,2025-10-22,1761165701000,6.771220533435163,-9.879838823392678,35.73000542351713
hokkaido_06,2025-11-03,1762202501000,5.967025053645765,-10.32332023621288,35.72754429854065
hokkaido_06,2025-11-15,1763239300000,7.410408300101555,-7.354548809730804,35.73039649818439
hokkaido_06,2025-11-27,1764276099000,6.041001165463627,-11.172960124635674,35.72779215548243
hokkaido_06,2025-12-09,1765312898000,1.4905709667276106,-10.510346589063465,35.72217759779045
hokkaido_06,2025-12-21,1766349697000,4.6969239284401105,-11.560073972917182,35.71950763338794
hokkaido_06,2026-01-02,1767386495000,4.919760160210538,-10.662157923666285,35.72048739835616
hokkaido_06,2026-01-14,1768423294000,4.904320767404972,-11.046505807828767,35.72432840470232
hokkaido_06,2026-01-26,1769460094000,3.1356362258044608,-9.302074164391152,35.73002682284417
hokkaido_06,2026-02-07,1770496893000,1.2754797644662017,-10.178435966900754,35.73145258115937
hokkaido_06,2026-02-19,1771533692000,2.1427775935720494,-12.002947637635552,35.73037457345688
hokkaido_06,2026-03-03,1772570492000,3.264086634060072,-11.669637544833254,35.73227588054652
hokkaido_06,2026-03-15,1773607292000,6.0234287812862,-9.31561425340553,35.73018590819598
hokkaido_06,2026-04-08,1775680892000,5.602075750519958,-12.05654780196601,35.73176116371695
hokkaido_06,2026-04-20,1776717693000,5.94058808027747,-9.671862944076222,35.722768764279806
hokkaido_06,2026-05-02,1777754492000,5.68078463445736,-11.164834739489978,35.71908384537447
hokkaido_06,2026-05-14,1778791292000,4.9782461952543775,-12.498003437602527,35.71649488597598
hokkaido_07,2017-02-18,1487450457000,2.56644384645678,-6.654238512281219,35.95955212461518
hokkaido_07,2017-02-25,1488054783000,0.1709676941728522,-10.47213542315681,45.545351355196246
hokkaido_07,2017-03-02,1488487257090,1.232063253010629,-6.87317068207491,35.961741957231006
hokkaido_07,2017-03-09,1489091583000,-2.86085937626941,-18.510476974338847,45.54860712301852
hokkaido_07,2017-03-14,1489524057000,3.516722619259446,-6.457263419894216,35.95171410784957
hokkaido_07,2017-03-26,1490560857000,3.060916681925965,-6.42809097951127,35.951338770702634
hokkaido_07,2017-04-02,1491165184000,-3.0590411890332394,-11.329066740966454,45.55158000196674
hokkaido_07,2017-04-07,1491597658140,4.468867535125592,-6.2714093880232955,35.95504455813311
hokkaido_07,2017-04-14,1492201985000,0.3760849349952018,-7.577696677616129,45.548342492695504
hokkaido_07,2017-04-19,1492634458760,4.583014131884168,-6.211021276032938,35.95700926365431
hokkaido_07,2017-04-26,1493238785360,3.8294165753637257,-6.313585388368807,45.54760849097687
hokkaido_07,2017-05-01,1493671259000,3.7705463746660577,-6.677452288007602,35.95468990654929
hokkaido_07,2017-05-08,1494275586310,3.07522827741399,-6.333657608633424,45.543548073149324
hokkaido_07,2017-05-13,1494708059970,2.495526682522581,-6.071149604890859,35.95059051359543
hokkaido_07,2017-05-20,1495312386000,3.5717077318831194,-5.848297565627581,45.5483360876692
hokkaido_07,2017-05-25,1495744860000,3.47715670601645,-6.096073630511854,35.95523021099736
hokkaido_07,2017-06-06,1496781661000,3.586892760159274,-5.345194482534349,35.95079952787809
hokkaido_07,2017-06-13,1497385988000,-0.18220104654586783,-10.213748436452587,45.549822725590516
hokkaido_07,2017-06-18,1497818461000,3.2919043164613333,-5.58427296936409,35.95581538205963
hokkaido_07,2017-06-25,1498422789000,4.810754662902361,-5.44703059099019,45.54583976407995
hokkaido_07,2017-06-30,1498855262000,2.7494597618307717,-5.814081080621737,35.95787283665583
hokkaido_07,2017-07-07,1499459589000,6.317619556618962,-6.702550587096627,45.54810894504521
hokkaido_07,2017-07-12,1499892063000,5.720529690896235,-4.014382426676976,35.95542538672601
hokkaido_07,2017-07-19,1500496390000,-1.825316938478231,-33.982990168303935,45.552249526129664
hokkaido_07,2017-07-24,1500928864000,3.517298681898811,-5.963918632500214,35.95500389946832
hokkaido_07,2017-07-31,1501533191000,4.634525082688232,-7.399832714256162,45.54817699021037
hokkaido_07,2017-08-05,1501965664000,3.226755468292735,-5.690894076027517,35.949317402802095
hokkaido_07,2017-08-12,1502569991000,3.00496935335999,-12.003991528188712,45.54934460710111
hokkaido_07,2017-08-17,1503002465000,3.0459884337120675,-6.710785924824689,35.95664382077266
hokkaido_07,2017-08-24,1503606792000,4.459122533537218,-6.211784848189038,45.54671264272513
hokkaido_07,2017-08-29,1504039265000,5.804966143982453,-4.69017155578392,35.95601525945504
hokkaido_07,2017-09-05,1504643592000,5.326114000732926,-6.623601360240816,45.54759045198563
hokkaido_07,2017-09-10,1505076066000,4.940770804635689,-4.061627491426834,35.9540444284057
hokkaido_07,2017-09-17,1505680393000,6.226337713112207,-4.4561891994167135,45.545915560429165
hokkaido_07,2017-09-22,1506112866000,6.047690048722571,-3.8521356374238698,35.95447201815519
hokkaido_07,2017-09-29,1506717193000,-6.5144148271622955,-39.31935937704681,45.550273822822966
hokkaido_07,2017-10-04,1507149666000,5.336405059283237,-4.529386400656343,35.95367330177703
hokkaido_07,2017-10-16,1508186467000,5.501344535699632,-4.709175240841794,35.95484783470787
hokkaido_07,2017-10-23,1508790793000,0.8247277678547603,-8.515989653461423,45.546682950043596
hokkaido_07,2017-10-28,1509223267000,5.735303458354369,-5.295537085485894,35.95377198867921
hokkaido_07,2017-11-04,1509827593000,5.852716718930829,-5.284828760830121,45.544206070510064
hokkaido_07,2017-11-09,1510260066000,4.560739964842951,-5.813361004709147,35.95677942601346
hokkaido_07,2017-11-16,1510864393000,1.4202659284548707,-27.57995773823705,45.54810378071753
hokkaido_07,2017-11-21,1511296866000,4.143740314031664,-4.4788165606287835,35.95112763406967
hokkaido_07,2017-12-03,1512333666000,5.426679635595515,-6.5267358925918515,35.95121429230574
hokkaido_07,2017-12-15,1513370465000,4.840567770682968,-3.95544709189559,35.95108886912874
hokkaido_07,2017-12-27,1514407265000,3.2851331257048964,-5.544337983211155,35.95829969538625
hokkaido_07,2018-01-03,1515011591000,2.9355313321845102,-39.00326799889256,45.54710210555007
hokkaido_07,2018-01-08,1515444064000,5.155877396375666,-5.495110293462979,35.957098491455284
hokkaido_07,2018-01-15,1516048391000,1.961470058462185,-10.385792893240081,45.54440907588202
hokkaido_07,2018-01-20,1516480864000,4.797238389399264,-6.160960308953377,35.95034260297063
hokkaido_07,2018-02-01,1517517664000,2.858384733423502,-6.587547324576166,35.94971477408991
hokkaido_07,2018-02-13,1518554463000,1.237802863443206,-6.155701253906181,35.94917410054481
hokkaido_07,2018-02-25,1519591263000,1.1945135867080559,-6.355172363919817,35.957236633300774
hokkaido_07,2018-03-04,1520195590000,0.3764328879459519,-15.468127415610626,45.54916933225363
hokkaido_07,2018-03-09,1520628063000,2.7866899390954853,-5.428234744692137,35.96275676296417
hokkaido_07,2018-03-21,1521664863000,2.4135385180729263,-6.371859896790635,35.96265074967567
hokkaido_07,2018-04-02,1522701664000,3.473323481685861,-6.546162097453922,35.95589425507425
hokkaido_07,2018-04-14,1523738464000,7.560181313956172,-5.386308915991663,35.953404750115254
hokkaido_07,2018-04-26,1524775265000,6.779876265674502,-4.826981658723515,35.95387964653245
hokkaido_07,2018-05-08,1525812065000,6.908376999867006,-4.27295124942253,35.956146506877865
hokkaido_07,2018-05-20,1526848866000,7.272981049772708,-4.711067098954117,35.95790685403227
hokkaido_07,2018-06-01,1527885667000,6.860604314681055,-4.594477776580165,35.95927008349486
hokkaido_07,2018-06-13,1528922468000,6.669200114538851,-5.096257885077254,35.95025112527328
hokkaido_07,2018-06-25,1529959268000,7.254564414999503,-4.734844426670155,35.95164624459581
hokkaido_07,2018-07-19,1532032870000,7.314705395559255,-3.8195408134221025,35.958647311432195
hokkaido_07,2018-07-31,1533069670000,6.536017300700799,-4.266185281902781,35.96064561669285
hokkaido_07,2018-08-12,1534106471000,7.5921406278331025,-3.6148173703811644,35.95396414227815
hokkaido_07,2018-08-24,1535143272000,7.8252489135702055,-3.311432252219885,35.94345170916934
hokkaido_07,2018-09-05,1536180072000,6.8213791009518845,-4.319771965172352,35.95347824482392
hokkaido_07,2018-09-17,1537216873000,6.72392865989479,-5.006989536996617,35.95659370522568
hokkaido_07,2018-09-29,1538253673000,6.5948915444243665,-4.127867137526477,35.956299484342395
hokkaido_07,2018-10-11,1539290473000,5.339298277751257,-6.4111758350035855,35.95200679499252
hokkaido_07,2018-10-23,1540327273000,4.989439474629041,-5.820573035941261,35.952436087877395
hokkaido_07,2018-11-04,1541364073000,5.967903249101111,-5.190597651635294,35.95211409752281
hokkaido_07,2018-11-16,1542400873000,4.714298862924246,-6.565927083213478,35.956272855488386
hokkaido_07,2018-11-28,1543437672000,5.049569285603279,-3.1310954172607275,35.958026931481996
hokkaido_07,2018-12-10,1544474472000,4.88548650372765,-5.188922500262543,35.9528468599514
hokkaido_07,2018-12-22,1545511272000,5.989602134144042,-4.94671372545966,35.94814738252625
hokkaido_07,2019-01-03,1546548071000,4.220256337133769,-5.303322218284275,35.9507748750525
hokkaido_07,2019-01-15,1547584871000,6.0705194471580874,-5.774772530773745,35.95752384579353
hokkaido_07,2019-01-27,1548621671000,3.056463867579687,-5.215855622573049,35.95336314742129
hokkaido_07,2019-02-03,1549225997000,6.22139585709674,-5.438914349249029,45.54764750586017
hokkaido_07,2019-02-08,1549658470000,1.8291769538575984,-7.174511522470769,35.954749634867966
hokkaido_07,2019-02-20,1550695270000,3.986491700810575,-5.622254613210523,35.95011422397055
hokkaido_07,2019-03-04,1551732070000,5.642373140634219,-4.6282909515179,35.94622788543022
hokkaido_07,2019-03-16,1552768870000,4.810842754591813,-4.77160844751088,35.95621979046389
hokkaido_07,2019-03-28,1553805670000,4.384647332679139,-5.321920472827872,35.95619131545542
hokkaido_07,2019-04-04,1554409997000,4.020361422449356,-7.084918399732718,45.54220542089839
hokkaido_07,2019-04-09,1554842470000,6.308491962247025,-5.109997621964781,35.95803017635579
hokkaido_07,2019-04-16,1555446797000,9.654231862273368,-15.755988103226136,45.54335643152837
hokkaido_07,2019-04-21,1555879271000,5.074340015044906,-4.472750456734839,35.94979760988793
hokkaido_07,2019-05-03,1556916071000,5.536318325545533,-4.139083312540411,35.9465986014568
hokkaido_07,2019-05-15,1557952872000,7.231922468163206,-4.188781769304847,35.95195699658242
hokkaido_07,2019-06-08,1560026473000,6.8450341435682365,-4.250145246440077,35.96036091714302
hokkaido_07,2019-06-20,1561063274000,8.358960274983348,-4.556660395424918,35.95646439092944
hokkaido_07,2019-07-02,1562100075000,8.234988156215113,-3.357763885331333,35.950521942872044
hokkaido_07,2019-07-14,1563136875000,7.04399581738457,-4.944769332852731,35.95229986225096
hokkaido_07,2019-07-26,1564173676000,8.00239111853382,-5.013857923466305,35.957707513580665
hokkaido_07,2019-08-07,1565210477000,7.065355981343723,-5.214090107327741,35.956767901025636
hokkaido_07,2019-08-19,1566247278000,7.100728167468464,-4.644595698517034,35.9518832933014
hokkaido_07,2019-09-12,1568320879000,7.896689995037243,-4.278416898412815,35.9560716010981
hokkaido_07,2019-09-24,1569357679000,6.843622664395079,-4.397942839188028,35.9513082687412
hokkaido_07,2019-10-06,1570394480000,8.18809363846992,-4.3119240424626994,35.955528801702485
hokkaido_07,2019-10-18,1571431279000,6.907725042908794,-4.372134577431646,35.95744018862946
hokkaido_07,2019-10-30,1572468080000,7.677226283740793,-5.2864703267616795,35.95193391070839
hokkaido_07,2019-11-11,1573504880000,6.38163152417667,-4.758671346109103,35.950194420682514
hokkaido_07,2019-11-23,1574541679000,8.01116018693265,-6.129692138568724,35.95232258070957
hokkaido_07,2019-12-05,1575578479000,4.071428220918772,-5.46825211394637,35.95850548567024
hokkaido_07,2019-12-17,1576615278000,7.361612619317243,-6.416789353893289,35.95465209856088
hokkaido_07,2019-12-29,1577652078000,3.770780583074346,-5.984732635685482,35.94954537650914
hokkaido_07,2020-01-10,1578688877000,3.9941844947400513,-6.690643412281345,35.947023148339014
hokkaido_07,2020-01-22,1579725677000,3.4420687896901256,-6.7851961492994235,35.950559054786716
hokkaido_07,2020-02-03,1580762477000,5.126605384809379,-6.9280458327390475,36.07490505292578
hokkaido_07,2020-02-15,1581799276000,2.754976932429455,-4.610658969516832,36.07813715799836
hokkaido_07,2020-02-27,1582836076000,2.226307070172725,-7.948902128858053,36.07565988691879
hokkaido_07,2020-03-10,1583872876000,5.890661739545234,-3.6989296754166587,36.06728785897074
hokkaido_07,2020-03-22,1584909676000,6.213621418176503,-4.470874816496486,36.06838846650864
hokkaido_07,2020-04-03,1585946477000,5.625594393327494,-3.915391102309004,36.07483905355015
hokkaido_07,2020-04-15,1586983277000,7.590197846167858,-4.998380021986425,36.077820538607504
hokkaido_07,2020-04-27,1588020078000,7.470791485260546,-3.800162858492294,36.07682030494768
hokkaido_07,2020-05-09,1589056878000,8.729271614930367,-4.342558001211706,36.07813121959836
hokkaido_07,2020-05-21,1590093679000,8.51414647522897,-4.292836624342467,36.073282291222476
hokkaido_07,2020-06-02,1591130479000,6.9721932536195235,-4.116353703701616,36.07658213262584
hokkaido_07,2020-06-14,1592167280000,6.823557038694017,-4.477697670548595,36.074173927499906
hokkaido_07,2020-06-26,1593204081000,8.445816852342722,-5.6700303346145,36.078219943404754
hokkaido_07,2020-07-08,1594240882000,9.05558738434601,-5.778340135088718,36.0772887568121
hokkaido_07,2020-07-20,1595277682000,7.794551799147486,-5.0246365258827685,36.07114649531818
hokkaido_07,2020-08-01,1596314483000,6.812158708939213,-4.219432960345,36.068848594126074
hokkaido_07,2020-08-13,1597351284000,7.555625944953192,-4.819601974571495,36.076326847076416
hokkaido_07,2020-08-25,1598388085000,8.429464337447463,-5.680507484701594,36.07499127476661
hokkaido_07,2020-09-06,1599424885000,8.162561470264329,-5.6854056308285,36.072853631019996
hokkaido_07,2020-09-18,1600461685000,8.831742512837687,-5.310972468774368,36.07077385324959
hokkaido_07,2020-09-30,1601498486000,8.12719578852832,-6.135954097528861,36.073239427422536
hokkaido_07,2020-10-12,1602535286000,7.329175316694334,-4.687375135058226,36.07225631757033
hokkaido_07,2020-10-24,1603572086000,8.401590496785746,-6.078823364123321,36.075954500628065
hokkaido_07,2020-11-05,1604608886000,7.810382266072215,-6.323983102100613,36.07151134408357
hokkaido_07,2020-11-17,1605645686000,6.864516341664018,-5.670215490780105,36.069882750366546
hokkaido_07,2020-11-29,1606682485000,6.056336209182504,-3.561805481345629,36.071708458839005
hokkaido_07,2020-12-11,1607719285000,6.8180088959644,-6.142872877487891,36.072066100116686
hokkaido_07,2020-12-23,1608756084000,5.562300937878645,-4.0474524704712005,36.07677531757636
hokkaido_07,2021-01-04,1609792884000,5.7239703827240955,-5.972499577533437,36.07541792606493
hokkaido_07,2021-01-16,1610829683000,5.217541535281891,-5.366435708851836,36.07181085097544
hokkaido_07,2021-01-28,1611866483000,4.299171991055031,-7.024455567243229,36.06523546187252
hokkaido_07,2021-02-09,1612903282000,4.7907629631831785,-6.672419671836047,36.06663163522265
hokkaido_07,2021-02-21,1613940082000,7.5237475627168084,-5.406042139887194,36.07793396196664
hokkaido_07,2021-03-05,1614976882000,8.082760488328404,-5.33549589484467,36.081540883093986
hokkaido_07,2021-03-17,1616013682000,5.674894132245119,-6.3788867791054615,36.08096262871075
hokkaido_07,2021-03-29,1617050482000,7.372451047851246,-6.986414980131727,36.072471017669955
hokkaido_07,2021-04-10,1618087283000,6.422547219433308,-3.5031612495014492,36.072172591854816
hokkaido_07,2021-04-22,1619124083000,6.149894722369448,-3.572540379522041,36.07622235747137
hokkaido_07,2021-05-04,1620160884000,6.572350769363392,-4.07970534895556,36.078008594636394
hokkaido_07,2021-05-16,1621197684000,8.17809035676228,-4.4500802629142795,36.077076013805794
hokkaido_07,2021-05-28,1622234485000,8.219465046746953,-4.171764914114878,36.07294366759083
hokkaido_07,2021-06-09,1623271286000,7.198619019755717,-4.1076098503600935,36.07149824586887
hokkaido_07,2021-06-21,1624308087000,7.228708731019203,-3.7883771800410257,36.073004242671736
hokkaido_07,2021-07-03,1625344887000,5.019311605186865,-6.148984979760575,36.07519754306929
hokkaido_07,2021-07-15,1626381688000,6.79591641310837,-8.287437783815701,36.07605438602258
hokkaido_07,2021-07-27,1627418489000,5.713095988039938,-5.379100723680897,36.081521599045615
hokkaido_07,2021-08-08,1628455289000,5.763987206495235,-5.707991551586841,36.072206631501835
hokkaido_07,2021-08-20,1629492090000,5.468172644836335,-5.016578131872092,36.07043928725386
hokkaido_07,2021-09-01,1630528905000,7.9196303407156154,-5.446484358661798,35.587835845176635
hokkaido_07,2021-09-13,1631565705000,9.647242091978129,-3.224408078337098,35.584096235773025
hokkaido_07,2021-09-25,1632602506000,9.054680572713204,-4.531661160479868,35.58002635796256
hokkaido_07,2021-10-07,1633639303000,8.265098726353708,-4.823648563669642,35.71922193409124
hokkaido_07,2021-10-19,1634676103000,7.706261197760345,-6.472618966257192,35.716994807783266
hokkaido_07,2021-10-31,1635712903000,8.537603327167666,-5.945457636708134,35.72069757550907
hokkaido_07,2021-11-12,1636749703000,5.767952945613231,-6.47454033717081,35.722590108270644
hokkaido_07,2021-11-24,1637786503000,8.562818018415632,-6.091438426449235,35.71697789045643
hokkaido_07,2021-12-06,1638823302000,5.865019139760733,-6.436179319195604,35.71689568028305
hokkaido_07,2021-12-18,1639860102000,4.783543571900459,-6.693733522607789,35.71517273796929
hokkaido_07,2021-12-30,1640896901000,3.4727081912569675,-6.0660880390729774,35.722498683396836
hokkaido_07,2022-01-11,1641933701000,2.411350550597055,-8.353386521969677,35.72116369702376
hokkaido_07,2022-01-23,1642970500000,2.978248581182144,-5.211597922900304,35.72095450969657
hokkaido_07,2022-02-04,1644007299000,1.641092019695084,-5.737434694805788,35.72204092952601
hokkaido_07,2022-02-16,1645044099000,1.2217876692381082,-6.3650110425477875,35.72015030375873
hokkaido_07,2022-02-28,1646080899000,1.8603627724447562,-6.825737244157857,35.71874667921457
hokkaido_07,2022-03-12,1647117699000,2.1534980392295755,-6.762458378706931,35.724517611794255
hokkaido_07,2022-03-24,1648154500000,4.1601935066428295,-7.469138041416051,35.72374657896655
hokkaido_07,2022-04-05,1649191300000,7.155122884200745,-5.909481348295944,35.724729796339034
hokkaido_07,2022-04-17,1650228100000,7.317027150331519,-4.8990416093947395,35.72029069987999
hokkaido_07,2022-04-29,1651264901000,5.553064897385214,-5.185542673503132,35.72014056313856
hokkaido_07,2022-05-11,1652301701000,5.7662350450902675,-4.30759044554906,35.722280963165595
hokkaido_07,2022-06-04,1654375303000,7.197505384007237,-4.751205962978084,35.72087497148155
hokkaido_07,2022-06-16,1655412104000,5.5950446607434765,-4.552169437737917,35.72401253690997
hokkaido_07,2022-06-28,1656448905000,6.870405578465668,-4.029066424607363,35.716606900144164
hokkaido_07,2022-07-10,1657485705000,6.2797200395726165,-4.540396972640368,35.71814798051914
hokkaido_07,2022-07-22,1658522506000,6.832981544732526,-4.412521908761414,35.7237552554862
hokkaido_07,2022-08-03,1659559307000,5.202573196748435,-3.848063216892351,35.72193983489392
hokkaido_07,2022-08-15,1660596108000,6.530295470782928,-4.427490482176139,35.721454373854236
hokkaido_07,2022-08-27,1661632908000,4.875976148545768,-5.022072374699467,35.718714668894535
hokkaido_07,2022-09-03,1662237213000,7.130236326626202,-9.896409850689665,45.5301984413383
hokkaido_07,2022-09-08,1662669709000,5.280698536135372,-5.663938252077666,35.711954214693336
hokkaido_07,2022-09-20,1663706508000,5.089572227733458,-3.567075315313852,35.73729681134923
hokkaido_07,2022-10-02,1664743309000,5.483658781730216,-4.172444628584986,35.72204523206094
hokkaido_07,2022-10-14,1665780109000,5.731261698954008,-4.4842900614618655,35.722792300854174
hokkaido_07,2022-10-26,1666816909000,4.89661763880821,-5.995716867200335,35.713089901635826
hokkaido_07,2022-11-07,1667853709000,7.026305089217512,-4.681731136129816,35.722144158873895
hokkaido_07,2022-11-19,1668890509000,4.745566571638273,-5.67197046276069,35.71832763702732
hokkaido_07,2022-11-26,1669494813000,5.465928875550599,-6.579708691410503,45.52509229048463
hokkaido_07,2022-12-01,1669927308000,4.409253370566294,-4.374314996778779,35.72429298337648
hokkaido_07,2022-12-13,1670964108000,6.004099998253282,-6.590379491973406,35.72020266152854
hokkaido_07,2022-12-25,1672000907000,2.8441800752675523,-6.052400142244486,35.7199909177074
hokkaido_07,2023-01-06,1673037706000,5.182507779186519,-5.246646213536756,35.71700355851981
hokkaido_07,2023-01-18,1674074505000,5.414793136824477,-5.236521012218323,35.73708747546393
hokkaido_07,2023-01-30,1675111306000,4.99233428519414,-6.361225169456512,35.71725836933477
hokkaido_07,2023-02-11,1676148105000,3.2730705118393897,-6.547685597710573,35.722920921515374
hokkaido_07,2023-02-23,1677184905000,2.697105794913102,-5.415018773157885,35.727071991398454
hokkaido_07,2023-03-07,1678221705000,6.493513405731921,-5.97472537798533,35.72069473543865
hokkaido_07,2023-03-19,1679258505000,7.530498616269265,-4.2165098709240185,35.72100495473138
hokkaido_07,2023-03-31,1680295305000,5.160784015888935,-6.633539143025621,35.72230601609355
hokkaido_07,2023-04-07,1680899610000,3.3057620001001444,-4.835611768080444,45.5304038332409
hokkaido_07,2023-04-12,1681332106000,5.866321509327726,-4.162971211294343,35.72255412554501
hokkaido_07,2023-04-24,1682368906000,7.005971017839197,-5.43676030998191,35.72181317648839
hokkaido_07,2023-05-06,1683405707000,5.792342009406521,-4.410105069529446,35.713597940521296
hokkaido_07,2023-05-18,1684442508000,6.960186320049054,-4.617560919135308,35.71323783720381
hokkaido_07,2023-05-30,1685479308000,6.051587700709849,-4.762519085264106,35.71381490565657
hokkaido_07,2023-06-11,1686516109000,7.891023448229178,-5.048865487559062,35.72299718452223
hokkaido_07,2023-06-23,1687552909000,7.34763641836203,-5.013521236707574,35.718903399479046
hokkaido_07,2023-07-05,1688589710000,8.435982947369196,-5.649899381933819,35.72067118086236
hokkaido_07,2023-07-17,1689626511000,7.226380005924948,-5.588954801602299,35.718294293892015
hokkaido_07,2023-07-29,1690663311000,6.039259359206779,-4.616197159472719,35.71891768953143
hokkaido_07,2023-08-05,1691267616000,9.924214976783981,-7.264883509296476,45.53093297983825
hokkaido_07,2023-08-10,1691700111000,8.337043220181348,-4.421615145139335,35.73765416065321
hokkaido_07,2023-08-22,1692736913000,7.6541081180526325,-5.346107637982057,35.72607871365279
hokkaido_07,2023-09-03,1693773714000,6.6204781365407905,-4.311629216630191,35.7186772755875
hokkaido_07,2023-09-15,1694810514000,6.007099862444284,-4.742787640997492,35.71621016407553
hokkaido_07,2023-09-27,1695847314000,6.4390869027765145,-4.512637645510747,35.72165511779229
hokkaido_07,2023-10-09,1696884114000,7.522324508866413,-4.282637363586685,35.726969743583815
hokkaido_07,2023-10-21,1697920914000,6.3319123359857725,-3.071712866057523,35.71806760795289
hokkaido_07,2023-11-02,1698957714000,6.89397767629054,-5.509781738976107,35.72233870997574
hokkaido_07,2023-11-14,1699994514000,7.65359752591386,-2.973584894105409,35.71372783222631
hokkaido_07,2023-11-26,1701031313000,7.6734602373606515,-4.9895447896107825,35.72219187362094
hokkaido_07,2023-12-08,1702068113000,7.694673666612898,-5.477958431432254,35.71893464802393
hokkaido_07,2023-12-20,1703104912000,5.538657245770465,-4.720769317094734,35.7339019128048
hokkaido_07,2024-01-01,1704141711000,5.3420747869302785,-6.368865004000691,35.72813546537147
hokkaido_07,2024-01-13,1705178511000,6.232337519774823,-5.118646467787631,35.71769824304429
hokkaido_07,2024-01-25,1706215311000,1.8243802807079945,-6.270816333130251,35.715873446445244
hokkaido_07,2024-02-06,1707252110000,1.8630879046535591,-5.594272139855419,35.7229011064599
hokkaido_07,2024-02-18,1708288910000,4.989841806367629,-7.165209144447354,35.72191969933067
hokkaido_07,2024-03-01,1709325710000,3.9224651979813747,-7.872659434516387,35.72348562535671
hokkaido_07,2024-03-13,1710362510000,2.923517775553502,-6.324391033993602,35.725262019441715
hokkaido_07,2024-03-25,1711399310000,4.2381106816944225,-5.8093000977797775,35.72680225422395
hokkaido_07,2024-04-06,1712436111000,6.6940315902061975,-3.1768105844772427,35.71663489631514
hokkaido_07,2024-04-18,1713472911000,7.484705375690664,-4.180665203065918,35.71842912298956
hokkaido_07,2024-04-25,1714077215000,7.075069602979682,-7.305381919950841,45.52932747740059
hokkaido_07,2024-04-30,1714509712000,7.253139086699395,-4.150527290385876,35.71834047344151
hokkaido_07,2024-05-07,1715114016000,7.011993673902768,-4.603709740995706,45.51819846864804
hokkaido_07,2024-05-12,1715546511000,6.498600955746507,-4.446049952492131,35.71625236933374
hokkaido_07,2024-05-19,1716150815000,8.72174328842529,-3.228026819878328,45.51998051036488
hokkaido_07,2024-05-24,1716583311000,6.221425040442743,-5.136663626032909,35.702312279865225
hokkaido_07,2024-05-31,1717187615000,8.16173588644488,-3.209011745196432,45.521919908752864
hokkaido_07,2024-06-05,1717620111000,7.3398473592526265,-4.722612779840776,35.704605457610036
hokkaido_07,2024-06-12,1718224415000,8.06892798856328,-4.064941415906933,45.522625583687216
hokkaido_07,2024-06-17,1718656910000,7.262912347134737,-4.711180463137256,35.713645667536376
hokkaido_07,2024-06-24,1719261214000,7.6153122786989025,-3.8583001041579594,45.51923686724627
hokkaido_07,2024-06-29,1719693710000,7.221517712916381,-5.23448518797143,35.71095592328895
hokkaido_07,2024-07-06,1720298014000,7.605321710470876,-3.8237467083405368,45.51671737186737
hokkaido_07,2024-07-11,1720730509000,7.823184018305043,-6.23873250890022,35.71057646725212
hokkaido_07,2024-07-18,1721334813000,6.745645975605173,-3.912926942188626,45.52294374672818
hokkaido_07,2024-07-23,1721767309000,5.850186605304892,-4.336434396359324,35.71157200976963
hokkaido_07,2024-07-30,1722371613000,7.383836080210952,-4.158850298567185,45.526820128425825
hokkaido_07,2024-08-04,1722804109000,7.747946653508369,-5.240355157259485,35.707763609389566
hokkaido_07,2024-08-11,1723408413000,7.580265739718147,-5.1958012876609105,45.5306813301933
hokkaido_07,2024-08-16,1723840909000,7.433340266298313,-2.7700971838443174,35.71668166343612
hokkaido_07,2024-08-28,1724877709000,8.044385025197824,-3.4327830693211885,35.720672183223826
hokkaido_07,2024-09-09,1725914510000,7.598808016743217,-4.064251579817268,35.72581816403415
hokkaido_07,2024-09-21,1726951310000,7.850971689879809,-3.93224217795642,35.72529952251234
hokkaido_07,2024-10-03,1727988110000,6.984261454406788,-4.484522618766201,35.725416196960715
hokkaido_07,2024-10-15,1729024910000,6.26219803968279,-3.7353467213824523,35.72428837631688
hokkaido_07,2024-10-27,1730061711000,6.640896244660909,-3.4932243722671417,35.72204044875992
hokkaido_07,2024-11-08,1731098510000,6.711447813011507,-4.529093106633291,35.723588874494695
hokkaido_07,2024-11-15,1731702814000,7.742592926830517,-5.693046133624885,45.52667923729019
hokkaido_07,2024-11-20,1732135309000,6.2539836590193945,-4.286967613492606,35.71665959673027
hokkaido_07,2024-12-02,1733172109000,6.585001842150595,-4.4994524747528875,35.70852234235332
hokkaido_07,2024-12-14,1734208908000,6.330566687678326,-6.267009371287729,35.705148828227586
hokkaido_07,2024-12-26,1735245707000,7.019272803036018,-5.826289143925912,35.71376970353661
hokkaido_07,2025-01-07,1736282505000,4.98954414203019,-6.7587194383328315,35.71799071873978
hokkaido_07,2025-01-19,1737319304000,6.789754144997391,-6.036872103877372,35.71862622544511
hokkaido_07,2025-01-26,1737923608000,8.668480154635482,-8.296872902281773,45.528077393318405
hokkaido_07,2025-01-31,1738356103000,5.1184962391240925,-7.237860121149068,35.72140248359551
hokkaido_07,2025-02-12,1739392903000,4.93552789647931,-5.300595237006429,35.71578929091945
hokkaido_07,2025-02-24,1740429703000,5.886530263423471,-6.174402520908917,35.722799971672565
hokkaido_07,2025-03-08,1741466503000,3.1931711359392834,-5.8353101188301855,35.721799858560566
hokkaido_07,2025-03-20,1742503304000,3.9282051783323744,-6.618565277094719,35.71951660446364
hokkaido_07,2025-04-01,1743540104000,4.507591014865557,-6.239591274380013,35.71462305563753
hokkaido_07,2025-04-13,1744576904000,5.6734933400609,-5.919694297322797,35.71867448071033
hokkaido_07,2025-04-25,1745613704000,7.145548653028403,-3.90603400059511,35.70931745285395
hokkaido_07,2025-05-02,1746218008000,8.355267200870516,-4.296765150954895,45.528341800957605
hokkaido_07,2025-05-07,1746650504000,6.0996503090448995,-3.795153339233406,35.71064324054904
hokkaido_07,2025-05-14,1747254808000,8.199795580368955,-3.8990068215133413,45.51867403093614
hokkaido_07,2025-05-19,1747687303000,6.875162532867071,-5.5995662994308075,35.71213475336743
hokkaido_07,2025-05-26,1748291607000,7.6093642756496225,-3.7755823638892645,45.51429719475935
hokkaido_07,2025-05-31,1748724103000,6.2781558368699475,-5.613981722449339,35.70703894642718
hokkaido_07,2025-06-07,1749328407000,7.860865876373911,-4.236691385514124,45.51603824371135
hokkaido_07,2025-06-12,1749760902000,6.005649283520977,-3.511126893782043,35.70204989693732
hokkaido_07,2025-06-19,1750365206000,7.238983126849044,-4.350325909332845,45.52018393259568
hokkaido_07,2025-06-24,1750797702000,6.462375724171558,-2.887336064658519,35.700089444819184
hokkaido_07,2025-07-01,1751402005000,8.730179734496147,-4.223120909329479,45.52001460836392
hokkaido_07,2025-07-06,1751834501000,6.523156453915256,-3.173625344225947,35.70466601285069
hokkaido_07,2025-07-13,1752438805000,7.664538425314406,-4.52722825451231,45.518242008710146
hokkaido_07,2025-07-18,1752871300000,5.931935430067521,-5.148247675246565,35.71158858738243
hokkaido_07,2025-07-25,1753475604000,8.019340766543241,-4.222807893671124,45.52231124646736
hokkaido_07,2025-07-30,1753908100000,4.714124965963094,-4.993714008171371,35.71327290802404
hokkaido_07,2025-08-06,1754512404000,8.188645392324704,-4.36484516772227,45.5238730858803
hokkaido_07,2025-08-11,1754944900000,6.682733800478195,-5.751392131467644,35.71279735962309
hokkaido_07,2025-08-23,1755981700000,4.91321446662429,-5.7539942769198165,35.71473123184982
hokkaido_07,2025-09-04,1757018500000,6.114366724534885,-6.020729097972484,35.72165840777519
hokkaido_07,2025-09-16,1758055301000,5.167454143763575,-5.262738282067859,35.72689582043745
hokkaido_07,2025-09-28,1759092101000,6.2232918056062525,-3.472146812855695,35.72584580556145
hokkaido_07,2025-10-10,1760128901000,5.216564698716733,-4.694310561500693,35.71260412205015
hokkaido_07,2025-10-22,1761165701000,5.532608979264513,-4.802103593461113,35.71764557270089
hokkaido_07,2025-11-03,1762202501000,5.086343746952159,-6.435003575290241,35.71518524829996
hokkaido_07,2025-11-15,1763239300000,3.104999251622777,-6.469056021448481,35.718029708723634
hokkaido_07,2025-11-22,1763843604000,6.521782923379876,-5.882283806825906,45.51841561735919
hokkaido_07,2025-11-27,1764276099000,2.7930115049223594,-7.2333463926751715,35.71542897741618
hokkaido_07,2025-12-04,1764880402000,5.005295862412984,-6.236911195596306,45.52382764932114
hokkaido_07,2025-12-09,1765312898000,4.0720517397707825,-6.206701268926038,35.70980875221187
hokkaido_07,2025-12-16,1765917201000,2.882950702148354,-7.342396261926877,45.52311703070852
hokkaido_07,2025-12-21,1766349697000,3.521529543676397,-7.636771269771403,35.70713963876886
hokkaido_07,2026-01-02,1767386495000,3.9882160262918642,-7.024155749779972,35.708124334091906
hokkaido_07,2026-01-14,1768423294000,2.960943115094087,-7.778669699295021,35.7119635149322
hokkaido_07,2026-01-26,1769460094000,4.175363139851342,-5.86708222414381,35.71766929202181
hokkaido_07,2026-02-02,1770064397000,4.08762366972053,-7.984193447634992,45.52202707849368
hokkaido_07,2026-02-07,1770496893000,4.524109478229421,-9.229300694872096,35.7190895088276
hokkaido_07,2026-02-19,1771533692000,0.11402190196095606,-9.331677395504279,35.71801171279685
hokkaido_07,2026-03-03,1772570492000,2.718902860228347,-6.9910443938490925,35.719909807540255
hokkaido_07,2026-03-15,1773607292000,2.760012417213077,-7.793780005517083,35.71782661220798
hokkaido_07,2026-04-03,1775248396000,5.1126247396083375,-6.783918327506054,45.529282608602394
hokkaido_07,2026-04-08,1775680892000,4.711226595087324,-5.73935494769498,35.719395847147
hokkaido_07,2026-04-15,1776285196000,5.545433074392931,-6.9431914608270775,45.5221540966466
hokkaido_07,2026-04-20,1776717693000,7.408991011568519,-5.408167239973138,35.71040217544374
hokkaido_07,2026-04-27,1777321996000,6.070458234094544,-6.663655281510533,45.52207857287274
hokkaido_07,2026-05-02,1777754492000,7.77266446667345,-5.8714014625270785,35.70671455835539
hokkaido_07,2026-05-09,1778358796000,6.336251273740893,-4.913230495478624,45.52403991834935
hokkaido_07,2026-05-14,1778791292000,5.995383020131309,-4.892342155939254,35.70412482729137
hokkaido_07,2026-05-21,1779395595000,6.120777357168441,-5.123418824928588,45.52162574269324
hokkaido_08,2017-02-18,1487450457000,3.8401985659272184,-11.305681106564702,35.94954885144749
hokkaido_08,2017-02-25,1488054783000,2.5850764113363938,-10.890076898133,45.536299479741494
hokkaido_08,2017-03-02,1488487257090,-0.052068962416928384,-12.246236767400404,35.9517386857065
hokkaido_08,2017-03-09,1489091583000,-0.2237131500662842,-12.523194465618182,45.5395769392842
hokkaido_08,2017-03-14,1489524057000,2.833432956654102,-11.006765244029628,35.94169451020472
hokkaido_08,2017-03-21,1490128384100,3.331530579571308,-10.186054841083442,45.54510512529168
hokkaido_08,2017-03-26,1490560857000,4.357818182889644,-10.853034203492687,35.941323562548156
hokkaido_08,2017-04-02,1491165184000,5.421483186113385,-10.022831660020865,45.54255327237445
hokkaido_08,2017-04-07,1491597658140,7.519185122313332,-8.877924026022255,35.94504111263942
hokkaido_08,2017-04-14,1492201985000,5.62191350621786,-9.328678153855334,45.53930893098465
hokkaido_08,2017-04-19,1492634458760,7.940121978934559,-8.529192982258925,35.946991531680325
hokkaido_08,2017-04-26,1493238785360,4.543148558226578,-8.655727823574185,45.53855456496732
hokkaido_08,2017-05-01,1493671259000,5.559012875367549,-9.093903807135447,35.944684839017555
hokkaido_08,2017-05-08,1494275586310,4.994764189857367,-9.31150227355907,45.53447350084493
hokkaido_08,2017-05-13,1494708059970,6.902469367263759,-7.952628472610253,35.9405765729843
hokkaido_08,2017-05-20,1495312386000,4.745999614976897,-9.666940448156643,45.53928549676551
hokkaido_08,2017-05-25,1495744860000,7.028734644370257,-7.460621950567509,35.94521116227417
hokkaido_08,2017-06-01,1496349187000,5.147266120730615,-8.319966269885512,45.5451359350031
hokkaido_08,2017-06-06,1496781661000,5.8364538366649334,-7.272371325698065,35.940795133186114
hokkaido_08,2017-06-13,1497385988000,4.950442942229946,-8.523227661305045,45.540796699778404
hokkaido_08,2017-06-18,1497818461000,6.136756775708949,-7.505904480527462,35.945811276289476
hokkaido_08,2017-06-25,1498422789000,5.211380756426592,-8.271075341224371,45.5367796633942
hokkaido_08,2017-06-30,1498855262000,5.008324941704213,-8.185737361044891,35.94786952418207
hokkaido_08,2017-07-07,1499459589000,4.205093328758523,-8.732714692148658,45.539069615729275
hokkaido_08,2017-07-12,1499892063000,7.225252734188231,-6.729613883578379,35.94542141948318
hokkaido_08,2017-07-19,1500496390000,5.022036324353264,-8.32921046995732,45.54323553576053
hokkaido_08,2017-07-24,1500928864000,5.232235711534151,-7.475236271763553,35.9449890005709
hokkaido_08,2017-07-31,1501533191000,4.217493320056748,-8.530671528289275,45.539144515605344
hokkaido_08,2017-08-05,1501965664000,6.790562670262388,-7.795465163774972,35.93930117032446
hokkaido_08,2017-08-12,1502569991000,4.253142831553398,-7.806584636708053,45.540317434404976
hokkaido_08,2017-08-17,1503002465000,5.861423489491025,-7.071386076663493,35.94662428288012
hokkaido_08,2017-08-24,1503606792000,4.756735084480013,-8.776139124505347,45.537659370619735
hokkaido_08,2017-08-29,1504039265000,6.45765520660442,-7.022153066499679,35.94601046079768
hokkaido_08,2017-09-05,1504643592000,4.379048689723527,-9.263318791420105,45.538552090884075
hokkaido_08,2017-09-10,1505076066000,6.173852354420193,-7.4075187436873176,35.94403960733761
hokkaido_08,2017-09-17,1505680393000,5.094616491149292,-7.758957432465037,45.53685376325601
hokkaido_08,2017-09-22,1506112866000,6.648633828579775,-7.790402702415598,35.944457345324686
hokkaido_08,2017-09-29,1506717193000,4.47212840233839,-9.216299172328645,45.54126145025696
hokkaido_08,2017-10-04,1507149666000,5.652219396616705,-8.728453636549839,35.94365942338388
hokkaido_08,2017-10-11,1507753993000,3.764270342637383,-9.554114096986575,45.541721276053764
hokkaido_08,2017-10-16,1508186467000,6.185622649547372,-8.046913768966045,35.94483313178131
hokkaido_08,2017-10-23,1508790793000,3.75665869232168,-8.781250261306884,45.537640494551106
hokkaido_08,2017-10-28,1509223267000,5.755989732227921,-8.79553757701323,35.94376597240718
hokkaido_08,2017-11-04,1509827593000,4.375719421646876,-8.519179289898172,45.535153451784694
hokkaido_08,2017-11-09,1510260066000,6.158059779949017,-8.174455456935895,35.946760511436864
hokkaido_08,2017-11-16,1510864393000,4.752406688806108,-8.708273067747136,45.53907949505946
hokkaido_08,2017-11-21,1511296866000,4.369421665057821,-10.078031235377539,35.94112251994103
hokkaido_08,2017-11-28,1511901193000,5.011969316635703,-8.426734638041587,45.53590325390023
hokkaido_08,2017-12-03,1512333666000,6.1176952294313125,-9.950102400424944,35.941197183311424
hokkaido_08,2017-12-10,1512937992000,1.710556958925425,-10.712824508677771,45.54376174368583
hokkaido_08,2017-12-15,1513370465000,6.93614745060325,-9.196366426263749,35.94107771459035
hokkaido_08,2017-12-22,1513974791000,3.0687371875354597,-9.887548693314423,45.54206582094246
hokkaido_08,2017-12-27,1514407265000,5.962793095664051,-9.211168156577155,35.94828117987122
hokkaido_08,2018-01-03,1515011591000,1.7737345424146191,-9.774898745386986,45.538079606397744
hokkaido_08,2018-01-08,1515444064000,7.829956039505608,-8.282184187899649,35.94709448853897
hokkaido_08,2018-01-15,1516048391000,2.583364164581568,-9.123700218635832,45.53535295512315
hokkaido_08,2018-01-20,1516480864000,5.2354223685505135,-10.744310427117354,35.94032511379877
hokkaido_08,2018-01-27,1517085190000,3.66626674290974,-10.846371595277962,45.54202269428908
hokkaido_08,2018-02-01,1517517664000,2.592136653404711,-9.762067195855355,35.93971045901915
hokkaido_08,2018-02-08,1518121990000,0.7530654422819508,-9.242378068912883,45.54073257261446
hokkaido_08,2018-02-13,1518554463000,3.04991467248461,-9.513019297106128,35.93915456598456
hokkaido_08,2018-02-20,1519158790000,1.4693601912186909,-10.936414674506125,45.54233511483266
hokkaido_08,2018-02-25,1519591263000,3.4294152931959485,-10.562492437574953,35.947232495459915
hokkaido_08,2018-03-04,1520195590000,2.8367339498143584,-13.689525332566879,45.54013998714494
hokkaido_08,2018-03-09,1520628063000,6.444683355077118,-9.840394555567427,35.952747969067815
hokkaido_08,2018-03-16,1521232390000,3.630137069692493,-11.214625020736559,45.536671715376244
hokkaido_08,2018-03-21,1521664863000,2.3831059344713097,-11.567259728272969,35.952646742164006
hokkaido_08,2018-03-28,1522269190000,2.693793653171324,-12.372315836364065,45.53881841637977
hokkaido_08,2018-04-02,1522701664000,4.860100683477425,-10.301046689149514,35.94588167688105
hokkaido_08,2018-04-09,1523305991000,4.034176907622665,-12.526936222728644,45.54273839770712
hokkaido_08,2018-04-14,1523738464000,6.997400735037053,-9.741385591441007,35.9433975982358
hokkaido_08,2018-04-26,1524775265000,5.540093194876935,-9.529883942449429,35.943874883834724
hokkaido_08,2018-05-03,1525379592000,3.930552185001824,-10.341570305448915,45.54104240275452
hokkaido_08,2018-05-08,1525812065000,6.943716715415369,-9.707489245404837,35.946137973983426
hokkaido_08,2018-05-15,1526416392000,4.393380060628464,-8.725047675349842,45.5357934678203
hokkaido_08,2018-05-20,1526848866000,7.147555756956748,-8.963381800186012,35.947903045278444
hokkaido_08,2018-05-27,1527453193000,4.313854836929683,-9.713292141939673,45.53928766730241
hokkaido_08,2018-06-01,1527885667000,6.715824164152554,-9.154088340931525,35.94926504347059
hokkaido_08,2018-06-08,1528489994000,6.5887051450112875,-13.635244706559902,45.54254751879759
hokkaido_08,2018-06-13,1528922468000,6.180027065012897,-8.534627716570704,35.9402319080443
hokkaido_08,2018-06-20,1529526795000,10.02205695122111,-15.903382880727145,45.54474619754309
hokkaido_08,2018-06-25,1529959268000,7.827686350720498,-7.721369592479584,35.94163169351803
hokkaido_08,2018-07-14,1531600396000,4.078663693355952,-9.533381515313073,45.53896219118677
hokkaido_08,2018-07-19,1532032870000,7.0987827623390345,-9.31433191842657,35.94864076710711
hokkaido_08,2018-07-26,1532637197000,3.682327981525948,-9.968038152918744,45.53977274080227
hokkaido_08,2018-07-31,1533069670000,4.467178614188167,-10.266356081920186,35.9506404754102
hokkaido_08,2018-08-07,1533673997000,3.9544146468587225,-10.796114318370632,45.52705121974753
hokkaido_08,2018-08-12,1534106471000,7.622659541968567,-8.909390392647643,35.9439583943726
hokkaido_08,2018-08-19,1534710798000,5.611788452284116,-17.23540164346104,45.543610784635305
hokkaido_08,2018-08-24,1535143272000,4.182778760868446,-9.763782873871564,35.93340477446153
hokkaido_08,2018-08-31,1535747599000,4.174788873924487,-10.431628130905858,45.538531758472175
hokkaido_08,2018-09-05,1536180072000,4.804958669630851,-7.4702186365626355,35.94347406016338
hokkaido_08,2018-09-12,1536784399000,4.433747426430555,-11.582797643964987,45.5420216537047
hokkaido_08,2018-09-17,1537216873000,7.308337769586404,-8.139992664234253,35.94658655649337
hokkaido_08,2018-09-24,1537821199000,4.116736811062591,-9.944011951337268,45.53862320871065
hokkaido_08,2018-09-29,1538253673000,4.107922706396392,-7.8813299524153635,35.9462951322477
hokkaido_08,2018-10-11,1539290473000,5.006813220469408,-8.787233531767217,35.94198695362434
hokkaido_08,2018-10-18,1539894800000,10.099515486621481,-15.374862205872674,45.54027447499889
hokkaido_08,2018-10-23,1540327273000,4.685743567807948,-8.752955395504522,35.94242078611236
hokkaido_08,2018-11-04,1541364073000,5.195367943835231,-10.18133059042052,35.942102113011714
hokkaido_08,2018-11-11,1541968400000,5.28858411139158,-9.68489298312105,45.53625740358173
hokkaido_08,2018-11-16,1542400873000,5.6447144824129545,-10.328718580551106,35.946254366111944
hokkaido_08,2018-11-23,1543005199000,4.698301316229597,-9.838940817189053,45.536520618935555
hokkaido_08,2018-11-28,1543437672000,6.858482444674794,-8.267677221754543,35.94801113464799
hokkaido_08,2018-12-05,1544041999000,5.512104729495346,-8.998839890779571,45.53273838250811
hokkaido_08,2018-12-10,1544474472000,6.711396915933233,-9.625062637951222,35.94282964501939
hokkaido_08,2018-12-22,1545511272000,5.456106244953522,-9.92681378250758,35.9381279022525
hokkaido_08,2019-01-03,1546548071000,5.609323376385994,-8.822153918340897,35.94077041314446
hokkaido_08,2019-01-15,1547584871000,1.7355849703118846,-9.623065980028233,35.947514187468585
hokkaido_08,2019-01-22,1548189197000,3.160627874668112,-8.563420447344638,45.535149049257804
hokkaido_08,2019-01-27,1548621671000,2.3569062027977563,-8.979716111228662,35.943343825677445
hokkaido_08,2019-02-03,1549225997000,3.7072282359308915,-12.135699892553845,45.538565881274934
hokkaido_08,2019-02-08,1549658470000,4.980815941657155,-8.742452542323147,35.94474606218969
hokkaido_08,2019-02-20,1550695270000,1.1295288323730028,-13.74850014098785,35.94009868026238
hokkaido_08,2019-02-27,1551299597000,6.054440925677527,-10.618388592337602,45.539394186732515
hokkaido_08,2019-03-04,1551732070000,6.407837058152065,-9.963638284971239,35.93620720935249
hokkaido_08,2019-03-11,1552336396000,3.36492648202792,-10.682351862242523,45.54033267297765
hokkaido_08,2019-03-16,1552768870000,6.210475716127621,-11.567874157456059,35.946200614214334
hokkaido_08,2019-03-23,1553373197000,3.9979404837987347,-9.245808734195657,45.53668813873025
hokkaido_08,2019-03-28,1553805670000,4.889212225052487,-9.497814019133076,35.946178696197
hokkaido_08,2019-04-04,1554409997000,3.9253723854982363,-10.363381255525253,45.533106187355855
hokkaido_08,2019-04-09,1554842470000,4.502597901463615,-10.944503025724739,35.94801283895186
hokkaido_08,2019-04-16,1555446797000,4.851206330887011,-9.543925623043311,45.534269036067144
hokkaido_08,2019-04-21,1555879271000,6.3160374593470285,-10.08564674441145,35.93979331408731
hokkaido_08,2019-04-28,1556483598000,4.36555083766965,-9.238796375190672,45.537047821303794
hokkaido_08,2019-05-03,1556916071000,6.839523952242743,-8.612728690130316,35.93657783337114
hokkaido_08,2019-05-15,1557952872000,6.228061201246506,-10.6387024451061,35.941939450485776
hokkaido_08,2019-05-22,1558557199000,5.004700900132364,-9.320346602674292,45.53762400449047
hokkaido_08,2019-06-03,1559593999000,4.586829528326896,-8.428873869637894,45.536015160666445
hokkaido_08,2019-06-08,1560026473000,5.806263731377655,-12.40690906236918,35.950357076159094
hokkaido_08,2019-06-15,1560630800000,4.54206208798737,-8.769018287053045,45.54064601705533
hokkaido_08,2019-06-20,1561063274000,4.52401673746861,-9.163170283246856,35.94645874705792
hokkaido_08,2019-06-27,1561667601000,6.4008183016242866,-12.448990283169625,45.54159188150227
hokkaido_08,2019-07-02,1562100075000,5.081952074226513,-8.461598102281354,35.940505354910194
hokkaido_08,2019-07-14,1563136875000,4.965258327677846,-11.239110971504187,35.94229227835373
hokkaido_08,2019-07-21,1563741202000,5.284160950380469,-9.39501303560798,45.54054736492968
hokkaido_08,2019-07-26,1564173676000,6.102205593404658,-8.975081318517677,35.947693304967395
hokkaido_08,2019-08-02,1564778003000,4.828190437749411,-9.095049679648533,45.53953283884338
hokkaido_08,2019-08-07,1565210477000,5.389725139652774,-10.62505728020745,35.94676413796166
hokkaido_08,2019-08-14,1565814804000,5.1201730959641125,-8.688866569036527,45.53736572836134
hokkaido_08,2019-08-19,1566247278000,4.895605039243617,-9.599832646406098,35.94186373689817
hokkaido_08,2019-08-26,1566851605000,4.691838888944455,-8.740218112236763,45.54030540501782
hokkaido_08,2019-09-07,1567888405000,6.070685591095219,-10.901747775397586,45.542022659610026
hokkaido_08,2019-09-12,1568320879000,6.043447505898117,-9.381274987994326,35.94605759999745
hokkaido_08,2019-09-19,1568925206000,9.559788661533842,-11.635551198143787,45.54118678947869
hokkaido_08,2019-09-24,1569357679000,3.965486252989094,-10.671438403716836,35.94129213288414
hokkaido_08,2019-10-01,1569962006000,5.453632388815628,-8.57698360787906,45.53484510951744
hokkaido_08,2019-10-06,1570394480000,6.085849566608812,-10.33998449831414,35.945517002151185
hokkaido_08,2019-10-13,1570998806000,8.147824061353651,-13.286700963956827,45.53996987744778
hokkaido_08,2019-10-18,1571431279000,5.544851112000157,-9.53636989872616,35.94743194657142
hokkaido_08,2019-10-30,1572468080000,4.720425444122725,-12.00454499090986,35.94192635824731
hokkaido_08,2019-11-06,1573072406000,12.86287487121382,-11.705340425237441,45.539632683910476
hokkaido_08,2019-11-11,1573504880000,6.643009938277081,-10.192548711518226,35.94019004835653
hokkaido_08,2019-11-18,1574109206000,7.563183624701112,-20.253010043175273,45.540007085861895
hokkaido_08,2019-11-23,1574541679000,5.811019897634661,-8.869265222457146,35.94230559922964
hokkaido_08,2019-11-30,1575146006000,4.3283154868435805,-10.745370737872213,45.53070512855206
hokkaido_08,2019-12-05,1575578479000,5.498939858579919,-9.058704197302813,35.94849035791938
hokkaido_08,2019-12-12,1576182805000,2.7279518251320667,-8.652733076713035,45.5289496611159
hokkaido_08,2019-12-17,1576615278000,7.019202370163875,-10.45623917296395,35.94464283574957
hokkaido_08,2019-12-24,1577219605000,1.7530630983814433,-9.458630174618648,45.52906127738645
hokkaido_08,2019-12-29,1577652078000,5.697596320490514,-9.69903894479309,35.939538441533635
hokkaido_08,2020-01-10,1578688877000,5.157514096869192,-10.0916898387359,35.93701464149945
hokkaido_08,2020-01-22,1579725677000,4.945733485378141,-9.469672859085422,35.94053978197502
hokkaido_08,2020-02-03,1580762477000,4.197956296210748,-9.588169532581633,36.06477712823271
hokkaido_08,2020-02-10,1581366803000,1.9335966033471375,-9.662912721585437,45.54221293681127
hokkaido_08,2020-02-15,1581799276000,5.81915441213861,-8.636570328675907,36.06801767368508
hokkaido_08,2020-02-22,1582403603000,2.9290997833778443,-10.81647954969293,45.54438079099885
hokkaido_08,2020-02-27,1582836076000,4.31285502282019,-8.966091035127482,36.06553950351269
hokkaido_08,2020-03-05,1583440403000,-1.9989962977004518,-14.823538505468338,45.546828650423954
hokkaido_08,2020-03-10,1583872876000,6.266622293459468,-8.146130121367705,36.05715771219408
hokkaido_08,2020-03-17,1584477203000,3.929892736523538,-10.77224530902077,45.54840920930532
hokkaido_08,2020-03-22,1584909676000,6.136210330562069,-9.074339530323474,36.05825926672463
hokkaido_08,2020-03-29,1585514003000,4.6118360543600705,-8.819291623563867,45.54898332026859
hokkaido_08,2020-04-03,1585946477000,5.82581074345555,-9.66002036749837,36.064723320639764
hokkaido_08,2020-04-10,1586550803000,4.022134293526892,-9.430857234230814,45.548553794255234
hokkaido_08,2020-04-15,1586983277000,4.56151186401041,-9.414471925243262,36.067704959287845
hokkaido_08,2020-04-22,1587587604000,4.814068215542348,-8.185439879954107,45.54286023261114
hokkaido_08,2020-04-27,1588020078000,6.914159832958584,-8.035783274283691,36.06669945656133
hokkaido_08,2020-05-04,1588624404000,5.512355359100854,-8.783674251342191,45.54634707708925
hokkaido_08,2020-05-09,1589056878000,6.160032184350501,-9.934449104000059,36.06800447860728
hokkaido_08,2020-05-16,1589661205000,10.006384345049161,-11.85060336873204,45.549912890528844
hokkaido_08,2020-05-21,1590093679000,6.345856967770874,-9.082414082677897,36.06316546903747
hokkaido_08,2020-06-02,1591130479000,6.224738172151233,-9.924481099860921,36.06646445651352
hokkaido_08,2020-06-09,1591734807000,4.39504943244743,-12.16523754463728,45.54913186293383
hokkaido_08,2020-06-14,1592167280000,4.3507932029898235,-10.504102761730712,36.0640582132272
hokkaido_08,2020-06-21,1592771607000,4.253638547976605,-9.148684669372656,45.54344634006914
hokkaido_08,2020-06-26,1593204081000,5.430001162596071,-9.606125321603894,36.06809160223669
hokkaido_08,2020-07-03,1593808408000,4.521784496782479,-9.289376659877313,45.547653552739305
hokkaido_08,2020-07-08,1594240882000,5.594722641118641,-8.547418661178419,36.0671727534879
hokkaido_08,2020-07-15,1594845209000,4.554204315103202,-14.356402670025075,45.551400079438174
hokkaido_08,2020-07-20,1595277682000,4.641250811516747,-10.289156644361833,36.06101749535764
hokkaido_08,2020-07-27,1595882010000,4.929135668453403,-8.308651353899608,45.54539264952812
hokkaido_08,2020-08-01,1596314483000,5.300644203597891,-10.417944904666607,36.05873199598497
hokkaido_08,2020-08-08,1596918810000,4.219059733879879,-9.997112812908084,45.54888878238713
hokkaido_08,2020-08-13,1597351284000,5.7548245623890075,-11.148152499740196,36.06620995904791
hokkaido_08,2020-08-20,1597955611000,5.5223684855562825,-7.929242763425412,45.54743126776937
hokkaido_08,2020-08-25,1598388085000,5.428371521668666,-9.470494661066288,36.06486565715134
hokkaido_08,2020-09-01,1598992411000,5.343873924038225,-8.539745980521142,45.5476220774096
hokkaido_08,2020-09-06,1599424885000,5.833203153056108,-9.86776759683055,36.06272385961416
hokkaido_08,2020-09-13,1600029212000,3.0145361343769768,-9.234668315528356,45.54704881331681
hokkaido_08,2020-09-18,1600461685000,5.8917338098834025,-9.773641406627386,36.060655071162955
hokkaido_08,2020-09-25,1601066012000,3.3948013549999745,-8.383176327487014,45.54764511851751
hokkaido_08,2020-09-30,1601498486000,6.605375021713887,-11.041019840412048,36.06311134092968
hokkaido_08,2020-10-07,1602102813000,2.4173352424904118,-9.673377950680065,45.545642841985455
hokkaido_08,2020-10-12,1602535286000,4.664505037791113,-9.722201062465667,36.06214170893186
hokkaido_08,2020-10-19,1603139613000,4.097651727322127,-8.377548621328453,45.546969029780485
hokkaido_08,2020-10-24,1603572086000,5.167972542036951,-10.788062826392583,36.065838182693604
hokkaido_08,2020-10-31,1604176413000,4.2792390559329085,-5.700287066005456,45.54387605532251
hokkaido_08,2020-11-05,1604608886000,3.6281827902577555,-9.856384370784193,36.06138221263596
hokkaido_08,2020-11-12,1605213212000,12.008059661179695,-11.768350285866157,45.54779363179245
hokkaido_08,2020-11-17,1605645686000,4.417467349780298,-10.667938372923603,36.059755453296304
hokkaido_08,2020-11-29,1606682485000,6.972348316549945,-8.588736988203786,36.0615898152357
hokkaido_08,2020-12-06,1607286812000,7.767163639677054,-14.804391070138145,45.54705924240117
hokkaido_08,2020-12-11,1607719285000,7.1140757902217295,-8.634702067594311,36.061949159104245
hokkaido_08,2020-12-18,1608323611000,2.8258196276968044,-10.214593635553207,45.54397051633669
hokkaido_08,2020-12-23,1608756084000,5.519363747725167,-11.894865445780624,36.06665594858963
hokkaido_08,2020-12-30,1609360411000,4.444929393951568,-9.3859923150203,45.54142872479623
hokkaido_08,2021-01-04,1609792884000,5.6342036451064885,-7.854321057133234,36.065298173919096
hokkaido_08,2021-01-11,1610397210000,2.3525750446112146,-10.974204776169094,45.54455248938409
hokkaido_08,2021-01-16,1610829683000,2.805894868256644,-10.547511521563965,36.06168449846468
hokkaido_08,2021-01-28,1611866483000,2.4813627814859456,-9.545362426995531,36.05511677221782
hokkaido_08,2021-02-09,1612903282000,3.7661534951638793,-9.31561290955227,36.05651589233866
hokkaido_08,2021-02-21,1613940082000,3.7529250904213822,-10.568481815274538,36.0678074760877
hokkaido_08,2021-02-28,1614544409000,2.378070409422108,-11.565838064482655,45.54527866297955
hokkaido_08,2021-03-05,1614976882000,0.4701489324368885,-11.4851396168322,36.07141527311702
hokkaido_08,2021-03-12,1615581209000,-0.009255361729564236,-11.361167931352965,45.54415916765197
hokkaido_08,2021-03-17,1616013682000,4.374505067441716,-9.661019569853995,36.07084629142168
hokkaido_08,2021-03-24,1616618009000,1.5777666034942337,-10.902042864523024,45.54860451592341
hokkaido_08,2021-03-29,1617050482000,4.739822847829902,-11.823474683907378,36.06233924777853
hokkaido_08,2021-04-05,1617654809000,3.6874759857038013,-10.584242646647128,45.550754659792794
hokkaido_08,2021-04-10,1618087283000,7.966228482721341,-9.409001938692906,36.06204677297477
hokkaido_08,2021-04-22,1619124083000,7.089179018829524,-9.255810345621725,36.06609411836875
hokkaido_08,2021-04-29,1619728410000,7.640504213107746,-19.27776790123869,45.550861602937346
hokkaido_08,2021-05-04,1620160884000,4.062518686194572,-11.524797847553321,36.067894468604436
hokkaido_08,2021-05-11,1620765211000,3.9045620258312734,-8.440767034715625,45.54307514924894
hokkaido_08,2021-05-16,1621197684000,4.304793669099735,-9.997469487573893,36.06695760368747
hokkaido_08,2021-05-23,1621802011000,4.294481937642677,-8.604130683182428,45.545460465801845
hokkaido_08,2021-05-28,1622234485000,3.6758827881924367,-10.69220058944492,36.0628246564977
hokkaido_08,2021-06-09,1623271286000,6.119240822876028,-9.158761108787292,36.061380903384
hokkaido_08,2021-06-16,1623875613000,3.718530611195037,-8.086528868117007,45.548392288898775
hokkaido_08,2021-06-21,1624308087000,6.2744189854044485,-8.251307848889912,36.06287482432157
hokkaido_08,2021-06-28,1624912414000,3.8146108112600894,-11.235445455114172,45.54861492769371
hokkaido_08,2021-07-03,1625344887000,4.6528581611087825,-9.824483116869944,36.065067435399676
hokkaido_08,2021-07-10,1625949214000,3.989325876379365,-10.430905929561659,45.54473616681516
hokkaido_08,2021-07-15,1626381688000,4.280126870781535,-10.188087172136779,36.06592529207444
hokkaido_08,2021-07-22,1626986015000,1.608190794865787,-10.898847336594661,45.54699495189219
hokkaido_08,2021-07-27,1627418489000,1.6803440821090696,-11.169627346085308,36.07140691173855
hokkaido_08,2021-08-03,1628022816000,1.6681265884819407,-13.258029885897239,45.546637578084784
hokkaido_08,2021-08-08,1628455289000,2.89869985249373,-11.724581489117853,36.062089526537555
hokkaido_08,2021-08-15,1629059616000,0.3498458012903723,-13.151784114159584,45.54809509974854
hokkaido_08,2021-08-20,1629492090000,5.016519635622963,-8.47144810318698,36.06030852766248
hokkaido_08,2021-08-27,1630096417000,3.954602647467438,-10.638095596284925,45.54821737501357
hokkaido_08,2021-09-01,1630528905000,5.5910656272221955,-9.987579979016507,35.57844631601116
hokkaido_08,2021-09-08,1631133218000,4.398163896278024,-8.703531262914964,45.54905584932576
hokkaido_08,2021-09-13,1631565705000,3.437700025341345,-10.073326514825865,35.574706481335085
hokkaido_08,2021-09-20,1632170018000,3.6661516848447566,-10.179383338088057,45.54730196178283
hokkaido_08,2021-09-25,1632602506000,4.064245111037097,-9.525728180257733,35.5706360596788
hokkaido_08,2021-10-02,1633206818000,4.0889183776436,-9.02329119146517,45.54653258370882
hokkaido_08,2021-10-07,1633639303000,3.973375515960876,-10.514049631025216,35.70980948815218
hokkaido_08,2021-10-19,1634676103000,3.8060736252379694,-12.532914808321898,35.70758232193766
hokkaido_08,2021-10-26,1635280407000,3.9445316365614937,-9.985110221723659,45.525080951753225
hokkaido_08,2021-10-31,1635712903000,3.6689809391586223,-11.129422777898116,35.71127481788096
hokkaido_08,2021-11-07,1636317207000,4.244231345617199,-8.244323777631147,45.525566650551134
hokkaido_08,2021-11-12,1636749703000,5.427259997908161,-8.026740633450496,35.713174878118295
hokkaido_08,2021-11-19,1637354007000,3.5122419527481887,-9.756395082178331,45.52015170087718
hokkaido_08,2021-11-24,1637786503000,3.6974143096416068,-8.518430753240247,35.70756112557299
hokkaido_08,2021-12-01,1638390806000,3.1683295086270227,-10.538295412174403,45.52363595060504
hokkaido_08,2021-12-06,1638823302000,4.852469875097796,-9.400844802019419,35.70747491393427
hokkaido_08,2021-12-18,1639860102000,4.2711759104134535,-9.184947302935507,35.70575651649799
hokkaido_08,2021-12-30,1640896901000,3.8837086305614807,-9.277048861359198,35.71308319270913
hokkaido_08,2022-01-06,1641501205000,10.412538891539645,-18.86699636589502,45.51988173205442
hokkaido_08,2022-01-11,1641933701000,4.485560901448679,-11.899896096131199,35.71175514943099
hokkaido_08,2022-01-18,1642538004000,3.599667443522097,-8.539624679774025,45.52539037289693
hokkaido_08,2022-01-23,1642970500000,1.6238531595986017,-10.834863176517898,35.71153299813319
hokkaido_08,2022-01-30,1643574804000,-2.0318876012335387,-15.183569517285246,45.523779253899
hokkaido_08,2022-02-04,1644007299000,-0.06355090400726651,-10.025854024433167,35.71262481244934
hokkaido_08,2022-02-11,1644611603000,7.475586247345192,-16.79339037338924,45.52741390846682
hokkaido_08,2022-02-16,1645044099000,0.7873784403241871,-11.430698909174467,35.710728401271915
hokkaido_08,2022-02-23,1645648403000,8.09267219144288,-11.949200536613477,45.52738486036089
hokkaido_08,2022-02-28,1646080899000,-0.5372635812970422,-10.147384286626068,35.70932486585226
hokkaido_08,2022-03-07,1646685203000,7.906338360279351,-14.77184072031437,45.52878230889702
hokkaido_08,2022-03-12,1647117699000,-0.010640497389545004,-12.648907934387017,35.715105327368754
hokkaido_08,2022-03-19,1647722003000,-0.9284276710535502,-14.218828753996116,45.522711387403085
hokkaido_08,2022-03-24,1648154500000,2.4550821862682377,-10.309809622525215,35.71432849603404
hokkaido_08,2022-03-31,1648758803000,4.2275133750397655,-10.027279126022894,45.52345274721768
hokkaido_08,2022-04-05,1649191300000,6.103493921046564,-10.598307561600018,35.71531940972536
hokkaido_08,2022-04-12,1649795604000,3.0759462237397748,-9.327760450804199,45.5283895260892
hokkaido_08,2022-04-17,1650228100000,7.038148897893775,-10.014839178834514,35.71086406553573
hokkaido_08,2022-04-24,1650832405000,3.7762633123432647,-8.430243855593524,45.52652524918825
hokkaido_08,2022-04-29,1651264901000,5.8868439496060825,-9.754831585579364,35.710728097780795
hokkaido_08,2022-05-11,1652301701000,5.567723758719043,-9.278946493744789,35.712869399534384
hokkaido_08,2022-05-30,1653942807000,4.592568422841317,-8.634440528599367,45.52441383280112
hokkaido_08,2022-06-04,1654375303000,5.945420291579717,-9.759419000079024,35.7114506963773
hokkaido_08,2022-06-11,1654979608000,3.761256234117048,-7.327289829795969,45.52163684416318
hokkaido_08,2022-06-16,1655412104000,4.225100637451367,-10.445659198077706,35.71459871066473
hokkaido_08,2022-06-23,1656016408000,4.637631975269601,-8.502459817441538,45.52433612718635
hokkaido_08,2022-06-28,1656448905000,3.178680856611925,-10.865400168699248,35.70718903035316
hokkaido_08,2022-07-05,1657053209000,4.830964105486914,-8.402692347973842,45.5277305273324
hokkaido_08,2022-07-10,1657485705000,4.751504337297725,-9.937204784539158,35.708722105318984
hokkaido_08,2022-07-17,1658090010000,3.5195271463947906,-8.324210069621845,45.526677076280684
hokkaido_08,2022-07-22,1658522506000,5.642939083476619,-9.397101118516101,35.714343574054794
hokkaido_08,2022-07-29,1659126811000,4.047548234573225,-8.286146825190592,45.524201148877324
hokkaido_08,2022-08-03,1659559307000,4.604384527888149,-8.753026344192385,35.71251656789751
hokkaido_08,2022-08-10,1660163611000,4.271194013032043,-8.92815501770733,45.5274539897367
hokkaido_08,2022-08-15,1660596108000,3.827708114611431,-11.708359809351391,35.71203595791121
hokkaido_08,2022-08-22,1661200412000,3.666887390987716,-8.8113051857059,45.524319860520414
hokkaido_08,2022-08-27,1661632908000,5.174102932792025,-10.11047940492045,35.709297886029766
hokkaido_08,2022-09-03,1662237213000,4.049215404093206,-9.54100906506424,45.52085058093553
hokkaido_08,2022-09-08,1662669709000,5.082034668965646,-10.508241310969261,35.70252665972469
hokkaido_08,2022-09-15,1663274013000,4.5217827395088594,-9.540064997215998,45.52569653580076
hokkaido_08,2022-09-20,1663706508000,4.993029981236084,-8.36225367991119,35.72789114464362
hokkaido_08,2022-09-27,1664310813000,3.852682115210642,-9.321613196212327,45.52660915645637
hokkaido_08,2022-10-02,1664743309000,4.845854312419344,-9.43563442376592,35.71262999491398
hokkaido_08,2022-10-09,1665347613000,3.671560892693526,-7.870920729922826,45.5264047058883
hokkaido_08,2022-10-14,1665780109000,3.4891231299486773,-8.477635781241185,35.713378204049725
hokkaido_08,2022-10-26,1666816909000,4.572869572933027,-8.452631527760717,35.70366999380312
hokkaido_08,2022-11-07,1667853709000,3.7563306951127915,-8.041944158928443,35.712722137272394
hokkaido_08,2022-11-19,1668890509000,3.842362199095965,-8.016289099238758,35.708905470024035
hokkaido_08,2022-11-26,1669494813000,3.216638821735953,-8.902225404100793,45.51572662875421
hokkaido_08,2022-12-01,1669927308000,5.516080263490102,-7.522097730502969,35.714881295504306
hokkaido_08,2022-12-08,1670531612000,3.860442059553027,-8.836171443392423,45.51245540888624
hokkaido_08,2022-12-13,1670964108000,6.493189444846004,-8.457310808467465,35.71078064984768
hokkaido_08,2022-12-25,1672000907000,3.559418549090182,-11.698465624659296,35.71057201501096
hokkaido_08,2023-01-06,1673037706000,3.3251495738616876,-10.871797552428713,35.70757781113309
hokkaido_08,2023-01-18,1674074505000,2.3666682415802263,-10.071761365733344,35.72768536264816
hokkaido_08,2023-01-25,1674678810000,6.387955879050053,-14.563055323928964,45.526608405835724
hokkaido_08,2023-01-30,1675111306000,1.7321006375496661,-10.851790085183861,35.70783352221029
hokkaido_08,2023-02-06,1675715609000,0.9156099233757424,-12.111101369330429,45.523200356197016
hokkaido_08,2023-02-11,1676148105000,2.4548297371876346,-11.451987771348346,35.713499567773724
hokkaido_08,2023-02-18,1676752409000,5.5483088918101275,-11.512458855913108,45.52640917542493
hokkaido_08,2023-02-23,1677184905000,2.878886967386845,-12.318162823232768,35.71766061141145
hokkaido_08,2023-03-02,1677789209000,2.7591432488496284,-12.050156914550334,45.52341919808611
hokkaido_08,2023-03-07,1678221705000,2.178336158014788,-11.348737052875032,35.71126941565312
hokkaido_08,2023-03-19,1679258505000,3.0591063482477137,-10.508756106884938,35.711592436270365
hokkaido_08,2023-03-26,1679862809000,2.7235175600596633,-8.975151257466916,45.528129260258815
hokkaido_08,2023-03-31,1680295305000,6.953463446240427,-8.68009810677677,35.71289237365969
hokkaido_08,2023-04-07,1680899610000,3.438902838426706,-9.299127885801987,45.521052250161944
hokkaido_08,2023-04-12,1681332106000,7.334497555712455,-8.613772699850985,35.71313843075653
hokkaido_08,2023-04-19,1681936409000,11.62627942060596,-17.74377154250741,45.53476973567581
hokkaido_08,2023-04-24,1682368906000,6.493915131932989,-7.333205119003079,35.71239851287571
hokkaido_08,2023-05-01,1682973211000,3.811358537635421,-9.179988795276566,45.52302500684502
hokkaido_08,2023-05-06,1683405707000,7.643360752863636,-8.450493637237784,35.70417334129403
hokkaido_08,2023-05-13,1684010011000,3.682686986466045,-7.686990906858145,45.52546958792357
hokkaido_08,2023-05-18,1684442508000,5.177652231813509,-9.319949668673214,35.70382362838995
hokkaido_08,2023-05-25,1685046812000,5.338510480137611,-9.014496508875247,45.528358509554515
hokkaido_08,2023-05-30,1685479308000,6.650758975888976,-8.31611959687001,35.70438815733717
hokkaido_08,2023-06-11,1686516109000,6.904797716505868,-7.461760633157172,35.71358755199584
hokkaido_08,2023-06-18,1687120413000,3.7765490654196787,-6.964339162241808,45.52254914379218
hokkaido_08,2023-06-23,1687552909000,6.437893219009575,-7.471842730284031,35.70947948486699
hokkaido_08,2023-06-30,1688157213000,3.1563050295202597,-9.102806393701083,45.527305931853924
hokkaido_08,2023-07-05,1688589710000,6.695081159588819,-6.909456985893468,35.71126072312327
hokkaido_08,2023-07-12,1689194014000,4.540190681295716,-7.488233153559859,45.52554162831222
hokkaido_08,2023-07-17,1689626511000,6.801532048544047,-7.997398892181534,35.70888141131161
hokkaido_08,2023-07-24,1690230815000,4.1397641164591095,-7.953278493650307,45.522997903717915
hokkaido_08,2023-07-29,1690663311000,6.414942613174873,-7.947007553960724,35.70950432116339
hokkaido_08,2023-08-05,1691267616000,4.852119324465127,-9.135013957398426,45.52158970521488
hokkaido_08,2023-08-10,1691700111000,5.886856081731635,-8.700987384406213,35.7282464602077
hokkaido_08,2023-08-17,1692304417000,3.2867416782803427,-7.219259865829267,45.52357874101804
hokkaido_08,2023-08-22,1692736913000,5.473168534368614,-8.88001747426031,35.71666802377411
hokkaido_08,2023-08-29,1693341217000,4.4452975881638475,-7.909806248193865,45.5259058111217
hokkaido_08,2023-09-03,1693773714000,6.788833185672331,-7.9711819242266655,35.70926123307097
hokkaido_08,2023-09-10,1694378018000,5.004335159292624,-7.3184369100261915,45.52548309974826
hokkaido_08,2023-09-15,1694810514000,6.182530644273399,-8.825168713989012,35.70679658558578
hokkaido_08,2023-09-22,1695414818000,4.065924189526701,-7.923404587103901,45.52441492846017
hokkaido_08,2023-09-27,1695847314000,6.460460140145488,-7.873111384971444,35.712229659105766
hokkaido_08,2023-10-09,1696884114000,4.135303414440325,-11.145264218992256,35.7175482216567
hokkaido_08,2023-10-16,1697488418000,3.8894020241033473,-7.058095240169473,45.523100253959484
hokkaido_08,2023-10-21,1697920914000,7.068728643715302,-9.1212578138824,35.70865072354854
hokkaido_08,2023-11-02,1698957714000,4.070716067556147,-10.64239141068665,35.7129202912691
hokkaido_08,2023-11-14,1699994514000,7.671182613512,-8.129903814941287,35.70430131532305
hokkaido_08,2023-11-21,1700598818000,3.10877648842234,-9.929286458493522,45.525311952551256
hokkaido_08,2023-11-26,1701031313000,2.825469374954129,-10.370877892700104,35.71276986401491
hokkaido_08,2023-12-03,1701635617000,3.689547219850496,-10.567491291207768,45.52423843748048
hokkaido_08,2023-12-08,1702068113000,4.087598260183052,-11.1661791488484,35.709525362817764
hokkaido_08,2023-12-15,1702672417000,3.7699745197699195,-8.270685908719763,45.51952494407186
hokkaido_08,2023-12-20,1703104912000,2.7363127218330305,-10.215078845033997,35.724493707736656
hokkaido_08,2023-12-27,1703709215000,8.08803673364669,-13.265936427646137,45.526734571655794
hokkaido_08,2024-01-01,1704141711000,5.435811126750357,-9.070822374763289,35.718715845224175
hokkaido_08,2024-01-08,1704746015000,5.085661670698825,-9.323331280209876,45.52470849008271
hokkaido_08,2024-01-13,1705178511000,7.432780691602758,-10.089515428927985,35.70827630274848
hokkaido_08,2024-01-25,1706215311000,0.4260152367975174,-9.780122715989815,35.70645969534442
hokkaido_08,2024-02-01,1706819614000,9.442844960146454,-11.612472923757588,45.52754024352225
hokkaido_08,2024-02-06,1707252110000,1.9469723411540008,-10.471547817375036,35.71347766306564
hokkaido_08,2024-02-13,1707856414000,3.634433483560591,-10.80319186839598,45.52905350193833
hokkaido_08,2024-02-18,1708288910000,6.424566217232768,-10.81975486323882,35.712505247233736
hokkaido_08,2024-02-25,1708893214000,0.428767357081447,-11.03420388582399,45.52142712757387
hokkaido_08,2024-03-01,1709325710000,2.0076977428632152,-11.736440524422095,35.714061114536555
hokkaido_08,2024-03-08,1709930014000,6.773524548421776,-11.151343750737519,45.53076095256663
hokkaido_08,2024-03-13,1710362510000,2.3555486521609006,-11.348512936042633,35.715852661410636
hokkaido_08,2024-03-20,1710966814000,2.1699163833277617,-11.79434791034201,45.52784025220799
hokkaido_08,2024-03-25,1711399310000,5.0684694673730775,-10.4676223428078,35.71738269767377
hokkaido_08,2024-04-01,1712003615000,2.2845870499665906,-10.535640570619222,45.52698220763543
hokkaido_08,2024-04-06,1712436111000,6.593606282667614,-8.404655916832398,35.70721361472838
hokkaido_08,2024-04-18,1713472911000,6.180680600777345,-8.775079855175791,35.709003756620184
hokkaido_08,2024-04-25,1714077215000,4.0929928015203165,-7.869906203810508,45.51997265825369
hokkaido_08,2024-04-30,1714509712000,4.960978405600249,-9.7809623430238,35.70892767634097
hokkaido_08,2024-05-07,1715114016000,4.014558871748349,-7.528302079419601,45.50877423073503
hokkaido_08,2024-05-12,1715546511000,5.698515650217271,-9.420514280882404,35.70683884755584
hokkaido_08,2024-05-19,1716150815000,3.652868948845183,-7.435746497666806,45.510574471777204
hokkaido_08,2024-05-24,1716583311000,4.516513579939211,-10.154568778301142,35.6928944799721
hokkaido_08,2024-05-31,1717187615000,4.277578750400501,-7.85826872991905,45.512528950384244
hokkaido_08,2024-06-05,1717620111000,4.692029355030524,-9.982776973061592,35.69519009743719
hokkaido_08,2024-06-12,1718224415000,4.489723462661815,-8.438320249187424,45.51323994740744
hokkaido_08,2024-06-17,1718656910000,8.359081230879324,-5.652328181245239,35.70425999265729
hokkaido_08,2024-06-24,1719261214000,4.862375921412835,-7.638524335950557,45.50983417166578
hokkaido_08,2024-06-29,1719693710000,6.026053840851054,-9.656644276723563,35.7015288463733
hokkaido_08,2024-07-06,1720298014000,4.829605587322341,-7.292690231387774,45.507293866927704
hokkaido_08,2024-07-11,1720730509000,5.602406992602411,-10.841211176311276,35.701149901388334
hokkaido_08,2024-07-18,1721334813000,4.1189888846065354,-8.59771807550016,45.513555420384264
hokkaido_08,2024-07-23,1721767309000,4.112460710489262,-9.814899467092284,35.702143631151095
hokkaido_08,2024-07-30,1722371613000,3.9886246259505955,-7.213791260534404,45.517450151117835
hokkaido_08,2024-08-04,1722804109000,3.8989865169359392,-11.561561806465525,35.69834269416586
hokkaido_08,2024-08-11,1723408413000,3.6232139901953335,-8.110930872539933,45.52132548453254
hokkaido_08,2024-08-16,1723840909000,6.0044109741992715,-8.666261768627,35.70726692156569
hokkaido_08,2024-08-23,1724445213000,4.3237924284567075,-7.1685264894829945,45.52561297429213
hokkaido_08,2024-08-28,1724877709000,5.909275882440923,-10.037123092695728,35.71125032677132
hokkaido_08,2024-09-04,1725482013000,4.113537268555017,-8.44306249630167,45.52710046770114
hokkaido_08,2024-09-09,1725914510000,6.253399237768913,-9.385598393070428,35.71640397274367
hokkaido_08,2024-09-16,1726518814000,3.7795441016316667,-7.493938846721153,45.5213947469503
hokkaido_08,2024-09-21,1726951310000,5.778076734740635,-8.620082830572379,35.71588936106517
hokkaido_08,2024-10-03,1727988110000,4.727506224364203,-9.222317212555728,35.715992690432905
hokkaido_08,2024-10-10,1728592415000,3.8533006704205244,-7.83533628698371,45.52735492271479
hokkaido_08,2024-10-15,1729024910000,3.0600382290349977,-8.352883448424171,35.71487840132281
hokkaido_08,2024-10-27,1730061711000,4.865324816282195,-10.764158250710494,35.71261734184427
hokkaido_08,2024-11-03,1730666014000,4.119557531255389,-8.535161689510554,45.52086840352282
hokkaido_08,2024-11-08,1731098510000,6.5831504429850645,-8.156369500955527,35.714166168348555
hokkaido_08,2024-11-15,1731702814000,4.993442252097986,-7.465656943718274,45.51732369956884
hokkaido_08,2024-11-20,1732135309000,6.905156426685433,-8.962453672499468,35.70724679619057
hokkaido_08,2024-11-27,1732739613000,4.845963939662974,-8.76790013201058,45.516499792542135
hokkaido_08,2024-12-02,1733172109000,6.005404015980355,-8.065693446407032,35.699098406632096
hokkaido_08,2024-12-09,1733776412000,4.241182899151352,-9.416757704029454,45.515178196921134
hokkaido_08,2024-12-14,1734208908000,2.9286242885685336,-10.844200882457374,35.6957280810616
hokkaido_08,2024-12-21,1734813211000,1.7751227135312733,-10.482391858459854,45.516150622202844
hokkaido_08,2024-12-26,1735245707000,3.6738880972998937,-10.394734469758793,35.70435245463774
hokkaido_08,2025-01-02,1735850010000,1.1939326499456264,-9.886358100905067,45.518221547800046
hokkaido_08,2025-01-07,1736282505000,2.5488356329802455,-10.300065378025215,35.708569048967355
hokkaido_08,2025-01-14,1736886809000,1.0363433520657628,-10.501715189777709,45.51943488434425
hokkaido_08,2025-01-19,1737319304000,4.877183207931959,-11.760815794197338,35.70921075250144
hokkaido_08,2025-01-26,1737923608000,1.6132614479162968,-10.805716209627079,45.518711452437884
hokkaido_08,2025-01-31,1738356103000,2.8055589827795537,-10.161045740813819,35.711979668197294
hokkaido_08,2025-02-07,1738960408000,1.6471606572873827,-12.014842908749008,45.52223590349241
hokkaido_08,2025-02-12,1739392903000,4.8678568063966425,-9.339735445399391,35.706364398343915
hokkaido_08,2025-02-24,1740429703000,2.3892762632235782,-10.665426824955267,35.71338450484291
hokkaido_08,2025-03-03,1741034007000,0.775553098053549,-14.511569063150526,45.52777769942593
hokkaido_08,2025-03-08,1741466503000,1.221678476177936,-11.919596882448623,35.71237363297154
hokkaido_08,2025-03-15,1742070807000,1.6170483370385849,-9.992831613180845,45.52162846592407
hokkaido_08,2025-03-20,1742503304000,3.6917818835222014,-10.489415798232766,35.71009060404246
hokkaido_08,2025-03-27,1743107607000,6.303379008869509,-13.337705208577379,45.521639170587875
hokkaido_08,2025-04-01,1743540104000,4.171590075688389,-12.484361686152745,35.705198567718625
hokkaido_08,2025-04-08,1744144408000,4.127767711308792,-13.708343120496275,45.52423555654107
hokkaido_08,2025-04-13,1744576904000,3.5524044766967213,-12.092612247617787,35.70925486372204
hokkaido_08,2025-04-20,1745181208000,3.3374571132854083,-14.167143482878627,45.5236275873899
hokkaido_08,2025-04-25,1745613704000,1.5806874507356012,-10.8121901105899,35.69988951432079
hokkaido_08,2025-05-02,1746218008000,3.9798447029112114,-10.671543485805618,45.51898326487676
hokkaido_08,2025-05-07,1746650504000,1.725049701730071,-10.940378212601624,35.70121482506539
hokkaido_08,2025-05-14,1747254808000,2.0452702776257934,-13.343777568396336,45.50925151656283
hokkaido_08,2025-05-19,1747687303000,3.3587300723169378,-11.829618461886279,35.70271374003812
hokkaido_08,2025-05-26,1748291607000,3.722057506027907,-10.759732324207722,45.50486378836491
hokkaido_08,2025-05-31,1748724103000,2.7511812786755527,-11.789488310415576,35.6976112858936
hokkaido_08,2025-06-07,1749328407000,4.0996893615382,-11.116268472733305,45.506614582562676
hokkaido_08,2025-06-12,1749760902000,2.8949343135914054,-12.880352408426088,35.69262568515851
hokkaido_08,2025-06-19,1750365206000,2.6550974749783602,-12.327042665200057,45.51077982502301
hokkaido_08,2025-06-24,1750797702000,3.5625716259073266,-11.774161059358288,35.690670154512944
hokkaido_08,2025-07-01,1751402005000,4.419908356535147,-12.62802462930099,45.510609824978644
hokkaido_08,2025-07-06,1751834501000,2.795175036015719,-11.994263910130357,35.69523444512879
hokkaido_08,2025-07-13,1752438805000,3.752716556006814,-11.96764557239779,45.508833753797745
hokkaido_08,2025-07-18,1752871300000,3.8744539583864817,-12.995172520562,35.70216062280343
hokkaido_08,2025-07-25,1753475604000,3.1752775452923894,-11.432313813275625,45.512919319658174
hokkaido_08,2025-07-30,1753908100000,3.395417128685206,-14.241671131620082,35.703855753910204
hokkaido_08,2025-08-06,1754512404000,3.545996645208954,-12.594453797512411,45.51449712194531
hokkaido_08,2025-08-11,1754944900000,2.7625584918596684,-13.319085829728351,35.703377093115975
hokkaido_08,2025-08-18,1755549204000,3.1548436909538187,-12.27730178104698,45.522892910149345
hokkaido_08,2025-08-23,1755981700000,3.0633645048567613,-13.001605953130953,35.705316848878226
hokkaido_08,2025-08-30,1756586004000,4.557500455425962,-13.145063248673589,45.526645601854945
hokkaido_08,2025-09-04,1757018500000,2.556572107132496,-13.24698242245051,35.71224772330608
hokkaido_08,2025-09-11,1757622805000,2.6551402412530476,-12.18384993031274,45.522590082678065
hokkaido_08,2025-09-16,1758055301000,2.671803139344903,-12.110585524792677,35.717474391739245
hokkaido_08,2025-09-23,1758659605000,3.6638901216628144,-13.968849507629365,45.527556888212644
hokkaido_08,2025-09-28,1759092101000,2.28289544556079,-13.223374515664181,35.71643564901169
hokkaido_08,2025-10-05,1759696405000,4.487860336192669,-12.754421108204177,45.52576740611683
hokkaido_08,2025-10-10,1760128901000,3.6066584557086445,-13.07709301144836,35.703176518076475
hokkaido_08,2025-10-17,1760733205000,4.831965594211953,-11.469313704266204,45.526104580780355
hokkaido_08,2025-10-22,1761165701000,3.2499154232154703,-12.54536271167815,35.70822687983104
hokkaido_08,2025-10-29,1761770005000,4.610776567270784,-11.046178634357053,45.52594052425006
hokkaido_08,2025-11-03,1762202501000,2.692219986110064,-13.209155073353479,35.7057591864633
hokkaido_08,2025-11-10,1762806804000,3.7664004924323855,-11.630262894917779,45.52312051469315
hokkaido_08,2025-11-15,1763239300000,1.387759154071117,-12.220691535480345,35.70861970550218
hokkaido_08,2025-11-22,1763843604000,4.754042263027257,-11.47121271749781,45.509014478882385
hokkaido_08,2025-11-27,1764276099000,3.046617058756865,-12.55034160416949,35.70600424684047
hokkaido_08,2025-12-04,1764880402000,2.943780955653075,-8.74813598566679,45.51445414878666
hokkaido_08,2025-12-09,1765312898000,4.582027468139215,-10.4054790974523,35.70039623043
hokkaido_08,2025-12-16,1765917201000,2.4115643703785863,-10.276925752010833,45.513739858520104
hokkaido_08,2025-12-21,1766349697000,6.789743308003469,-8.580766261083278,35.69772414234487
hokkaido_08,2025-12-28,1766954000000,3.1825852454614565,-11.359348644230105,45.521186870211345
hokkaido_08,2026-01-02,1767386495000,5.987353978986815,-9.591485253248429,35.698695309905524
hokkaido_08,2026-01-09,1767990799000,3.1580139752600993,-8.438484669904641,45.52291496434131
hokkaido_08,2026-01-14,1768423294000,7.4789341742575495,-8.807757299944413,35.70254473231722
hokkaido_08,2026-01-26,1769460094000,4.079219828690188,-9.240383599816159,35.70824706007626
hokkaido_08,2026-02-02,1770064397000,1.925849172621938,-9.723047172385444,45.512622916532194
hokkaido_08,2026-02-07,1770496893000,3.458615273495467,-8.524816754151766,35.70966474083431
hokkaido_08,2026-02-14,1771101196000,2.481265202071195,-10.550770692223475,45.522727061792736
hokkaido_08,2026-02-19,1771533692000,2.0821593879644613,-10.738515865730092,35.70859547308458
hokkaido_08,2026-02-26,1772137996000,2.820331999429498,-11.046183848703764,45.52655189161133
hokkaido_08,2026-03-03,1772570492000,4.73030587202907,-8.835711170458978,35.7104972632739
hokkaido_08,2026-03-10,1773174796000,3.831949596625097,-10.263255256666497,45.52626354588189
hokkaido_08,2026-03-15,1773607292000,5.967944204144026,-9.14805964038204,35.70840297057539
hokkaido_08,2026-03-22,1774211596000,4.955526631798359,-9.360437635763958,45.52356783870159
hokkaido_08,2026-04-03,1775248396000,4.079500910554294,-8.627319626477796,45.519940264583205
hokkaido_08,2026-04-08,1775680892000,5.617862345913711,-7.917863425181002,35.7099802214577
hokkaido_08,2026-04-15,1776285196000,4.274080335302127,-9.16898046005204,45.51276269983247
hokkaido_08,2026-04-20,1776717693000,6.169134772353771,-8.459378416649997,35.70098057942405
hokkaido_08,2026-04-27,1777321996000,4.781639627496497,-8.477681648062914,45.512680746872164
hokkaido_08,2026-05-02,1777754492000,6.2336807581255345,-10.31917127881497,35.69728694192654
hokkaido_08,2026-05-09,1778358796000,5.626710505185404,-7.901296590677556,45.51466524931115
hokkaido_08,2026-05-14,1778791292000,6.847857359167545,-10.307343586370012,35.694696679572644
hokkaido_08,2026-05-21,1779395595000,5.346202011051823,-8.057991881841916,45.51223061631232
hokkaido_09,2017-02-18,1487450457000,1.8071973328299467,-8.506457173968457,35.962567486360015
hokkaido_09,2017-02-25,1488054783000,-5.088734111933543,-18.513426604965545,45.54852007373743
hokkaido_09,2017-03-02,1488487257090,4.885682112669568,-6.628845833211163,35.9647485645143
hokkaido_09,2017-03-14,1489524057000,1.9825272405533476,-7.0687101662522585,35.954715020360126
hokkaido_09,2017-03-26,1490560857000,7.503252723093027,-4.3110746617072575,35.954338963235536
hokkaido_09,2017-04-07,1491597658140,5.657040247511532,-2.270923875734492,35.95805330218691
hokkaido_09,2017-04-14,1492201985000,-3.5410475249351334,-27.071641872920562,45.55149640969488
hokkaido_09,2017-04-19,1492634458760,6.713836500997362,-2.887823802437076,35.96000902706752
hokkaido_09,2017-04-26,1493238785360,4.2174006934357715,-14.212921321177618,45.550760362413186
hokkaido_09,2017-05-01,1493671259000,6.91412813296849,-2.4755270577992823,35.957698868288276
hokkaido_09,2017-05-08,1494275586310,4.77751465997137,-6.773691612004723,45.546713898605375
hokkaido_09,2017-05-13,1494708059970,7.561354878681376,-3.5867241447667553,35.95358912227177
hokkaido_09,2017-05-20,1495312386000,-3.374551600288098,-35.08881051356302,45.55148452589076
hokkaido_09,2017-05-25,1495744860000,7.789799628890945,-3.380186444824056,35.95822982371686
hokkaido_09,2017-06-06,1496781661000,8.782063325139754,-3.581921823018106,35.95381220687826
hokkaido_09,2017-06-18,1497818461000,8.842930889476504,-3.7405196867537454,35.958829656523456
hokkaido_09,2017-06-25,1498422789000,4.944713662973739,-11.495604200068437,45.54900820892636
hokkaido_09,2017-06-30,1498855262000,9.204470954450231,-3.5914585208438785,35.96088112956346
hokkaido_09,2017-07-07,1499459589000,-0.8325759595238912,-22.6931305463581,45.55126817568383
hokkaido_09,2017-07-12,1499892063000,8.51515147957612,-5.021627219775164,35.958434477526744
hokkaido_09,2017-07-24,1500928864000,8.9159056917882,-3.1271644002397747,35.95800943426663
hokkaido_09,2017-07-31,1501533191000,-1.5823926263127528,-21.424646664067765,45.55133319122623
hokkaido_09,2017-08-05,1501965664000,8.987097876111715,-3.977316573851,35.952321590175046
hokkaido_09,2017-08-12,1502569991000,-15.243194420410738,-44.24692241781011,45.55250357964279
hokkaido_09,2017-08-17,1503002465000,8.191172968785107,-4.863553000536069,35.959643632245815
hokkaido_09,2017-08-24,1503606792000,1.859051335668954,-19.096028707820587,45.549867554080926
hokkaido_09,2017-08-29,1504039265000,8.926496468258163,-4.079786456189111,35.95902427063235
hokkaido_09,2017-09-05,1504643592000,-11.862120990349972,-40.21081433988571,45.550754036848474
hokkaido_09,2017-09-10,1505076066000,8.748740907537872,-3.2962871157982057,35.95705481915943
hokkaido_09,2017-09-17,1505680393000,-0.39108107753412946,-25.33066941409794,45.54907219319892
hokkaido_09,2017-09-22,1506112866000,9.220514678816402,-3.0515045703832553,35.95747193615848
hokkaido_09,2017-10-04,1507149666000,8.95352230129317,-4.271041064389791,35.95667336834491
hokkaido_09,2017-10-16,1508186467000,9.774588643245385,-3.5699220689378968,35.95784855004606
hokkaido_09,2017-10-28,1509223267000,9.426191787573085,-4.693145273737196,35.95678283056138
hokkaido_09,2017-11-04,1509827593000,3.5962652815432667,-16.228134004640054,45.547374377569724
hokkaido_09,2017-11-09,1510260066000,8.947556740497031,-3.5871665262897907,35.959778642847475
hokkaido_09,2017-11-21,1511296866000,8.234684482173801,-4.291209157102543,35.95414022051414
hokkaido_09,2017-12-03,1512333666000,8.37175451612493,-4.515875445392771,35.954216351890736
hokkaido_09,2017-12-15,1513370465000,5.469238581097785,-4.527398777881222,35.954098701862684
hokkaido_09,2017-12-27,1514407265000,5.603052650282838,-3.667714290704869,35.961300200768406
hokkaido_09,2018-01-08,1515444064000,4.5332842288192925,-4.871934441387953,35.96010334001011
hokkaido_09,2018-01-15,1516048391000,-4.545090525146824,-25.27134205275626,45.547563859573515
hokkaido_09,2018-01-20,1516480864000,4.0078323272855,-4.946105237570079,35.953343226593
hokkaido_09,2018-02-01,1517517664000,4.341096002410757,-4.679569160754084,35.952726225776836
hokkaido_09,2018-02-13,1518554463000,5.954250111473727,-4.884249696467426,35.95217272492073
hokkaido_09,2018-02-25,1519591263000,4.312814933860952,-5.478415752407095,35.960241321220416
hokkaido_09,2018-03-09,1520628063000,1.3034176779451176,-5.147434694918503,35.96575698991452
hokkaido_09,2018-03-21,1521664863000,5.81077248689398,-3.8778100632057293,35.96566098127864
hokkaido_09,2018-04-02,1522701664000,6.240537913662414,-4.583619173795655,35.95890268403303
hokkaido_09,2018-04-14,1523738464000,8.69851671956895,-5.671236554657329,35.95640727837815
hokkaido_09,2018-04-26,1524775265000,8.206643502040313,-4.22228866938691,35.95689305199087
hokkaido_09,2018-05-08,1525812065000,8.26781266254474,-4.249386068056197,35.95915055144838
hokkaido_09,2018-05-20,1526848866000,7.53255855366821,-5.558241556476985,35.96092067122435
hokkaido_09,2018-06-01,1527885667000,6.816313186352918,-3.5561143109069513,35.962275738520454
hokkaido_09,2018-06-13,1528922468000,8.554909707034119,-4.597224081258867,35.95325101921061
hokkaido_09,2018-06-25,1529959268000,8.654704745271468,-4.022635312601051,35.95464700100326
hokkaido_09,2018-07-19,1532032870000,8.46330455804294,-3.740887401430493,35.9616485473744
hokkaido_09,2018-07-31,1533069670000,8.850496381023438,-3.399407663149457,35.96365075045858
hokkaido_09,2018-08-12,1534106471000,9.359217967081483,-4.062496476867011,35.9569734937127
hokkaido_09,2018-08-24,1535143272000,8.184951107601915,-4.736422029302065,35.94632862203761
hokkaido_09,2018-09-05,1536180072000,9.436626099857873,-4.386796503166118,35.95649025628886
hokkaido_09,2018-09-17,1537216873000,8.19077852331492,-5.499464192293809,35.9596058049988
hokkaido_09,2018-09-29,1538253673000,8.102016826448708,-4.5561707384452825,35.9593128054659
hokkaido_09,2018-10-11,1539290473000,9.07430561478812,-7.158024306052258,35.955005597933265
hokkaido_09,2018-10-23,1540327273000,8.380210901574397,-6.5899601357652715,35.955434509734296
hokkaido_09,2018-11-04,1541364073000,9.11465353734777,-5.54753002505038,35.95511979293515
hokkaido_09,2018-11-16,1542400873000,8.57078365141995,-4.881726496933074,35.959272167916936
hokkaido_09,2018-11-28,1543437672000,7.309769940813094,-5.640963305442693,35.961026483652546
hokkaido_09,2018-12-10,1544474472000,6.197069086612639,-3.4359765922248218,35.955847391945305
hokkaido_09,2018-12-22,1545511272000,7.692652260644663,-4.445958137587206,35.951145226129825
hokkaido_09,2019-01-03,1546548071000,6.22321461582996,-5.031050794136416,35.953786902400694
hokkaido_09,2019-01-15,1547584871000,5.766388286978177,-4.206326200916274,35.96052474451123
hokkaido_09,2019-01-27,1548621671000,5.577362938768893,-4.0728453196570795,35.95636310207333
hokkaido_09,2019-02-08,1549658470000,4.292749233655319,-6.077701590544617,35.95776358400362
hokkaido_09,2019-02-20,1550695270000,4.0477734393362015,-6.58185363356251,35.953119666516635
hokkaido_09,2019-03-04,1551732070000,4.914906952099421,-5.615277984146429,35.9492281098442
hokkaido_09,2019-03-16,1552768870000,5.418091595732804,-5.642498605403882,35.95922042877537
hokkaido_09,2019-03-28,1553805670000,6.169612548300539,-5.724180541745146,35.95919583946769
hokkaido_09,2019-04-09,1554842470000,6.8135192743403135,-5.191925534544006,35.961032394255035
hokkaido_09,2019-04-21,1555879271000,7.047052726403221,-4.85254136838165,35.952809557741
hokkaido_09,2019-05-03,1556916071000,6.966755547349678,-5.509368440332112,35.949599606939266
hokkaido_09,2019-05-15,1557952872000,7.682205726797936,-5.549887549049079,35.954957722702225
hokkaido_09,2019-06-08,1560026473000,8.104612328738185,-5.2075421078327215,35.96337404233728
hokkaido_09,2019-06-20,1561063274000,7.778949302889204,-6.23627192200749,35.9594719682022
hokkaido_09,2019-07-02,1562100075000,8.25829635163983,-7.0425688610771235,35.95352748100819
hokkaido_09,2019-07-14,1563136875000,8.0262841401752,-6.531098582080564,35.95531094871547
hokkaido_09,2019-07-26,1564173676000,7.087003129663612,-5.889270049011722,35.96070608428592
hokkaido_09,2019-08-07,1565210477000,6.689879764008837,-5.895695669090295,35.95977986396503
hokkaido_09,2019-08-19,1566247278000,8.313096744191727,-6.310213424780742,35.9548835847078
hokkaido_09,2019-09-12,1568320879000,5.930424956474596,-6.523927904739209,35.959075717220465
hokkaido_09,2019-09-24,1569357679000,7.493921504388497,-3.9736409107851336,35.95431239812061
hokkaido_09,2019-10-06,1570394480000,7.988809027554399,-4.619337768108872,35.958535186878606
hokkaido_09,2019-10-18,1571431279000,7.354687830300141,-5.756422574779124,35.96044110412905
hokkaido_09,2019-10-30,1572468080000,7.449697834293646,-6.4807790606538855,35.95493479532032
hokkaido_09,2019-11-11,1573504880000,8.15005221559473,-4.2541122979979615,35.953207889276975
hokkaido_09,2019-11-23,1574541679000,6.116347411361291,-4.009664798662689,35.95532109418254
hokkaido_09,2019-12-05,1575578479000,6.400232199402214,-3.717806265325974,35.96150611891322
hokkaido_09,2019-12-17,1576615278000,6.328334204327353,-4.30818330870884,35.95765460396585
hokkaido_09,2019-12-29,1577652078000,4.08938659873379,-5.297570502881158,35.95254779261692
hokkaido_09,2020-01-10,1578688877000,6.232278371011652,-5.538122048809066,35.95002481805327
hokkaido_09,2020-01-22,1579725677000,4.346287588251831,-4.480811011550181,35.953558792512
hokkaido_09,2020-02-03,1580762477000,4.483543080306555,-5.505382427593277,36.0779355017524
hokkaido_09,2020-02-15,1581799276000,4.2776249376450695,-4.8760572033534615,36.08117839069749
hokkaido_09,2020-02-27,1582836076000,5.426118449713652,-5.108493987786712,36.07869946429543
hokkaido_09,2020-03-10,1583872876000,12.47899735864213,-5.010291582890479,36.07031334659781
hokkaido_09,2020-03-22,1584909676000,5.787250425054587,-4.738779825312777,36.071415717540596
hokkaido_09,2020-04-03,1585946477000,5.566333934813136,-4.415872934608181,36.077877315283786
hokkaido_09,2020-04-15,1586983277000,6.019463097237044,-3.5157839520772263,36.08085901379416
hokkaido_09,2020-04-27,1588020078000,6.845326705719242,-3.3390800172422628,36.07986127703828
hokkaido_09,2020-05-09,1589056878000,6.84423272760137,-4.5139962365089215,36.0811602965729
hokkaido_09,2020-05-21,1590093679000,6.942190760381895,-4.913087644752516,36.07631877860638
hokkaido_09,2020-06-02,1591130479000,7.133290590574722,-4.776981224130617,36.0796237245181
hokkaido_09,2020-06-14,1592167280000,6.309176399631628,-4.531612315325389,36.07721458230025
hokkaido_09,2020-06-26,1593204081000,6.86775695965191,-6.21527994382295,36.081246984147036
hokkaido_09,2020-07-08,1594240882000,7.799060692120445,-6.3089586550957,36.08032861857203
hokkaido_09,2020-07-20,1595277682000,6.616233841128265,-8.075242237491628,36.07417886269225
hokkaido_09,2020-08-01,1596314483000,6.140584588948794,-6.302743929334971,36.071886774503504
hokkaido_09,2020-08-13,1597351284000,6.563302746272002,-5.992059138820708,36.07936243384775
hokkaido_09,2020-08-25,1598388085000,6.2020997886992415,-6.516050342824432,36.078020509560076
hokkaido_09,2020-09-06,1599424885000,5.772653578083426,-5.817811885880565,36.07588108871922
hokkaido_09,2020-09-18,1600461685000,6.178092119375819,-5.5942224042139,36.07381466705082
hokkaido_09,2020-09-30,1601498486000,6.076361719844855,-5.9814653155821675,36.076268077643086
hokkaido_09,2020-10-12,1602535286000,7.307327438281632,-6.853198543278747,36.0752950284551
hokkaido_09,2020-10-24,1603572086000,6.189546953926419,-6.0557780959519265,36.07899684467093
hokkaido_09,2020-11-05,1604608886000,7.067683879681267,-6.19954290239787,36.074541963167455
hokkaido_09,2020-11-17,1605645686000,6.259573598752719,-5.907069001228701,36.072916971049985
hokkaido_09,2020-11-29,1606682485000,6.2041550786918895,-4.586101207364128,36.07474265282676
hokkaido_09,2020-12-11,1607719285000,7.14012462081679,-4.659982853334512,36.07510902540475
hokkaido_09,2020-12-23,1608756084000,6.997037835912589,-6.054138863997983,36.0798168147673
hokkaido_09,2021-01-04,1609792884000,6.299206275960371,-5.5104860136729,36.078449483543935
hokkaido_09,2021-01-16,1610829683000,3.39948880855019,-5.958603636777666,36.07483969023732
hokkaido_09,2021-01-28,1611866483000,7.202016702280867,-5.884434120693034,36.0682773443606
hokkaido_09,2021-02-09,1612903282000,5.95764227147819,-4.40804081376377,36.069673759992725
hokkaido_09,2021-02-21,1613940082000,4.4804187920872,-6.657016943967963,36.080964055102775
hokkaido_09,2021-03-05,1614976882000,9.280974506137321,-4.567448138371565,36.08457015374694
hokkaido_09,2021-03-17,1616013682000,6.2522142511012735,-5.9974932158192376,36.08400529918104
hokkaido_09,2021-03-29,1617050482000,3.34720837191591,-6.283447673369222,36.07549702739754
hokkaido_09,2021-04-10,1618087283000,7.987828068383356,-5.05931984514232,36.07520171557657
hokkaido_09,2021-04-22,1619124083000,6.271381420863973,-4.772347413805042,36.07925401291015
hokkaido_09,2021-05-04,1620160884000,6.604308826478719,-4.334126600055897,36.08104934738631
hokkaido_09,2021-05-16,1621197684000,7.789331047026172,-5.373241171363474,36.08011808140971
hokkaido_09,2021-05-28,1622234485000,7.892783910345301,-4.2935760908873775,36.075984179720784
hokkaido_09,2021-06-09,1623271286000,9.531023440233247,-5.404071454725073,36.07453531281066
hokkaido_09,2021-06-21,1624308087000,9.104501881684039,-4.066688910604236,36.07602926128247
hokkaido_09,2021-07-03,1625344887000,9.822512388637385,-4.836726615560362,36.078227872576484
hokkaido_09,2021-07-15,1626381688000,8.413232700213518,-5.342904100642686,36.07908249055496
hokkaido_09,2021-07-27,1627418489000,7.204490069522988,-4.684411320703581,36.08456008815515
hokkaido_09,2021-08-08,1628455289000,8.418489367205314,-5.169175796073428,36.07524300083782
hokkaido_09,2021-08-20,1629492090000,9.622437230088963,-5.078692519345634,36.07346677597087
hokkaido_09,2021-09-01,1630528905000,8.244708424020466,-4.790420477810471,35.590555266994684
hokkaido_09,2021-09-13,1631565705000,7.888367441215429,-4.805622263298025,35.5868145550928
hokkaido_09,2021-09-25,1632602506000,7.943512789331019,-5.0560708756686745,35.58273959555768
hokkaido_09,2021-10-07,1633639303000,8.199767001157394,-5.942132323817169,35.722134545469515
hokkaido_09,2021-10-19,1634676103000,9.11182673269466,-5.267676249415495,35.71991090944284
hokkaido_09,2021-10-31,1635712903000,8.476019044203216,-5.3290157857788225,35.72360907326238
hokkaido_09,2021-11-12,1636749703000,9.316812960604702,-4.980276789323623,35.72549890917402
hokkaido_09,2021-11-24,1637786503000,9.08724665546537,-4.9296207753741665,35.7198827500777
hokkaido_09,2021-12-06,1638823302000,5.106016495011569,-5.439084805391155,35.719803944266204
hokkaido_09,2021-12-18,1639860102000,5.802528349742879,-5.461880104343945,35.7180858014206
hokkaido_09,2021-12-30,1640896901000,5.995634106405099,-3.960222067678443,35.725415518923825
hokkaido_09,2022-01-11,1641933701000,5.319749581486715,-6.870986790597333,35.72408222145302
hokkaido_09,2022-01-23,1642970500000,2.204699732446305,-5.692563769125063,35.72386308773759
hokkaido_09,2022-02-04,1644007299000,3.9222583672048907,-4.601626001832204,35.724948198861284
hokkaido_09,2022-02-16,1645044099000,4.3442434206375635,-5.228248184144098,35.72305834471866
hokkaido_09,2022-02-28,1646080899000,2.3501157844133043,-8.557569969474061,35.72165609739979
hokkaido_09,2022-03-12,1647117699000,3.8148714655368443,-5.480047335852376,35.72743427278924
hokkaido_09,2022-03-24,1648154500000,6.88666491966475,-7.27552575885111,35.726659796757005
hokkaido_09,2022-04-05,1649191300000,3.9529815357434823,-6.252772714576185,35.727644580108944
hokkaido_09,2022-04-17,1650228100000,6.312361302104222,-5.329115441407332,35.72319460542199
hokkaido_09,2022-04-29,1651264901000,6.452528454565807,-4.658370105716517,35.723057254313176
hokkaido_09,2022-05-11,1652301701000,5.806212347378632,-3.9379941580100275,35.7251991413886
hokkaido_09,2022-06-04,1654375303000,7.208529041693026,-4.420999314031985,35.72377914098742
hokkaido_09,2022-06-16,1655412104000,7.318708769767348,-5.38061701640329,35.72693056009061
hokkaido_09,2022-06-28,1656448905000,7.900186306215152,-5.956708435358729,35.71952108209783
hokkaido_09,2022-07-10,1657485705000,8.619661880365191,-5.161543452545032,35.72105034112062
hokkaido_09,2022-07-22,1658522506000,7.934353233216286,-5.5238681276299895,35.726669756956774
hokkaido_09,2022-08-03,1659559307000,9.156841741838953,-5.238399818302352,35.724843514765496
hokkaido_09,2022-08-15,1660596108000,7.734598279621766,-5.888977760461346,35.724359703526545
hokkaido_09,2022-08-27,1661632908000,8.825480944474727,-5.070096526416444,35.721620258815946
hokkaido_09,2022-09-08,1662669709000,8.456520659361184,-5.613687870790915,35.71485713613352
hokkaido_09,2022-09-20,1663706508000,8.999115733806136,-4.849315660316462,35.74021741573894
hokkaido_09,2022-10-02,1664743309000,9.104823573155617,-4.429371990817481,35.724950009740965
hokkaido_09,2022-10-14,1665780109000,10.081464102705079,-4.328939106310959,35.72571084372858
hokkaido_09,2022-10-26,1666816909000,7.2651997374132415,-5.10404220495917,35.71599153315652
hokkaido_09,2022-11-07,1667853709000,5.031922259678281,-5.040248953504718,35.72505219597537
hokkaido_09,2022-11-19,1668890509000,7.473834762562209,-4.759149663521507,35.7212379323042
hokkaido_09,2022-12-01,1669927308000,5.322616248908247,-5.085541360736155,35.72720212402836
hokkaido_09,2022-12-13,1670964108000,6.145963982581799,-6.060999474997594,35.7231134330236
hokkaido_09,2022-12-25,1672000907000,4.853658835611277,-5.052748015494549,35.72290418834747
hokkaido_09,2023-01-06,1673037706000,3.4963874029044844,-5.2859190858697245,35.71990807986265
hokkaido_09,2023-01-18,1674074505000,5.938657166997361,-5.322768237597015,35.74000712340951
hokkaido_09,2023-01-30,1675111306000,6.326756098103221,-5.03605888239924,35.72016337197264
hokkaido_09,2023-02-11,1676148105000,5.887249602229505,-3.332031922650814,35.72582787793092
hokkaido_09,2023-02-23,1677184905000,4.896337238095266,-6.110926796737519,35.72999238331599
hokkaido_09,2023-03-07,1678221705000,6.308289594639479,-6.31408631690137,35.72360121393667
hokkaido_09,2023-03-19,1679258505000,6.414300733117157,-6.442890512281936,35.72392164684919
hokkaido_09,2023-03-31,1680295305000,7.313046957613419,-7.544127936472711,35.72522246811078
hokkaido_09,2023-04-12,1681332106000,7.930718685069797,-4.894238666216649,35.72545799059587
hokkaido_09,2023-04-24,1682368906000,6.984713701115721,-4.197155085547595,35.72472923948272
hokkaido_09,2023-05-06,1683405707000,7.750314608347497,-4.8999882285641725,35.716499934218625
hokkaido_09,2023-05-18,1684442508000,8.131815494752216,-4.9860360138211846,35.71615382945146
hokkaido_09,2023-05-30,1685479308000,6.843092250065505,-3.621659680749552,35.71671904314399
hokkaido_09,2023-06-11,1686516109000,6.3400761342472665,-4.378469869965316,35.725915666928394
hokkaido_09,2023-06-23,1687552909000,7.222306491265382,-3.4870172555756986,35.72180727991618
hokkaido_09,2023-07-05,1688589710000,6.495827305487789,-5.732066092224041,35.72358129750128
hokkaido_09,2023-07-17,1689626511000,8.040344541779833,-4.873342296811143,35.72120223178393
hokkaido_09,2023-07-29,1690663311000,7.379702427470727,-4.371228935158556,35.72183495700949
hokkaido_09,2023-08-10,1691700111000,6.334803054976939,-3.5642290049421477,35.74057189284684
hokkaido_09,2023-08-22,1692736913000,7.0479919392255885,-4.6752916632322155,35.729000137791495
hokkaido_09,2023-09-03,1693773714000,8.567414158704231,-5.804815596354712,35.72158511296335
hokkaido_09,2023-09-15,1694810514000,9.365080565290656,-4.675949006429859,35.71912442145019
hokkaido_09,2023-09-27,1695847314000,9.598236335000198,-5.150303289340039,35.72456021994496
hokkaido_09,2023-10-09,1696884114000,8.346581870606157,-5.2085734677452145,35.729877502768346
hokkaido_09,2023-10-21,1697920914000,7.3978594724795,-6.019569549708427,35.720979620624654
hokkaido_09,2023-11-02,1698957714000,8.734184807815467,-4.800975032905618,35.72525331921433
hokkaido_09,2023-11-14,1699994514000,8.897731266580989,-5.60188024468206,35.71663058933357
hokkaido_09,2023-11-26,1701031313000,6.02764036674633,-5.17017421559138,35.72510068579526
hokkaido_09,2023-12-08,1702068113000,6.3623623008243655,-5.255265409452584,35.7218513288442
hokkaido_09,2023-12-20,1703104912000,5.638437640491565,-4.491337504946394,35.736811432940705
hokkaido_09,2024-01-01,1704141711000,4.313497982081392,-5.955482210223498,35.73104669205489
hokkaido_09,2024-01-13,1705178511000,5.969582039970445,-4.889736019927133,35.72060438676315
hokkaido_09,2024-01-25,1706215311000,2.52441042050166,-4.1052484330443955,35.718788943820535
hokkaido_09,2024-02-06,1707252110000,3.374575220171653,-5.032713105518765,35.725804604176105
hokkaido_09,2024-02-18,1708288910000,2.032803573921828,-6.3088277322428565,35.72482535177985
hokkaido_09,2024-03-01,1709325710000,0.3862368052980209,-6.304548114286736,35.726388399806694
hokkaido_09,2024-03-13,1710362510000,4.129398425397993,-5.376633670328127,35.72817973439512
hokkaido_09,2024-03-25,1711399310000,5.952162871348257,-4.207835890135311,35.72971243230007
hokkaido_09,2024-04-06,1712436111000,6.679496810136004,-4.571658384784075,35.71954435098051
hokkaido_09,2024-04-18,1713472911000,9.154548838829397,-5.239426036298345,35.721332931055805
hokkaido_09,2024-04-30,1714509712000,9.040318362992515,-5.0747203825214875,35.72125461341829
hokkaido_09,2024-05-07,1715114016000,8.221532798968012,-7.4684110542694535,45.521425123478714
hokkaido_09,2024-05-12,1715546511000,9.422413308333375,-7.2675690884879,35.71916861717148
hokkaido_09,2024-05-19,1716150815000,8.523496051210026,-6.793197751525475,45.52319722263279
hokkaido_09,2024-05-24,1716583311000,10.165378011945345,-5.06341375111822,35.70522873258331
hokkaido_09,2024-05-31,1717187615000,8.77951692741358,-6.490392684992897,45.525139036338715
hokkaido_09,2024-06-05,1717620111000,9.461076403157817,-5.702122566007139,35.707518584699834
hokkaido_09,2024-06-12,1718224415000,7.541599298122676,-6.588435611344199,45.52584814186574
hokkaido_09,2024-06-17,1718656910000,10.885336002685735,-5.641424939316506,35.716668787778325
hokkaido_09,2024-06-24,1719261214000,8.37878215983901,-7.114477626825903,45.522467574271126
hokkaido_09,2024-06-29,1719693710000,8.370858967902294,-5.380559802406844,35.71386055568886
hokkaido_09,2024-07-06,1720298014000,8.032670012029124,-7.458027246671271,45.51995446253304
hokkaido_09,2024-07-11,1720730509000,7.4026912263173115,-5.091536542322309,35.71348745046492
hokkaido_09,2024-07-18,1721334813000,6.77671626039005,-8.651923735410769,45.526161024837194
hokkaido_09,2024-07-23,1721767309000,6.7424225993381395,-6.3452448838152335,35.71447798150265
hokkaido_09,2024-07-30,1722371613000,10.595632782655525,-7.672251623613261,45.53002584055382
hokkaido_09,2024-08-04,1722804109000,6.5204677378722184,-6.931917996035958,35.710676313819015
hokkaido_09,2024-08-16,1723840909000,6.4271834452309955,-6.607422655936456,35.719587829812205
hokkaido_09,2024-08-28,1724877709000,9.268802307705664,-4.417941229446197,35.72357838486181
hokkaido_09,2024-09-09,1725914510000,7.0731455978989395,-5.034126462209984,35.728732429791535
hokkaido_09,2024-09-21,1726951310000,6.917977624680997,-5.144225411450465,35.72821953880662
hokkaido_09,2024-10-03,1727988110000,9.511600936686396,-5.894132457103119,35.7283255382649
hokkaido_09,2024-10-15,1729024910000,9.449640042049483,-4.932952321561837,35.72720085531142
hokkaido_09,2024-10-27,1730061711000,10.657175678565661,-5.807097404297285,35.72494810885894
hokkaido_09,2024-11-08,1731098510000,12.075078436433023,-5.729305010610726,35.72649793445739
hokkaido_09,2024-11-20,1732135309000,10.148549391361858,-6.270057021430813,35.71957795197866
hokkaido_09,2024-12-02,1733172109000,10.501252552866355,-6.316340481443287,35.71143307534582
hokkaido_09,2024-12-14,1734208908000,9.302503907419439,-6.317448550777332,35.708054587422566
hokkaido_09,2024-12-26,1735245707000,8.84540891255535,-4.225452746641774,35.716674525770024
hokkaido_09,2025-01-07,1736282505000,6.397237753338588,-3.8888425262712505,35.72089893841986
hokkaido_09,2025-01-19,1737319304000,9.075170798739517,-1.5665126570179675,35.72154191758898
hokkaido_09,2025-01-31,1738356103000,5.610033431056348,-3.9313599182597274,35.72430435890375
hokkaido_09,2025-02-12,1739392903000,9.58643559062442,-3.7299212986731938,35.71869359950826
hokkaido_09,2025-02-24,1740429703000,6.757966401128981,-4.044312996137233,35.72570627532984
hokkaido_09,2025-03-08,1741466503000,6.661500250532054,-2.789105946993411,35.72470348914144
hokkaido_09,2025-03-20,1742503304000,8.650235026045817,-4.139286913931994,35.722420614577146
hokkaido_09,2025-04-01,1743540104000,6.280919493270086,-4.258963545359035,35.71752616854592
hokkaido_09,2025-04-13,1744576904000,7.564544024029029,-3.1573864301218824,35.72157863155234
hokkaido_09,2025-04-25,1745613704000,11.419218142438393,-2.4313050638298837,35.712222955106476
hokkaido_09,2025-05-02,1746218008000,9.228760270240821,-6.197774883012143,45.531547492452404
hokkaido_09,2025-05-07,1746650504000,10.478543465607236,-3.941873431900454,35.7135464284222
hokkaido_09,2025-05-14,1747254808000,2.385339071773039,-6.545967375877158,45.52189282720257
hokkaido_09,2025-05-19,1747687303000,8.848392958636975,-4.14903453487176,35.71504042363581
hokkaido_09,2025-05-26,1748291607000,4.271247365146762,-5.125353431000672,45.517535603367435
hokkaido_09,2025-05-31,1748724103000,7.0919227444959345,-3.624868938446348,35.709945366346936
hokkaido_09,2025-06-07,1749328407000,4.592638263450168,-5.7040758572804435,45.51927792310283
hokkaido_09,2025-06-12,1749760902000,8.988909471596202,-4.604057307725456,35.70496334415851
hokkaido_09,2025-06-19,1750365206000,2.1796421706442843,-6.200229167608276,45.523405215687724
hokkaido_09,2025-06-24,1750797702000,6.950584209019896,-5.89950279007804,35.703007505473565
hokkaido_09,2025-07-01,1751402005000,4.250028182200299,-5.837473170500619,45.52323496814682
hokkaido_09,2025-07-06,1751834501000,8.044096043578952,-4.670545182152657,35.707571308749664
hokkaido_09,2025-07-13,1752438805000,3.264045544791036,-6.1598646000295085,45.521463243645805
hokkaido_09,2025-07-18,1752871300000,9.449866021675302,-5.50565811745607,35.7144916650862
hokkaido_09,2025-07-25,1753475604000,2.675325643783872,-6.486687178313147,45.52553276950154
hokkaido_09,2025-07-30,1753908100000,8.252936433801251,-4.193537599540562,35.716179289994976
hokkaido_09,2025-08-06,1754512404000,2.9686404534835127,-7.394858730119082,45.52709293057095
hokkaido_09,2025-08-11,1754944900000,8.491715111293141,-5.02733866785101,35.715702929961466
hokkaido_09,2025-08-23,1755981700000,8.435124745920684,-4.4174577655163025,35.71764850462141
hokkaido_09,2025-09-04,1757018500000,9.167564976379408,-4.296096673698654,35.724574803631164
hokkaido_09,2025-09-16,1758055301000,10.37858932187062,-3.951204969944485,35.729802964696695
hokkaido_09,2025-09-28,1759092101000,7.77643925614452,-3.9724869674521863,35.72876738422832
hokkaido_09,2025-10-10,1760128901000,5.845680843199581,-4.898098357740504,35.71550913305866
hokkaido_09,2025-10-22,1761165701000,7.885186548188002,-4.228736111438319,35.72056004028196
hokkaido_09,2025-11-03,1762202501000,9.245520209929873,-6.051614815459818,35.71808820864088
hokkaido_09,2025-11-15,1763239300000,6.651185082507929,-5.382645088638636,35.72095135021191
hokkaido_09,2025-11-22,1763843604000,5.580282800927889,-5.702865933662588,45.52164079993663
hokkaido_09,2025-11-27,1764276099000,7.401895844231967,-6.519019336767101,35.71833400595202
hokkaido_09,2025-12-04,1764880402000,11.363128164771789,-10.404977210986775,45.52704334124196
hokkaido_09,2025-12-09,1765312898000,5.491152968725902,-3.635362880137072,35.712724498673985
hokkaido_09,2025-12-16,1765917201000,7.815068371530637,-6.623940412890507,45.52633232897976
hokkaido_09,2025-12-21,1766349697000,8.788174009023939,-5.807007783607825,35.71005165579342
hokkaido_09,2026-01-02,1767386495000,7.664625478814355,-4.621388187029634,35.71102967527445
hokkaido_09,2026-01-14,1768423294000,5.632131628044747,-4.224160753088397,35.714878003621834
hokkaido_09,2026-01-26,1769460094000,8.205582985539698,-5.00100298674901,35.720575612941275
hokkaido_09,2026-02-02,1770064397000,3.940375339147006,-5.795371495219036,45.52524111018871
hokkaido_09,2026-02-07,1770496893000,7.731837418332584,-4.647551161801814,35.721993181354975
hokkaido_09,2026-02-19,1771533692000,3.9556588810924627,-6.219863004516247,35.72092779546571
hokkaido_09,2026-03-03,1772570492000,6.230567784059932,-4.683951226669021,35.722828383687485
hokkaido_09,2026-03-15,1773607292000,4.050483007958468,-5.683741183337441,35.72073309387823
hokkaido_09,2026-04-08,1775680892000,5.887557648175863,-5.044379316106005,35.72230301967242
hokkaido_09,2026-04-15,1776285196000,6.132324536961661,-6.364383692250163,45.52537840038382
hokkaido_09,2026-04-20,1776717693000,5.401806700904788,-6.243640315780349,35.71330667149428
hokkaido_09,2026-04-27,1777321996000,6.308625151155356,-6.512389026153644,45.52529357765214
hokkaido_09,2026-05-02,1777754492000,9.357059887383192,-5.892908858601855,35.709617666389796
hokkaido_09,2026-05-09,1778358796000,8.247107495041655,-6.8411514053123,45.527252038126775
hokkaido_09,2026-05-14,1778791292000,8.11785811050252,-4.420435033332175,35.707027591743845
hokkaido_09,2026-05-21,1779395595000,7.654637262885564,-5.961267640230467,45.524841565115196
hokkaido_10,2017-02-18,1487450457000,-0.01187595951997742,-7.711874212405755,35.952346893613125
hokkaido_10,2017-02-25,1488054783000,-0.9172413054421494,-11.915913707093463,45.53930604614678
hokkaido_10,2017-03-02,1488487257090,-1.4846889226467843,-12.78153987980634,35.9545267962676
hokkaido_10,2017-03-09,1489091583000,-0.15764130770741458,-10.248665194374434,45.54256771809888
hokkaido_10,2017-03-14,1489524057000,1.1872695833001636,-9.581971773733077,35.94449428442752
hokkaido_10,2017-03-21,1490128384100,1.5990268157910545,-10.76404826153926,45.54808304740573
hokkaido_10,2017-03-26,1490560857000,3.5837259255563,-8.925266276057684,35.94411807770096
hokkaido_10,2017-04-02,1491165184000,3.0626618655817652,-8.906714323113,45.54555108074234
hokkaido_10,2017-04-07,1491597658140,3.4378217251718657,-10.914088081374464,35.94782873057357
hokkaido_10,2017-04-14,1492201985000,3.4936181436386122,-8.792667661188588,45.54229976667178
hokkaido_10,2017-04-19,1492634458760,5.8156227906587565,-5.837179357560858,35.94979349797879
hokkaido_10,2017-04-26,1493238785360,4.835845915821039,-6.434789978560738,45.54155848920648
hokkaido_10,2017-05-01,1493671259000,3.0762096892438304,-6.996869104054325,35.94747476747507
hokkaido_10,2017-05-08,1494275586310,4.873227042062649,-6.569827243015014,45.53747922015779
hokkaido_10,2017-05-13,1494708059970,4.115297265571725,-6.688931073236103,35.94337134993963
hokkaido_10,2017-05-20,1495312386000,5.843548499677674,-7.113415370775323,45.54228769593998
hokkaido_10,2017-05-25,1495744860000,2.1327051307783456,-6.970677729074955,35.94801141025804
hokkaido_10,2017-06-01,1496349187000,4.01033842077611,-9.050997359258869,45.548122767032815
hokkaido_10,2017-06-06,1496781661000,3.573729042444381,-6.603255882918725,35.9435847222793
hokkaido_10,2017-06-13,1497385988000,5.62310590882774,-5.750868439197293,45.54378516764095
hokkaido_10,2017-06-18,1497818461000,5.44051208485509,-7.390486968082668,35.9486067110785
hokkaido_10,2017-06-25,1498422789000,6.427212174456618,-6.727015596183723,45.53977979194
hokkaido_10,2017-06-30,1498855262000,4.5235419072075675,-7.718033382423366,35.95065769574868
hokkaido_10,2017-07-07,1499459589000,7.127805215585573,-6.062775292851063,45.5420617833854
hokkaido_10,2017-07-12,1499892063000,2.613138440699568,-8.082087447085755,35.94820880388973
hokkaido_10,2017-07-19,1500496390000,6.174856485632829,-7.2688602817810795,45.54622940122059
hokkaido_10,2017-07-24,1500928864000,2.179865050746195,-8.124966314963583,35.94779071611228
hokkaido_10,2017-07-31,1501533191000,5.372429101111195,-6.811088720011223,45.542135039050166
hokkaido_10,2017-08-05,1501965664000,5.244108992411136,-7.842533520660694,35.942102850278864
hokkaido_10,2017-08-12,1502569991000,5.563239607393951,-6.581064667588609,45.54331225893093
hokkaido_10,2017-08-17,1503002465000,2.6598922159534393,-7.488176990928198,35.94942605476195
hokkaido_10,2017-08-24,1503606792000,5.7384016623181635,-6.65015256488678,45.540665291409425
hokkaido_10,2017-08-29,1504039265000,3.3735657821844818,-7.688696156357142,35.94879928209557
hokkaido_10,2017-09-05,1504643592000,4.657993526260097,-6.14697313777426,45.541550255630455
hokkaido_10,2017-09-10,1505076066000,3.3954059372461862,-7.54633033725896,35.94683418666876
hokkaido_10,2017-09-17,1505680393000,5.532446870334445,-5.97692462133104,45.53986088939088
hokkaido_10,2017-09-22,1506112866000,2.7128467826493314,-7.769507883222143,35.947254148527996
hokkaido_10,2017-09-29,1506717193000,4.346248183178735,-7.547985523545009,45.544246816384266
hokkaido_10,2017-10-04,1507149666000,5.843744698060828,-6.386912376230524,35.94645238423385
hokkaido_10,2017-10-11,1507753993000,4.797996026333922,-6.816217105918362,45.54470484886393
hokkaido_10,2017-10-16,1508186467000,5.760731006027818,-6.255889161500968,35.947628950976174
hokkaido_10,2017-10-23,1508790793000,4.772951915891735,-6.432417032551875,45.54064288184611
hokkaido_10,2017-10-28,1509223267000,5.351555348720568,-7.03124961529464,35.94656529999707
hokkaido_10,2017-11-04,1509827593000,4.754135196828973,-7.134797619187855,45.538160032883695
hokkaido_10,2017-11-09,1510260066000,4.7970825933887475,-6.836929847528535,35.94956068222777
hokkaido_10,2017-11-16,1510864393000,5.1491600845712515,-6.191569583687304,45.542075305514864
hokkaido_10,2017-11-21,1511296866000,5.927209259282207,-8.312077736520504,35.943918289477715
hokkaido_10,2017-11-28,1511901193000,3.0975556671371267,-11.346685710379486,45.53887470763901
hokkaido_10,2017-12-03,1512333666000,3.967611509175622,-8.097037964960489,35.94399882355322
hokkaido_10,2017-12-10,1512937992000,-3.439895514458473,-27.57877449691535,45.546745232448714
hokkaido_10,2017-12-15,1513370465000,3.3428471193885634,-10.261436316045062,35.94387835434159
hokkaido_10,2017-12-22,1513974791000,0.1282859656495408,-11.280488996560749,45.54505317894689
hokkaido_10,2017-12-27,1514407265000,3.5262425929774914,-7.755663972437167,35.95108323421293
hokkaido_10,2018-01-03,1515011591000,2.5787012848301685,-7.499042589781525,45.54107415476352
hokkaido_10,2018-01-08,1515444064000,3.3761346108888444,-7.561920028965285,35.94988348202838
hokkaido_10,2018-01-15,1516048391000,2.035523229457863,-7.631207531061619,45.5383584213796
hokkaido_10,2018-01-20,1516480864000,3.0945555107357428,-11.01143143491008,35.94312662291295
hokkaido_10,2018-01-27,1517085190000,-0.859036497913318,-10.09667681105478,45.54500585545997
hokkaido_10,2018-02-01,1517517664000,0.16768348865599622,-9.045861690659367,35.942504662452286
hokkaido_10,2018-02-08,1518121990000,0.0850396353081441,-11.842858224754847,45.54371897019123
hokkaido_10,2018-02-13,1518554463000,-0.12620075706082354,-10.72399451944353,35.94195671096969
hokkaido_10,2018-02-20,1519158790000,0.5128039911303729,-11.901558407058124,45.54532409778965
hokkaido_10,2018-02-25,1519591263000,1.1084115909596441,-10.86122860054046,35.95002051982803
hokkaido_10,2018-03-04,1520195590000,-2.56984723909924,-13.031917013234546,45.54313312022765
hokkaido_10,2018-03-09,1520628063000,4.070775375797842,-9.896987627477674,35.955541339010196
hokkaido_10,2018-03-16,1521232390000,-1.2875599757296736,-11.435231682754944,45.53968068898941
hokkaido_10,2018-03-21,1521664863000,1.0204499345494082,-11.104733184773599,35.955442460564214
hokkaido_10,2018-03-28,1522269190000,4.834180570850409,-9.864436471083422,45.54182390443564
hokkaido_10,2018-04-02,1522701664000,0.9573768655449801,-9.514165962980444,35.94868285128296
hokkaido_10,2018-04-14,1523738464000,5.436174638923541,-7.53467272710094,35.94618663741548
hokkaido_10,2018-04-26,1524775265000,3.5675101409141594,-7.496094118271422,35.946673713196844
hokkaido_10,2018-05-03,1525379592000,6.672845476725379,-17.840309424229797,45.54403535939227
hokkaido_10,2018-05-08,1525812065000,4.264802398299934,-7.624851535429728,35.94892900134871
hokkaido_10,2018-05-15,1526416392000,4.791827535709001,-5.493210026850336,45.538794910910156
hokkaido_10,2018-05-20,1526848866000,4.769570059168251,-8.269018159735987,35.95069567053833
hokkaido_10,2018-05-27,1527453193000,7.085147183444706,-7.2197388128408795,45.54229028170529
hokkaido_10,2018-06-01,1527885667000,4.5724248070993125,-7.333223331595135,35.952053880392484
hokkaido_10,2018-06-13,1528922468000,6.7056242652827125,-7.604674225248121,35.94303399653877
hokkaido_10,2018-06-25,1529959268000,6.886011363870245,-8.056141245935615,35.94442657492294
hokkaido_10,2018-07-14,1531600396000,4.957321776528116,-9.222188637695405,45.54196584263282
hokkaido_10,2018-07-19,1532032870000,8.751187071222393,-6.1513526849573905,35.95143129061072
hokkaido_10,2018-07-26,1532637197000,4.137761390741124,-12.221139164016563,45.54277201400424
hokkaido_10,2018-07-31,1533069670000,8.145047515837604,-6.090462315762032,35.95342884125397
hokkaido_10,2018-08-07,1533673997000,9.448770826645287,-18.003383316205124,45.53013215418607
hokkaido_10,2018-08-12,1534106471000,6.233380652000605,-9.288234983137933,35.94674759095975
hokkaido_10,2018-08-24,1535143272000,6.060865808086979,-8.532780836721862,35.93605719758005
hokkaido_10,2018-08-31,1535747599000,3.9998530673433326,-7.3176796995828,45.541526990948306
hokkaido_10,2018-09-05,1536180072000,7.587296441100943,-8.796656266430292,35.94626444772075
hokkaido_10,2018-09-17,1537216873000,5.675310936950652,-7.678635176028536,35.9493851048771
hokkaido_10,2018-09-24,1537821199000,5.798953636494125,-10.134304433844703,45.54162799071031
hokkaido_10,2018-09-29,1538253673000,6.023275743640173,-7.740750010420876,35.94908728699692
hokkaido_10,2018-10-11,1539290473000,6.121069179330471,-9.56844839302421,35.944788998078124
hokkaido_10,2018-10-23,1540327273000,6.967681444476849,-7.70587727306574,35.94521657450798
hokkaido_10,2018-11-04,1541364073000,7.089447822071211,-6.34737619573305,35.9449035695466
hokkaido_10,2018-11-11,1541968400000,10.065283245385292,-12.994098463301823,45.5392507985731
hokkaido_10,2018-11-16,1542400873000,7.493058476406631,-5.319759369365057,35.949054574706395
hokkaido_10,2018-11-23,1543005199000,5.453766181249939,-18.118739640612613,45.53952347045232
hokkaido_10,2018-11-28,1543437672000,6.202716040465494,-6.547780211997122,35.95081167554441
hokkaido_10,2018-12-05,1544041999000,4.783745109828052,-6.038080918380309,45.53574175479268
hokkaido_10,2018-12-10,1544474472000,4.443393184830516,-7.938152965498198,35.945631082798
hokkaido_10,2018-12-22,1545511272000,4.330869307411668,-9.63493441057414,35.9409290297501
hokkaido_10,2019-01-03,1546548071000,3.7419894423971525,-8.748668939905055,35.94356378125105
hokkaido_10,2019-01-15,1547584871000,3.7009753624890336,-8.526223672815716,35.95030616497704
hokkaido_10,2019-01-22,1548189197000,4.8886090212632825,-8.63765869904506,45.5381579139822
hokkaido_10,2019-01-27,1548621671000,4.166380855620071,-10.679460672656024,35.946144280138164
hokkaido_10,2019-02-03,1549225997000,1.1786300414714392,-9.946544019956855,45.54158101944878
hokkaido_10,2019-02-08,1549658470000,3.058588485791181,-9.909634176901879,35.947538393593696
hokkaido_10,2019-02-20,1550695270000,5.56824645527937,-9.970119114829455,35.94290019884871
hokkaido_10,2019-03-04,1551732070000,4.706738273800685,-9.550646450124558,35.939008440510236
hokkaido_10,2019-03-16,1552768870000,4.326589369849111,-9.254670955841863,35.94900244994548
hokkaido_10,2019-03-23,1553373197000,4.266605384262529,-6.157392546256844,45.53970301392591
hokkaido_10,2019-03-28,1553805670000,4.737455900183528,-8.72497440262306,35.948980689603005
hokkaido_10,2019-04-04,1554409997000,5.995394197840232,-6.0896670945132545,45.53612721190444
hokkaido_10,2019-04-09,1554842470000,4.242925789484339,-8.702979900731439,35.95081335586675
hokkaido_10,2019-04-16,1555446797000,5.970256087238451,-6.539150957497127,45.53728060173266
hokkaido_10,2019-04-21,1555879271000,2.181517836255578,-8.152625553675978,35.94258241853728
hokkaido_10,2019-04-28,1556483598000,5.246592582983906,-6.57814767348626,45.540049462569385
hokkaido_10,2019-05-03,1556916071000,3.0895564781601577,-7.895251230227931,35.939379143926935
hokkaido_10,2019-05-15,1557952872000,3.4560472581358,-8.021484992684695,35.944741477233464
hokkaido_10,2019-05-22,1558557199000,6.306881493662019,-7.858470033373649,45.54063098021695
hokkaido_10,2019-06-03,1559593999000,5.44185112356558,-7.19960993894193,45.539021761839486
hokkaido_10,2019-06-08,1560026473000,7.272756527022499,-7.385711022233726,35.95314808635968
hokkaido_10,2019-06-20,1561063274000,6.381142759144041,-7.069682917529482,35.949247128697166
hokkaido_10,2019-07-02,1562100075000,7.10884022277674,-8.784403492844122,35.94330808028433
hokkaido_10,2019-07-14,1563136875000,8.424963321257552,-8.141814358673379,35.945093096290776
hokkaido_10,2019-07-26,1564173676000,8.899608574653575,-8.914906927212408,35.95049013575835
hokkaido_10,2019-08-02,1564778003000,8.620386419492396,-8.715001406763985,45.54253468483586
hokkaido_10,2019-08-07,1565210477000,7.856869435239476,-7.9299037075801495,35.949558175413884
hokkaido_10,2019-08-14,1565814804000,4.621699631689268,-9.029250399863573,45.54037104522032
hokkaido_10,2019-08-19,1566247278000,8.050703700955026,-8.878584155047047,35.94466311142023
hokkaido_10,2019-08-26,1566851605000,10.118262540179328,-14.330506420984062,45.543294238215914
hokkaido_10,2019-09-12,1568320879000,6.56909925781557,-10.318512682226904,35.94885844683407
hokkaido_10,2019-09-24,1569357679000,5.493025771470572,-10.943106763728395,35.944093587038104
hokkaido_10,2019-10-01,1569962006000,5.139322030421202,-6.971454327504975,45.53784790301825
hokkaido_10,2019-10-06,1570394480000,8.873590820265726,-9.276415823353442,35.94831856710815
hokkaido_10,2019-10-18,1571431279000,8.365611694409601,-9.877170356083724,35.95022483238807
hokkaido_10,2019-10-30,1572468080000,7.607989639860739,-7.990452587959747,35.94471594857516
hokkaido_10,2019-11-11,1573504880000,9.446070455016585,-7.593942911206113,35.94298697280652
hokkaido_10,2019-11-23,1574541679000,3.7247301260416426,-9.91395291802096,35.94510432696102
hokkaido_10,2019-12-05,1575578479000,4.8824137433805594,-10.306711369717146,35.951288812782686
hokkaido_10,2019-12-12,1576182805000,9.995022975539934,-11.847194745760445,45.53193163346868
hokkaido_10,2019-12-17,1576615278000,5.656594539511975,-8.877016821333816,35.94743441918635
hokkaido_10,2019-12-24,1577219605000,9.659012230449175,-11.563467432919323,45.53204678852323
hokkaido_10,2019-12-29,1577652078000,2.668012997606279,-10.904122569456275,35.942327111140976
hokkaido_10,2020-01-10,1578688877000,4.672973134072799,-12.287950441080422,35.93980377043137
hokkaido_10,2020-01-22,1579725677000,4.4428570658760975,-8.560237679745594,35.94334103561349
hokkaido_10,2020-02-03,1580762477000,2.466898805832678,-8.041367474934647,36.06760511798891
hokkaido_10,2020-02-10,1581366803000,0.5031029642151562,-9.618450099879874,45.54511837009471
hokkaido_10,2020-02-15,1581799276000,3.176362505016556,-8.601620967231128,36.070845343849875
hokkaido_10,2020-02-22,1582403603000,1.286732978466493,-8.435313264462675,45.547279833494756
hokkaido_10,2020-02-27,1582836076000,1.6741629916560474,-8.000040369020164,36.06836565626248
hokkaido_10,2020-03-10,1583872876000,5.370425927180194,-9.495884304240532,36.059978788741915
hokkaido_10,2020-03-22,1584909676000,4.544655803303657,-7.516623067543965,36.06108115225128
hokkaido_10,2020-03-29,1585514003000,9.888255155981648,-10.236870789415232,45.55186520455437
hokkaido_10,2020-04-03,1585946477000,3.0275499666794397,-8.934655343336251,36.06753531332522
hokkaido_10,2020-04-15,1586983277000,2.466922421407654,-9.313774179155876,36.07051841731213
hokkaido_10,2020-04-22,1587587604000,5.708456731133163,-6.6605095191947745,45.5457655720114
hokkaido_10,2020-04-27,1588020078000,6.7349864518915785,-6.729783343864336,36.06952709039117
hokkaido_10,2020-05-04,1588624404000,7.047862652339155,-11.80754586614287,45.549242281446276
hokkaido_10,2020-05-09,1589056878000,6.5086556333533485,-7.57054914311659,36.07082724518236
hokkaido_10,2020-05-21,1590093679000,7.591887593949202,-7.668018091178823,36.06597835515346
hokkaido_10,2020-06-02,1591130479000,7.35775798689537,-7.489548807966758,36.06928837713736
hokkaido_10,2020-06-14,1592167280000,5.240001496196527,-9.195451706043913,36.06687729187134
hokkaido_10,2020-06-21,1592771607000,5.19482396212783,-6.955701546690421,45.54634401199797
hokkaido_10,2020-06-26,1593204081000,8.953481098435082,-8.066477097487892,36.07091626562252
hokkaido_10,2020-07-03,1593808408000,9.542856109955743,-11.007473333519144,45.55055093080895
hokkaido_10,2020-07-08,1594240882000,9.40158660154122,-8.535533651478689,36.06999073660239
hokkaido_10,2020-07-20,1595277682000,7.7189027224038425,-9.48942021593314,36.06384367460181
hokkaido_10,2020-07-27,1595882010000,5.037807727673579,-8.22184667220012,45.548291838034295
hokkaido_10,2020-08-01,1596314483000,6.252293887278842,-8.619647348643005,36.061545091971254
hokkaido_10,2020-08-08,1596918810000,12.706108307248677,-12.579845825296932,45.551778536606136
hokkaido_10,2020-08-13,1597351284000,8.870738975702471,-7.324777546892253,36.06902213222786
hokkaido_10,2020-08-20,1597955611000,7.618739090599687,-10.719876685029579,45.55032621584968
hokkaido_10,2020-08-25,1598388085000,5.864328995012288,-9.244453673471577,36.06768522306913
hokkaido_10,2020-09-01,1598992411000,7.708018932229017,-11.298402649348313,45.550518075962266
hokkaido_10,2020-09-06,1599424885000,8.729882282015394,-7.611541260983639,36.06554763568962
hokkaido_10,2020-09-18,1600461685000,8.15406083234327,-7.902252180775925,36.06347821191124
hokkaido_10,2020-09-30,1601498486000,6.649919693585297,-7.5621058404494095,36.065936801024165
hokkaido_10,2020-10-12,1602535286000,7.244557067846619,-10.087890817352898,36.06495637142251
hokkaido_10,2020-10-24,1603572086000,6.214787601064449,-9.53334804022876,36.06866252937703
hokkaido_10,2020-10-31,1604176413000,7.052552150612631,-8.711942022774643,45.54677042079233
hokkaido_10,2020-11-05,1604608886000,5.524578462463209,-10.459170294895449,36.06420770124955
hokkaido_10,2020-11-17,1605645686000,3.518916701969445,-8.578607052445236,36.06258222021238
hokkaido_10,2020-11-29,1606682485000,3.195541713393056,-8.575932489774402,36.06440634578015
hokkaido_10,2020-12-11,1607719285000,3.2288479408206854,-7.360930530427043,36.06477386249535
hokkaido_10,2020-12-23,1608756084000,5.554672686805929,-9.554081441003557,36.069483744683716
hokkaido_10,2020-12-30,1609360411000,4.70848938396243,-7.439773980998263,45.544332046216006
hokkaido_10,2021-01-04,1609792884000,2.660106749277477,-9.893353236105991,36.06811467157609
hokkaido_10,2021-01-11,1610397210000,3.933778676262771,-17.91733991789892,45.54744711738352
hokkaido_10,2021-01-16,1610829683000,4.154673112264552,-9.803259581982925,36.06450531058273
hokkaido_10,2021-01-28,1611866483000,3.787215598187076,-9.549474738414874,36.05793656482782
hokkaido_10,2021-02-09,1612903282000,3.2411836589675076,-10.61773636152385,36.059336550879216
hokkaido_10,2021-02-21,1613940082000,2.828973536682239,-11.135413121038344,36.07063250677542
hokkaido_10,2021-02-28,1614544409000,2.0912034016858603,-11.30609886554107,45.548164316011174
hokkaido_10,2021-03-05,1614976882000,4.186446362172324,-8.25119556190705,36.07424095090629
hokkaido_10,2021-03-12,1615581209000,-0.6980032970233518,-9.95827303347798,45.547063024501604
hokkaido_10,2021-03-17,1616013682000,5.662759708364484,-10.79373977231339,36.07366955838796
hokkaido_10,2021-03-24,1616618009000,-0.09280591660064036,-15.962827905803193,45.551484369817075
hokkaido_10,2021-03-29,1617050482000,7.229417927550686,-8.581416588753608,36.06516472325181
hokkaido_10,2021-04-10,1618087283000,3.2827284448728826,-7.474370574961349,36.06486536419679
hokkaido_10,2021-04-22,1619124083000,5.465647631135516,-8.912964699175248,36.06892206365413
hokkaido_10,2021-05-04,1620160884000,7.007543583581306,-8.579470224490516,36.070710631091174
hokkaido_10,2021-05-11,1620765211000,6.097609543742405,-7.262948883870802,45.54597532816635
hokkaido_10,2021-05-16,1621197684000,6.463619993960286,-9.280069104488943,36.069781865591935
hokkaido_10,2021-05-23,1621802011000,6.367816100709619,-8.401574582257771,45.54835645778071
hokkaido_10,2021-05-28,1622234485000,7.212092744904999,-8.821021302191765,36.065649089643635
hokkaido_10,2021-06-09,1623271286000,6.767855561466603,-9.123967479576223,36.064194184212916
hokkaido_10,2021-06-16,1623875613000,11.008280213928234,-14.526819145666295,45.55128220810269
hokkaido_10,2021-06-21,1624308087000,6.307337442442271,-8.978352437531235,36.065697703134084
hokkaido_10,2021-07-03,1625344887000,5.689178740963293,-8.737012754468118,36.067895284908744
hokkaido_10,2021-07-10,1625949214000,6.345488987886785,-8.366463808268485,45.54763666531335
hokkaido_10,2021-07-15,1626381688000,8.662146654777928,-8.307413304280004,36.06875110385682
hokkaido_10,2021-07-22,1626986015000,9.214539241051426,-9.379935224225182,45.54988454548011
hokkaido_10,2021-07-27,1627418489000,6.936391839447881,-9.117424398051595,36.07422130932488
hokkaido_10,2021-08-03,1628022816000,5.522649287533804,-12.864491063968808,45.549522031608
hokkaido_10,2021-08-08,1628455289000,6.882339438633988,-8.830872076639434,36.064902046000256
hokkaido_10,2021-08-20,1629492090000,5.664795545626925,-8.987252154702547,36.06313150446007
hokkaido_10,2021-09-01,1630528905000,6.9321304140758135,-8.48617129720542,35.580956128556586
hokkaido_10,2021-09-13,1631565705000,7.210143994392253,-7.709912028747097,35.577217145968724
hokkaido_10,2021-09-25,1632602506000,8.243120976925917,-8.064025066764746,35.57314375165787
hokkaido_10,2021-10-07,1633639303000,6.269517900897081,-9.580250759181027,35.712516262064476
hokkaido_10,2021-10-19,1634676103000,6.953442994850653,-8.769042924513524,35.710292570600636
hokkaido_10,2021-10-31,1635712903000,6.011340261921998,-9.291226455827832,35.71399967430622
hokkaido_10,2021-11-12,1636749703000,8.17673664920205,-8.317766879501502,35.715890804653675
hokkaido_10,2021-11-19,1637354007000,5.975018836871203,-7.339791902679323,45.52318610820825
hokkaido_10,2021-11-24,1637786503000,6.4050583660640354,-7.243934224110482,35.71027017073198
hokkaido_10,2021-12-01,1638390806000,11.794833775277729,-13.495136773552055,45.526658185477395
hokkaido_10,2021-12-06,1638823302000,3.3456517432502704,-8.793530236544077,35.71019515759784
hokkaido_10,2021-12-18,1639860102000,3.7943862794897565,-8.170104193828195,35.708475160000546
hokkaido_10,2021-12-30,1640896901000,3.3077496153305144,-7.938772308325888,35.715807830348155
hokkaido_10,2022-01-11,1641933701000,-0.8189597724019797,-12.505481766813482,35.71446704556367
hokkaido_10,2022-01-23,1642970500000,2.7762065101227495,-11.280912395324062,35.714257768656445
hokkaido_10,2022-02-04,1644007299000,1.5702402193044955,-11.488621006538235,35.71534133501398
hokkaido_10,2022-02-16,1645044099000,-0.5348636971987871,-10.257927421724116,35.71344804339768
hokkaido_10,2022-02-28,1646080899000,0.449344790950948,-12.188422065190833,35.712044934833244
hokkaido_10,2022-03-12,1647117699000,2.3940512931583915,-12.393195975679987,35.717820658933434
hokkaido_10,2022-03-19,1647722003000,-1.0935076753199908,-11.809533837842404,45.52574318634126
hokkaido_10,2022-03-24,1648154500000,2.234585057811975,-11.920024933474139,35.717053179979715
hokkaido_10,2022-03-31,1648758803000,3.048054172035305,-7.803530862467617,45.526477077132014
hokkaido_10,2022-04-05,1649191300000,2.810689833706057,-9.719975909338558,35.71803141815494
hokkaido_10,2022-04-12,1649795604000,5.790027277061908,-12.216444278686723,45.5314068875201
hokkaido_10,2022-04-17,1650228100000,5.776105811818159,-9.73385187150337,35.71358290121372
hokkaido_10,2022-04-24,1650832405000,6.113884783759044,-10.832905966955796,45.52954733875369
hokkaido_10,2022-04-29,1651264901000,4.56186417842569,-9.25843306766733,35.71343737282801
hokkaido_10,2022-05-11,1652301701000,6.134655915984137,-8.750441150576036,35.71558209171145
hokkaido_10,2022-05-30,1653942807000,5.031644809666439,-9.466430901120468,45.52742804571228
hokkaido_10,2022-06-04,1654375303000,6.690852361072048,-6.930877093212103,35.714168550895444
hokkaido_10,2022-06-11,1654979608000,5.551624115180869,-6.3855570212640975,45.52465619364515
hokkaido_10,2022-06-16,1655412104000,5.88216569250972,-7.915642914375672,35.71732124791
hokkaido_10,2022-06-23,1656016408000,4.851008716185514,-8.02578375209608,45.52736216187117
hokkaido_10,2022-06-28,1656448905000,8.125740330803024,-6.927397961835273,35.709907957134824
hokkaido_10,2022-07-05,1657053209000,6.9660882205718115,-9.034048344443118,45.530751432801544
hokkaido_10,2022-07-10,1657485705000,7.8308059270260415,-7.264836085308318,35.71144002196378
hokkaido_10,2022-07-17,1658090010000,-3.1254811790239536,-18.455833496061892,45.52968922416304
hokkaido_10,2022-07-22,1658522506000,8.904131158202217,-7.122076033169256,35.717054741908946
hokkaido_10,2022-07-29,1659126811000,5.440483045878136,-7.6161579278870075,45.527228929770985
hokkaido_10,2022-08-03,1659559307000,6.949971350665824,-8.83936468293283,35.715231414757945
hokkaido_10,2022-08-10,1660163611000,4.535455932758832,-11.482005784982716,45.530463365497006
hokkaido_10,2022-08-15,1660596108000,9.393356431298846,-7.348103577942576,35.71474665962762
hokkaido_10,2022-08-22,1661200412000,5.9877264236272865,-8.385619914198916,45.52733648964518
hokkaido_10,2022-08-27,1661632908000,6.254909985572136,-9.169635961960848,35.71200613521029
hokkaido_10,2022-09-03,1662237213000,5.892002311313776,-6.930881123773154,45.52388268527248
hokkaido_10,2022-09-08,1662669709000,5.260316197252489,-9.658563887598376,35.705245100916805
hokkaido_10,2022-09-15,1663274013000,5.2041925895339824,-10.771706473131248,45.528718145473064
hokkaido_10,2022-09-20,1663706508000,7.062052110281704,-8.136316377023364,35.73061327308116
hokkaido_10,2022-10-02,1664743309000,7.705744968228747,-7.91327668568651,35.715336649406325
hokkaido_10,2022-10-14,1665780109000,7.9731156260122775,-8.087573577334853,35.716101466248446
hokkaido_10,2022-10-26,1666816909000,6.755940151574677,-7.921087545614619,35.70637937209457
hokkaido_10,2022-11-07,1667853709000,4.094718329796765,-8.274165669583626,35.71544473491857
hokkaido_10,2022-11-19,1668890509000,7.563876041435236,-9.136001479791231,35.71162963679188
hokkaido_10,2022-11-26,1669494813000,5.635193864700166,-7.907329753035984,45.51875595591951
hokkaido_10,2022-12-01,1669927308000,3.531616136119092,-7.979228644639338,35.71759496884164
hokkaido_10,2022-12-08,1670531612000,5.545805090810864,-6.875485828831394,45.51545464696007
hokkaido_10,2022-12-13,1670964108000,5.279732545273114,-9.7000272282519,35.71350544840702
hokkaido_10,2022-12-25,1672000907000,0.6243605289763169,-9.83711055399536,35.7132965606603
hokkaido_10,2023-01-06,1673037706000,3.407352287731022,-8.304402387658168,35.71029746356389
hokkaido_10,2023-01-18,1674074505000,4.973557565186831,-9.425639139153057,35.73039992573192
hokkaido_10,2023-01-30,1675111306000,0.3871898732787698,-9.217500754858168,35.71055350102196
hokkaido_10,2023-02-06,1675715609000,2.4380761716720736,-13.242824098715422,45.52623024511705
hokkaido_10,2023-02-11,1676148105000,2.328125711882366,-10.85918893554403,35.71622125721943
hokkaido_10,2023-02-23,1677184905000,2.3499901790544047,-8.827662638452077,35.720383336871016
hokkaido_10,2023-03-02,1677789209000,0.11627484438250482,-8.996363168629667,45.526447333934755
hokkaido_10,2023-03-07,1678221705000,2.620718662198838,-10.649617549576295,35.713989430751624
hokkaido_10,2023-03-19,1679258505000,3.467450174323796,-8.109429155105042,35.714301362895434
hokkaido_10,2023-03-26,1679862809000,6.597759637217416,-12.708711669274962,45.5311444818817
hokkaido_10,2023-03-31,1680295305000,4.146307481462829,-10.977425739470927,35.71561034369395
hokkaido_10,2023-04-07,1680899610000,5.002304866326732,-7.981565793124095,45.52408657371214
hokkaido_10,2023-04-12,1681332106000,4.467091461477664,-7.852279366178144,35.71584683721769
hokkaido_10,2023-04-24,1682368906000,5.495855188188343,-8.793688679511446,35.7151167235908
hokkaido_10,2023-05-01,1682973211000,6.154625772918997,-7.133307379768534,45.52604379844704
hokkaido_10,2023-05-06,1683405707000,7.320436335062053,-7.1648081370391115,35.70688714572472
hokkaido_10,2023-05-13,1684010011000,6.451477008899216,-11.218102700360864,45.52848413924184
hokkaido_10,2023-05-18,1684442508000,6.5506611130582675,-8.933766912946725,35.70653960102736
hokkaido_10,2023-05-30,1685479308000,2.9377747478655696,-8.970658586504904,35.707106464503276
hokkaido_10,2023-06-11,1686516109000,5.88399400341829,-7.269931594705365,35.71629968276524
hokkaido_10,2023-06-18,1687120413000,4.4579111861132485,-7.78799789679686,45.52557796730941
hokkaido_10,2023-06-23,1687552909000,4.835439569206246,-7.761356356507585,35.71219828249735
hokkaido_10,2023-07-05,1688589710000,4.861739980979956,-8.013655363613738,35.713967341035236
hokkaido_10,2023-07-12,1689194014000,3.4047806626056993,-8.675079668547575,45.52856712194798
hokkaido_10,2023-07-17,1689626511000,6.355612836933052,-9.246475580566068,35.71158786803038
hokkaido_10,2023-07-24,1690230815000,4.495484911663331,-7.769501565181526,45.526024007633126
hokkaido_10,2023-07-29,1690663311000,6.424207504825416,-10.141207654459505,35.71221895654014
hokkaido_10,2023-08-05,1691267616000,4.991620180647914,-8.234040054423996,45.52461466054095
hokkaido_10,2023-08-10,1691700111000,5.49991485848344,-8.658507143972232,35.730971398581836
hokkaido_10,2023-08-17,1692304417000,4.870542264484835,-8.691594527253422,45.52660483212164
hokkaido_10,2023-08-22,1692736913000,6.081469583608011,-8.684318641206064,35.71938901844592
hokkaido_10,2023-08-29,1693341217000,2.8852823463362918,-9.708622620792688,45.528924370428285
hokkaido_10,2023-09-03,1693773714000,5.2489569402866785,-8.699801198779367,35.71196940763745
hokkaido_10,2023-09-10,1694378018000,7.6272239320673405,-9.048592520333493,45.528492727568675
hokkaido_10,2023-09-15,1694810514000,5.032471648223466,-9.01777600105408,35.709509054562965
hokkaido_10,2023-09-22,1695414818000,4.599167151486308,-10.663734964826357,45.52743720699918
hokkaido_10,2023-09-27,1695847314000,7.066601452574708,-8.502614699730264,35.71494856514722
hokkaido_10,2023-10-09,1696884114000,4.246168995646879,-8.958184525716394,35.720272850768374
hokkaido_10,2023-10-16,1697488418000,5.127253105726567,-8.82852214254639,45.52611850042277
hokkaido_10,2023-10-21,1697920914000,6.102257481671962,-8.571487058964124,35.711367856278336
hokkaido_10,2023-11-02,1698957714000,6.108250866707308,-9.25118633097924,35.715644417965045
hokkaido_10,2023-11-14,1699994514000,5.106802316665567,-8.205073995205414,35.70701761143595
hokkaido_10,2023-11-26,1701031313000,3.627437397509345,-9.254505433115986,35.71549435082631
hokkaido_10,2023-12-08,1702068113000,4.53658552116894,-10.072043356290692,35.712236130950146
hokkaido_10,2023-12-15,1702672417000,5.097536030598489,-7.778937484884228,45.52255827674643
hokkaido_10,2023-12-20,1703104912000,4.06737112262921,-8.092861275809916,35.7272086612909
hokkaido_10,2024-01-01,1704141711000,2.4204360769191235,-10.521160031034821,35.72144013407159
hokkaido_10,2024-01-08,1704746015000,11.68835150812263,-12.064154615862025,45.52773361946324
hokkaido_10,2024-01-13,1705178511000,2.8710891221213797,-8.950483466523695,35.71099556191365
hokkaido_10,2024-01-25,1706215311000,-0.8470015370523447,-10.95416764827605,35.70917106936677
hokkaido_10,2024-02-06,1707252110000,0.9262968699753866,-11.38694661640958,35.71619534810384
hokkaido_10,2024-02-18,1708288910000,2.879413768206844,-11.129191762872017,35.71521205008513
hokkaido_10,2024-02-25,1708893214000,-0.18350843301741296,-9.40941620724411,45.52446150219876
hokkaido_10,2024-03-01,1709325710000,-0.7484960174841211,-12.570539766253825,35.71677848612386
hokkaido_10,2024-03-13,1710362510000,1.5441958558667985,-12.7406340583972,35.7185633425181
hokkaido_10,2024-03-20,1710966814000,2.286141427474093,-11.232776632058796,45.53086278972456
hokkaido_10,2024-03-25,1711399310000,2.77384242171185,-10.59606795294602,35.72010238419258
hokkaido_10,2024-04-01,1712003615000,8.773514880834632,-15.24509356577242,45.53000273825064
hokkaido_10,2024-04-06,1712436111000,4.828554443888576,-8.270688594103415,35.70993332624773
hokkaido_10,2024-04-18,1713472911000,4.2073774184400845,-8.475226321335926,35.71172258661904
hokkaido_10,2024-04-25,1714077215000,4.75011325676052,-7.537083879163983,45.52300725653375
hokkaido_10,2024-04-30,1714509712000,4.492261179158379,-7.966096953785224,35.711639287929344
hokkaido_10,2024-05-07,1715114016000,4.325230761987173,-7.9309693169294455,45.51183182406825
hokkaido_10,2024-05-12,1715546511000,3.8871810270695835,-8.931990289032436,35.70955451223522
hokkaido_10,2024-05-19,1716150815000,5.487177305323019,-7.33943718785374,45.5136209531913
hokkaido_10,2024-05-24,1716583311000,2.8049244835187364,-8.48580902815759,35.69560335949214
hokkaido_10,2024-05-31,1717187615000,5.088301545306493,-6.970323259926604,45.51556589146631
hokkaido_10,2024-06-05,1717620111000,5.040608163891827,-8.721806063476896,35.697896809729286
hokkaido_10,2024-06-12,1718224415000,5.027733551311145,-7.373955436912345,45.51627756260445
hokkaido_10,2024-06-17,1718656910000,2.9543396752317332,-8.40328436602899,35.707092743846566
hokkaido_10,2024-06-24,1719261214000,5.999446810225037,-7.578212563730483,45.51288327682653
hokkaido_10,2024-06-29,1719693710000,4.775103930297767,-8.995220583068107,35.70424647708701
hokkaido_10,2024-07-06,1720298014000,5.479386745955637,-7.411373906202224,45.51034874480485
hokkaido_10,2024-07-11,1720730509000,4.8723638565372545,-9.651952862950704,35.703870543291195
hokkaido_10,2024-07-18,1721334813000,3.368766965272571,-9.0489612950591,45.51659196442855
hokkaido_10,2024-07-23,1721767309000,4.958390386289009,-12.694105903703877,35.70486358584022
hokkaido_10,2024-07-30,1722371613000,2.4258815481923035,-9.640906291264404,45.52048388078924
hokkaido_10,2024-08-04,1722804109000,5.042236194056301,-8.705740738113727,35.7010616047458
hokkaido_10,2024-08-11,1723408413000,2.5357399992535763,-9.923499085374756,45.52436089246068
hokkaido_10,2024-08-16,1723840909000,3.9770545684726932,-10.480253954139245,35.70997397734769
hokkaido_10,2024-08-23,1724445213000,1.9239694722543172,-9.739971498023623,45.52863321637826
hokkaido_10,2024-08-28,1724877709000,4.37166323707694,-10.941859226387642,35.71396814869092
hokkaido_10,2024-09-04,1725482013000,5.2874237901367795,-13.381095061669548,45.530120574870914
hokkaido_10,2024-09-09,1725914510000,3.0478545840066147,-10.854581720383845,35.71912162967296
hokkaido_10,2024-09-16,1726518814000,4.114768339499265,-10.210964097981433,45.52442824493334
hokkaido_10,2024-09-21,1726951310000,3.5676153885367294,-11.197321532966503,35.718611061585065
hokkaido_10,2024-10-03,1727988110000,4.114004003159327,-11.99147806306715,35.71871730601394
hokkaido_10,2024-10-10,1728592415000,8.613970129402771,-16.931518977861625,45.53037401169665
hokkaido_10,2024-10-15,1729024910000,4.1080709041700985,-10.624097178537724,35.71759034978121
hokkaido_10,2024-10-27,1730061711000,4.423060403975979,-10.606068647756121,35.71534133599226
hokkaido_10,2024-11-03,1730666014000,5.32105334458486,-9.619239053614974,45.52389974306875
hokkaido_10,2024-11-08,1731098510000,4.333499356726792,-10.314168797402013,35.71688953306392
hokkaido_10,2024-11-15,1731702814000,5.259896339913027,-10.089659477714486,45.52035095853712
hokkaido_10,2024-11-20,1732135309000,3.8648195990514584,-9.791601020139192,35.70996194071834
hokkaido_10,2024-11-27,1732739613000,12.007333397732811,-13.85718067736286,45.519499374216906
hokkaido_10,2024-12-02,1733172109000,3.7628713465804045,-9.21719257514078,35.7018182527176
hokkaido_10,2024-12-09,1733776412000,0.9034791049428115,-11.216215818081544,45.51818026544783
hokkaido_10,2024-12-14,1734208908000,2.4396638823163723,-11.31097363421786,35.69843722179684
hokkaido_10,2024-12-21,1734813211000,4.975337296107682,-11.572792561101265,45.51915166411262
hokkaido_10,2024-12-26,1735245707000,4.414469034252835,-9.319721944618408,35.70706015088044
hokkaido_10,2025-01-02,1735850010000,3.7998961635132487,-7.520670897773451,45.52126063373892
hokkaido_10,2025-01-07,1736282505000,3.839819885843792,-9.331080038136363,35.71128880987267
hokkaido_10,2025-01-14,1736886809000,5.266147503490824,-7.321561742314103,45.52247273931606
hokkaido_10,2025-01-19,1737319304000,5.764869762617283,-9.226841749067695,35.71192944772608
hokkaido_10,2025-01-26,1737923608000,4.052999266687434,-7.186430359650093,45.521751107701114
hokkaido_10,2025-01-31,1738356103000,3.4374815883061323,-9.941037969366985,35.71469410040519
hokkaido_10,2025-02-07,1738960408000,3.118383336110535,-7.649556293997253,45.5252559878083
hokkaido_10,2025-02-12,1739392903000,4.986561977051547,-8.934709201329767,35.70908360339571
hokkaido_10,2025-02-24,1740429703000,3.4772477575253533,-9.323547214524774,35.71609260511293
hokkaido_10,2025-03-08,1741466503000,2.8386933406981574,-10.418231902538333,35.715091709949874
hokkaido_10,2025-03-15,1742070807000,3.552640640349218,-6.551481938234038,45.52466075216958
hokkaido_10,2025-03-20,1742503304000,4.6963752076834915,-10.59513904244519,35.712808301968415
hokkaido_10,2025-03-27,1743107607000,5.226890224631262,-7.760722338019698,45.52467102044619
hokkaido_10,2025-04-01,1743540104000,5.253514076152597,-7.631430314870561,35.7079125783901
hokkaido_10,2025-04-08,1744144408000,4.016198042213593,-6.164245422627899,45.5272644679524
hokkaido_10,2025-04-13,1744576904000,6.666287669875076,-7.480507551925099,35.71196657027783
hokkaido_10,2025-04-20,1745181208000,5.1562738043722005,-6.236818562444048,45.526655213709105
hokkaido_10,2025-04-25,1745613704000,8.400358355222604,-9.249463347781132,35.70260861434735
hokkaido_10,2025-05-02,1746218008000,4.526960134174062,-5.454597185504456,45.5220199265978
hokkaido_10,2025-05-07,1746650504000,8.460534185567262,-10.254928541767331,35.7039321979545
hokkaido_10,2025-05-14,1747254808000,6.2713569148868515,-6.0650880038234956,45.512306874994074
hokkaido_10,2025-05-19,1747687303000,8.49183428912719,-10.817492870870433,35.70542484408496
hokkaido_10,2025-05-26,1748291607000,5.675866646608316,-6.317505318405458,45.50791474529457
hokkaido_10,2025-05-31,1748724103000,8.208566223748388,-8.822546778609219,35.70033169140077
hokkaido_10,2025-06-07,1749328407000,5.0076866190794735,-5.9583758005476675,45.5096703817176
hokkaido_10,2025-06-12,1749760902000,8.549272900197114,-7.333432494906878,35.69534546927813
hokkaido_10,2025-06-19,1750365206000,5.030257215324797,-6.474101453230861,45.51382108052571
hokkaido_10,2025-06-24,1750797702000,8.302921414262922,-9.332181170944068,35.69338472417924
hokkaido_10,2025-07-01,1751402005000,4.47822278010889,-7.109293064404582,45.51365123969363
hokkaido_10,2025-07-06,1751834501000,8.001571963264613,-9.391858202113513,35.69795441077973
hokkaido_10,2025-07-13,1752438805000,5.252554390151869,-5.750954783639926,45.511877171770564
hokkaido_10,2025-07-18,1752871300000,8.751834255545944,-8.751738600547261,35.70488047585329
hokkaido_10,2025-07-25,1753475604000,4.0454383432082865,-6.687939844659667,45.51596843624522
hokkaido_10,2025-07-30,1753908100000,8.347405958629185,-9.336254102622206,35.70656279962825
hokkaido_10,2025-08-06,1754512404000,4.50696167668179,-7.7930393785141225,45.517541192005005
hokkaido_10,2025-08-11,1754944900000,8.246382842948005,-11.002570839930309,35.7060869906647
hokkaido_10,2025-08-18,1755549204000,3.5830997286928956,-7.0508187151607284,45.5259225208526
hokkaido_10,2025-08-23,1755981700000,7.774053582980347,-10.657819376647389,35.70803032908211
hokkaido_10,2025-08-30,1756586004000,5.494499692042074,-10.333134395700466,45.529665621089556
hokkaido_10,2025-09-04,1757018500000,8.040428282276386,-9.399570097660966,35.71495553258697
hokkaido_10,2025-09-11,1757622805000,3.5725787276754413,-6.4829989478995875,45.525609238633834
hokkaido_10,2025-09-16,1758055301000,7.581493201792107,-7.62392784789368,35.720197619369706
hokkaido_10,2025-09-28,1759092101000,7.108102464786724,-7.584443905395282,35.71915608639668
hokkaido_10,2025-10-05,1759696405000,7.31714760708335,-13.241398605839382,45.528782239482815
hokkaido_10,2025-10-10,1760128901000,6.964673794189149,-10.087378073607768,35.705894138770134
hokkaido_10,2025-10-17,1760733205000,10.665112513383344,-13.111614027349418,45.529116547575654
hokkaido_10,2025-10-22,1761165701000,6.249274359253262,-9.589784869304593,35.710945889245174
hokkaido_10,2025-11-03,1762202501000,4.575486379439139,-10.083304367231742,35.70847766375301
hokkaido_10,2025-11-10,1762806804000,3.813440516018437,-9.0624486456926,45.52614350444139
hokkaido_10,2025-11-15,1763239300000,3.2812225394573074,-8.314731807320632,35.71133496891124
hokkaido_10,2025-11-22,1763843604000,4.4640030553372485,-7.161483308681627,45.51205482675378
hokkaido_10,2025-11-27,1764276099000,6.6016850523306845,-7.007816559233313,35.70872111223971
hokkaido_10,2025-12-04,1764880402000,4.490117639896413,-6.1875957085589395,45.517498978894174
hokkaido_10,2025-12-09,1765312898000,4.21581403496125,-7.969915596140411,35.70310550830639
hokkaido_10,2025-12-16,1765917201000,2.6620891759079606,-6.749971066224671,45.51678438976558
hokkaido_10,2025-12-21,1766349697000,4.810701900002622,-7.898956547569812,35.70043114479141
hokkaido_10,2025-12-28,1766954000000,2.559955729484892,-7.325318429944251,45.52421707727144
hokkaido_10,2026-01-02,1767386495000,3.6803031306212635,-7.75553629295343,35.701416056560205
hokkaido_10,2026-01-09,1767990799000,5.039219779880379,-7.898557593663039,45.52594162243314
hokkaido_10,2026-01-14,1768423294000,3.7011128091260352,-9.65860881190763,35.70526513545928
hokkaido_10,2026-01-26,1769460094000,2.9644309752734075,-11.56552913427116,35.71096612601816
hokkaido_10,2026-02-02,1770064397000,2.6566179084606802,-9.499840716436212,45.51567431368796
hokkaido_10,2026-02-07,1770496893000,2.682067607012535,-7.566015017477384,35.71238130626112
hokkaido_10,2026-02-14,1771101196000,-0.1724769196469374,-9.076022162645133,45.52574740177314
hokkaido_10,2026-02-19,1771533692000,0.7174258176807551,-12.399914707867865,35.71131421274733
hokkaido_10,2026-03-03,1772570492000,4.736058305602106,-7.39821954909659,35.713212617675225
hokkaido_10,2026-03-10,1773174796000,-1.0574335000108086,-17.18751790669535,45.52927344119909
hokkaido_10,2026-03-15,1773607292000,5.372355331675099,-7.561644501904227,35.711123096164556
hokkaido_10,2026-03-22,1774211596000,4.242545853124296,-6.528491382409822,45.52659750765179
hokkaido_10,2026-04-03,1775248396000,4.665420573226648,-5.974058174812185,45.52297252941826
hokkaido_10,2026-04-08,1775680892000,5.941718684608237,-7.006122387955876,35.71268648554322
hokkaido_10,2026-04-15,1776285196000,4.3254262490832165,-6.076833328649672,45.51580897304079
hokkaido_10,2026-04-20,1776717693000,6.509538420258876,-9.217229768265218,35.703690214060785
hokkaido_10,2026-04-27,1777321996000,4.808049857747884,-5.801082525801847,45.51572219533956
hokkaido_10,2026-05-02,1777754492000,9.120285480867901,-7.627930906186408,35.70000454297865
hokkaido_10,2026-05-09,1778358796000,4.8561709324023115,-6.099873072313323,45.517697666832134
hokkaido_10,2026-05-14,1778791292000,8.888554160300545,-6.680455864060017,35.69741179393629
hokkaido_10,2026-05-21,1779395595000,5.012801109493014,-5.634265149163335,45.515270135282265
hokkaido_11,2017-02-18,1487450457000,0.7716762963541658,-10.15887661424515,35.98563724179734
hokkaido_11,2017-03-02,1488487257090,7.060585442901147,-7.272468226738061,35.98782731105797
hokkaido_11,2017-03-14,1489524057000,3.186357439846597,-9.0288885851418,35.97779128257674
hokkaido_11,2017-03-26,1490560857000,4.215202238973527,-8.458215085883529,35.97742353751877
hokkaido_11,2017-04-07,1491597658140,4.823456861133242,-8.45101551728557,35.98113235322617
hokkaido_11,2017-04-19,1492634458760,6.7897294067516425,-7.191677359608443,35.98308324370364
hokkaido_11,2017-05-01,1493671259000,7.363617256283489,-7.378142065766058,35.98077858158102
hokkaido_11,2017-05-13,1494708059970,6.474210841905214,-7.592767031812308,35.976676402581475
hokkaido_11,2017-05-25,1495744860000,6.751122387794881,-6.980412667376548,35.98130614654967
hokkaido_11,2017-06-06,1496781661000,5.994478761333204,-7.180025276533827,35.97689009533071
hokkaido_11,2017-06-18,1497818461000,7.05599933520838,-7.771489738275625,35.98190492139565
hokkaido_11,2017-06-30,1498855262000,7.383251672706594,-6.6929066153222365,35.98396041965813
hokkaido_11,2017-07-12,1499892063000,7.393702745321375,-6.692564456890384,35.981513385314265
hokkaido_11,2017-07-24,1500928864000,8.230564700687253,-6.85524519936,35.98108169796544
hokkaido_11,2017-08-05,1501965664000,6.1210648189378745,-6.2308588189180645,35.97539742517953
hokkaido_11,2017-08-17,1503002465000,7.407872909978338,-6.732210744475145,35.9827158395186
hokkaido_11,2017-08-29,1504039265000,7.469303172207063,-6.8276304734132065,35.982100841803785
hokkaido_11,2017-09-10,1505076066000,7.156251438127422,-7.204488215640988,35.980129534907185
hokkaido_11,2017-09-22,1506112866000,8.014391861009427,-6.794367819452168,35.980557109805765
hokkaido_11,2017-10-04,1507149666000,5.969803368861887,-6.696364960342553,35.97975692101811
hokkaido_11,2017-10-16,1508186467000,6.064892892214319,-7.1363464395728435,35.98092914904263
hokkaido_11,2017-10-28,1509223267000,6.622329015027773,-7.6925593607193745,35.97985571525096
hokkaido_11,2017-11-09,1510260066000,5.858558870833766,-7.797796295992302,35.98285244893949
hokkaido_11,2017-11-21,1511296866000,6.174566611305086,-5.972722922304162,35.977214160738704
hokkaido_11,2017-12-03,1512333666000,6.338394167332101,-7.377619450478132,35.97729236382927
hokkaido_11,2017-12-15,1513370465000,4.692130747977455,-8.064315564619728,35.97717224164328
hokkaido_11,2017-12-27,1514407265000,6.039401202573128,-7.6299676300014925,35.98437192477661
hokkaido_11,2018-01-08,1515444064000,4.3332250208795235,-7.014046375759192,35.98318377204698
hokkaido_11,2018-01-20,1516480864000,4.1043651676161765,-8.756873401781366,35.976416962887406
hokkaido_11,2018-02-01,1517517664000,3.075010449797107,-8.106547543490619,35.97580214812795
hokkaido_11,2018-02-13,1518554463000,1.0762115419022609,-7.345088356381062,35.975249525273234
hokkaido_11,2018-02-25,1519591263000,0.8976493089436088,-7.238736992050892,35.983321305787
hokkaido_11,2018-03-09,1520628063000,2.3048953420298792,-8.166952259620471,35.98883858181642
hokkaido_11,2018-03-21,1521664863000,5.021786519255053,-9.24557510752593,35.98873211683493
hokkaido_11,2018-04-02,1522701664000,4.518115553979977,-9.58396093612202,35.98197511564764
hokkaido_11,2018-04-14,1523738464000,7.517000077350025,-7.064469052021355,35.979491173690995
hokkaido_11,2018-04-26,1524775265000,7.046654943631976,-6.222771195289946,35.97996716929667
hokkaido_11,2018-05-08,1525812065000,7.911615059726672,-5.747659660822103,35.982232600263615
hokkaido_11,2018-05-20,1526848866000,8.413064949325134,-5.747029368461981,35.98399396493738
hokkaido_11,2018-06-01,1527885667000,8.330208302001308,-5.601011913062742,35.985356555822094
hokkaido_11,2018-06-13,1528922468000,8.57057205218745,-4.434875819606523,35.9763291265662
hokkaido_11,2018-06-25,1529959268000,7.129952244207414,-5.199448408320906,35.977731804936376
hokkaido_11,2018-07-19,1532032870000,7.634633667024805,-5.666476429580157,35.984732381889636
hokkaido_11,2018-07-31,1533069670000,8.306777404366475,-5.810205194119318,35.98673067818181
hokkaido_11,2018-08-12,1534106471000,6.5966818774842615,-5.14236318857247,35.980053810699395
hokkaido_11,2018-08-24,1535143272000,7.093318761640075,-6.940152695825747,35.96935483956005
hokkaido_11,2018-09-05,1536180072000,8.456786242486121,-7.217674025691909,35.9795679051186
hokkaido_11,2018-09-17,1537216873000,6.449643210591189,-7.244907642134157,35.982677153955684
hokkaido_11,2018-09-29,1538253673000,5.28552777653239,-8.316124800551371,35.98238346066722
hokkaido_11,2018-10-11,1539290473000,6.879389590329581,-9.321386778104708,35.97808077958515
hokkaido_11,2018-10-23,1540327273000,6.475189307849943,-9.626666774863358,35.97851827347439
hokkaido_11,2018-11-04,1541364073000,7.422311540036108,-7.374678116865441,35.97819351044969
hokkaido_11,2018-11-16,1542400873000,7.620549126952006,-7.170603191056108,35.982347444100135
hokkaido_11,2018-11-28,1543437672000,7.065605932298824,-7.070767358777444,35.98410157144854
hokkaido_11,2018-12-10,1544474472000,4.261267228603601,-5.400107628394998,35.97892033916449
hokkaido_11,2018-12-22,1545511272000,6.794494453967752,-7.508560267501837,35.97422630874629
hokkaido_11,2019-01-03,1546548071000,5.73741033897183,-7.340601570717993,35.97686223062097
hokkaido_11,2019-01-15,1547584871000,3.7604630339616865,-8.402336957082987,35.983605977234404
hokkaido_11,2019-01-27,1548621671000,3.503416502095892,-7.361373436881674,35.97943765228567
hokkaido_11,2019-02-08,1549658470000,3.7232887729775492,-7.528895176505697,35.980835998504304
hokkaido_11,2019-02-20,1550695270000,3.261351060636101,-7.3089722648268,35.97619506150359
hokkaido_11,2019-03-04,1551732070000,4.403338564725046,-7.766072550270514,35.97230729995135
hokkaido_11,2019-03-16,1552768870000,4.640290964744465,-9.94675037855854,35.98229530909722
hokkaido_11,2019-03-28,1553805670000,3.9111486367177006,-9.907024449784323,35.98227008691552
hokkaido_11,2019-04-09,1554842470000,5.731571677552485,-7.672479452238182,35.98410374796927
hokkaido_11,2019-04-21,1555879271000,7.1431515074120995,-7.254553077411324,35.97588822240181
hokkaido_11,2019-05-03,1556916071000,7.661778379128887,-7.281480088549683,35.972680506196994
hokkaido_11,2019-05-15,1557952872000,7.204808175897153,-7.383407330786246,35.97803461498599
hokkaido_11,2019-06-08,1560026473000,7.502054165476466,-7.038168389589571,35.986446908401064
hokkaido_11,2019-06-20,1561063274000,7.147855869948802,-6.748678297231535,35.982552194682086
hokkaido_11,2019-07-02,1562100075000,7.219394136987316,-7.843179073967124,35.976602556252196
hokkaido_11,2019-07-14,1563136875000,8.386475549810292,-8.274536331020615,35.97838587514019
hokkaido_11,2019-07-26,1564173676000,7.237269656266011,-8.412702756598161,35.98378878531973
hokkaido_11,2019-08-07,1565210477000,7.466219459978177,-7.52756486801171,35.98285477529541
hokkaido_11,2019-08-19,1566247278000,8.15916351812264,-7.518045113403443,35.977963744136716
hokkaido_11,2019-09-12,1568320879000,8.445732342043643,-6.828324490378666,35.98214692027792
hokkaido_11,2019-09-24,1569357679000,8.05363358848381,-7.156538851887967,35.977387070270034
hokkaido_11,2019-10-06,1570394480000,9.958977956682201,-4.736964568825129,35.98160710226757
hokkaido_11,2019-10-18,1571431279000,8.095022393265024,-5.943730935446511,35.9835242546518
hokkaido_11,2019-10-30,1572468080000,8.332757123337364,-6.1385719629558935,35.97802069173194
hokkaido_11,2019-11-11,1573504880000,9.1469129542761,-5.855336729380721,35.97628276478721
hokkaido_11,2019-11-23,1574541679000,7.29516739849857,-6.7487640827304265,35.978397683101036
hokkaido_11,2019-12-05,1575578479000,5.504747851631306,-8.575277005648099,35.98458471879185
hokkaido_11,2019-12-17,1576615278000,7.293316478683187,-8.969025254735032,35.98073614933956
hokkaido_11,2019-12-29,1577652078000,5.568240358151398,-6.388620605723559,35.9756341930351
hokkaido_11,2020-01-10,1578688877000,3.839971006295107,-9.63774930326918,35.97311139732902
hokkaido_11,2020-01-22,1579725677000,3.8511909022760857,-10.247303901066863,35.976635938900905
hokkaido_11,2020-02-03,1580762477000,3.6056602539867515,-7.504440853922263,36.10126588088766
hokkaido_11,2020-02-15,1581799276000,5.341152921940807,-8.267518242842305,36.104505009228376
hokkaido_11,2020-02-27,1582836076000,4.36039243475499,-9.26473976828751,36.10202754073886
hokkaido_11,2020-03-10,1583872876000,12.221924292466072,-6.860588015587663,36.09365398599643
hokkaido_11,2020-03-22,1584909676000,5.37277998233685,-7.602430578510673,36.0947563061933
hokkaido_11,2020-04-03,1585946477000,6.364726231324441,-8.397068472496214,36.101213159836504
hokkaido_11,2020-04-15,1586983277000,7.383474717705951,-9.045631686825535,36.10419305024095
hokkaido_11,2020-04-27,1588020078000,8.021303509664698,-7.577148559540472,36.10318838017983
hokkaido_11,2020-05-09,1589056878000,8.757348466072143,-7.919037451261977,36.1044985818429
hokkaido_11,2020-05-21,1590093679000,8.591104603501874,-8.696293833296686,36.09965571470934
hokkaido_11,2020-06-02,1591130479000,8.703324775883448,-7.921318874204495,36.10295156444932
hokkaido_11,2020-06-14,1592167280000,8.605261256977977,-7.819982508380634,36.100546419921976
hokkaido_11,2020-06-26,1593204081000,9.044978575329791,-7.838574676374543,36.10458180320989
hokkaido_11,2020-07-08,1594240882000,8.634973509018185,-8.217273849834601,36.10365986539919
hokkaido_11,2020-07-20,1595277682000,8.131907389722315,-7.2272611809716265,36.097507962313564
hokkaido_11,2020-08-01,1596314483000,8.2996857998214,-7.276344133220549,36.095221700489056
hokkaido_11,2020-08-13,1597351284000,8.19059828601602,-6.677509799999944,36.10269708641132
hokkaido_11,2020-08-25,1598388085000,7.906094914145071,-7.2222806728996405,36.101360100595656
hokkaido_11,2020-09-06,1599424885000,8.563107407221507,-7.948723419457154,36.099215563560485
hokkaido_11,2020-09-18,1600461685000,8.440461665630062,-7.487300952679061,36.09714363464823
hokkaido_11,2020-09-30,1601498486000,7.601347038079101,-8.159778032760318,36.099598808851276
hokkaido_11,2020-10-12,1602535286000,8.12308206809069,-8.612841584950855,36.09862966662832
hokkaido_11,2020-10-24,1603572086000,8.407976032813245,-8.962940392637998,36.10232445899345
hokkaido_11,2020-11-05,1604608886000,7.454696438315911,-9.347469427825365,36.09787106571798
hokkaido_11,2020-11-17,1605645686000,7.0900646331217505,-7.669102757038782,36.096245811337575
hokkaido_11,2020-11-29,1606682485000,8.973027923468692,-8.211220303555107,36.09808159492027
hokkaido_11,2020-12-11,1607719285000,7.508655948417291,-8.217443394135934,36.09843985047004
hokkaido_11,2020-12-23,1608756084000,6.2781051464863395,-8.245659629721883,36.10314372947618
hokkaido_11,2021-01-04,1609792884000,4.406001967201974,-8.402945199664018,36.101789680676724
hokkaido_11,2021-01-16,1610829683000,4.24959338644898,-7.976957076714028,36.09818071765645
hokkaido_11,2021-01-28,1611866483000,4.101016725063717,-8.377401634919963,36.09160912655696
hokkaido_11,2021-02-09,1612903282000,4.133928236004744,-8.060131539604956,36.09300751019217
hokkaido_11,2021-02-21,1613940082000,3.372114538707865,-9.409905627304493,36.104302592111765
hokkaido_11,2021-03-05,1614976882000,8.876385911373076,-8.597570040060141,36.10790614268592
hokkaido_11,2021-03-17,1616013682000,3.6428716435099475,-9.920946524731065,36.10733454402841
hokkaido_11,2021-03-29,1617050482000,4.849354981597159,-8.721059451396268,36.09882998683105
hokkaido_11,2021-04-10,1618087283000,8.806499504404737,-7.297296105123245,36.09854369753295
hokkaido_11,2021-04-22,1619124083000,6.26288932500668,-7.71931972508854,36.10258473639199
hokkaido_11,2021-05-04,1620160884000,7.870696070205867,-7.886518187713681,36.10438148041048
hokkaido_11,2021-05-16,1621197684000,7.090018075737908,-7.118471612156101,36.10344814517132
hokkaido_11,2021-05-28,1622234485000,6.97443899884697,-8.053193251696557,36.0993136063887
hokkaido_11,2021-06-09,1623271286000,5.499686288636209,-8.566484895757153,36.09787189794275
hokkaido_11,2021-06-21,1624308087000,8.68951432217684,-7.804858885704312,36.099367069595374
hokkaido_11,2021-07-03,1625344887000,6.982940868865841,-8.717812833224547,36.10155918159871
hokkaido_11,2021-07-15,1626381688000,7.651071388119379,-8.696424674247451,36.10241530927821
hokkaido_11,2021-07-27,1627418489000,6.949756704749497,-8.838764358658764,36.10789587369032
hokkaido_11,2021-08-08,1628455289000,6.244900608598498,-8.410565609228433,36.0985792896001
hokkaido_11,2021-08-20,1629492090000,6.327336283472259,-7.70756095846804,36.09680311148949
hokkaido_11,2021-09-01,1630528905000,5.9118441968289925,-7.381334643367552,35.61211146381702
hokkaido_11,2021-09-13,1631565705000,6.433928758093586,-7.702684310669723,35.60837192797314
hokkaido_11,2021-09-25,1632602506000,7.19100321964751,-6.701094179183298,35.60430460806065
hokkaido_11,2021-10-07,1633639303000,7.51886391721571,-8.254980990241487,35.74391241580206
hokkaido_11,2021-10-19,1634676103000,8.110207079428077,-7.28850278094525,35.74168882603163
hokkaido_11,2021-10-31,1635712903000,6.742438630618218,-6.697163691212393,35.74538221303392
hokkaido_11,2021-11-12,1636749703000,6.68142860482653,-7.948907506371738,35.747279212258086
hokkaido_11,2021-11-24,1637786503000,8.613527497432228,-6.4009287077266235,35.741669932639745
hokkaido_11,2021-12-06,1638823302000,7.468297719395679,-8.784555320484682,35.74157957344543
hokkaido_11,2021-12-18,1639860102000,4.898073998802285,-8.343544256883243,35.73986207689448
hokkaido_11,2021-12-30,1640896901000,1.258367545044212,-9.894121688814609,35.74718419744529
hokkaido_11,2022-01-11,1641933701000,2.618220430778334,-7.225814469809943,35.74585753932143
hokkaido_11,2022-01-23,1642970500000,-0.1290357340688381,-7.6426275114964595,35.74563583358596
hokkaido_11,2022-02-04,1644007299000,0.6181613011670285,-7.264334819373073,35.746731984302244
hokkaido_11,2022-02-16,1645044099000,0.49693517964349493,-9.78386382836574,35.74483295287347
hokkaido_11,2022-02-28,1646080899000,2.0964365756828425,-5.760807795508075,35.74343328963486
hokkaido_11,2022-03-12,1647117699000,-0.8997815390509507,-10.301665391185303,35.74920762318237
hokkaido_11,2022-03-24,1648154500000,2.193366854885679,-10.284100857381215,35.748432786729616
hokkaido_11,2022-04-05,1649191300000,5.076488595771522,-8.252554916605026,35.74941904989486
hokkaido_11,2022-04-17,1650228100000,6.65703434064383,-7.263437562471955,35.74497116649784
hokkaido_11,2022-04-29,1651264901000,4.397426960017612,-7.5196152146040385,35.74483687429718
hokkaido_11,2022-05-11,1652301701000,6.338875837016709,-7.369752484500481,35.74697686477729
hokkaido_11,2022-06-04,1654375303000,5.866664246749991,-8.866962584989473,35.745561563118365
hokkaido_11,2022-06-16,1655412104000,6.574535906569074,-7.923203367618622,35.748703758780636
hokkaido_11,2022-06-28,1656448905000,6.725107440721857,-7.35774207411681,35.74130003187391
hokkaido_11,2022-07-10,1657485705000,6.8874106666491315,-7.569029912195177,35.74283785529406
hokkaido_11,2022-07-22,1658522506000,6.747351016931636,-6.184314990778461,35.74844509009161
hokkaido_11,2022-08-03,1659559307000,6.085731733475589,-7.826361391404261,35.74662368626479
hokkaido_11,2022-08-15,1660596108000,6.1665610639651804,-6.0849042071394654,35.74614618161565
hokkaido_11,2022-08-27,1661632908000,6.734317173922047,-8.287736657260256,35.74341260760469
hokkaido_11,2022-09-08,1662669709000,6.127987806149165,-8.36481621480891,35.73664583732329
hokkaido_11,2022-09-20,1663706508000,5.638010036217172,-9.599786223112547,35.76197329581724
hokkaido_11,2022-10-02,1664743309000,5.325539909180575,-8.505457051777018,35.74673245285497
hokkaido_11,2022-10-14,1665780109000,5.750895194781237,-9.142275479135225,35.74748265423022
hokkaido_11,2022-10-26,1666816909000,5.870938412151215,-9.78897486903795,35.737785199783964
hokkaido_11,2022-11-07,1667853709000,5.090621479287915,-9.089038843735256,35.74683194258957
hokkaido_11,2022-11-19,1668890509000,6.754244403204032,-10.034598938388587,35.74301395404703
hokkaido_11,2022-12-01,1669927308000,5.600405109405535,-6.982763111189668,35.74898083400437
hokkaido_11,2022-12-13,1670964108000,5.664051724543459,-8.045268680857559,35.74488631153011
hokkaido_11,2022-12-25,1672000907000,3.641208995420155,-6.881185869129071,35.744673762865
hokkaido_11,2023-01-06,1673037706000,3.555690534772888,-6.701823901741243,35.741683581573795
hokkaido_11,2023-01-18,1674074505000,3.8126254797045607,-7.055181233256706,35.76176379354377
hokkaido_11,2023-01-30,1675111306000,2.692586338587368,-6.187782535409511,35.74193879715121
hokkaido_11,2023-02-11,1676148105000,2.3261343207158527,-8.374123858979491,35.74760573751928
hokkaido_11,2023-02-23,1677184905000,2.7125352389592368,-5.77536181886053,35.75175735011245
hokkaido_11,2023-03-07,1678221705000,4.998734496394849,-8.896460007792774,35.745377912189845
hokkaido_11,2023-03-19,1679258505000,6.4636745383282115,-8.373927505100443,35.74570193159754
hokkaido_11,2023-03-31,1680295305000,5.665806597712535,-8.662540038127712,35.746995393109316
hokkaido_11,2023-04-12,1681332106000,7.9075585856007775,-5.903974595616213,35.74724794085033
hokkaido_11,2023-04-24,1682368906000,6.936054962185494,-7.102611486776678,35.74650268647184
hokkaido_11,2023-05-06,1683405707000,8.00885939623046,-4.903019256815263,35.73829515145939
hokkaido_11,2023-05-18,1684442508000,8.55956277243815,-5.21158127133643,35.73794041874432
hokkaido_11,2023-05-30,1685479308000,7.048752571203787,-5.005120935201947,35.73850614869547
hokkaido_11,2023-06-11,1686516109000,9.09858043026473,-5.586446226001244,35.747692886207574
hokkaido_11,2023-06-23,1687552909000,5.896834126392446,-6.010828498655137,35.74358562588258
hokkaido_11,2023-07-05,1688589710000,8.10649549593727,-5.008101881941129,35.74536452322295
hokkaido_11,2023-07-17,1689626511000,6.542966344904775,-5.218561173282782,35.74299047873772
hokkaido_11,2023-07-29,1690663311000,7.57149806638592,-6.180389232429644,35.74361394822766
hokkaido_11,2023-08-10,1691700111000,6.89985216597845,-5.204585101722028,35.76232854978003
hokkaido_11,2023-08-22,1692736913000,7.679185137688459,-5.992855958761075,35.75077223975448
hokkaido_11,2023-09-03,1693773714000,7.7267477120865395,-5.254793162543866,35.743374878650876
hokkaido_11,2023-09-15,1694810514000,7.746647931761416,-4.898943216891338,35.74090524009685
hokkaido_11,2023-09-27,1695847314000,7.258319225347985,-5.529148382231835,35.74633535160442
hokkaido_11,2023-10-09,1696884114000,7.349098328294141,-4.986871122847842,35.75164982145334
hokkaido_11,2023-10-21,1697920914000,7.705446714175238,-5.637878790408226,35.74275442607758
hokkaido_11,2023-11-02,1698957714000,7.89226746332573,-6.47987624318215,35.74702235487489
hokkaido_11,2023-11-14,1699994514000,6.688462092390755,-7.093205422039744,35.73841465193543
hokkaido_11,2023-11-26,1701031313000,6.789847101745884,-5.693276260385673,35.7468748052168
hokkaido_11,2023-12-08,1702068113000,6.460678300797019,-7.2576430897846995,35.743631153384015
hokkaido_11,2023-12-20,1703104912000,5.173053658102421,-7.522168317599206,35.75857796279672
hokkaido_11,2024-01-01,1704141711000,3.324301162520301,-8.42681216696363,35.7528132489584
hokkaido_11,2024-01-13,1705178511000,4.260075882408348,-8.279392701478958,35.742381486078365
hokkaido_11,2024-01-25,1706215311000,2.093505385098565,-10.36087158552793,35.740568550186936
hokkaido_11,2024-02-06,1707252110000,3.572293785900564,-7.744861217161316,35.747582055410014
hokkaido_11,2024-02-18,1708288910000,5.161535412812215,-7.35301973240892,35.74661162849098
hokkaido_11,2024-03-01,1709325710000,1.589915871009722,-8.268873321899807,35.74816758947244
hokkaido_11,2024-03-13,1710362510000,3.2114093729690683,-6.960851450848142,35.74995728356277
hokkaido_11,2024-03-25,1711399310000,4.855514236605897,-8.910309079261468,35.751486174394245
hokkaido_11,2024-04-06,1712436111000,7.218938795522238,-7.777942808797217,35.741327838990294
hokkaido_11,2024-04-18,1713472911000,10.173354090308873,-6.02097125305029,35.74311600873615
hokkaido_11,2024-04-30,1714509712000,9.410778955402911,-4.820187271267469,35.74303430499452
hokkaido_11,2024-05-12,1715546511000,9.831544286184338,-5.579918291454082,35.74095032333701
hokkaido_11,2024-05-24,1716583311000,10.219603943572702,-3.7110555928805393,35.72702617949607
hokkaido_11,2024-06-05,1717620111000,9.82240383880663,-4.559091770798937,35.72931787942627
hokkaido_11,2024-06-17,1718656910000,9.061113403864436,-4.223755128504913,35.73848808057381
hokkaido_11,2024-06-29,1719693710000,9.725929921556657,-4.35398541418259,35.735649468080275
hokkaido_11,2024-07-11,1720730509000,9.148651503046253,-4.475082521342321,35.7352756372959
hokkaido_11,2024-07-23,1721767309000,9.257370807922483,-4.875442211682199,35.73626631950909
hokkaido_11,2024-08-04,1722804109000,8.599244288013493,-5.668199123831737,35.732466308630755
hokkaido_11,2024-08-16,1723840909000,9.479805794852917,-4.550466789240958,35.74138117192901
hokkaido_11,2024-08-28,1724877709000,8.335566728770013,-5.322344723223066,35.74535638003659
hokkaido_11,2024-09-09,1725914510000,8.449513880822973,-5.312069124624021,35.75050323030197
hokkaido_11,2024-09-21,1726951310000,7.139950034332382,-5.294307648165664,35.74999107666386
hokkaido_11,2024-10-03,1727988110000,8.326479743530024,-6.522343252553122,35.75010019110823
hokkaido_11,2024-10-15,1729024910000,8.3754585940327,-5.361881964739889,35.74898146424701
hokkaido_11,2024-10-27,1730061711000,8.925825994605885,-5.2531535392857,35.74672377485371
hokkaido_11,2024-11-08,1731098510000,7.9517000369938895,-5.845395671429889,35.74827252830322
hokkaido_11,2024-11-20,1732135309000,6.9246831763304115,-6.933573358027457,35.74135397668069
hokkaido_11,2024-12-02,1733172109000,8.04124543919352,-6.895140471043685,35.73321667626524
hokkaido_11,2024-12-14,1734208908000,5.160434918513315,-6.456854282816444,35.729856003072825
hokkaido_11,2024-12-26,1735245707000,4.137886928823251,-7.65345028656083,35.73846419745441
hokkaido_11,2025-01-07,1736282505000,4.374402981136899,-7.115093781644337,35.74267569025864
hokkaido_11,2025-01-19,1737319304000,4.791931665764913,-5.97234340942628,35.74331563246918
hokkaido_11,2025-01-31,1738356103000,5.702030404515081,-8.352961733180969,35.74609063336691
hokkaido_11,2025-02-12,1739392903000,7.731091976497059,-7.583005854706824,35.74047777057901
hokkaido_11,2025-02-24,1740429703000,4.363080251534237,-7.957838369352068,35.74749236521097
hokkaido_11,2025-03-08,1741466503000,5.17301911191653,-7.551188067101753,35.74648108203001
hokkaido_11,2025-03-20,1742503304000,5.517686161989659,-7.023031661676141,35.74420082477607
hokkaido_11,2025-04-01,1743540104000,5.2758115257541345,-7.844158944182552,35.73931884996819
hokkaido_11,2025-04-13,1744576904000,7.16604811344327,-7.338406559565071,35.7433708789302
hokkaido_11,2025-04-25,1745613704000,7.7951972197267665,-6.179883610558584,35.73401131806264
hokkaido_11,2025-05-07,1746650504000,9.747196547725713,-5.317336740285611,35.73533677525098
hokkaido_11,2025-05-19,1747687303000,9.234284894260167,-5.8094881114984895,35.73683563868206
hokkaido_11,2025-05-31,1748724103000,9.26491729045613,-5.9464051753496365,35.73173762631006
hokkaido_11,2025-06-12,1749760902000,9.242379424837852,-5.10078463212611,35.72675808257934
hokkaido_11,2025-06-24,1750797702000,8.00424268978429,-5.665456064928361,35.72480268509207
hokkaido_11,2025-07-06,1751834501000,8.319508956102785,-5.71013503776019,35.72936916100301
hokkaido_11,2025-07-18,1752871300000,9.166334031200774,-7.040375701002157,35.73628113447932
hokkaido_11,2025-07-30,1753908100000,8.084217796208474,-6.382034522395343,35.737973686852115
hokkaido_11,2025-08-11,1754944900000,9.743442307867163,-5.6525406402991285,35.737498481362245
hokkaido_11,2025-08-23,1755981700000,9.02271899017353,-5.85862449199584,35.73943066019234
hokkaido_11,2025-09-04,1757018500000,8.759424333116504,-5.599231983485606,35.74635487796083
hokkaido_11,2025-09-16,1758055301000,9.496984364417195,-5.727735677141614,35.75158255926531
hokkaido_11,2025-09-28,1759092101000,7.471547569626151,-6.01971769654959,35.75054104775882
hokkaido_11,2025-10-10,1760128901000,7.434922626451499,-6.263691141041829,35.73729544627242
hokkaido_11,2025-10-22,1761165701000,7.882698636156762,-6.413242484973381,35.74233402371768
hokkaido_11,2025-11-03,1762202501000,6.856297153066091,-6.574412280831358,35.73986988387251
hokkaido_11,2025-11-15,1763239300000,5.875335879982617,-6.951214659781027,35.74272657293779
hokkaido_11,2025-11-27,1764276099000,8.519066345340741,-6.758602721159664,35.74011703491211
hokkaido_11,2025-12-09,1765312898000,4.371084847179012,-6.360464104395345,35.73450996890698
hokkaido_11,2025-12-21,1766349697000,7.311086284883265,-6.531650382284946,35.731843668835715
hokkaido_11,2026-01-02,1767386495000,3.8854419018570425,-7.69458635935025,35.73281758086849
hokkaido_11,2026-01-14,1768423294000,3.620356508757111,-8.819913891982386,35.73666167996892
hokkaido_11,2026-01-26,1769460094000,2.87341100844218,-6.639676607492405,35.74235157823054
hokkaido_11,2026-02-07,1770496893000,4.433176663192763,-7.792301913900819,35.74377549494478
hokkaido_11,2026-02-19,1771533692000,2.9510344919293865,-8.132905385068215,35.74270514678493
hokkaido_11,2026-03-03,1772570492000,5.140227729065073,-8.265857346559347,35.74460828914198
hokkaido_11,2026-03-15,1773607292000,6.56208186388568,-5.7721580094303775,35.74251556319326
hokkaido_11,2026-04-08,1775680892000,6.925095986453017,-7.427405487838057,35.74409035051068
hokkaido_11,2026-04-20,1776717693000,6.487218604888115,-7.229680429682626,35.735103307517555
hokkaido_11,2026-05-02,1777754492000,7.654919655622186,-5.1406374032833355,35.73141591322199
hokkaido_11,2026-05-14,1778791292000,7.113285718198791,-5.3780376369706255,35.728831552062374
hokkaido_12,2017-02-18,1487450457000,1.16111512610159,-11.087040934846714,35.97542597401372
hokkaido_12,2017-03-02,1488487257090,2.3510701566950996,-8.76987820302055,35.97761284079461
hokkaido_12,2017-03-14,1489524057000,2.1087198563071947,-10.295047045256322,35.96757472722218
hokkaido_12,2017-03-26,1490560857000,4.1976985484159615,-10.292430291251247,35.967204059040235
hokkaido_12,2017-04-07,1491597658140,3.3498657161284906,-10.383259803034914,35.970917648299995
hokkaido_12,2017-04-19,1492634458760,9.41405255482952,-12.114388788687359,35.972867989968684
hokkaido_12,2017-05-01,1493671259000,9.036818045822493,-10.78120790820664,35.97056284004773
hokkaido_12,2017-05-13,1494708059970,8.67799180578645,-11.10323272331473,35.9664540740788
hokkaido_12,2017-05-25,1495744860000,9.51390970665374,-11.381460291951788,35.971088370105015
hokkaido_12,2017-06-06,1496781661000,10.081121472570791,-9.293223875799997,35.96667558521191
hokkaido_12,2017-06-18,1497818461000,9.455427910357347,-9.998696201899216,35.971690150361326
hokkaido_12,2017-06-30,1498855262000,9.385470516918035,-10.906535477885349,35.97374496908021
hokkaido_12,2017-07-12,1499892063000,9.341959872458208,-9.828405182178447,35.971297715778704
hokkaido_12,2017-07-24,1500928864000,9.936729613239445,-9.758536796219278,35.9708698857327
hokkaido_12,2017-08-05,1501965664000,9.998062669502644,-11.70968205713042,35.965180921930184
hokkaido_12,2017-08-17,1503002465000,10.681527569823375,-11.250088849707375,35.972503083891326
hokkaido_12,2017-08-29,1504039265000,10.401307773758274,-9.102808139646074,35.97188833931926
hokkaido_12,2017-09-10,1505076066000,10.106565685956678,-9.445014160011329,35.96991710674417
hokkaido_12,2017-09-22,1506112866000,9.922174778946749,-9.955888102442058,35.97033410380181
hokkaido_12,2017-10-04,1507149666000,9.903965492278864,-9.954942377638194,35.9695364598218
hokkaido_12,2017-10-16,1508186467000,9.92422093435726,-9.530647491880371,35.97071076364041
hokkaido_12,2017-10-28,1509223267000,10.0077183209906,-11.683276904982543,35.969642235867916
hokkaido_12,2017-11-09,1510260066000,8.039796324792363,-10.82238347262783,35.97263743555537
hokkaido_12,2017-11-21,1511296866000,5.413620610750624,-8.817880372887169,35.967001955469655
hokkaido_12,2017-12-03,1512333666000,6.798399202569343,-10.582867515644416,35.9670771204718
hokkaido_12,2017-12-15,1513370465000,4.674036906584806,-10.687183242657278,35.96695769594482
hokkaido_12,2017-12-27,1514407265000,5.453746597354633,-10.7081252132664,35.97415848857225
hokkaido_12,2018-01-08,1515444064000,4.511872114434827,-10.607232148836678,35.97296957227919
hokkaido_12,2018-01-20,1516480864000,0.6045470819821639,-10.805053199344126,35.96620334727011
hokkaido_12,2018-02-01,1517517664000,4.54814394628635,-10.147196172859738,35.96558930470483
hokkaido_12,2018-02-13,1518554463000,3.600852932853548,-11.888701211970874,35.96503483459522
hokkaido_12,2018-02-25,1519591263000,1.79582148075818,-10.278346668675708,35.973107792935
hokkaido_12,2018-03-09,1520628063000,2.9941204969829713,-9.039701241001021,35.97861901092375
hokkaido_12,2018-03-21,1521664863000,2.7637038219242105,-11.789730604226982,35.9785214611015
hokkaido_12,2018-04-02,1522701664000,5.712364762053028,-9.79955156342328,35.971762768694006
hokkaido_12,2018-04-14,1523738464000,8.788258720053738,-11.894173508067354,35.96927531740007
hokkaido_12,2018-04-26,1524775265000,7.627216254740877,-10.212938135138128,35.96975287320132
hokkaido_12,2018-05-08,1525812065000,7.497465114635115,-10.108611665201229,35.97201556427311
hokkaido_12,2018-05-20,1526848866000,7.35055347705999,-11.356999427432426,35.97378177611985
hokkaido_12,2018-06-01,1527885667000,7.041007627400239,-10.661800219348496,35.97514159388376
hokkaido_12,2018-06-13,1528922468000,7.7499992590644835,-8.900769609303925,35.966112171898125
hokkaido_12,2018-06-25,1529959268000,7.515709275154907,-8.767154360678795,35.96751145274051
hokkaido_12,2018-07-19,1532032870000,8.66103902293043,-11.855187098001997,35.97451445821413
hokkaido_12,2018-07-31,1533069670000,7.71948726646177,-12.51656832670317,35.976516086175806
hokkaido_12,2018-08-12,1534106471000,7.980145515477267,-10.746468731724386,35.96983862559515
hokkaido_12,2018-08-24,1535143272000,9.338546522480216,-11.123233535885444,35.959097040349796
hokkaido_12,2018-09-05,1536180072000,7.998529454526079,-8.890855407223961,35.969353054316365
hokkaido_12,2018-09-17,1537216873000,5.643728679008721,-10.669710884543665,35.97246450907965
hokkaido_12,2018-09-29,1538253673000,4.53943040489697,-10.005340429738213,35.972172826691086
hokkaido_12,2018-10-11,1539290473000,5.175505522773309,-9.243189175539811,35.96786685636177
hokkaido_12,2018-10-23,1540327273000,3.1955606550648143,-8.679845388473003,35.96829903067988
hokkaido_12,2018-11-04,1541364073000,3.0870904651987514,-10.547385538238204,35.96797933324076
hokkaido_12,2018-11-16,1542400873000,8.747814683889699,-9.859851425584957,35.97213166128174
hokkaido_12,2018-11-28,1543437672000,4.580536511280501,-9.96295343415531,35.973886226106444
hokkaido_12,2018-12-10,1544474472000,4.2797417762046965,-8.79163932143454,35.968706203451454
hokkaido_12,2018-12-22,1545511272000,2.3002784012224953,-10.125993860696186,35.964007228504514
hokkaido_12,2019-01-03,1546548071000,1.4062112021134932,-13.328421510876952,35.966649063780494
hokkaido_12,2019-01-15,1547584871000,0.7282730449439919,-10.18317705238664,35.97338846688319
hokkaido_12,2019-01-27,1548621671000,2.928484781410365,-9.315253480590712,35.96922182511908
hokkaido_12,2019-02-08,1549658470000,4.408909852788198,-8.933486991077709,35.97062327288557
hokkaido_12,2019-02-20,1550695270000,4.050033547032764,-9.711242353195203,35.965979408904445
hokkaido_12,2019-03-04,1551732070000,2.0073095316917575,-11.218313774328548,35.96209017525638
hokkaido_12,2019-03-16,1552768870000,3.852707930013457,-10.219329050192425,35.972079825516865
hokkaido_12,2019-03-28,1553805670000,2.9136701495809545,-11.606661908019516,35.97205604960783
hokkaido_12,2019-04-09,1554842470000,4.736944792361108,-9.023853034786995,35.97389182088061
hokkaido_12,2019-04-21,1555879271000,6.303991382583467,-12.450945581586124,35.965672966254594
hokkaido_12,2019-05-03,1556916071000,7.030989222100297,-10.352440388807493,35.96246217446807
hokkaido_12,2019-05-15,1557952872000,6.675921120534325,-8.666580436518291,35.96781798936789
hokkaido_12,2019-06-08,1560026473000,6.775454378050234,-9.78326469941892,35.97623343516832
hokkaido_12,2019-06-20,1561063274000,7.644211891786174,-10.323700526509748,35.97233638462634
hokkaido_12,2019-07-02,1562100075000,8.82221455759132,-10.675836733112424,35.96638830673149
hokkaido_12,2019-07-14,1563136875000,6.921369864208709,-9.252487488915246,35.968171710906205
hokkaido_12,2019-07-26,1564173676000,8.797382108176025,-11.232245349847096,35.97356951101916
hokkaido_12,2019-08-07,1565210477000,5.719298796883454,-10.490745852219757,35.972641290040436
hokkaido_12,2019-08-19,1566247278000,8.697369382016685,-10.473432170436304,35.96774557603581
hokkaido_12,2019-09-12,1568320879000,7.021383802737038,-11.841090366433797,35.971936950251944
hokkaido_12,2019-09-24,1569357679000,7.107340801179331,-11.289599675209155,35.96717182753371
hokkaido_12,2019-10-06,1570394480000,6.697571995558046,-11.174509005395382,35.97139461689154
hokkaido_12,2019-10-18,1571431279000,6.796565197791367,-12.028940012917944,35.97330595921988
hokkaido_12,2019-10-30,1572468080000,5.064863813582354,-11.403749690368397,35.96780321157466
hokkaido_12,2019-11-11,1573504880000,7.2282317598153085,-10.793209992116884,35.966069242886334
hokkaido_12,2019-11-23,1574541679000,3.615215723047837,-11.334274547024608,35.96818419385911
hokkaido_12,2019-12-05,1575578479000,4.160298189498143,-11.506087957612715,35.97436559147264
hokkaido_12,2019-12-17,1576615278000,4.415512163804704,-11.505302748887841,35.97051831563314
hokkaido_12,2019-12-29,1577652078000,5.026816462826989,-8.448746614597773,35.96541655837152
hokkaido_12,2020-01-10,1578688877000,5.845873743910155,-12.604174673466924,35.96289427709098
hokkaido_12,2020-01-22,1579725677000,5.165771454322609,-11.989981510343055,35.96642025992157
hokkaido_12,2020-02-03,1580762477000,2.1313898544563648,-12.051783096000612,36.09094042961971
hokkaido_12,2020-02-15,1581799276000,2.191529957726488,-10.846672420194752,36.09418082420273
hokkaido_12,2020-02-27,1582836076000,2.821262793093474,-12.325297336540885,36.09170375545982
hokkaido_12,2020-03-10,1583872876000,5.071309570863261,-9.461903385835427,36.083320754933936
hokkaido_12,2020-03-22,1584909676000,5.6823698089754,-11.191745581027734,36.0844214397928
hokkaido_12,2020-04-03,1585946477000,3.0025428719601157,-10.669905019201593,36.090884164734625
hokkaido_12,2020-04-15,1586983277000,4.125530925564864,-10.694074249616323,36.093866803683724
hokkaido_12,2020-04-27,1588020078000,4.34432071920068,-10.463010481858149,36.09286314341813
hokkaido_12,2020-05-09,1589056878000,6.725628657954802,-12.143943930244822,36.0941665360726
hokkaido_12,2020-05-21,1590093679000,5.383508125870545,-10.731679131599629,36.08932837491472
hokkaido_12,2020-06-02,1591130479000,6.062167369412857,-13.066217607955299,36.09262673262763
hokkaido_12,2020-06-14,1592167280000,5.517820040461982,-12.745969971268527,36.09021885057897
hokkaido_12,2020-06-26,1593204081000,7.090809901243683,-13.606521817616642,36.09425188181036
hokkaido_12,2020-07-08,1594240882000,6.025641253669936,-11.405562662589356,36.09333383179328
hokkaido_12,2020-07-20,1595277682000,6.149757969232126,-13.091971822233107,36.087181464225885
hokkaido_12,2020-08-01,1596314483000,6.631729998520317,-12.961336240843712,36.0848931759638
hokkaido_12,2020-08-13,1597351284000,5.064313647378217,-10.877750854587571,36.09237030103323
hokkaido_12,2020-08-25,1598388085000,5.174307955636266,-12.536402889437849,36.09102432482171
hokkaido_12,2020-09-06,1599424885000,4.012713777933466,-10.72872444121154,36.088885490955505
hokkaido_12,2020-09-18,1600461685000,3.485472400019515,-11.18481169004519,36.08681775950423
hokkaido_12,2020-09-30,1601498486000,4.425422010929641,-11.868524006503158,36.08927302174354
hokkaido_12,2020-10-12,1602535286000,3.2818768035763894,-12.385417846381667,36.08830151314156
hokkaido_12,2020-10-24,1603572086000,3.945737725218545,-12.14214648484834,36.09200043866319
hokkaido_12,2020-11-05,1604608886000,3.9014996600594904,-11.468660463948293,36.087545764496845
hokkaido_12,2020-11-17,1605645686000,3.1932050856746526,-9.95599785658946,36.085919131797176
hokkaido_12,2020-11-29,1606682485000,2.256871127524913,-9.21120694320953,36.08775332981371
hokkaido_12,2020-12-11,1607719285000,3.820644597207086,-11.654163699811944,36.088112957655035
hokkaido_12,2020-12-23,1608756084000,1.498335772657314,-12.901070303841555,36.09282022998905
hokkaido_12,2021-01-04,1609792884000,1.3809604642807343,-12.419518784791663,36.091460368722935
hokkaido_12,2021-01-16,1610829683000,0.5954131603963299,-12.245741716327299,36.08784707297308
hokkaido_12,2021-01-28,1611866483000,2.6136582393157255,-12.510423196548787,36.081283197884616
hokkaido_12,2021-02-09,1612903282000,1.1432122133686027,-11.952022090763343,36.08267922470759
hokkaido_12,2021-02-21,1613940082000,5.694669917703872,-11.214749919623868,36.09397037111747
hokkaido_12,2021-03-05,1614976882000,4.740215931888171,-13.615658576880026,36.097575086819276
hokkaido_12,2021-03-17,1616013682000,4.0816334394464056,-13.249433090343574,36.09700983382082
hokkaido_12,2021-03-29,1617050482000,3.946969924980251,-9.826100829393575,36.0885015066598
hokkaido_12,2021-04-10,1618087283000,6.141504613839319,-8.552936926070524,36.08820751536976
hokkaido_12,2021-04-22,1619124083000,4.671362713918713,-11.259508490221384,36.09225587941179
hokkaido_12,2021-05-04,1620160884000,5.076849054258071,-12.17065234533212,36.09405551114772
hokkaido_12,2021-05-16,1621197684000,11.71450101893001,-10.48629650490305,36.093120866255326
hokkaido_12,2021-05-28,1622234485000,3.6003235051496323,-12.488200459963371,36.088988755208185
hokkaido_12,2021-06-09,1623271286000,3.1564786194542696,-11.736034000021716,36.087543402760645
hokkaido_12,2021-06-21,1624308087000,2.569414982321923,-11.013219378090149,36.089036585829405
hokkaido_12,2021-07-03,1625344887000,2.008414355208113,-10.80144997593313,36.09122929026975
hokkaido_12,2021-07-15,1626381688000,2.202971394628086,-11.507109378165287,36.09208643586108
hokkaido_12,2021-07-27,1627418489000,2.400929934416458,-12.402712543852427,36.097568362185264
hokkaido_12,2021-08-08,1628455289000,1.5431622567250958,-11.704430410999242,36.08825221052074
hokkaido_12,2021-08-20,1629492090000,1.725875393082785,-11.108288870780706,36.086470992505404
hokkaido_12,2021-09-01,1630528905000,3.8950470690778745,-12.332813413713637,35.602523359459916
hokkaido_12,2021-09-13,1631565705000,4.708536429458455,-10.776226992426176,35.59878283876362
hokkaido_12,2021-09-25,1632602506000,5.228235189837218,-10.233702678840123,35.59471259787317
hokkaido_12,2021-10-07,1633639303000,6.36819140836636,-10.877597713138007,35.734315182677776
hokkaido_12,2021-10-19,1634676103000,7.008200843539782,-11.616347082963404,35.73209079363427
hokkaido_12,2021-10-31,1635712903000,3.748404033980151,-11.115057420141191,35.73578487760536
hokkaido_12,2021-11-12,1636749703000,4.261259189979975,-12.11029989795693,35.73767725960506
hokkaido_12,2021-11-24,1637786503000,3.618723949881539,-10.21006414333463,35.73206423325413
hokkaido_12,2021-12-06,1638823302000,3.766891798187759,-11.46841976525925,35.73197951683631
hokkaido_12,2021-12-18,1639860102000,3.5826171487711633,-10.612476298021976,35.73026335733006
hokkaido_12,2021-12-30,1640896901000,3.671666549455528,-7.833419132752546,35.73759159146775
hokkaido_12,2022-01-11,1641933701000,0.6578933631668228,-10.006630181825953,35.736262178845045
hokkaido_12,2022-01-23,1642970500000,1.8180466138406668,-9.165187315126404,35.73603926280897
hokkaido_12,2022-02-04,1644007299000,3.3346975708121875,-8.745665920949314,35.73713038351792
hokkaido_12,2022-02-16,1645044099000,1.7274340975357865,-10.552256691136295,35.73523465782706
hokkaido_12,2022-02-28,1646080899000,3.0938429391807865,-12.717351135207748,35.73383285060073
hokkaido_12,2022-03-12,1647117699000,1.7573950453181861,-11.97119579868231,35.73961003209492
hokkaido_12,2022-03-24,1648154500000,2.9942227629250424,-10.093069865961343,35.738837897621046
hokkaido_12,2022-04-05,1649191300000,6.307934235580453,-10.119548508349158,35.73982264046718
hokkaido_12,2022-04-17,1650228100000,5.335192866652672,-11.72674650033958,35.73537012879887
hokkaido_12,2022-04-29,1651264901000,3.9264974435742257,-10.793099522736414,35.73523720477817
hokkaido_12,2022-05-11,1652301701000,3.186798065770469,-9.96114614725119,35.737376019795214
hokkaido_12,2022-06-04,1654375303000,5.956709784386206,-9.411317872885844,35.73595789481348
hokkaido_12,2022-06-16,1655412104000,6.946621343427011,-9.958419883281795,35.73911033323467
hokkaido_12,2022-06-28,1656448905000,7.244175454502549,-8.491586903098595,35.731699491477336
hokkaido_12,2022-07-10,1657485705000,8.262259100202666,-9.141429778162053,35.73323005290946
hokkaido_12,2022-07-22,1658522506000,13.201008399168895,-7.30311092014891,35.73884701531302
hokkaido_12,2022-08-03,1659559307000,8.456296842142974,-9.967030111563066,35.73701889975572
hokkaido_12,2022-08-15,1660596108000,12.90672544509246,-6.897383565540499,35.73654212265645
hokkaido_12,2022-08-27,1661632908000,8.275271981504469,-10.150112604682864,35.73380558586198
hokkaido_12,2022-09-08,1662669709000,7.1039436834574445,-10.936797712906266,35.72703930246513
hokkaido_12,2022-09-20,1663706508000,5.830144755787265,-9.406048226171205,35.75238800976602
hokkaido_12,2022-10-02,1664743309000,6.843795167449497,-8.692831823323635,35.737131897126794
hokkaido_12,2022-10-14,1665780109000,7.733975379980904,-9.841818964395339,35.737887060762674
hokkaido_12,2022-10-26,1666816909000,6.956947523248834,-9.797683680487621,35.72817751728502
hokkaido_12,2022-11-07,1667853709000,5.355217747150308,-9.592837747945147,35.73723071598001
hokkaido_12,2022-11-19,1668890509000,5.8263516463917755,-10.280739034348915,35.73341659817276
hokkaido_12,2022-12-01,1669927308000,4.870417107597536,-9.2049763982701,35.73938391672749
hokkaido_12,2022-12-13,1670964108000,2.9221089592722738,-10.904919604403476,35.73529122617841
hokkaido_12,2022-12-25,1672000907000,4.459916969600891,-9.734469361597135,35.73508125448486
hokkaido_12,2023-01-06,1673037706000,2.8246593945385525,-11.13055770192987,35.73208441454956
hokkaido_12,2023-01-18,1674074505000,3.6047440227603817,-10.305476621300642,35.75217940741317
hokkaido_12,2023-01-30,1675111306000,5.34317644875416,-11.359645251318849,35.732338687004905
hokkaido_12,2023-02-11,1676148105000,2.789107032817066,-11.224455630579502,35.73800816614088
hokkaido_12,2023-02-23,1677184905000,2.0720177490186433,-11.856922958234735,35.74216676741332
hokkaido_12,2023-03-07,1678221705000,4.084865768727642,-8.457810843943525,35.73577694823553
hokkaido_12,2023-03-19,1679258505000,4.3049147300471455,-11.121880971057035,35.73610121176667
hokkaido_12,2023-03-31,1680295305000,4.980038330292196,-10.45470663907047,35.73739722377725
hokkaido_12,2023-04-12,1681332106000,7.653732036557354,-7.297111459661104,35.737642086743826
hokkaido_12,2023-04-24,1682368906000,8.070291577977015,-8.868968297456624,35.736904404818056
hokkaido_12,2023-05-06,1683405707000,8.928485830325444,-8.722875023405377,35.72868418683911
hokkaido_12,2023-05-18,1684442508000,9.110303056187153,-9.232255754578885,35.72833524838842
hokkaido_12,2023-05-30,1685479308000,5.517180302006116,-8.540698006492304,35.72889986113361
hokkaido_12,2023-06-11,1686516109000,9.484699091443876,-8.536270362764085,35.73809812830837
hokkaido_12,2023-06-23,1687552909000,8.553110656836342,-9.147921067386816,35.73398431791454
hokkaido_12,2023-07-05,1688589710000,10.74126829509212,-8.121688525264938,35.735763491235595
hokkaido_12,2023-07-17,1689626511000,9.307230017681551,-9.244885695815704,35.73338593287152
hokkaido_12,2023-07-29,1690663311000,7.78727920528263,-9.283636554326561,35.734012765595416
hokkaido_12,2023-08-10,1691700111000,9.163511340813498,-9.880194163490431,35.75274068315783
hokkaido_12,2023-08-22,1692736913000,9.15874712276617,-9.248193149689484,35.74117860520045
hokkaido_12,2023-09-03,1693773714000,7.89716181543026,-9.053367169210311,35.733769433952496
hokkaido_12,2023-09-15,1694810514000,8.427286542611665,-9.037196198932355,35.731304632630014
hokkaido_12,2023-09-27,1695847314000,8.610608873438585,-10.134365204117659,35.73673578260788
hokkaido_12,2023-10-09,1696884114000,8.078624488171918,-10.260845765103978,35.74205332719808
hokkaido_12,2023-10-21,1697920914000,6.688451812880335,-11.038560247510516,35.733156539136935
hokkaido_12,2023-11-02,1698957714000,9.028203904598213,-8.504209645089533,35.737428488262175
hokkaido_12,2023-11-14,1699994514000,8.1623342304974,-9.264711550715447,35.728809325857405
hokkaido_12,2023-11-26,1701031313000,5.299990928804089,-10.516926203262575,35.73727652809836
hokkaido_12,2023-12-08,1702068113000,6.991306486197008,-10.536360876986755,35.73403367901793
hokkaido_12,2023-12-20,1703104912000,2.9704870254136893,-9.040676725045536,35.74898631548641
hokkaido_12,2024-01-01,1704141711000,5.62336982990721,-9.433721755651524,35.743220737450336
hokkaido_12,2024-01-13,1705178511000,2.501380113753419,-9.280242276687904,35.73278156739516
hokkaido_12,2024-01-25,1706215311000,2.1231075154905,-11.707346298660298,35.73097006691956
hokkaido_12,2024-02-06,1707252110000,3.285777021297561,-9.158113425704986,35.737980920102885
hokkaido_12,2024-02-18,1708288910000,2.051632975882548,-10.89285886719389,35.73700952568455
hokkaido_12,2024-03-01,1709325710000,2.2482244657720534,-10.890594458901779,35.73856616637468
hokkaido_12,2024-03-13,1710362510000,2.0411562923425515,-12.013808526642368,35.74036087869273
hokkaido_12,2024-03-25,1711399310000,3.1637138874720203,-10.155133969093098,35.741886537662175
hokkaido_12,2024-04-06,1712436111000,3.43763917437517,-9.251429092293423,35.7317236549504
hokkaido_12,2024-04-18,1713472911000,7.350241604207056,-9.64448914942609,35.7335104616724
hokkaido_12,2024-04-30,1714509712000,7.762613207556529,-8.94342056426126,35.73343429549995
hokkaido_12,2024-05-12,1715546511000,8.711918000260217,-7.626195110785806,35.73134799294991
hokkaido_12,2024-05-24,1716583311000,7.509850606465114,-10.07358301092324,35.717416599576495
hokkaido_12,2024-06-05,1717620111000,6.375724514556264,-8.783851704965375,35.71970791175464
hokkaido_12,2024-06-17,1718656910000,7.066269152260956,-11.04888093812905,35.7289193156656
hokkaido_12,2024-06-29,1719693710000,7.675693258542407,-9.272625960895617,35.72604320293201
hokkaido_12,2024-07-11,1720730509000,6.208408467434567,-10.018704611573916,35.72566902391837
hokkaido_12,2024-07-23,1721767309000,6.8019461650930095,-10.066325900687133,35.72666021268408
hokkaido_12,2024-08-04,1722804109000,6.446274882031957,-10.293130976052177,35.72285855459574
hokkaido_12,2024-08-16,1723840909000,7.539206247420015,-10.30952640264137,35.73177335412062
hokkaido_12,2024-08-28,1724877709000,7.399670770396562,-11.228179331330393,35.73575634752056
hokkaido_12,2024-09-09,1725914510000,6.421183933335722,-11.325341835706846,35.74090676777582
hokkaido_12,2024-09-21,1726951310000,4.983133828456329,-9.416146615156771,35.74039602829748
hokkaido_12,2024-10-03,1727988110000,6.592817094684338,-11.29782597076971,35.74050349800112
hokkaido_12,2024-10-15,1729024910000,9.306586849271154,-7.347283706049582,35.73938428936582
hokkaido_12,2024-10-27,1730061711000,5.978973806944379,-11.425198260462794,35.73712677562757
hokkaido_12,2024-11-08,1731098510000,4.236039458297393,-11.033976343157711,35.73867542714726
hokkaido_12,2024-11-20,1732135309000,3.6730895059000614,-11.870385582506026,35.73175398996981
hokkaido_12,2024-12-02,1733172109000,7.676552400112066,-11.23189606287762,35.72361376214709
hokkaido_12,2024-12-14,1734208908000,6.747333403205086,-10.874452421328597,35.720242616381185
hokkaido_12,2024-12-26,1735245707000,4.886929235186861,-12.73792014938097,35.72886032937632
hokkaido_12,2025-01-07,1736282505000,2.348724358378873,-10.580056828587988,35.733075053524935
hokkaido_12,2025-01-19,1737319304000,7.249503266119633,-11.74112799331613,35.73371783556014
hokkaido_12,2025-01-31,1738356103000,2.9216228229428314,-11.8362601761198,35.73648504612784
hokkaido_12,2025-02-12,1739392903000,10.159860147477833,-11.42499574587106,35.730874072785994
hokkaido_12,2025-02-24,1740429703000,4.071513696829866,-9.408389153020096,35.7378887527512
hokkaido_12,2025-03-08,1741466503000,4.351729730856998,-11.954121699866691,35.736878848403535
hokkaido_12,2025-03-20,1742503304000,3.903120602624145,-11.961102348073304,35.7345981840703
hokkaido_12,2025-04-01,1743540104000,4.588901943994672,-13.21280185576772,35.72970864786767
hokkaido_12,2025-04-13,1744576904000,8.687213830960973,-8.207672246010542,35.73376178857239
hokkaido_12,2025-04-25,1745613704000,6.832652409132829,-11.167791901885062,35.72440624102061
hokkaido_12,2025-05-07,1746650504000,7.678424754523702,-8.852093591238177,35.725728821282054
hokkaido_12,2025-05-19,1747687303000,6.747246434258903,-9.909893898671925,35.727225969815215
hokkaido_12,2025-05-26,1748291607000,9.266436406538268,-12.185138898528836,45.52996203335847
hokkaido_12,2025-05-31,1748724103000,7.3378508343786395,-11.22878553634134,35.722130084461476
hokkaido_12,2025-06-12,1749760902000,7.931092318570487,-10.924887279375929,35.717147399951706
hokkaido_12,2025-06-24,1750797702000,8.220688738155516,-10.682989475444367,35.71519425268028
hokkaido_12,2025-07-06,1751834501000,7.381955970097965,-9.355061344739248,35.71975638544551
hokkaido_12,2025-07-18,1752871300000,7.317873897269646,-9.820746698444893,35.72667406197388
hokkaido_12,2025-07-30,1753908100000,6.748963237101834,-11.22717687849599,35.728367742802675
hokkaido_12,2025-08-11,1754944900000,6.760095078895917,-9.923264562182085,35.72788715150666
hokkaido_12,2025-08-23,1755981700000,6.8582672589133304,-11.026795047504597,35.729828923543316
hokkaido_12,2025-09-04,1757018500000,6.766959799879084,-10.446453086023084,35.7367535346732
hokkaido_12,2025-09-16,1758055301000,6.618117103760569,-9.512086550875534,35.74198116166003
hokkaido_12,2025-09-28,1759092101000,4.808639289942888,-8.915273496093512,35.74094425527154
hokkaido_12,2025-10-10,1760128901000,5.2853971054029705,-11.721228051833577,35.727689702115086
hokkaido_12,2025-10-22,1761165701000,5.794149987968543,-10.951001214936095,35.732735691058984
hokkaido_12,2025-11-03,1762202501000,3.202257731308278,-12.883334742869042,35.730267982868234
hokkaido_12,2025-11-15,1763239300000,4.549712234155377,-11.569749589838052,35.73313217502308
hokkaido_12,2025-11-27,1764276099000,4.010143000905337,-9.241241695532903,35.73051022982154
hokkaido_12,2025-12-09,1765312898000,6.370999139664077,-10.684966982126955,35.72490626660225
hokkaido_12,2025-12-21,1766349697000,2.4163133543773867,-11.341651340210388,35.72223892335368
hokkaido_12,2026-01-02,1767386495000,3.9256971532233647,-10.137501126488822,35.72321120559097
hokkaido_12,2026-01-14,1768423294000,4.805248740737378,-11.874050814345203,35.72705734980713
hokkaido_12,2026-01-26,1769460094000,2.6835211144680304,-10.936746937070096,35.73275330899943
hokkaido_12,2026-02-07,1770496893000,3.80262370435616,-9.701894778881185,35.73417224046359
hokkaido_12,2026-02-19,1771533692000,0.7799704265208091,-8.827130738129343,35.73310424255877
hokkaido_12,2026-03-03,1772570492000,3.9789785325024423,-8.972963673093634,35.73500734167061
hokkaido_12,2026-03-15,1773607292000,2.533738201987616,-12.52507101856852,35.73291322778429
hokkaido_12,2026-04-08,1775680892000,4.346675723443461,-10.664428410187222,35.7344878006521
hokkaido_12,2026-04-20,1776717693000,5.899038112652344,-9.876227260843983,35.725493252686775
hokkaido_12,2026-05-02,1777754492000,6.887118338687227,-10.729456409222307,35.72180282117766
hokkaido_12,2026-05-14,1778791292000,4.324088689563118,-10.019628894078696,35.71921581709299
hokkaido_13,2017-02-18,1487450457000,1.6724140240713603,-3.8727638198806327,35.98843572172031
hokkaido_13,2017-03-02,1488487257090,2.8819859048711165,-4.650725223922232,35.9906191473011
hokkaido_13,2017-03-14,1489524057000,5.252421036676745,-4.9973648554420365,35.98058597721846
hokkaido_13,2017-03-26,1490560857000,3.3319728091949092,-5.546755159593541,35.980214087907655
hokkaido_13,2017-04-07,1491597658140,8.591840008791916,-7.73850579028687,35.983928708933824
hokkaido_13,2017-04-19,1492634458760,7.546613678495491,-5.525346950092224,35.98588012430157
hokkaido_13,2017-05-01,1493671259000,8.443770622241782,-6.361263791417306,35.98357105409318
hokkaido_13,2017-05-13,1494708059970,8.702584832664567,-5.581598522645881,35.97946617841094
hokkaido_13,2017-05-25,1495744860000,8.670693503649176,-4.9966740219533134,35.98409968533919
hokkaido_13,2017-06-06,1496781661000,9.210875766407227,-4.719979708422698,35.9796868481233
hokkaido_13,2017-06-18,1497818461000,9.11138955466733,-5.130357575928298,35.98470014298784
hokkaido_13,2017-06-30,1498855262000,9.89486515575064,-4.811317796645773,35.98675321915388
hokkaido_13,2017-07-12,1499892063000,8.544124549719207,-4.98970532644573,35.984307853621665
hokkaido_13,2017-07-24,1500928864000,9.76759152288985,-4.6693088354887715,35.98388134170355
hokkaido_13,2017-08-05,1501965664000,9.658933459331827,-4.499906152808806,35.978193988422746
hokkaido_13,2017-08-17,1503002465000,9.304182587652368,-5.022404143394438,35.98551552051537
hokkaido_13,2017-08-29,1504039265000,9.757344208106776,-4.756161230184465,35.984898010037924
hokkaido_13,2017-09-10,1505076066000,9.457876636644135,-5.35971003132433,35.98292907005132
hokkaido_13,2017-09-22,1506112866000,9.727718611457183,-5.233300362285831,35.98334376042999
hokkaido_13,2017-10-04,1507149666000,8.646771150618825,-4.940810566432546,35.982545063200746
hokkaido_13,2017-10-16,1508186467000,9.445869045170246,-5.0543179837035455,35.98371897844095
hokkaido_13,2017-10-28,1509223267000,4.771446659907286,-7.334192217193172,35.98265523871913
hokkaido_13,2017-11-09,1510260066000,3.416354329123056,-8.53997533444777,35.9856471260148
hokkaido_13,2017-11-21,1511296866000,1.7923211259733594,-6.476933169308819,35.98001383576799
hokkaido_13,2017-12-03,1512333666000,4.228026326717474,-6.900382794389506,35.98008737207304
hokkaido_13,2017-12-15,1513370465000,2.212708341881299,-6.688601079725075,35.97996963189257
hokkaido_13,2017-12-27,1514407265000,4.353513431266633,-6.954253312811383,35.98716732059862
hokkaido_13,2018-01-08,1515444064000,5.659398962081842,-6.542622207241765,35.98597764949591
hokkaido_13,2018-01-20,1516480864000,2.2018390541049677,-5.745814463114178,35.97921664601509
hokkaido_13,2018-02-01,1517517664000,0.712038689759345,-6.886519502464034,35.978602084277206
hokkaido_13,2018-02-13,1518554463000,5.240380410533647,-6.415772338367575,35.978047327955814
hokkaido_13,2018-02-25,1519591263000,2.927785938175883,-6.740985145888572,35.98611494960797
hokkaido_13,2018-03-09,1520628063000,5.5894796669434985,-6.008169908867689,35.991626427516415
hokkaido_13,2018-03-21,1521664863000,1.9240660570961556,-8.018379413468704,35.991531779742004
hokkaido_13,2018-04-02,1522701664000,4.258082326673708,-6.387535393558301,35.98477342239533
hokkaido_13,2018-04-14,1523738464000,7.403474264889494,-3.9812551154422793,35.982281972962596
hokkaido_13,2018-04-26,1524775265000,5.430638142664617,-5.8002838447877085,35.982764868050666
hokkaido_13,2018-05-08,1525812065000,5.538398302911341,-7.470668409832743,35.985022160423526
hokkaido_13,2018-05-20,1526848866000,3.9975762792908403,-5.114051434907017,35.98679172872196
hokkaido_13,2018-06-01,1527885667000,4.958481558437659,-4.752959848654733,35.98814727650491
hokkaido_13,2018-06-13,1528922468000,6.739460501310409,-4.241970442881219,35.97912466877639
hokkaido_13,2018-06-25,1529959268000,6.505705707841771,-4.628215302841342,35.980520351763154
hokkaido_13,2018-07-19,1532032870000,5.4863051393059505,-5.238896275596883,35.987520618003565
hokkaido_13,2018-07-31,1533069670000,4.209693391629954,-6.046449373223121,35.989522894577455
hokkaido_13,2018-08-12,1534106471000,5.7671618382163405,-5.518275652472552,35.98284827980918
hokkaido_13,2018-08-24,1535143272000,7.150736204426619,-5.827490788876524,35.97201575978751
hokkaido_13,2018-09-05,1536180072000,8.209927433016501,-5.133737313771794,35.98236481095053
hokkaido_13,2018-09-17,1537216873000,7.140628961462889,-5.266342607441048,35.98547565185966
hokkaido_13,2018-09-29,1538253673000,6.35587020076774,-5.2251234823640145,35.98518317504538
hokkaido_13,2018-10-11,1539290473000,8.738710226622647,-5.766172761237983,35.98087846421068
hokkaido_13,2018-10-23,1540327273000,7.956058027411778,-6.714065324021553,35.981308077360296
hokkaido_13,2018-11-04,1541364073000,7.879844224178905,-4.114800014242376,35.98099255258204
hokkaido_13,2018-11-16,1542400873000,9.184710590568757,-4.629526582797405,35.98514075944747
hokkaido_13,2018-11-28,1543437672000,8.32841534193662,-4.76861454309433,35.98689597522987
hokkaido_13,2018-12-10,1544474472000,2.6234073900407244,-5.905845471213855,35.98171893768435
hokkaido_13,2018-12-22,1545511272000,5.044219579267804,-5.182580386916618,35.97702050257212
hokkaido_13,2019-01-03,1546548071000,2.867463221992815,-6.851550037117365,35.979660775819205
hokkaido_13,2019-01-15,1547584871000,1.0915147532052838,-6.572339727906285,35.98639506141353
hokkaido_13,2019-01-27,1548621671000,2.693773515739687,-5.412405180643838,35.9822318855019
hokkaido_13,2019-02-08,1549658470000,3.3519654103789627,-4.4698999042871295,35.98363359278811
hokkaido_13,2019-02-20,1550695270000,4.145866508015306,-5.435205372762407,35.97899205504085
hokkaido_13,2019-03-04,1551732070000,5.855968213431408,-5.865463310677634,35.97510310240467
hokkaido_13,2019-03-16,1552768870000,3.4530093465046487,-4.657678701636431,35.98508938707823
hokkaido_13,2019-03-28,1553805670000,3.2364099667168578,-6.500476165966181,35.98506911521735
hokkaido_13,2019-04-09,1554842470000,5.741433681139504,-7.557274394210092,35.98690381354638
hokkaido_13,2019-04-21,1555879271000,5.3807475299137675,-7.680393775965362,35.978683724298435
hokkaido_13,2019-05-03,1556916071000,7.38277833477128,-6.077184469334457,35.975475451792335
hokkaido_13,2019-05-15,1557952872000,7.328542459307015,-7.3030665742618135,35.98083060812165
hokkaido_13,2019-06-08,1560026473000,10.421159152702126,-5.291705843186328,35.98924163719776
hokkaido_13,2019-06-20,1561063274000,10.077459623458216,-4.4656042794515045,35.98534438892554
hokkaido_13,2019-07-02,1562100075000,11.266035196820864,-5.346650688260134,35.97940131361975
hokkaido_13,2019-07-14,1563136875000,10.767353357694398,-5.330255533008967,35.981185972545795
hokkaido_13,2019-07-26,1564173676000,10.66187084268697,-5.766473358831706,35.98657874729591
hokkaido_13,2019-08-07,1565210477000,9.413470677250881,-5.298019609002589,35.985653093160344
hokkaido_13,2019-08-19,1566247278000,10.105055959918852,-6.209078986203714,35.98075529360758
hokkaido_13,2019-09-12,1568320879000,9.562176355785773,-5.586921654190065,35.98494780403126
hokkaido_13,2019-09-24,1569357679000,8.991874281066764,-6.2430936800623265,35.98018412742475
hokkaido_13,2019-10-06,1570394480000,8.571025321112968,-6.66195286845515,35.98440631365535
hokkaido_13,2019-10-18,1571431279000,8.40616814633543,-7.507216440323247,35.98631311440907
hokkaido_13,2019-10-30,1572468080000,8.748446985243776,-6.216572374338616,35.98081075515979
hokkaido_13,2019-11-11,1573504880000,9.641163495211247,-6.207056158851922,35.97908188319534
hokkaido_13,2019-11-23,1574541679000,6.0450412369686575,-6.9580120697628,35.981194011127876
hokkaido_13,2019-12-05,1575578479000,3.0088260816679786,-7.034989940668241,35.987373934948266
hokkaido_13,2019-12-17,1576615278000,5.122955328363514,-7.246852393225434,35.98352438647339
hokkaido_13,2019-12-29,1577652078000,3.6382730269857624,-5.558071803161457,35.97842327679833
hokkaido_13,2020-01-10,1578688877000,3.368480703926524,-6.822994246189351,35.97590325760725
hokkaido_13,2020-01-22,1579725677000,4.743218385593786,-5.496063193613275,35.97943198676055
hokkaido_13,2020-02-03,1580762477000,3.7959651624526765,-3.9845546704706027,36.104103684088194
hokkaido_13,2020-02-15,1581799276000,3.9632721280829633,-5.735824258086019,36.10734335433785
hokkaido_13,2020-02-27,1582836076000,3.2031790612487754,-6.266844903051263,36.10486564281305
hokkaido_13,2020-03-10,1583872876000,9.48225931715163,-5.660754420438369,36.09648133866758
hokkaido_13,2020-03-22,1584909676000,3.8909690265989965,-5.697806406056544,36.09758120680039
hokkaido_13,2020-04-03,1585946477000,6.259810054664386,-5.006173665136,36.104042700565216
hokkaido_13,2020-04-15,1586983277000,5.480685962464801,-7.2256044079314306,36.10702526304029
hokkaido_13,2020-04-27,1588020078000,8.593952029395043,-3.840393270603486,36.10602390742003
hokkaido_13,2020-05-09,1589056878000,9.002439795063934,-3.719287069607385,36.10732562197232
hokkaido_13,2020-05-21,1590093679000,8.258722002591561,-3.837459452126568,36.102487523997134
hokkaido_13,2020-06-02,1591130479000,8.585871620901067,-4.528675434581727,36.10578857400262
hokkaido_13,2020-06-14,1592167280000,8.006099502465299,-4.527355067137937,36.10338161765505
hokkaido_13,2020-06-26,1593204081000,8.601299192692542,-5.421053484331736,36.10741351859264
hokkaido_13,2020-07-08,1594240882000,4.633726262520395,-7.140439051651002,36.10649513095094
hokkaido_13,2020-07-20,1595277682000,9.792782984022967,-5.433464926205562,36.1003426532356
hokkaido_13,2020-08-01,1596314483000,8.132995091008581,-5.093220771654659,36.09805392775605
hokkaido_13,2020-08-13,1597351284000,8.741464153281646,-5.340877637076602,36.10553008132361
hokkaido_13,2020-08-25,1598388085000,7.920007947356216,-5.354258918283278,36.104182404026844
hokkaido_13,2020-09-06,1599424885000,8.63224602910264,-5.168024857291617,36.10204573891381
hokkaido_13,2020-09-18,1600461685000,9.32180590663423,-5.266985389653748,36.099979120062976
hokkaido_13,2020-09-30,1601498486000,7.659219124523935,-4.895934515328223,36.10243538800225
hokkaido_13,2020-10-12,1602535286000,7.872550584413543,-5.809361709402021,36.10146123173261
hokkaido_13,2020-10-24,1603572086000,8.212334722510887,-6.022163622717838,36.10516288820533
hokkaido_13,2020-11-05,1604608886000,8.106545668067637,-5.471638920841215,36.100706800981
hokkaido_13,2020-11-17,1605645686000,6.8192647709324765,-6.7462331033122895,36.09908126676926
hokkaido_13,2020-11-29,1606682485000,5.35600018189572,-7.85436328227496,36.100908678165105
hokkaido_13,2020-12-11,1607719285000,4.907877128235153,-8.044083112184623,36.10127409871007
hokkaido_13,2020-12-23,1608756084000,5.1338115142345515,-8.892837476334455,36.10598267385014
hokkaido_13,2021-01-04,1609792884000,4.757252818929053,-6.695762554239804,36.104616774726175
hokkaido_13,2021-01-16,1610829683000,5.417751049423011,-7.042911377088227,36.10100686998442
hokkaido_13,2021-01-28,1611866483000,4.093461803399465,-7.549174560557103,36.09444452068873
hokkaido_13,2021-02-09,1612903282000,6.507535418182709,-5.205954993037759,36.09584206706345
hokkaido_13,2021-02-21,1613940082000,4.723654061248315,-6.575336513030409,36.10713035234742
hokkaido_13,2021-03-05,1614976882000,11.717964965819455,-5.9295008674111,36.11073610802367
hokkaido_13,2021-03-17,1616013682000,4.4102220767103555,-8.658912386212819,36.11017031930621
hokkaido_13,2021-03-29,1617050482000,6.936588399027705,-8.316986100451556,36.101663553649736
hokkaido_13,2021-04-10,1618087283000,4.923875445799162,-7.049061883800383,36.101366180623344
hokkaido_13,2021-04-22,1619124083000,5.338287938409087,-7.679480947579678,36.10541832868243
hokkaido_13,2021-05-04,1620160884000,7.656787732820888,-7.428901984729861,36.10721645197146
hokkaido_13,2021-05-16,1621197684000,8.597449953247814,-5.804415586509846,36.10628251099052
hokkaido_13,2021-05-28,1622234485000,7.083299731102877,-7.429937190481717,36.10214988853554
hokkaido_13,2021-06-09,1623271286000,7.213607590139362,-8.015656285048399,36.100703767546754
hokkaido_13,2021-06-21,1624308087000,8.601830591623711,-6.0969073942858545,36.10219667741981
hokkaido_13,2021-07-03,1625344887000,6.61136863293976,-6.497833451346279,36.10439169476717
hokkaido_13,2021-07-15,1626381688000,7.262657224987409,-6.78290726670016,36.10524832700834
hokkaido_13,2021-07-27,1627418489000,6.992661970705142,-6.080116589848819,36.11072645912665
hokkaido_13,2021-08-08,1628455289000,6.370582065912369,-6.532845142270101,36.10141142318591
hokkaido_13,2021-08-20,1629492090000,7.349537896268913,-6.270764297746722,36.09963077866144
hokkaido_13,2021-09-01,1630528905000,6.829283236444507,-6.348225865989929,35.61463086472886
hokkaido_13,2021-09-13,1631565705000,7.614023879153385,-7.676092430373717,35.610892653031776
hokkaido_13,2021-09-25,1632602506000,7.621271526425407,-6.058650376613885,35.60681929226261
hokkaido_13,2021-10-07,1633639303000,6.695442924942753,-6.917795103207071,35.746627214870735
hokkaido_13,2021-10-19,1634676103000,7.692878223453646,-7.00957065921405,35.74440392158711
hokkaido_13,2021-10-31,1635712903000,7.750711246129155,-6.975365199637758,35.74810186598037
hokkaido_13,2021-11-12,1636749703000,6.698500232392866,-7.223852760588825,35.74998884721235
hokkaido_13,2021-11-24,1637786503000,4.85465686861449,-4.683269683093286,35.74437505927119
hokkaido_13,2021-12-06,1638823302000,7.196453638516866,-6.933893000136742,35.74429491259994
hokkaido_13,2021-12-18,1639860102000,4.7086592571261425,-5.692492291494131,35.74258058879032
hokkaido_13,2021-12-30,1640896901000,5.378738678765778,-5.999873160771169,35.749907212463704
hokkaido_13,2022-01-11,1641933701000,5.6856700220948575,-8.093110507471037,35.74857534703074
hokkaido_13,2022-01-23,1642970500000,1.1642853284341081,-6.473897663902926,35.74835606365462
hokkaido_13,2022-02-04,1644007299000,2.2731207645683296,-5.638425999408737,35.74944305805479
hokkaido_13,2022-02-16,1645044099000,3.854951596766252,-5.65876786120568,35.74755048645846
hokkaido_13,2022-02-28,1646080899000,4.93852751996157,-5.2069901509464325,35.74614938710151
hokkaido_13,2022-03-12,1647117699000,0.8679921181433725,-8.07693064593583,35.75192271936907
hokkaido_13,2022-03-24,1648154500000,3.1041865649040727,-7.144517114417822,35.75115571989585
hokkaido_13,2022-04-05,1649191300000,6.047804559752913,-9.4289792491626,35.75213610020328
hokkaido_13,2022-04-17,1650228100000,6.923395672234906,-8.009388823690594,35.74768498574236
hokkaido_13,2022-04-29,1651264901000,6.041958136864604,-7.4313477956528295,35.74755283049952
hokkaido_13,2022-05-11,1652301701000,7.384019644905108,-8.595492959835578,35.749691072791144
hokkaido_13,2022-06-04,1654375303000,8.475442364645183,-6.57793985738336,35.74827460147475
hokkaido_13,2022-06-16,1655412104000,7.788496910620585,-6.024746378148095,35.7514269611623
hokkaido_13,2022-06-28,1656448905000,7.143795047783752,-5.200049774977031,35.74401793804621
hokkaido_13,2022-07-10,1657485705000,7.67596816571144,-6.2479207850689695,35.74554983337946
hokkaido_13,2022-07-22,1658522506000,7.947957299348539,-7.417611797211135,35.75116180274983
hokkaido_13,2022-08-03,1659559307000,7.749444648340554,-7.239497178018223,35.7493309437145
hokkaido_13,2022-08-15,1660596108000,8.223572365269574,-6.435565181016412,35.74885358012162
hokkaido_13,2022-08-27,1661632908000,6.766434027701424,-7.152442323295421,35.74611776632228
hokkaido_13,2022-09-08,1662669709000,6.0283272556326075,-7.429913872897468,35.73936086183618
hokkaido_13,2022-09-20,1663706508000,6.335697655998684,-6.433403472618684,35.76469693865097
hokkaido_13,2022-10-02,1664743309000,7.912199137133744,-7.016443308950918,35.749439380558655
hokkaido_13,2022-10-14,1665780109000,7.9582336292212155,-6.83363483333093,35.75020237847175
hokkaido_13,2022-10-26,1666816909000,6.487252058605206,-6.952984811331562,35.740491318914714
hokkaido_13,2022-11-07,1667853709000,5.113445031631542,-7.433470544221897,35.74954537693615
hokkaido_13,2022-11-19,1668890509000,6.309053185093234,-6.513587198061511,35.74573384344903
hokkaido_13,2022-12-01,1669927308000,5.480130956113664,-6.071433506827397,35.75169511387042
hokkaido_13,2022-12-13,1670964108000,4.890878825208994,-6.802332558463596,35.74760836224225
hokkaido_13,2022-12-25,1672000907000,3.4090503010329183,-6.608188860301711,35.747395282175965
hokkaido_13,2023-01-06,1673037706000,4.716215694632611,-6.96806929062999,35.74439881912385
hokkaido_13,2023-01-18,1674074505000,6.355058440744003,-6.993449793835172,35.76448489758732
hokkaido_13,2023-01-30,1675111306000,2.8251242620387824,-6.804185283093496,35.74465333140085
hokkaido_13,2023-02-11,1676148105000,2.309858155214382,-6.882182245102658,35.75032209477715
hokkaido_13,2023-02-23,1677184905000,1.0234791483125059,-5.143082908927353,35.75448084590412
hokkaido_13,2023-03-07,1678221705000,0.878088360030645,-6.969368209344568,35.74809191030524
hokkaido_13,2023-03-19,1679258505000,4.1847252768813314,-8.12761710034874,35.74841619612207
hokkaido_13,2023-03-31,1680295305000,5.9613294012156866,-7.703402229302415,35.749710305724484
hokkaido_13,2023-04-12,1681332106000,8.601104363526431,-6.218108711445386,35.749954977925306
hokkaido_13,2023-04-24,1682368906000,8.10200403618986,-5.353971827626363,35.74921834842046
hokkaido_13,2023-05-06,1683405707000,9.17559754342926,-4.355403636239729,35.74100348549098
hokkaido_13,2023-05-18,1684442508000,8.960424698828364,-5.3419320296622885,35.74065823710055
hokkaido_13,2023-05-30,1685479308000,8.672468609536068,-5.696831931661237,35.741219509004495
hokkaido_13,2023-06-11,1686516109000,9.715032123298853,-5.73709095553338,35.750412252117705
hokkaido_13,2023-06-23,1687552909000,9.068345694385622,-6.442171869016759,35.74630036273115
hokkaido_13,2023-07-05,1688589710000,8.9778035740264,-5.27840781583822,35.74807601031861
hokkaido_13,2023-07-17,1689626511000,9.581308762834347,-6.006242775716169,35.74570055406823
hokkaido_13,2023-07-29,1690663311000,7.886053396308385,-6.262740250698026,35.746327896411074
hokkaido_13,2023-08-10,1691700111000,8.34471783758532,-4.823061013284451,35.76504887123693
hokkaido_13,2023-08-22,1692736913000,8.37050405693057,-4.564774487393296,35.75349419318272
hokkaido_13,2023-09-03,1693773714000,7.889176638169323,-3.647277622216296,35.74608082318548
hokkaido_13,2023-09-15,1694810514000,8.126640284690042,-3.8246349814443446,35.7436224579739
hokkaido_13,2023-09-27,1695847314000,8.217781519843273,-5.952458615021871,35.74905049979228
hokkaido_13,2023-10-09,1696884114000,7.4879185807975555,-6.65348660896419,35.75436829007933
hokkaido_13,2023-10-21,1697920914000,7.791170602465422,-6.319586199645495,35.745470852544635
hokkaido_13,2023-11-02,1698957714000,7.568693318484849,-6.855899026351983,35.74974188679396
hokkaido_13,2023-11-14,1699994514000,4.588882771944056,-5.346108908827169,35.74112567165199
hokkaido_13,2023-11-26,1701031313000,5.211076148544966,-7.772320033607366,35.749592694123876
hokkaido_13,2023-12-08,1702068113000,3.96722864266417,-8.55008179190377,35.74634839471869
hokkaido_13,2023-12-20,1703104912000,4.408748076866838,-5.766466799441199,35.761289985112995
hokkaido_13,2024-01-01,1704141711000,3.967642463734751,-5.819375504165697,35.75553266366611
hokkaido_13,2024-01-13,1705178511000,4.875357291132745,-5.321243803685288,35.74509723464913
hokkaido_13,2024-01-25,1706215311000,3.0965389831026515,-9.675985966569174,35.7432861998587
hokkaido_13,2024-02-06,1707252110000,3.025925704703897,-4.345554578704683,35.75029528502553
hokkaido_13,2024-02-18,1708288910000,0.8031026119542765,-8.140018459853854,35.74931960415179
hokkaido_13,2024-03-01,1709325710000,1.9622086517930641,-6.749346434375919,35.75088043552181
hokkaido_13,2024-03-13,1710362510000,2.358594615129882,-6.526082304165364,35.75267419917236
hokkaido_13,2024-03-25,1711399310000,4.068906656485197,-7.303580392700007,35.75420026056871
hokkaido_13,2024-04-06,1712436111000,5.279671186771776,-9.297811113744977,35.74404331123122
hokkaido_13,2024-04-18,1713472911000,7.362591685388106,-7.113590339005466,35.745826792105156
hokkaido_13,2024-04-30,1714509712000,6.5808136324806235,-6.942794656717891,35.74575110400992
hokkaido_13,2024-05-12,1715546511000,6.058705387706905,-7.2645524812464535,35.74366735640468
hokkaido_13,2024-05-24,1716583311000,6.823045762046111,-6.639392336436491,35.729744093180635
hokkaido_13,2024-06-05,1717620111000,7.450706693690392,-6.4050360086797635,35.7320324104451
hokkaido_13,2024-06-17,1718656910000,7.751322597640779,-6.050877941867482,35.741313804087014
hokkaido_13,2024-06-29,1719693710000,7.11906019987502,-7.060996893676576,35.73836427073113
hokkaido_13,2024-07-11,1720730509000,7.009245528281181,-7.939200227989445,35.737993364430444
hokkaido_13,2024-07-23,1721767309000,7.146602464424577,-7.18280505829257,35.73898470437894
hokkaido_13,2024-08-04,1722804109000,8.344818407525526,-6.957418214006692,35.735184602833755
hokkaido_13,2024-08-16,1723840909000,8.865712600593428,-6.316740210518137,35.74408767056325
hokkaido_13,2024-08-28,1724877709000,8.757362714147073,-6.083042122463655,35.74807364032841
hokkaido_13,2024-09-09,1725914510000,7.21533495379173,-6.083743380694769,35.75321990498338
hokkaido_13,2024-09-21,1726951310000,7.4253267605365405,-5.2299625650068915,35.75271158102552
hokkaido_13,2024-10-03,1727988110000,5.792658049988585,-7.155306027137679,35.752819876787434
hokkaido_13,2024-10-15,1729024910000,7.205134178097863,-5.373940788452027,35.751698142522656
hokkaido_13,2024-10-27,1730061711000,7.620452949578542,-7.385997288697065,35.749442553178156
hokkaido_13,2024-11-08,1731098510000,7.90984205454394,-7.160219533526429,35.75099059089095
hokkaido_13,2024-11-20,1732135309000,5.449371120646552,-7.951128232893595,35.74406852258844
hokkaido_13,2024-12-02,1733172109000,6.30104337793629,-6.155856774447491,35.73593428313649
hokkaido_13,2024-12-14,1734208908000,4.657389402259091,-7.197814043672873,35.732562475163974
hokkaido_13,2024-12-26,1735245707000,1.9997802998616343,-7.260815337676134,35.74117191934547
hokkaido_13,2025-01-07,1736282505000,3.186449197042908,-7.121085632917713,35.74539128421918
hokkaido_13,2025-01-19,1737319304000,6.406621537675622,-6.082457756004811,35.74603431408223
hokkaido_13,2025-01-31,1738356103000,3.0470793677943715,-7.768556161498063,35.74879796431296
hokkaido_13,2025-02-12,1739392903000,9.267931659379501,-4.9125323538292545,35.74319364608709
hokkaido_13,2025-02-24,1740429703000,4.100991987713867,-7.553968518846313,35.750197592685375
hokkaido_13,2025-03-08,1741466503000,2.9376390490745057,-6.711455634258717,35.749192896045315
hokkaido_13,2025-03-20,1742503304000,4.230853375374326,-8.955064981631244,35.74691575712607
hokkaido_13,2025-04-01,1743540104000,5.556557583814076,-8.361761185487099,35.742024869130354
hokkaido_13,2025-04-13,1744576904000,5.115246296400036,-6.556448036864523,35.74607791264208
hokkaido_13,2025-04-25,1745613704000,6.363755037987204,-5.272912136523147,35.736729770356526
hokkaido_13,2025-05-07,1746650504000,5.998710497677429,-3.6870630212863897,35.73805133066507
hokkaido_13,2025-05-19,1747687303000,6.626038218899819,-3.966841118342714,35.73954359870238
hokkaido_13,2025-05-31,1748724103000,6.384517784692346,-3.2340970151293,35.73445624942899
hokkaido_13,2025-06-12,1749760902000,6.3261959330747795,-3.3723842842767167,35.72947595113695
hokkaido_13,2025-06-24,1750797702000,5.981327392739643,-3.500260443109494,35.727522788565196
hokkaido_13,2025-07-06,1751834501000,6.353294679301496,-2.5695011908298593,35.732083469207154
hokkaido_13,2025-07-18,1752871300000,5.2097256973667925,-2.6273778952285687,35.738995482498154
hokkaido_13,2025-07-30,1753908100000,6.811357701831671,-2.0723430036927812,35.740683689749616
hokkaido_13,2025-08-11,1754944900000,6.731737186275591,-2.794387985217821,35.74020317617088
hokkaido_13,2025-08-23,1755981700000,8.310873187418634,-5.196067261277764,35.74214655866526
hokkaido_13,2025-09-04,1757018500000,9.628777334900844,-5.471922961813731,35.74906786310178
hokkaido_13,2025-09-16,1758055301000,9.690270550744614,-5.234492877700467,35.75429766849407
hokkaido_13,2025-09-28,1759092101000,10.078728655138411,-6.004594822986202,35.753260271710744
hokkaido_13,2025-10-10,1760128901000,8.99303292607023,-5.485028069172512,35.74001040031156
hokkaido_13,2025-10-22,1761165701000,9.877005402409733,-4.728651977066424,35.74505219116458
hokkaido_13,2025-11-03,1762202501000,9.178000236900152,-5.05793746281307,35.74258603839724
hokkaido_13,2025-11-15,1763239300000,5.5394248414692235,-5.848336713950355,35.74544802459866
hokkaido_13,2025-11-27,1764276099000,8.96096754052706,-5.864696950063046,35.74282459760826
hokkaido_13,2025-12-09,1765312898000,7.119257298899116,-5.791304529001318,35.737225876871335
hokkaido_13,2025-12-21,1766349697000,7.348960285982871,-5.060625479168327,35.734558929350804
hokkaido_13,2026-01-02,1767386495000,1.9835869881619754,-7.1233912854633825,35.7355338777374
hokkaido_13,2026-01-14,1768423294000,2.0250687892255557,-6.861355012429297,35.73937799358503
hokkaido_13,2026-01-26,1769460094000,2.7228018846159316,-6.436766208240522,35.74506988278633
hokkaido_13,2026-02-07,1770496893000,2.3129827324817196,-7.24812379729311,35.74648628427721
hokkaido_13,2026-02-19,1771533692000,0.7164628260569377,-8.160688517716085,35.74542263460344
hokkaido_13,2026-03-03,1772570492000,2.8533975464393335,-8.628916703358316,35.74732436994877
hokkaido_13,2026-03-15,1773607292000,5.816087709563888,-6.780318829320142,35.74523100664931
hokkaido_13,2026-04-08,1775680892000,6.112144725472143,-7.088700743077356,35.746798897945524
hokkaido_13,2026-04-20,1776717693000,6.192374532521393,-4.60530355538201,35.73781049477935
hokkaido_13,2026-05-02,1777754492000,7.978659754912045,-5.901031851301878,35.734128184463046
hokkaido_13,2026-05-14,1778791292000,6.6740504760337815,-5.883194142254734,35.73154051420929
hokkaido_14,2017-02-18,1487450457000,1.0718086897651846,-12.399533488984098,35.978339367295156
hokkaido_14,2017-03-02,1488487257090,1.398544456991846,-11.458599210004968,35.98052611560432
hokkaido_14,2017-03-14,1489524057000,4.243790338795475,-12.62622878521171,35.97049715986156
hokkaido_14,2017-03-26,1490560857000,5.88246431605608,-12.031013314405806,35.97012154878537
hokkaido_14,2017-04-07,1491597658140,7.6731323446075095,-10.762571613159645,35.97382805319031
hokkaido_14,2017-04-19,1492634458760,6.85273438347972,-10.900402899382485,35.97579236374689
hokkaido_14,2017-05-01,1493671259000,5.062263013460106,-12.400600001661463,35.97347405177773
hokkaido_14,2017-05-13,1494708059970,5.911160236329399,-10.66462422544212,35.969374047128134
hokkaido_14,2017-05-25,1495744860000,6.99598760360964,-11.280302458460742,35.97401230280798
hokkaido_14,2017-06-06,1496781661000,7.484523625354696,-9.215346642925216,35.969586287081256
hokkaido_14,2017-06-18,1497818461000,7.176582929328752,-10.384836299747146,35.9746021441444
hokkaido_14,2017-06-30,1498855262000,5.634444020195942,-8.403785864909416,35.97665609392529
hokkaido_14,2017-07-12,1499892063000,5.482420992088634,-9.079268668298804,35.97420761210104
hokkaido_14,2017-07-24,1500928864000,6.446836332185179,-9.16869039301456,35.973790572299144
hokkaido_14,2017-08-05,1501965664000,6.101562512563832,-9.575819762584752,35.9681048822008
hokkaido_14,2017-08-17,1503002465000,7.544783750696546,-9.00650180446135,35.97542480314621
hokkaido_14,2017-08-29,1504039265000,8.672126227438486,-9.486087066304119,35.97479560901392
hokkaido_14,2017-09-10,1505076066000,8.493811739652118,-9.907961183847181,35.9728276216141
hokkaido_14,2017-09-22,1506112866000,7.18552045233456,-9.478707809008707,35.97325601357946
hokkaido_14,2017-10-04,1507149666000,6.307395767525757,-11.982859767147007,35.97245399938933
hokkaido_14,2017-10-16,1508186467000,5.776617117740841,-10.564342850105744,35.97362990996259
hokkaido_14,2017-10-28,1509223267000,4.154472382332201,-11.463201871385927,35.97255925441917
hokkaido_14,2017-11-09,1510260066000,5.868720567230449,-9.131017165063176,35.97555969941252
hokkaido_14,2017-11-21,1511296866000,5.754788850954165,-11.713027551554932,35.96991191449592
hokkaido_14,2017-12-03,1512333666000,4.862583239542926,-10.934534268163686,35.97000144741043
hokkaido_14,2017-12-15,1513370465000,3.6178453675734614,-11.184575880937423,35.969878542261675
hokkaido_14,2017-12-27,1514407265000,4.59500551461288,-12.708872683690318,35.9770817233695
hokkaido_14,2018-01-08,1515444064000,5.872032463943432,-10.068267624618482,35.97588087899125
hokkaido_14,2018-01-20,1516480864000,3.13354400679076,-11.631577539781237,35.969126105839216
hokkaido_14,2018-02-01,1517517664000,2.0854366982334738,-12.592169977084025,35.96849984273558
hokkaido_14,2018-02-13,1518554463000,3.3390351224310613,-11.39356844126621,35.96795808087947
hokkaido_14,2018-02-25,1519591263000,1.133202839374219,-11.863105448036656,35.97601780889492
hokkaido_14,2018-03-09,1520628063000,-0.023166893982655676,-10.405894433555298,35.98153804663456
hokkaido_14,2018-03-21,1521664863000,3.771135123801973,-12.023705614255444,35.98143135918512
hokkaido_14,2018-04-02,1522701664000,6.0133229587870956,-12.595758630501408,35.974683032032935
hokkaido_14,2018-04-14,1523738464000,8.320763920275843,-12.364568569621214,35.97218683253591
hokkaido_14,2018-04-26,1524775265000,7.793308346424956,-11.598926400583705,35.972668424040954
hokkaido_14,2018-05-08,1525812065000,8.174377407115875,-10.155856285783951,35.974928532086714
hokkaido_14,2018-05-20,1526848866000,8.20784396819055,-10.39069841527537,35.97669313002684
hokkaido_14,2018-06-01,1527885667000,6.694280103752513,-10.50998652946323,35.97805304414416
hokkaido_14,2018-06-13,1528922468000,7.489394309561003,-9.50813984022489,35.96903724400411
hokkaido_14,2018-06-25,1529959268000,6.507813779716886,-7.909399927319788,35.970429463075206
hokkaido_14,2018-07-19,1532032870000,7.699556209178609,-10.820557239086487,35.97742844475984
hokkaido_14,2018-07-31,1533069670000,7.472089927674206,-9.28676648363882,35.97942781216889
hokkaido_14,2018-08-12,1534106471000,7.8918771462595085,-10.14265905779658,35.97274818728668
hokkaido_14,2018-08-24,1535143272000,7.8499453114365405,-9.602327853933785,35.961868980134724
hokkaido_14,2018-09-05,1536180072000,8.339606701723504,-10.146032723222337,35.97226383324827
hokkaido_14,2018-09-17,1537216873000,6.118620101867511,-10.587295261431345,35.9753807847135
hokkaido_14,2018-09-29,1538253673000,5.687672172881622,-10.271053102084013,35.97508091782078
hokkaido_14,2018-10-11,1539290473000,8.608224641268643,-11.683850073287813,35.970789161700644
hokkaido_14,2018-10-23,1540327273000,5.9702125879389945,-9.783957351475236,35.97121709629751
hokkaido_14,2018-11-04,1541364073000,5.494176307977061,-9.597442383277597,35.9709014205454
hokkaido_14,2018-11-16,1542400873000,5.94856054818021,-9.017728970087214,35.97505570921349
hokkaido_14,2018-11-28,1543437672000,6.034807050415292,-8.779631875572498,35.97681007500968
hokkaido_14,2018-12-10,1544474472000,3.5550008271415576,-9.82608268155532,35.9716295140744
hokkaido_14,2018-12-22,1545511272000,6.259402178391678,-13.647270901450685,35.96693197423201
hokkaido_14,2019-01-03,1546548071000,3.758693249162718,-11.166575023547162,35.96955890007914
hokkaido_14,2019-01-15,1547584871000,1.9210725725722482,-9.97245829215024,35.97630412128982
hokkaido_14,2019-01-27,1548621671000,4.434546500450266,-11.841899665575383,35.972144919371146
hokkaido_14,2019-02-08,1549658470000,1.7077347433544459,-12.161107257219244,35.97353282114613
hokkaido_14,2019-02-20,1550695270000,2.41137294307794,-11.621811373316255,35.96890174592528
hokkaido_14,2019-03-04,1551732070000,3.421104063593119,-10.83809640764998,35.965014393353705
hokkaido_14,2019-03-16,1552768870000,5.361668090373571,-12.427505623069726,35.97500177277588
hokkaido_14,2019-03-28,1553805670000,6.195444318649155,-12.719540170183945,35.97497814911795
hokkaido_14,2019-04-09,1554842470000,4.795666653639953,-13.25796202887636,35.9768139255408
hokkaido_14,2019-04-21,1555879271000,4.669366271579682,-12.043542003558855,35.96858336193727
hokkaido_14,2019-05-03,1556916071000,4.633219489026053,-10.439711139781023,35.96538574474812
hokkaido_14,2019-05-15,1557952872000,4.067708124081925,-9.124476988704634,35.97074230568234
hokkaido_14,2019-06-08,1560026473000,7.737851949575634,-11.27619378359289,35.97914257527553
hokkaido_14,2019-06-20,1561063274000,8.169381977306392,-12.274645343782536,35.97524586367497
hokkaido_14,2019-07-02,1562100075000,10.471052202883524,-11.889272798225864,35.96931079058971
hokkaido_14,2019-07-14,1563136875000,10.084293813770628,-10.863381244371894,35.971089607976104
hokkaido_14,2019-07-26,1564173676000,9.91199595059281,-11.320923983845299,35.9764891185911
hokkaido_14,2019-08-07,1565210477000,7.903212405144487,-10.770096270228182,35.97555146697176
hokkaido_14,2019-08-19,1566247278000,9.76763680502114,-11.157823632315424,35.970666116501356
hokkaido_14,2019-09-12,1568320879000,9.723927082747913,-10.851337871126216,35.97485704601136
hokkaido_14,2019-09-24,1569357679000,10.238695941273015,-10.21390429580565,35.97009523301485
hokkaido_14,2019-10-06,1570394480000,11.910160693166924,-9.522576269294582,35.974314416523676
hokkaido_14,2019-10-18,1571431279000,4.51767957846827,-11.238967559625932,35.97622189982311
hokkaido_14,2019-10-30,1572468080000,9.302299197550958,-8.835875759077961,35.9707167323983
hokkaido_14,2019-11-11,1573504880000,11.479759774544481,-8.052801195783228,35.96898128233788
hokkaido_14,2019-11-23,1574541679000,6.891963838972737,-11.412568497794538,35.97110451669403
hokkaido_14,2019-12-05,1575578479000,4.541210930885325,-12.001684735464055,35.97728878240369
hokkaido_14,2019-12-17,1576615278000,7.278684029486822,-12.337809751990473,35.973433119614064
hokkaido_14,2019-12-29,1577652078000,3.867743840832056,-12.033987541803995,35.96832907320273
hokkaido_14,2020-01-10,1578688877000,3.769604988587409,-11.456081369807277,35.96580667746188
hokkaido_14,2020-01-22,1579725677000,3.5206032770520705,-11.28187534824892,35.96934259848897
hokkaido_14,2020-02-03,1580762477000,3.316472969493018,-13.775886471056904,36.09390025360417
hokkaido_14,2020-02-15,1581799276000,1.5746048891454072,-12.127651121940374,36.097136500581385
hokkaido_14,2020-02-27,1582836076000,3.2150473537577153,-12.065865429230755,36.094658777849084
hokkaido_14,2020-03-10,1583872876000,4.770660279754302,-14.119714648413101,36.08627510533187
hokkaido_14,2020-03-22,1584909676000,4.154750277556875,-12.696828237066576,36.08737847856591
hokkaido_14,2020-04-03,1585946477000,5.448254944202817,-11.691569455290663,36.09382835234055
hokkaido_14,2020-04-15,1586983277000,5.3808222018604965,-11.388374240714851,36.09681035225068
hokkaido_14,2020-04-27,1588020078000,6.364218767731334,-10.531569362772055,36.095818385942884
hokkaido_14,2020-05-09,1589056878000,6.630157891284392,-11.959294590685827,36.09712315916341
hokkaido_14,2020-05-21,1590093679000,5.585628905974094,-11.333265904558091,36.09227169456266
hokkaido_14,2020-06-02,1591130479000,5.283264036540109,-11.741004085924072,36.09557647149539
hokkaido_14,2020-06-14,1592167280000,4.695661637588637,-12.906511409370532,36.09316522680792
hokkaido_14,2020-06-26,1593204081000,4.002817872080473,-11.647098184483617,36.09721169674037
hokkaido_14,2020-07-08,1594240882000,5.1107138507416146,-9.433521643704385,36.096278924697394
hokkaido_14,2020-07-20,1595277682000,4.235917333766642,-11.61908940200178,36.090137591980934
hokkaido_14,2020-08-01,1596314483000,4.79065694572522,-11.223422607755516,36.08783688789487
hokkaido_14,2020-08-13,1597351284000,5.831174371723805,-9.988449298769405,36.09531377223392
hokkaido_14,2020-08-25,1598388085000,4.087971040580804,-11.643823034502612,36.09398067775869
hokkaido_14,2020-09-06,1599424885000,5.616087299274841,-10.95129885718374,36.09184265445039
hokkaido_14,2020-09-18,1600461685000,5.562093635015094,-9.3282411093388,36.089768111103695
hokkaido_14,2020-09-30,1601498486000,4.943030619749974,-12.269100040431233,36.09223165188545
hokkaido_14,2020-10-12,1602535286000,5.759955985260819,-8.87683718455362,36.09124822936914
hokkaido_14,2020-10-24,1603572086000,5.140459582538416,-9.7387896656033,36.09494984405209
hokkaido_14,2020-11-05,1604608886000,5.375299199831457,-11.74071875511523,36.090503536154216
hokkaido_14,2020-11-17,1605645686000,5.335269360555699,-11.700082076620172,36.08887748533382
hokkaido_14,2020-11-29,1606682485000,6.749363816026589,-9.554513481887398,36.09070053872792
hokkaido_14,2020-12-11,1607719285000,6.6162336619359055,-10.706881766808182,36.091063913781824
hokkaido_14,2020-12-23,1608756084000,5.473652794956436,-10.780312631573631,36.09577711715914
hokkaido_14,2021-01-04,1609792884000,5.821809989305268,-10.293624866731777,36.09441107847678
hokkaido_14,2021-01-16,1610829683000,4.462368475159516,-10.501243162280124,36.09080272096576
hokkaido_14,2021-01-28,1611866483000,3.974302914926515,-12.500647186843857,36.08422745872582
hokkaido_14,2021-02-09,1612903282000,6.2331156930063525,-11.73336353345338,36.08562634402674
hokkaido_14,2021-02-21,1613940082000,4.495545179723613,-10.120479457057419,36.09692917332505
hokkaido_14,2021-03-05,1614976882000,2.3257297512845527,-13.433156372656766,36.10053548716536
hokkaido_14,2021-03-17,1616013682000,4.459122986949185,-10.046960236647369,36.09995877429692
hokkaido_14,2021-03-29,1617050482000,3.8802856474048433,-10.811261109761576,36.09146020292032
hokkaido_14,2021-04-10,1618087283000,6.887619275376497,-9.511186028704264,36.091161972832744
hokkaido_14,2021-04-22,1619124083000,5.987452585351321,-9.78887269779089,36.095217053516066
hokkaido_14,2021-05-04,1620160884000,5.769778232626711,-9.363865845605757,36.097001139476944
hokkaido_14,2021-05-16,1621197684000,6.726139292907618,-12.361959143622636,36.096072545151706
hokkaido_14,2021-05-28,1622234485000,6.286099942371728,-10.485423080299022,36.091938068921195
hokkaido_14,2021-06-09,1623271286000,6.82946629037105,-11.906717424070672,36.09048729782368
hokkaido_14,2021-06-21,1624308087000,7.464455646614197,-10.953974556510008,36.09199299699587
hokkaido_14,2021-07-03,1625344887000,6.556488504801059,-10.783425135661618,36.0941902743724
hokkaido_14,2021-07-15,1626381688000,6.705073618245351,-11.367229295655457,36.095046150216774
hokkaido_14,2021-07-27,1627418489000,5.648664615445771,-11.788352129194692,36.10051592608663
hokkaido_14,2021-08-08,1628455289000,6.222509426734793,-11.60715870944082,36.09119416825119
hokkaido_14,2021-08-20,1629492090000,7.415820395830216,-11.154303574753486,36.08942761615102
hokkaido_14,2021-09-01,1630528905000,6.8597331685672875,-10.92729658866263,35.605148537600115
hokkaido_14,2021-09-13,1631565705000,6.6378916009003,-11.714820562662224,35.601409536804816
hokkaido_14,2021-09-25,1632602506000,6.530804470326135,-11.778653878333746,35.59733998609345
hokkaido_14,2021-10-07,1633639303000,7.466558842773991,-11.466848103451463,35.737134820640435
hokkaido_14,2021-10-19,1634676103000,9.07041334906091,-11.971108407606653,35.73491098463717
hokkaido_14,2021-10-31,1635712903000,7.677019967331319,-10.09956867534212,35.738625768750566
hokkaido_14,2021-11-12,1636749703000,7.182338929449584,-11.280612482651481,35.74051265685739
hokkaido_14,2021-11-24,1637786503000,7.071431406309609,-10.180998952030901,35.73489265441894
hokkaido_14,2021-12-06,1638823302000,5.66200192273933,-10.884223906627636,35.734814974608405
hokkaido_14,2021-12-18,1639860102000,4.3824941156990835,-9.701951295264669,35.73309484493015
hokkaido_14,2021-12-30,1640896901000,4.950460420311392,-9.004584300670833,35.74043086196437
hokkaido_14,2022-01-11,1641933701000,4.331488226654092,-14.013906909212201,35.73908831080723
hokkaido_14,2022-01-23,1642970500000,1.1867656961999167,-12.147160934835831,35.73888027252938
hokkaido_14,2022-02-04,1644007299000,2.5895951292350374,-9.649998355075457,35.7399648796262
hokkaido_14,2022-02-16,1645044099000,2.98737159027118,-10.129817121921233,35.738068222132235
hokkaido_14,2022-02-28,1646080899000,0.37053331169101594,-12.886046465266443,35.736668746865014
hokkaido_14,2022-03-12,1647117699000,-0.04109787110368561,-11.8018415667643,35.742435152213496
hokkaido_14,2022-03-24,1648154500000,4.804113405346472,-11.752855662879298,35.741675438929086
hokkaido_14,2022-04-05,1649191300000,3.8557166327289405,-11.808960400720293,35.7426430408075
hokkaido_14,2022-04-17,1650228100000,4.187633812633521,-11.30299117858507,35.73820641690421
hokkaido_14,2022-04-29,1651264901000,4.274291358751892,-13.041408981576636,35.73805894969185
hokkaido_14,2022-05-11,1652301701000,3.6860212249651307,-10.918303974756512,35.740201474586904
hokkaido_14,2022-06-04,1654375303000,5.9124224071287825,-11.304831672601896,35.73879449022519
hokkaido_14,2022-06-16,1655412104000,6.184069022701745,-9.36367852575239,35.741943455686275
hokkaido_14,2022-06-28,1656448905000,6.219857427594581,-12.345457152775174,35.73452976881857
hokkaido_14,2022-07-10,1657485705000,6.163296678657046,-11.229558293077954,35.73606626483974
hokkaido_14,2022-07-22,1658522506000,6.615389084831605,-9.935055427222032,35.741669105679264
hokkaido_14,2022-08-03,1659559307000,6.09377039007262,-11.672604981905657,35.73985231418803
hokkaido_14,2022-08-15,1660596108000,5.893415718279037,-11.190898347682287,35.73936875744819
hokkaido_14,2022-08-27,1661632908000,6.332076928963705,-12.539758855443687,35.73663281614287
hokkaido_14,2022-09-08,1662669709000,5.896259609386705,-11.233351520271595,35.72987443745293
hokkaido_14,2022-09-20,1663706508000,5.641039844853794,-11.104209288588432,35.75521765514949
hokkaido_14,2022-10-02,1664743309000,6.061405822857056,-11.268502084548956,35.7399548673312
hokkaido_14,2022-10-14,1665780109000,5.953880731491895,-12.636295043824251,35.74072357621537
hokkaido_14,2022-10-26,1666816909000,6.513017926915743,-11.90404806251526,35.73100479051964
hokkaido_14,2022-11-07,1667853709000,5.33167196084602,-11.38899388370853,35.74007113591255
hokkaido_14,2022-11-19,1668890509000,5.932678086459178,-12.930699490107168,35.73625778198243
hokkaido_14,2022-12-01,1669927308000,6.359516181150648,-9.353074377692835,35.74221619195098
hokkaido_14,2022-12-13,1670964108000,3.6684764221857207,-11.793906835002305,35.73813031704885
hokkaido_14,2022-12-25,1672000907000,4.845765734246908,-11.64640583197887,35.73791846511869
hokkaido_14,2023-01-06,1673037706000,2.6699820487354264,-11.111993558047027,35.734919023957275
hokkaido_14,2023-01-18,1674074505000,2.4790380545934476,-12.54175521981367,35.75500580309566
hokkaido_14,2023-01-30,1675111306000,3.4512597990117366,-10.041595064227621,35.73517432164664
hokkaido_14,2023-02-11,1676148105000,2.9894371691929322,-12.09866787004117,35.74084523770726
hokkaido_14,2023-02-23,1677184905000,2.703203333164602,-12.25342808982047,35.745001060749345
hokkaido_14,2023-03-07,1678221705000,5.463119398448985,-11.060689114321487,35.738612420493844
hokkaido_14,2023-03-19,1679258505000,5.773373984888613,-8.204163149095333,35.73892406653049
hokkaido_14,2023-03-31,1680295305000,5.647393299139141,-12.098815633130478,35.740227331770036
hokkaido_14,2023-04-12,1681332106000,5.423802688650893,-13.070478610663354,35.74046966478707
hokkaido_14,2023-04-24,1682368906000,4.891868092814543,-11.254721363995206,35.73973611405708
hokkaido_14,2023-05-06,1683405707000,4.591698145436142,-11.364181809772846,35.73151623427265
hokkaido_14,2023-05-18,1684442508000,4.288399171764298,-11.816072591561126,35.73116251175585
hokkaido_14,2023-05-30,1685479308000,4.837105489191195,-11.717913928800842,35.73173440759201
hokkaido_14,2023-06-11,1686516109000,5.034344499576669,-11.667003860545377,35.74092339833063
hokkaido_14,2023-06-23,1687552909000,4.583355650795725,-11.287905514591824,35.736820697880745
hokkaido_14,2023-07-05,1688589710000,3.8101115276757977,-9.308255425167312,35.73858643194394
hokkaido_14,2023-07-17,1689626511000,6.557982580540592,-9.220417547194971,35.73621111752221
hokkaido_14,2023-07-29,1690663311000,5.0043995923493005,-8.979821834724536,35.73683773689425
hokkaido_14,2023-08-10,1691700111000,5.87611695418485,-9.02260123923945,35.75557687016797
hokkaido_14,2023-08-22,1692736913000,5.192129700710452,-9.32730330906189,35.74400703733993
hokkaido_14,2023-09-03,1693773714000,6.557299657497983,-8.208378036022156,35.73659461204453
hokkaido_14,2023-09-15,1694810514000,5.8174473665917095,-8.395798833359201,35.73412803418709
hokkaido_14,2023-09-27,1695847314000,5.883639624060018,-8.231960920605355,35.73957082489581
hokkaido_14,2023-10-09,1696884114000,4.806298578377048,-9.147400658494226,35.74489372764721
hokkaido_14,2023-10-21,1697920914000,6.104346186576981,-9.095982727194697,35.735986574677185
hokkaido_14,2023-11-02,1698957714000,5.324572515368245,-8.568914693042347,35.74026702924025
hokkaido_14,2023-11-14,1699994514000,6.858062612349112,-7.078083842388765,35.731643089644244
hokkaido_14,2023-11-26,1701031313000,4.904232651286021,-9.859606553510027,35.74011782673207
hokkaido_14,2023-12-08,1702068113000,4.722428768075001,-11.492537056696287,35.73686177433983
hokkaido_14,2023-12-20,1703104912000,3.8193962634016425,-10.58338708647339,35.75181851550787
hokkaido_14,2024-01-01,1704141711000,2.5584716160619023,-10.999952242708646,35.746061407196805
hokkaido_14,2024-01-13,1705178511000,5.054540484586017,-10.288717271598284,35.735615960988405
hokkaido_14,2024-01-25,1706215311000,2.4227098042902635,-12.646806875848098,35.73378985981721
hokkaido_14,2024-02-06,1707252110000,2.292619730580448,-9.643106809656379,35.740816304717875
hokkaido_14,2024-02-18,1708288910000,5.2714922765355965,-13.084506348704881,35.73983352352875
hokkaido_14,2024-03-01,1709325710000,1.6957612578784094,-12.432216208933747,35.74139885488183
hokkaido_14,2024-03-13,1710362510000,2.4003891735067655,-13.084574244279011,35.74318685285109
hokkaido_14,2024-03-25,1711399310000,4.7921106091034025,-14.513420198028093,35.74472173595121
hokkaido_14,2024-04-06,1712436111000,4.165841847020084,-12.125492681010767,35.73455895523557
hokkaido_14,2024-04-18,1713472911000,5.138696526909039,-11.33587246674577,35.7363469777248
hokkaido_14,2024-04-30,1714509712000,3.5170562694723295,-9.599418873857397,35.736256881346975
hokkaido_14,2024-05-12,1715546511000,5.789399993127497,-11.095466793762014,35.73417458730835
hokkaido_14,2024-05-24,1716583311000,4.8195164115121365,-8.695090655240946,35.72023947744659
hokkaido_14,2024-06-05,1717620111000,4.971932767102572,-9.12901109146763,35.72253139421839
hokkaido_14,2024-06-17,1718656910000,4.805280428069658,-9.159248464794231,35.73186036112432
hokkaido_14,2024-06-29,1719693710000,5.285103713661936,-9.730582000022643,35.72887806055907
hokkaido_14,2024-07-11,1720730509000,4.020712389234011,-10.603025320689627,35.728503286512684
hokkaido_14,2024-07-23,1721767309000,4.5551780583506325,-10.0106971876926,35.72949651226182
hokkaido_14,2024-08-04,1722804109000,4.052489464225722,-9.201667035918405,35.72569427012725
hokkaido_14,2024-08-16,1723840909000,3.382661188044924,-8.820334731121143,35.73459946027255
hokkaido_14,2024-08-28,1724877709000,5.370632319119109,-10.362472859938338,35.738590033987144
hokkaido_14,2024-09-09,1725914510000,4.217904209866528,-12.700901291472764,35.74373438673563
hokkaido_14,2024-09-21,1726951310000,4.811632148201848,-9.141748924663728,35.7432294351683
hokkaido_14,2024-10-03,1727988110000,6.5432198965045245,-7.216959159388734,35.743342619023224
hokkaido_14,2024-10-15,1729024910000,6.003728563857201,-7.214169926348386,35.74221323241448
hokkaido_14,2024-10-27,1730061711000,6.367732688666275,-8.034077637959799,35.73996505799105
hokkaido_14,2024-11-08,1731098510000,5.435867176243689,-9.10180561711097,35.741515858813884
hokkaido_14,2024-11-20,1732135309000,4.0997081438701874,-10.489263677095764,35.734579691749985
hokkaido_14,2024-12-02,1733172109000,7.114177778893557,-10.672709958672595,35.726448086054646
hokkaido_14,2024-12-14,1734208908000,5.473277111117134,-11.161473206498215,35.72307274712457
hokkaido_14,2024-12-26,1735245707000,5.7233697754233015,-8.779028275936831,35.73168635527324
hokkaido_14,2025-01-07,1736282505000,3.1752442774219536,-13.715556191718521,35.735910310435
hokkaido_14,2025-01-19,1737319304000,2.907286300749147,-11.272298921746078,35.736547103280124
hokkaido_14,2025-01-31,1738356103000,3.904271286846242,-10.568307346535862,35.739316157874754
hokkaido_14,2025-02-12,1739392903000,8.385473473714459,-8.621534179138399,35.73371129741377
hokkaido_14,2025-02-24,1740429703000,5.9370786668075946,-11.946200287609491,35.74071575251072
hokkaido_14,2025-03-08,1741466503000,2.0746033721295745,-14.857199301031228,35.739712991151684
hokkaido_14,2025-03-20,1742503304000,6.406218646352839,-10.914922585370599,35.73743357296328
hokkaido_14,2025-04-01,1743540104000,6.199959435129846,-12.290356725536816,35.73254070516887
hokkaido_14,2025-04-13,1744576904000,5.98491311640773,-8.549282447632285,35.73659294655752
hokkaido_14,2025-04-25,1745613704000,4.31469046886441,-11.780988259092018,35.72724219609771
hokkaido_14,2025-05-07,1746650504000,5.99510857775977,-11.683132923890536,35.72856385383767
hokkaido_14,2025-05-19,1747687303000,5.788963427988044,-11.451051792854138,35.73005497658301
hokkaido_14,2025-05-31,1748724103000,4.955029454530123,-10.826800082798343,35.724965213884545
hokkaido_14,2025-06-12,1749760902000,5.062204726331269,-12.35491646334447,35.719983620691785
hokkaido_14,2025-06-24,1750797702000,5.045979752168235,-11.374343800927045,35.7180178316675
hokkaido_14,2025-07-06,1751834501000,5.654444037823649,-11.40781387696739,35.72259331096794
hokkaido_14,2025-07-18,1752871300000,3.5888467044755514,-11.009523123857504,35.72950952338556
hokkaido_14,2025-07-30,1753908100000,5.054836682254099,-11.162933474855967,35.73119131332216
hokkaido_14,2025-08-11,1754944900000,4.7923390011332545,-10.50620021653641,35.73071758925312
hokkaido_14,2025-08-23,1755981700000,4.065253732427684,-11.278703476196108,35.732651012690376
hokkaido_14,2025-09-04,1757018500000,4.358708219034735,-11.087427499965194,35.73957644157039
hokkaido_14,2025-09-16,1758055301000,3.8539503848527015,-11.285258147172838,35.744821724875266
hokkaido_14,2025-09-28,1759092101000,4.661516485731868,-11.793460875297312,35.74377468461387
hokkaido_14,2025-10-10,1760128901000,4.710098893832592,-10.932854421190743,35.73052496066349
hokkaido_14,2025-10-22,1761165701000,4.886074607350463,-10.964223799845184,35.73556682990614
hokkaido_14,2025-11-03,1762202501000,5.089187245859844,-11.39898259157493,35.73310191971776
hokkaido_14,2025-11-15,1763239300000,5.526355457163364,-11.68529523429985,35.735959227014156
hokkaido_14,2025-11-27,1764276099000,4.789496897852912,-11.631690115593917,35.733344990114986
hokkaido_14,2025-12-09,1765312898000,6.305071852689729,-8.697774940630596,35.72772902856929
hokkaido_14,2025-12-21,1766349697000,7.469053172456751,-9.525876960881687,35.72506036777689
hokkaido_14,2026-01-02,1767386495000,2.4801143521256077,-11.796874742613976,35.726047314404966
hokkaido_14,2026-01-14,1768423294000,2.1310262518671346,-10.086724647360844,35.72989148051149
hokkaido_14,2026-01-26,1769460094000,1.115353259604356,-9.84325403601292,35.73558792188256
hokkaido_14,2026-02-07,1770496893000,5.214396387340109,-9.225677328480378,35.73700543378767
hokkaido_14,2026-02-19,1771533692000,3.338424135887139,-12.587059194899581,35.73593588540721
hokkaido_14,2026-03-03,1772570492000,6.251648382298064,-9.799628225881705,35.73783218701551
hokkaido_14,2026-03-15,1773607292000,5.452980522321011,-13.131143956251012,35.73574931428291
hokkaido_14,2026-04-08,1775680892000,7.244175170653098,-9.753217846132852,35.737311226320884
hokkaido_14,2026-04-20,1776717693000,8.557657594062533,-10.904839334429981,35.72832094984955
hokkaido_14,2026-05-02,1777754492000,8.624850162923439,-12.107939788323915,35.72463948867807
hokkaido_14,2026-05-14,1778791292000,8.810404122497678,-12.255994625316472,35.72204884983694
hokkaido_15,2017-02-18,1487450457000,2.6828347933904753,-7.743413102183483,35.96538913840112
hokkaido_15,2017-03-02,1488487257090,3.5310413043736117,-6.767597533306683,35.967575424656715
hokkaido_15,2017-03-14,1489524057000,2.8187850183073966,-7.430724726357546,35.957546511072465
hokkaido_15,2017-03-26,1490560857000,5.496451482971569,-5.977471510461899,35.957170304999735
hokkaido_15,2017-04-07,1491597658140,8.897546000311268,-7.947077486835204,35.96087962265972
hokkaido_15,2017-04-19,1492634458760,8.402558613283723,-6.756777567925479,35.962844284406025
hokkaido_15,2017-05-01,1493671259000,7.705792385177641,-6.871120894291376,35.960522953380234
hokkaido_15,2017-05-08,1494275586310,0.08251395685055479,-16.170493756716702,45.54970818513622
hokkaido_15,2017-05-13,1494708059970,8.136109046614333,-5.838106001000245,35.95642294794158
hokkaido_15,2017-05-25,1495744860000,8.429342572881398,-6.800753388494723,35.96106307548051
hokkaido_15,2017-06-06,1496781661000,10.291573235007737,-6.984649560789892,35.95663317466741
hokkaido_15,2017-06-18,1497818461000,10.47760035418517,-6.5100213481364815,35.961650698853155
hokkaido_15,2017-06-25,1498422789000,-22.58122353931615,-50.10788685181264,45.55199295583399
hokkaido_15,2017-06-30,1498855262000,10.588443260790994,-8.210148238983455,35.963705666301564
hokkaido_15,2017-07-12,1499892063000,10.371596523325803,-6.5625346203388135,35.96125889672516
hokkaido_15,2017-07-24,1500928864000,10.992340930279473,-6.0047614248669055,35.96084087230084
hokkaido_15,2017-08-05,1501965664000,9.54538271733836,-7.380374818410383,35.95515451610558
hokkaido_15,2017-08-17,1503002465000,10.589579996865465,-6.417581470319623,35.962476955399154
hokkaido_15,2017-08-29,1504039265000,9.51596891210773,-7.914327663786021,35.96184667105534
hokkaido_15,2017-09-10,1505076066000,9.22455088475568,-7.351199381767243,35.95987856361605
hokkaido_15,2017-09-22,1506112866000,10.59142400350608,-7.136182619698737,35.96030502535074
hokkaido_15,2017-10-04,1507149666000,8.960666744583051,-9.002433396463214,35.9595043758672
hokkaido_15,2017-10-16,1508186467000,9.562518531151325,-8.186313634720952,35.96067980028746
hokkaido_15,2017-10-28,1509223267000,9.989600983609767,-8.304505490419205,35.95961086969575
hokkaido_15,2017-11-09,1510260066000,6.966155943558522,-8.393750683676982,35.962611814850426
hokkaido_15,2017-11-21,1511296866000,5.549751504833556,-4.3340264200166505,35.95696136061709
hokkaido_15,2017-12-03,1512333666000,5.515252491745126,-6.320685567053234,35.95704959629041
hokkaido_15,2017-12-15,1513370465000,5.152015615604252,-5.059026628482911,35.956927076872795
hokkaido_15,2017-12-27,1514407265000,6.414691399684721,-6.662865256682717,35.96413273975102
hokkaido_15,2018-01-08,1515444064000,3.985206360857016,-7.366110454417699,35.96293192300973
hokkaido_15,2018-01-20,1516480864000,5.69058254341849,-6.045640256638362,35.95617714560407
hokkaido_15,2018-02-01,1517517664000,5.732159534668342,-6.312031906788442,35.955550464611605
hokkaido_15,2018-02-13,1518554463000,2.3794421103704577,-7.44905007542441,35.95500841404855
hokkaido_15,2018-02-25,1519591263000,2.994562717548213,-7.762269998137522,35.963068885772394
hokkaido_15,2018-03-09,1520628063000,3.595620092382777,-7.425226617511384,35.96859076916809
hokkaido_15,2018-03-21,1521664863000,4.096937901870461,-7.0483520036699625,35.96848558486535
hokkaido_15,2018-04-02,1522701664000,7.308470990827681,-7.6373051319343634,35.96173263889575
hokkaido_15,2018-04-14,1523738464000,10.194974048846055,-5.887505750825776,35.959237809754974
hokkaido_15,2018-04-26,1524775265000,9.549536497428472,-6.9402700484792765,35.95971992977033
hokkaido_15,2018-05-08,1525812065000,10.267301129892939,-5.671015190259043,35.96197892776954
hokkaido_15,2018-05-20,1526848866000,10.115638488861311,-4.972612910171,35.963740168099434
hokkaido_15,2018-06-01,1527885667000,9.380032417984387,-5.0789392421435675,35.96510164926954
hokkaido_15,2018-06-13,1528922468000,10.012494326050186,-4.9555715240214715,35.95608611521095
hokkaido_15,2018-06-25,1529959268000,10.360163528453757,-5.906455592289415,35.957477960139755
hokkaido_15,2018-07-19,1532032870000,10.335616209763796,-6.89425769172984,35.96448120579575
hokkaido_15,2018-07-31,1533069670000,10.545584451183968,-6.943566157800421,35.966476255624
hokkaido_15,2018-08-12,1534106471000,11.24633142483031,-7.090940022675793,35.95979845468409
hokkaido_15,2018-08-24,1535143272000,10.613801845268027,-6.817655502076555,35.949011683729125
hokkaido_15,2018-09-05,1536180072000,8.647694899442085,-8.788722896283641,35.959314345927915
hokkaido_15,2018-09-17,1537216873000,7.243784123793139,-8.072696634510224,35.96243156454719
hokkaido_15,2018-09-29,1538253673000,7.536523482042566,-9.415694703604888,35.96213300838028
hokkaido_15,2018-10-11,1539290473000,8.393487256598258,-5.3134093902939075,35.95784052399349
hokkaido_15,2018-10-23,1540327273000,7.469417028106918,-7.423236256320302,35.9582679822562
hokkaido_15,2018-11-04,1541364073000,7.982305988279566,-5.052602327314559,35.95795243271532
hokkaido_15,2018-11-16,1542400873000,9.291693825965428,-5.588590880994733,35.962105864891875
hokkaido_15,2018-11-28,1543437672000,6.01941678620179,-6.305866086730718,35.96386201288743
hokkaido_15,2018-12-10,1544474472000,5.014082739488927,-7.672909804916152,35.95868159746883
hokkaido_15,2018-12-22,1545511272000,5.391949645525918,-6.982874914209211,35.95398131938896
hokkaido_15,2019-01-03,1546548071000,4.757349837531938,-7.6103984347721525,35.95660907528215
hokkaido_15,2019-01-15,1547584871000,4.6431237319107,-7.180959959873965,35.963355877009704
hokkaido_15,2019-01-27,1548621671000,5.447027188974787,-8.750730185558321,35.95919503542976
hokkaido_15,2019-02-08,1549658470000,3.9170302943301962,-6.1339537772576165,35.96058245731879
hokkaido_15,2019-02-20,1550695270000,1.8818483026795931,-6.728546197215897,35.9559511951485
hokkaido_15,2019-03-04,1551732070000,6.920991077429239,-9.162037579173305,35.952061494223656
hokkaido_15,2019-03-16,1552768870000,6.663951564957878,-7.718495732009668,35.9620515542407
hokkaido_15,2019-03-28,1553805670000,7.259316097761253,-7.353329325299621,35.96202875151584
hokkaido_15,2019-04-09,1554842470000,7.2407988586043786,-7.175175738372973,35.96386485980967
hokkaido_15,2019-04-21,1555879271000,6.910258945340165,-7.643907599221507,35.95563121907511
hokkaido_15,2019-05-03,1556916071000,7.173094809291452,-7.8122651385970645,35.952432174497595
hokkaido_15,2019-05-15,1557952872000,8.445067377283241,-8.404297274875654,35.95779304327111
hokkaido_15,2019-06-08,1560026473000,10.118926319426505,-7.87587460446956,35.966193283435906
hokkaido_15,2019-06-20,1561063274000,9.10165099484635,-9.372038646889882,35.962296631834064
hokkaido_15,2019-07-02,1562100075000,8.73790988885639,-7.474997840111681,35.95635901942397
hokkaido_15,2019-07-14,1563136875000,9.403174299520083,-8.880463084338457,35.958138905742445
hokkaido_15,2019-07-26,1564173676000,9.228841946097898,-6.927649488046893,35.963540407179245
hokkaido_15,2019-08-07,1565210477000,7.829946872200577,-8.114709636338178,35.96260149791988
hokkaido_15,2019-08-19,1566247278000,9.611269248946597,-7.688949878098104,35.95771611233352
hokkaido_15,2019-09-12,1568320879000,9.180825598806427,-7.652419217060007,35.9619075195992
hokkaido_15,2019-09-24,1569357679000,9.908428371463128,-8.570672404287027,35.957143369430824
hokkaido_15,2019-10-06,1570394480000,9.475737729287657,-7.883834654347722,35.96136746702351
hokkaido_15,2019-10-18,1571431279000,9.975402851223537,-9.209908635285096,35.96327389917318
hokkaido_15,2019-10-30,1572468080000,9.988850045826007,-7.8089686433388055,35.957766541951216
hokkaido_15,2019-11-11,1573504880000,10.890165086767997,-7.284412066356899,35.95603100924474
hokkaido_15,2019-11-23,1574541679000,7.697328429839013,-8.156131738771357,35.95815559444248
hokkaido_15,2019-12-05,1575578479000,5.689326265428886,-9.192359101778809,35.964338279483584
hokkaido_15,2019-12-17,1576615278000,9.532399579635122,-6.731606774066042,35.96048435838097
hokkaido_15,2019-12-29,1577652078000,6.521535998636265,-7.1824661672910635,35.95537899035837
hokkaido_15,2020-01-10,1578688877000,2.756337000479443,-6.889869332472911,35.95285697272915
hokkaido_15,2020-01-22,1579725677000,3.383261522961471,-7.246687094322033,35.95639162005799
hokkaido_15,2020-02-03,1580762477000,3.335591514943593,-6.094070444092641,36.08080196940805
hokkaido_15,2020-02-15,1581799276000,5.972504440293703,-8.314308344240834,36.08403861758875
hokkaido_15,2020-02-27,1582836076000,3.929253773031302,-8.08138211325388,36.0815590006531
hokkaido_15,2020-03-10,1583872876000,8.256033692920505,-8.277467962714825,36.07317687275916
hokkaido_15,2020-03-22,1584909676000,6.447652863321119,-6.784565870595095,36.07427985605567
hokkaido_15,2020-04-03,1585946477000,7.992724644879915,-7.82469774279342,36.080731483661914
hokkaido_15,2020-04-15,1586983277000,6.85434818435215,-8.676914856949693,36.08371125007249
hokkaido_15,2020-04-27,1588020078000,10.57658234995256,-7.043419773836393,36.08271966722276
hokkaido_15,2020-05-09,1589056878000,9.914168488749736,-7.402851084664864,36.08402408389594
hokkaido_15,2020-05-21,1590093679000,9.174748214541573,-7.445411725202982,36.07917393839798
hokkaido_15,2020-06-02,1591130479000,9.195678843789285,-7.460384737994887,36.08247696551571
hokkaido_15,2020-06-14,1592167280000,9.229717770247397,-8.621142595896355,36.08006708403746
hokkaido_15,2020-06-26,1593204081000,10.382353970729222,-6.450767656038967,36.084113509481014
hokkaido_15,2020-07-08,1594240882000,10.874939854808778,-6.354276021996711,36.083182230781915
hokkaido_15,2020-07-20,1595277682000,8.956316277395802,-7.759838398178704,36.07703938063142
hokkaido_15,2020-08-01,1596314483000,8.961575112753712,-7.939717357213344,36.07473788643925
hokkaido_15,2020-08-13,1597351284000,9.953006839805541,-7.705290419102138,36.08221674004003
hokkaido_15,2020-08-25,1598388085000,8.088854081181061,-8.559121029856922,36.08088168565726
hokkaido_15,2020-09-06,1599424885000,9.776878305897727,-7.001785261229723,36.078743860203865
hokkaido_15,2020-09-18,1600461685000,9.499431551858335,-7.498006990914919,36.076671520868935
hokkaido_15,2020-09-30,1601498486000,8.770854378297217,-8.373392300629591,36.07913336911893
hokkaido_15,2020-10-12,1602535286000,9.473611406961574,-8.451850360480451,36.07814919572738
hokkaido_15,2020-10-24,1603572086000,9.829200971840574,-7.9227721654960295,36.08185160304619
hokkaido_15,2020-11-05,1604608886000,8.68073030726042,-8.461553899704388,36.07740480258341
hokkaido_15,2020-11-17,1605645686000,5.532080118493023,-7.32317391829004,36.075777176153366
hokkaido_15,2020-11-29,1606682485000,4.710076330172132,-7.650923560503695,36.07760059626416
hokkaido_15,2020-12-11,1607719285000,9.290121439297643,-8.207227825101835,36.0779636961041
hokkaido_15,2020-12-23,1608756084000,6.677953969457862,-8.206523386785177,36.08267766204754
hokkaido_15,2021-01-04,1609792884000,6.390316832451886,-7.531768856617422,36.08131159618647
hokkaido_15,2021-01-16,1610829683000,5.486393367016749,-7.459159731280765,36.0777032847547
hokkaido_15,2021-01-28,1611866483000,4.475430265965376,-8.290784284004882,36.071128432940334
hokkaido_15,2021-02-09,1612903282000,4.7656654497067485,-9.891737400411545,36.07252606807947
hokkaido_15,2021-02-21,1613940082000,6.4452895200712135,-8.865056009913534,36.08382962963561
hokkaido_15,2021-03-05,1614976882000,4.823368670207581,-8.689659004335102,36.08743795144671
hokkaido_15,2021-03-17,1616013682000,7.462820101370099,-9.63440646345217,36.08685924726089
hokkaido_15,2021-03-29,1617050482000,9.290179441010414,-9.789465903649967,36.07836159301808
hokkaido_15,2021-04-10,1618087283000,7.248309720401081,-8.10436002609378,36.078061264275405
hokkaido_15,2021-04-22,1619124083000,5.111224635427079,-7.121815807522111,36.08211746292964
hokkaido_15,2021-05-04,1620160884000,6.027719310092106,-7.983560581470088,36.0839035950387
hokkaido_15,2021-05-16,1621197684000,9.537072573153939,-7.056936980615359,36.08297319705432
hokkaido_15,2021-05-28,1622234485000,6.9806460368735355,-8.93980133009943,36.07883895642831
hokkaido_15,2021-06-09,1623271286000,5.75079792881553,-9.498501890318174,36.0773902356046
hokkaido_15,2021-06-21,1624308087000,7.309262243534068,-9.58762689622784,36.07889430113747
hokkaido_15,2021-07-03,1625344887000,5.618902015799935,-10.608694056618074,36.081091509464656
hokkaido_15,2021-07-15,1626381688000,7.02992546700642,-8.41856523416414,36.081947151023854
hokkaido_15,2021-07-27,1627418489000,5.49097768981893,-9.742527345014192,36.087416903986586
hokkaido_15,2021-08-08,1628455289000,4.930489384254435,-8.505395907762733,36.07809768473143
hokkaido_15,2021-08-20,1629492090000,6.296183954304996,-9.817331289688608,36.07632775211352
hokkaido_15,2021-09-01,1630528905000,5.902215211163045,-9.152964198940447,35.59309611528486
hokkaido_15,2021-09-13,1631565705000,6.646828260261759,-9.174687728278816,35.589359603847875
hokkaido_15,2021-09-25,1632602506000,6.203275678649542,-7.911655022868026,35.585288687431316
hokkaido_15,2021-10-07,1633639303000,6.076013305298682,-10.408089384439217,35.72487352563531
hokkaido_15,2021-10-19,1634676103000,7.513586528734422,-10.651612273376529,35.722647900676755
hokkaido_15,2021-10-31,1635712903000,6.469096438441499,-7.9512769801030645,35.726361375501554
hokkaido_15,2021-11-12,1636749703000,7.649277149499435,-9.430270682568388,35.72825237076645
hokkaido_15,2021-11-24,1637786503000,8.04566306226659,-7.770414330346378,35.7226301956254
hokkaido_15,2021-12-06,1638823302000,7.057310618545913,-7.540368566182613,35.72255299572609
hokkaido_15,2021-12-18,1639860102000,4.5974096473804815,-6.079936789278171,35.720832060380694
hokkaido_15,2021-12-30,1640896901000,8.365186035295613,-7.285053624430624,35.728167037377936
hokkaido_15,2022-01-11,1641933701000,6.067791548628455,-8.038909783703446,35.726825942050496
hokkaido_15,2022-01-23,1642970500000,5.370895411656215,-6.23367363681945,35.72661820305719
hokkaido_15,2022-02-04,1644007299000,4.912408929889844,-6.844090306784579,35.727702199219934
hokkaido_15,2022-02-16,1645044099000,1.4080511980268544,-7.058388566467041,35.725806870635985
hokkaido_15,2022-02-28,1646080899000,3.464718875749392,-9.13289923444674,35.72440457937088
hokkaido_15,2022-03-12,1647117699000,1.4335343411398171,-9.672028768877652,35.730172702216834
hokkaido_15,2022-03-24,1648154500000,5.469277029230333,-9.450454702351507,35.72941298315055
hokkaido_15,2022-04-05,1649191300000,4.991959511432247,-10.280473575513918,35.73038466439838
hokkaido_15,2022-04-17,1650228100000,6.544000121598243,-9.557429433142243,35.72594300134281
hokkaido_15,2022-04-29,1651264901000,3.8363682096065292,-8.630075639501893,35.72579418742972
hokkaido_15,2022-05-11,1652301701000,5.26944157770972,-7.1930047628120715,35.72793606222819
hokkaido_15,2022-06-04,1654375303000,5.01565624928046,-6.7004615119964965,35.72652909558228
hokkaido_15,2022-06-16,1655412104000,4.564466275804937,-8.015792206972298,35.7296801325331
hokkaido_15,2022-06-28,1656448905000,7.083524999773798,-8.630693346074217,35.72226431399229
hokkaido_15,2022-07-10,1657485705000,6.628066854975263,-8.909861221547485,35.72379999551947
hokkaido_15,2022-07-22,1658522506000,7.890419045713984,-9.500749481164359,35.72940871399198
hokkaido_15,2022-08-03,1659559307000,7.095420825139863,-8.129781014522479,35.72759061302643
hokkaido_15,2022-08-15,1660596108000,7.85081487327148,-8.725950712209825,35.72710544804318
hokkaido_15,2022-08-27,1661632908000,7.232190471484031,-9.030105981822993,35.7243676412214
hokkaido_15,2022-09-08,1662669709000,7.001228578695105,-9.00718571652783,35.71760730404462
hokkaido_15,2022-09-20,1663706508000,7.860965260401126,-8.522611713029915,35.742961459004796
hokkaido_15,2022-10-02,1664743309000,6.486411690879976,-8.721039926716923,35.72769548440477
hokkaido_15,2022-10-14,1665780109000,6.182578591534389,-9.640474642754842,35.728459936591314
hokkaido_15,2022-10-26,1666816909000,5.317425840136651,-8.442692401880436,35.718740951954665
hokkaido_15,2022-11-07,1667853709000,4.052316450705953,-8.218280776301539,35.72780595952813
hokkaido_15,2022-11-19,1668890509000,6.7756505339397375,-8.274458053036614,35.7239912690721
hokkaido_15,2022-12-01,1669927308000,3.1951663962276875,-6.445837238677824,35.72995571597999
hokkaido_15,2022-12-13,1670964108000,2.408872151666088,-6.8172296737228555,35.72586640486722
hokkaido_15,2022-12-25,1672000907000,7.214922437652537,-7.596581421376929,35.725656819772496
hokkaido_15,2023-01-06,1673037706000,7.4051570798444235,-7.479838384758998,35.722657068922274
hokkaido_15,2023-01-18,1674074505000,6.360969809676938,-7.556206964678969,35.74274942487907
hokkaido_15,2023-01-30,1675111306000,4.689357852093752,-7.897549211696,35.72291327544759
hokkaido_15,2023-02-11,1676148105000,7.569140184440374,-7.2266120829478036,35.72858260680007
hokkaido_15,2023-02-23,1677184905000,5.46499052934398,-6.260326889734922,35.732741084327536
hokkaido_15,2023-03-07,1678221705000,5.6664653398014995,-7.49716652715983,35.726349193045664
hokkaido_15,2023-03-19,1679258505000,7.729192331506172,-7.632975192286791,35.72665981569061
hokkaido_15,2023-03-31,1680295305000,6.742902932904588,-5.978707041300304,35.727965023919076
hokkaido_15,2023-04-12,1681332106000,7.157945076992639,-6.279789440472747,35.72820594339172
hokkaido_15,2023-04-24,1682368906000,5.006158717828477,-7.942983014448482,35.727473295978115
hokkaido_15,2023-05-06,1683405707000,7.924270565568343,-6.170716664833159,35.71924976860283
hokkaido_15,2023-05-18,1684442508000,5.029614919455783,-6.855051227219013,35.718896360175556
hokkaido_15,2023-05-30,1685479308000,5.803889986488957,-8.605082142137931,35.719467275600245
hokkaido_15,2023-06-11,1686516109000,8.010464063678699,-6.428906059685651,35.728659525056266
hokkaido_15,2023-06-23,1687552909000,6.0499815766460205,-6.837732828841189,35.724558573287744
hokkaido_15,2023-07-05,1688589710000,8.569409006565099,-5.107935903986615,35.72632536622946
hokkaido_15,2023-07-17,1689626511000,6.875309579910054,-7.209366697365299,35.72394646093276
hokkaido_15,2023-07-29,1690663311000,7.916056486459582,-6.590037054970686,35.72457090442142
hokkaido_15,2023-08-10,1691700111000,7.753292946395547,-5.918329235055552,35.74332298584355
hokkaido_15,2023-08-22,1692736913000,7.522516543876189,-6.97707093734527,35.73174309465674
hokkaido_15,2023-09-03,1693773714000,9.814163791213367,-7.561285257755382,35.72432868945185
hokkaido_15,2023-09-15,1694810514000,9.887476543525587,-8.632128631435977,35.721864418361505
hokkaido_15,2023-09-27,1695847314000,9.586836485080298,-8.029793710472374,35.72730807845177
hokkaido_15,2023-10-09,1696884114000,9.072665264826997,-7.766859519172415,35.732633187650436
hokkaido_15,2023-10-21,1697920914000,8.189177286284833,-7.187032536325777,35.723724782406656
hokkaido_15,2023-11-02,1698957714000,9.336316095550073,-8.502083818634752,35.72800393639729
hokkaido_15,2023-11-14,1699994514000,6.435332637351727,-5.860360172619572,35.71937829408147
hokkaido_15,2023-11-26,1701031313000,4.525288317524456,-6.415740503500851,35.727855425696106
hokkaido_15,2023-12-08,1702068113000,8.374454178252561,-9.04508841309866,35.72459743518259
hokkaido_15,2023-12-20,1703104912000,5.247638357633595,-6.069904932982316,35.73956331439624
hokkaido_15,2024-01-01,1704141711000,5.652469229598527,-5.718948855718019,35.733799545482256
hokkaido_15,2024-01-13,1705178511000,7.586237240573105,-6.644457138256708,35.72335403519447
hokkaido_15,2024-01-25,1706215311000,2.7367482188187635,-10.883316629035196,35.72152662499097
hokkaido_15,2024-02-06,1707252110000,5.0331295716990025,-7.524645674576379,35.72855507000259
hokkaido_15,2024-02-18,1708288910000,1.846302602874588,-7.682764558331299,35.72757232174694
hokkaido_15,2024-03-01,1709325710000,6.3195279988153965,-5.996313643526569,35.7291368162237
hokkaido_15,2024-03-13,1710362510000,5.076880983337424,-7.240263769068357,35.73092401292589
hokkaido_15,2024-03-25,1711399310000,6.69387179469494,-7.0408071747747165,35.73246031019422
hokkaido_15,2024-04-06,1712436111000,7.94884905991878,-6.834209688452575,35.72229291761411
hokkaido_15,2024-04-18,1713472911000,7.385067857499851,-5.775024239427824,35.72408326890733
hokkaido_15,2024-04-30,1714509712000,6.7508060032361055,-6.274788496324049,35.7239939099395
hokkaido_15,2024-05-07,1715114016000,6.0345703850732315,-6.851340911564513,45.52447610461277
hokkaido_15,2024-05-12,1715546511000,8.52374168758962,-5.665166056390202,35.72190868948388
hokkaido_15,2024-05-19,1716150815000,5.971008344564197,-6.818425332968352,45.526245516624165
hokkaido_15,2024-05-24,1716583311000,8.09437652344441,-5.849427935254382,35.7079677315753
hokkaido_15,2024-05-31,1717187615000,6.301759554230255,-5.804743703127454,45.52817755212101
hokkaido_15,2024-06-05,1717620111000,7.484224362465531,-5.933147242604742,35.71026095385122
hokkaido_15,2024-06-12,1718224415000,6.246076270989578,-6.517721805721585,45.52888089813208
hokkaido_15,2024-06-17,1718656910000,8.984790481704058,-5.47632518575564,35.71952331367224
hokkaido_15,2024-06-24,1719261214000,5.381301083788987,-6.227173058697855,45.525506955152764
hokkaido_15,2024-06-29,1719693710000,7.508041639066383,-6.392028748850173,35.71660931879413
hokkaido_15,2024-07-06,1720298014000,7.296247250398442,-6.744680064026228,45.523000985016665
hokkaido_15,2024-07-11,1720730509000,7.888609175098171,-6.651148211699882,35.71623463314838
hokkaido_15,2024-07-18,1721334813000,4.40347849658939,-7.285526583015953,45.529199055428215
hokkaido_15,2024-07-23,1721767309000,7.745787527270217,-6.7002555646108295,35.71722784930397
hokkaido_15,2024-08-04,1722804109000,8.73428206315095,-6.047449380113359,35.71342386777499
hokkaido_15,2024-08-16,1723840909000,9.231959072775455,-4.494430640791588,35.7223340010002
hokkaido_15,2024-08-28,1724877709000,9.838738364156697,-7.755867116257205,35.72632696580782
hokkaido_15,2024-09-09,1725914510000,7.9888446023081015,-5.2818092367640705,35.73147595574418
hokkaido_15,2024-09-21,1726951310000,8.297495511345168,-6.548614903695254,35.730966581859185
hokkaido_15,2024-10-03,1727988110000,8.170325596914285,-6.900608470389215,35.73107908383407
hokkaido_15,2024-10-15,1729024910000,8.611962602401766,-6.150437911340493,35.72994951113307
hokkaido_15,2024-10-27,1730061711000,9.413818978712035,-6.3136462598801915,35.7277030397334
hokkaido_15,2024-11-08,1731098510000,9.242867502672702,-7.091715169620427,35.72925062828966
hokkaido_15,2024-11-20,1732135309000,7.587814683626669,-7.710134624496158,35.722314721717886
hokkaido_15,2024-12-02,1733172109000,7.275830781540474,-7.069103869601304,35.71417854971501
hokkaido_15,2024-12-14,1734208908000,6.863996819853782,-6.610213864394046,35.710801053288016
hokkaido_15,2024-12-26,1735245707000,5.3960431013695604,-9.740624012921744,35.71942156341085
hokkaido_15,2025-01-07,1736282505000,5.447150899920847,-7.892526197180477,35.723647255175045
hokkaido_15,2025-01-19,1737319304000,9.66829834775213,-6.829275444798771,35.724284225617986
hokkaido_15,2025-01-31,1738356103000,6.564397403486579,-7.359886463986807,35.72705425315721
hokkaido_15,2025-02-12,1739392903000,7.901310702840153,-8.075400220980628,35.72144456693229
hokkaido_15,2025-02-24,1740429703000,4.954941917059683,-6.645087373907856,35.72845211792609
hokkaido_15,2025-03-08,1741466503000,5.2462977991737425,-8.869040590109794,35.72745092108912
hokkaido_15,2025-03-20,1742503304000,6.989760991722062,-7.078866321106355,35.72516814629558
hokkaido_15,2025-04-01,1743540104000,7.233677179024723,-8.45872463276782,35.7202737995646
hokkaido_15,2025-04-13,1744576904000,7.428096964135596,-8.673887458099209,35.72432761672915
hokkaido_15,2025-04-25,1745613704000,8.639585808063899,-7.328863883385046,35.71497198720081
hokkaido_15,2025-05-07,1746650504000,8.09044364201906,-7.369101855886889,35.716296247273284
hokkaido_15,2025-05-14,1747254808000,6.9463234146169555,-7.30560306454824,45.52494472507521
hokkaido_15,2025-05-19,1747687303000,7.8000195697915125,-8.601518935342952,35.717786881051225
hokkaido_15,2025-05-26,1748291607000,7.936819813667495,-6.96386344308188,45.52058535306833
hokkaido_15,2025-05-31,1748724103000,7.0578285616674,-7.38461570564652,35.71269620801734
hokkaido_15,2025-06-07,1749328407000,7.487246408218089,-7.038240580184726,45.52232191785522
hokkaido_15,2025-06-12,1749760902000,9.093763129226941,-8.220158532488405,35.70771039048879
hokkaido_15,2025-06-19,1750365206000,6.711664775974408,-7.151420199986069,45.526451540089624
hokkaido_15,2025-06-24,1750797702000,8.270414195154729,-7.0975607699962255,35.70574572250429
hokkaido_15,2025-07-01,1751402005000,7.0172986559473784,-7.1940989906102715,45.52628195943653
hokkaido_15,2025-07-06,1751834501000,9.017201786017546,-7.005671570447929,35.71032035596443
hokkaido_15,2025-07-13,1752438805000,5.654419398252157,-8.1779876342733,45.52451091556657
hokkaido_15,2025-07-18,1752871300000,8.464551631594734,-6.774688620205885,35.717242637515625
hokkaido_15,2025-07-25,1753475604000,6.628540603142593,-7.403674815062388,45.52857432940629
hokkaido_15,2025-07-30,1753908100000,8.332649677475533,-7.377481172050617,35.71892411280161
hokkaido_15,2025-08-11,1754944900000,8.798918693973672,-7.444300005241662,35.71844873690683
hokkaido_15,2025-08-23,1755981700000,9.231005251693952,-8.11706558545214,35.72038584465347
hokkaido_15,2025-09-04,1757018500000,9.749495679896782,-7.647120735971928,35.727311524670526
hokkaido_15,2025-09-16,1758055301000,9.041641625686959,-7.153790165151715,35.73255797004815
hokkaido_15,2025-09-28,1759092101000,9.21489412131324,-7.863216881339955,35.73151059836294
hokkaido_15,2025-10-10,1760128901000,7.960983432324364,-8.108345795574106,35.718256081475154
hokkaido_15,2025-10-22,1761165701000,8.50401128115763,-7.520885588939527,35.72330354969638
hokkaido_15,2025-11-03,1762202501000,5.3731559142941965,-7.528707231005167,35.720839090165896
hokkaido_15,2025-11-15,1763239300000,7.939412270624742,-5.817998268376684,35.723693110769894
hokkaido_15,2025-11-22,1763843604000,6.884698322845563,-6.896337560212297,45.524680124887716
hokkaido_15,2025-11-27,1764276099000,8.971801021215455,-7.72382692731556,35.7210806405142
hokkaido_15,2025-12-09,1765312898000,6.817081636447396,-7.187222064046507,35.71546413658022
hokkaido_15,2025-12-21,1766349697000,9.973777273962797,-6.588967850118213,35.712793100530455
hokkaido_15,2026-01-02,1767386495000,6.5408576032450005,-5.118578344083641,35.71377888754851
hokkaido_15,2026-01-14,1768423294000,8.405539133338692,-5.569371382895849,35.717624152701106
hokkaido_15,2026-01-26,1769460094000,4.28258884385982,-7.641567372800856,35.72332556489026
hokkaido_15,2026-02-02,1770064397000,4.184564429100283,-4.934810772032326,45.528288868440306
hokkaido_15,2026-02-07,1770496893000,4.063215358888009,-6.223402655398155,35.724740921174636
hokkaido_15,2026-02-19,1771533692000,3.8718164275283513,-7.075904154921075,35.723671388982744
hokkaido_15,2026-03-03,1772570492000,9.028486835219494,-7.649746835901163,35.72556621732432
hokkaido_15,2026-03-15,1773607292000,7.139532310838733,-8.00623690784569,35.7234834258725
hokkaido_15,2026-04-08,1775680892000,8.712948735786187,-5.9423258599894915,35.72504751570862
hokkaido_15,2026-04-15,1776285196000,4.848934083543432,-7.753490545085522,45.528416071360816
hokkaido_15,2026-04-20,1776717693000,11.63137916443028,-4.572030889052222,35.716053808553
hokkaido_15,2026-04-27,1777321996000,6.833439632343576,-6.455017286178013,45.52833899989273
hokkaido_15,2026-05-02,1777754492000,10.186428430640948,-6.101266793190033,35.71237034610635
hokkaido_15,2026-05-14,1778791292000,8.373589558228733,-7.055437411316935,35.70977837798084
hokkaido_15,2026-05-21,1779395595000,7.061746587792702,-6.514015118561161,45.52788474546293
hokkaido_16,2017-02-18,1487450457000,3.0872579985331976,-11.127203050618933,35.95525990958167
hokkaido_16,2017-02-25,1488054783000,-0.8872861974549188,-12.175646660692566,45.54239713548651
hokkaido_16,2017-03-02,1488487257090,4.271325921070657,-11.962815081009065,35.9574512017948
hokkaido_16,2017-03-09,1489091583000,-1.4226761399881387,-13.00907182429524,45.54566208807248
hokkaido_16,2017-03-14,1489524057000,4.038610126316479,-11.650117487591405,35.94741686475858
hokkaido_16,2017-03-21,1490128384100,-6.400180279271762,-36.14359073892732,45.551164855002206
hokkaido_16,2017-03-26,1490560857000,4.296190966448468,-10.894350301517953,35.94704428931203
hokkaido_16,2017-04-02,1491165184000,2.236251305165441,-12.489666681795775,45.548630951149626
hokkaido_16,2017-04-07,1491597658140,2.8142935530522015,-12.475075276861654,35.95075084513584
hokkaido_16,2017-04-14,1492201985000,2.2837890578267968,-9.612393843998266,45.54539741901438
hokkaido_16,2017-04-19,1492634458760,5.874300670495333,-9.342871108044337,35.95270355455801
hokkaido_16,2017-04-26,1493238785360,9.818861993381436,-8.656930670956438,45.544655645835846
hokkaido_16,2017-05-01,1493671259000,3.826723472323429,-9.203474770372637,35.95039419662873
hokkaido_16,2017-05-08,1494275586310,8.715909999810684,-8.93170017194672,45.54058899773492
hokkaido_16,2017-05-13,1494708059970,4.094987619527339,-8.846411574042879,35.94629435375482
hokkaido_16,2017-05-20,1495312386000,8.883841800453103,-8.103623095178834,45.545383846557414
hokkaido_16,2017-05-25,1495744860000,4.857648294498584,-9.872100595815931,35.95093103351015
hokkaido_16,2017-06-01,1496349187000,-20.000973396971396,-49.269159340802396,45.551193005970724
hokkaido_16,2017-06-06,1496781661000,5.8632535884548815,-9.856953385850895,35.946505997012366
hokkaido_16,2017-06-13,1497385988000,9.934037326324706,-7.3866579316336765,45.546879261032295
hokkaido_16,2017-06-18,1497818461000,5.8837813860757535,-10.152180547396588,35.951521755517646
hokkaido_16,2017-06-25,1498422789000,9.935040863689556,-8.190188621874322,45.5428838030356
hokkaido_16,2017-06-30,1498855262000,4.757277698080144,-9.498881274175337,35.95357892277265
hokkaido_16,2017-07-07,1499459589000,9.158036088417136,-8.284897153157772,45.54516160859302
hokkaido_16,2017-07-12,1499892063000,5.043545748387339,-10.447633723644827,35.95113080106088
hokkaido_16,2017-07-19,1500496390000,9.022555348526483,-9.250422403757241,45.549308086996284
hokkaido_16,2017-07-24,1500928864000,4.8965169244977655,-9.30785629369221,35.95070203838926
hokkaido_16,2017-07-31,1501533191000,8.895507143977285,-9.247305355554355,45.54523121647696
hokkaido_16,2017-08-05,1501965664000,4.270047629628467,-9.952848377206843,35.94501156739515
hokkaido_16,2017-08-12,1502569991000,8.901453886054867,-9.264950921336336,45.54640006441175
hokkaido_16,2017-08-17,1503002465000,5.413945000412689,-10.046910231936735,35.952340588612046
hokkaido_16,2017-08-24,1503606792000,8.773769588532534,-9.291905601896785,45.54375463084353
hokkaido_16,2017-08-29,1504039265000,5.251796740704711,-9.711958388973736,35.95172198028132
hokkaido_16,2017-09-05,1504643592000,8.094011399190144,-8.915406380685425,45.54464199818618
hokkaido_16,2017-09-10,1505076066000,4.890012645638388,-10.054745205138609,35.94974837361078
hokkaido_16,2017-09-17,1505680393000,8.657496568540152,-8.925128097396517,45.5429547427034
hokkaido_16,2017-09-22,1506112866000,4.550696796390902,-9.946777360165473,35.95017704186452
hokkaido_16,2017-09-29,1506717193000,7.278857876383815,-11.548769693485843,45.54733510133931
hokkaido_16,2017-10-04,1507149666000,3.0756628709720557,-10.090157831291304,35.9493792525394
hokkaido_16,2017-10-11,1507753993000,4.843474861398416,-21.90319163852907,45.547791535276524
hokkaido_16,2017-10-16,1508186467000,3.7306391026570003,-9.453581811743081,35.95055331475131
hokkaido_16,2017-10-23,1508790793000,8.650328673046248,-8.530631063818053,45.543729684885264
hokkaido_16,2017-10-28,1509223267000,4.207694801855338,-10.248610380723083,35.94947421141346
hokkaido_16,2017-11-04,1509827593000,8.43165388147708,-8.708346505119607,45.54125308085155
hokkaido_16,2017-11-09,1510260066000,4.252509872254482,-10.348013583906285,35.952482218500535
hokkaido_16,2017-11-16,1510864393000,6.003962127764643,-11.300408370351775,45.545157301614246
hokkaido_16,2017-11-21,1511296866000,4.076452134196871,-9.458352067965137,35.94683318727904
hokkaido_16,2017-11-28,1511901193000,-26.115580493664215,-50.97697412524308,45.541928599703766
hokkaido_16,2017-12-03,1512333666000,4.087816708076994,-8.726672853467674,35.946911045572705
hokkaido_16,2017-12-15,1513370465000,4.086215970113123,-9.643010499095878,35.94678889037915
hokkaido_16,2017-12-27,1514407265000,2.566161252075156,-8.16358866019441,35.9539984247026
hokkaido_16,2018-01-03,1515011591000,1.0444604798623836,-11.411519527489759,45.544160349967875
hokkaido_16,2018-01-08,1515444064000,5.621500638444791,-11.460770590697022,35.95280576435654
hokkaido_16,2018-01-15,1516048391000,1.4300934582876592,-10.226521631743577,45.541451534407045
hokkaido_16,2018-01-20,1516480864000,3.074327503251915,-9.64528517868199,35.94603775323364
hokkaido_16,2018-01-27,1517085190000,-17.568169796895294,-40.71440338515993,45.54809024805398
hokkaido_16,2018-02-01,1517517664000,1.9452005643402872,-11.79510455847427,35.94542009082042
hokkaido_16,2018-02-08,1518121990000,-2.807286312020263,-23.765813769234597,45.54680510833301
hokkaido_16,2018-02-13,1518554463000,2.1576949488788304,-10.369690646517155,35.944869023151114
hokkaido_16,2018-02-20,1519158790000,-3.51616079460087,-34.023896396824206,45.54839495452493
hokkaido_16,2018-02-25,1519591263000,1.226112294819742,-9.97204467176409,35.95294291928329
hokkaido_16,2018-03-04,1520195590000,-0.5946171750418615,-11.092783463617923,45.5462262482838
hokkaido_16,2018-03-09,1520628063000,4.499265548574906,-9.797117128017993,35.95846470551787
hokkaido_16,2018-03-16,1521232390000,4.845069301234922,-21.190273765438683,45.542773208417756
hokkaido_16,2018-03-21,1521664863000,3.701248416917397,-11.875447671258291,35.95835515738065
hokkaido_16,2018-04-02,1522701664000,2.294186857034224,-13.280982779492291,35.951593538647586
hokkaido_16,2018-04-14,1523738464000,4.184207911202988,-10.413894468969444,35.94911169408307
hokkaido_16,2018-04-26,1524775265000,4.170831272920229,-9.281069554817241,35.94958329754758
hokkaido_16,2018-05-08,1525812065000,3.7001512781004084,-8.278249487298043,35.95185401531182
hokkaido_16,2018-05-15,1526416392000,7.033868031159022,-10.898908424257431,45.54190263804029
hokkaido_16,2018-05-20,1526848866000,3.2718198379640895,-8.738074541950322,35.95361420312875
hokkaido_16,2018-06-01,1527885667000,3.6843862203337867,-10.469930897803023,35.95497779276145
hokkaido_16,2018-06-13,1528922468000,5.557564324081837,-8.30298970281868,35.945946466318404
hokkaido_16,2018-06-25,1529959268000,5.089583035133921,-9.834140198166017,35.947351402074446
hokkaido_16,2018-07-19,1532032870000,3.8910901591623284,-10.597897025346716,35.95435360835504
hokkaido_16,2018-07-31,1533069670000,5.040812392215775,-9.791992902043127,35.95635278589223
hokkaido_16,2018-08-12,1534106471000,5.13008355488861,-10.337562590456482,35.94967056975151
hokkaido_16,2018-08-24,1535143272000,5.0633008992776025,-11.512588363563053,35.93883546784509
hokkaido_16,2018-09-05,1536180072000,4.835077669003261,-8.111668699979552,35.94918435681897
hokkaido_16,2018-09-17,1537216873000,4.619369403478372,-10.444701396296146,35.95229607815693
hokkaido_16,2018-09-29,1538253673000,3.990100145660091,-6.98353810915508,35.95200529266228
hokkaido_16,2018-10-11,1539290473000,4.19444667347787,-7.05319333730804,35.947703714203136
hokkaido_16,2018-10-23,1540327273000,4.683178951426082,-7.798106726024914,35.94814087419506
hokkaido_16,2018-11-04,1541364073000,3.9892647430236026,-10.108631226926683,35.94781140166293
hokkaido_16,2018-11-16,1542400873000,5.026561082366902,-10.092885404941283,35.95197476814413
hokkaido_16,2018-11-28,1543437672000,2.9809360675858017,-10.87462602239774,35.95372752784743
hokkaido_16,2018-12-05,1544041999000,10.427142402402705,-17.327778529442735,45.538845221137315
hokkaido_16,2018-12-10,1544474472000,4.769779555097462,-6.633669379131594,35.94854167127839
hokkaido_16,2018-12-22,1545511272000,4.204458961715148,-7.951544558339155,35.9438487362592
hokkaido_16,2019-01-03,1546548071000,3.7272385503734538,-7.5165716211932745,35.946481712433986
hokkaido_16,2019-01-15,1547584871000,5.238767628560559,-10.134334283817276,35.95323108832524
hokkaido_16,2019-01-27,1548621671000,3.5346048304856006,-10.99089305164039,35.94906390905622
hokkaido_16,2019-02-03,1549225997000,4.864965662509162,-10.660240318623009,45.54468388258809
hokkaido_16,2019-02-08,1549658470000,2.0829537740732977,-9.320916226614505,35.950457125498545
hokkaido_16,2019-02-20,1550695270000,3.3613368747410353,-10.44836257255949,35.945811056334115
hokkaido_16,2019-03-04,1551732070000,3.564650717842111,-11.801164430328779,35.94192587743987
hokkaido_16,2019-03-16,1552768870000,4.99597828550879,-11.346730450943841,35.951921414066796
hokkaido_16,2019-03-23,1553373197000,6.154098357755206,-11.262978408240583,45.54280802814563
hokkaido_16,2019-03-28,1553805670000,5.339774050449016,-9.95624100543409,35.95188896171484
hokkaido_16,2019-04-04,1554409997000,2.9053901106038,-10.940525937752165,45.53923608570725
hokkaido_16,2019-04-09,1554842470000,6.2976080359736395,-8.055544175649816,35.95372733876969
hokkaido_16,2019-04-16,1555446797000,4.861563748895552,-8.089125479276548,45.540392761230464
hokkaido_16,2019-04-21,1555879271000,6.447607721793328,-7.712191580385591,35.94550337203824
hokkaido_16,2019-04-28,1556483598000,6.279193958113987,-21.45847414559916,45.5431459161007
hokkaido_16,2019-05-03,1556916071000,5.631014820628046,-5.979185686623314,35.94229655410305
hokkaido_16,2019-05-15,1557952872000,4.996751504723071,-6.015116624923367,35.94765326594592
hokkaido_16,2019-05-22,1558557199000,8.015427322291893,-18.62826201335937,45.54373081518741
hokkaido_16,2019-06-03,1559593999000,9.360174277566898,-10.337288422762214,45.542124483791596
hokkaido_16,2019-06-08,1560026473000,6.644875685054762,-6.974928232949923,35.956066915950885
hokkaido_16,2019-06-20,1561063274000,6.670623747757656,-8.292926812137456,35.952171572539626
hokkaido_16,2019-07-02,1562100075000,8.200824241529967,-8.932822831924224,35.946219660292066
hokkaido_16,2019-07-14,1563136875000,7.351982552557446,-7.8712224565693845,35.94800254169416
hokkaido_16,2019-07-26,1564173676000,7.2410539384073305,-10.196178950212335,35.953412957239635
hokkaido_16,2019-08-07,1565210477000,6.545075866218934,-9.324972928135477,35.952472505702374
hokkaido_16,2019-08-19,1566247278000,8.308940490407545,-8.946445418405217,35.94758737325621
hokkaido_16,2019-09-12,1568320879000,8.145997614354087,-9.240161605141605,35.95176908319645
hokkaido_16,2019-09-24,1569357679000,7.297132465413271,-7.794322502040305,35.94700410648112
hokkaido_16,2019-10-01,1569962006000,8.765184985231082,-16.322734633041254,45.54095211756871
hokkaido_16,2019-10-06,1570394480000,6.473262543988278,-9.481326056887525,35.95122724282621
hokkaido_16,2019-10-18,1571431279000,6.281711528169149,-8.990243763564761,35.95314877750898
hokkaido_16,2019-10-30,1572468080000,7.61719319870425,-7.985597760946632,35.94763950704805
hokkaido_16,2019-11-11,1573504880000,7.901540090095239,-9.787068558492528,35.94589972226415
hokkaido_16,2019-11-23,1574541679000,5.774718788612187,-7.780623571915882,35.948026173611105
hokkaido_16,2019-12-05,1575578479000,6.86449861076779,-7.9037214096678445,35.954211563853114
hokkaido_16,2019-12-17,1576615278000,5.496003639948511,-11.396081760347943,35.95035959098952
hokkaido_16,2019-12-29,1577652078000,3.6658495967100104,-9.774164906156177,35.94525205035543
hokkaido_16,2020-01-10,1578688877000,4.277825908547379,-8.503957838189523,35.94272844195848
hokkaido_16,2020-01-22,1579725677000,4.542671953938085,-9.424925767686489,35.94626065460594
hokkaido_16,2020-02-03,1580762477000,4.868961894901779,-8.465741048970678,36.070547434303855
hokkaido_16,2020-02-10,1581366803000,9.689314649237529,-19.215950176710788,45.54811453920443
hokkaido_16,2020-02-15,1581799276000,3.7788174124003167,-8.98598796200027,36.07378715206878
hokkaido_16,2020-02-27,1582836076000,4.424096254440865,-10.45061661679775,36.071308386231706
hokkaido_16,2020-03-10,1583872876000,5.568948855160474,-13.327988503437888,36.062930601700224
hokkaido_16,2020-03-22,1584909676000,4.727988356617893,-10.521072211512287,36.064030722684635
hokkaido_16,2020-04-03,1585946477000,5.469723691954164,-10.47953022190614,36.07048680599734
hokkaido_16,2020-04-15,1586983277000,5.708641248254552,-10.126304987199742,36.07347216961068
hokkaido_16,2020-04-22,1587587604000,5.9225062457100215,-9.349146554239125,45.54875971162905
hokkaido_16,2020-04-27,1588020078000,6.359290168836696,-9.93693563259154,36.07246824707648
hokkaido_16,2020-05-09,1589056878000,6.256991573700201,-9.904225526260168,36.07378251189939
hokkaido_16,2020-05-21,1590093679000,6.434956085421819,-8.973531031252874,36.068931709189265
hokkaido_16,2020-06-02,1591130479000,6.597815864896797,-9.35220165707265,36.07222983811099
hokkaido_16,2020-06-14,1592167280000,6.649877364344459,-9.915700716735916,36.06982098725013
hokkaido_16,2020-06-21,1592771607000,7.165015427442035,-14.45776999600332,45.54934494092566
hokkaido_16,2020-06-26,1593204081000,8.016382710048335,-11.03430170195261,36.073865878157626
hokkaido_16,2020-07-08,1594240882000,7.993011252185297,-8.925897749358244,36.072937142781505
hokkaido_16,2020-07-20,1595277682000,7.0332448185427925,-8.968053526577593,36.06678340883357
hokkaido_16,2020-08-01,1596314483000,6.840416650966174,-9.546574790865426,36.06449298057495
hokkaido_16,2020-08-13,1597351284000,8.59039607816379,-9.433492310863471,36.07197502298231
hokkaido_16,2020-08-25,1598388085000,6.120233852535891,-9.694027150267564,36.07063838655938
hokkaido_16,2020-09-06,1599424885000,7.174281890446056,-10.403442855916332,36.068498727187375
hokkaido_16,2020-09-18,1600461685000,7.6607922881017085,-9.492715691815059,36.06641924386074
hokkaido_16,2020-09-30,1601498486000,5.786181164696527,-10.046076540769619,36.06888061798009
hokkaido_16,2020-10-12,1602535286000,7.571394383169425,-8.987937694213226,36.0679049307002
hokkaido_16,2020-10-24,1603572086000,7.087940854662423,-8.46790227365691,36.07160626568842
hokkaido_16,2020-11-05,1604608886000,7.388407971689479,-8.957129199337036,36.067153559533516
hokkaido_16,2020-11-17,1605645686000,6.328432721176039,-9.239675208879461,36.06552208691674
hokkaido_16,2020-11-29,1606682485000,6.714398790511082,-8.244260363525319,36.067360344318445
hokkaido_16,2020-12-11,1607719285000,7.109834487970801,-10.222920094970414,36.0677156886148
hokkaido_16,2020-12-23,1608756084000,2.7700739711772,-10.812240113883796,36.072426850493684
hokkaido_16,2021-01-04,1609792884000,3.2503029222785296,-10.431842693865065,36.07107211866771
hokkaido_16,2021-01-16,1610829683000,2.318483602309961,-11.450729108652409,36.06746099180834
hokkaido_16,2021-01-28,1611866483000,1.8415574293745294,-10.912600795637132,36.06088226151833
hokkaido_16,2021-02-09,1612903282000,2.2712403494080875,-11.728392916326351,36.062278853115764
hokkaido_16,2021-02-21,1613940082000,1.7877327507969745,-13.303319556295293,36.073585804523944
hokkaido_16,2021-03-05,1614976882000,1.578887793045798,-11.299031019059024,36.07719245389054
hokkaido_16,2021-03-12,1615581209000,8.25015243740494,-18.612327324739535,45.55005208773294
hokkaido_16,2021-03-17,1616013682000,1.6451752848391143,-12.575485048863744,36.07661455492552
hokkaido_16,2021-03-29,1617050482000,5.116053285935903,-11.17363045286084,36.06810670196588
hokkaido_16,2021-04-10,1618087283000,1.447071909123001,-9.72930082764332,36.06781836203112
hokkaido_16,2021-04-22,1619124083000,4.336256872609148,-10.495462553937159,36.071861582411415
hokkaido_16,2021-05-04,1620160884000,4.691161937982117,-10.597527983795445,36.073658287983115
hokkaido_16,2021-05-11,1620765211000,6.138780119420365,-13.158654707959398,45.54897730291119
hokkaido_16,2021-05-16,1621197684000,7.2130017574029806,-9.642566469046459,36.07272351899002
hokkaido_16,2021-05-28,1622234485000,3.7341005507186744,-9.758955201413576,36.06859064728702
hokkaido_16,2021-06-09,1623271286000,4.72251669805304,-10.753220234804548,36.067144673891605
hokkaido_16,2021-06-21,1624308087000,5.497441106115502,-8.90032889956635,36.068647968935615
hokkaido_16,2021-07-03,1625344887000,4.621497941403137,-9.678548088268975,36.07083517054167
hokkaido_16,2021-07-10,1625949214000,9.510553514691674,-15.717938916038298,45.550624714144234
hokkaido_16,2021-07-15,1626381688000,5.297940414686708,-8.503515829919495,36.07169247656751
hokkaido_16,2021-07-27,1627418489000,4.286619018035881,-9.296561527975376,36.077177360219856
hokkaido_16,2021-08-08,1628455289000,4.128512669869554,-9.699418269574705,36.0678541161495
hokkaido_16,2021-08-20,1629492090000,4.188012389220913,-9.615448416453443,36.06608283132093
hokkaido_16,2021-09-01,1630528905000,3.425288980292804,-10.16490806926434,35.58359095044977
hokkaido_16,2021-09-13,1631565705000,3.3540470268651608,-10.065454774074789,35.5798499842039
hokkaido_16,2021-09-25,1632602506000,3.2458218376340464,-10.876633117436652,35.575780222213105
hokkaido_16,2021-10-07,1633639303000,5.354852079016605,-8.368808716834629,35.71535236498327
hokkaido_16,2021-10-19,1634676103000,9.272238905536952,-9.00056637693454,35.713123695915854
hokkaido_16,2021-10-31,1635712903000,2.9159062170441468,-9.849876262361844,35.71682974132853
hokkaido_16,2021-11-12,1636749703000,1.149682122289776,-10.043293920440062,35.71873248524864
hokkaido_16,2021-11-19,1637354007000,5.839804252287292,-12.936650619824748,45.52631477624033
hokkaido_16,2021-11-24,1637786503000,3.952476066843693,-11.244372462082737,35.71310670349306
hokkaido_16,2021-12-06,1638823302000,2.3766109806514053,-9.509149750946854,35.71301663801457
hokkaido_16,2021-12-18,1639860102000,3.731674839374817,-12.378390087314784,35.71129782628532
hokkaido_16,2021-12-30,1640896901000,1.4724788223399947,-11.092555489689435,35.71863923103678
hokkaido_16,2022-01-11,1641933701000,1.2865597781801457,-11.30774302377859,35.71730698513811
hokkaido_16,2022-01-23,1642970500000,4.044308135636943,-10.597232794267988,35.71708810131958
hokkaido_16,2022-02-04,1644007299000,1.6906669380440584,-10.427206437279658,35.718182135554194
hokkaido_16,2022-02-16,1645044099000,0.32562430781151797,-10.258469531113569,35.716270658704964
hokkaido_16,2022-02-28,1646080899000,0.8100213914334322,-12.253282673542158,35.71486854553223
hokkaido_16,2022-03-12,1647117699000,0.0992929732726539,-12.091441870101553,35.72064707052828
hokkaido_16,2022-03-19,1647722003000,2.2640190515213665,-11.14346138525181,45.52886399203392
hokkaido_16,2022-03-24,1648154500000,3.7231545839586704,-12.41561313462793,35.71988013336131
hokkaido_16,2022-03-31,1648758803000,4.057775540645523,-13.423511328943729,45.529609198903835
hokkaido_16,2022-04-05,1649191300000,5.6120992607025375,-9.084493702207725,35.72086045061045
hokkaido_16,2022-04-17,1650228100000,5.65371233670296,-10.319889203369257,35.71641369401458
hokkaido_16,2022-04-29,1651264901000,4.340684258330798,-7.696289636714646,35.716270719751435
hokkaido_16,2022-05-11,1652301701000,5.571481798775712,-9.142347138090683,35.71841152327594
hokkaido_16,2022-06-04,1654375303000,7.0414468342872985,-9.322650171479804,35.71699842924048
hokkaido_16,2022-06-11,1654979608000,10.192755910406103,-9.871762307718948,45.52779022071828
hokkaido_16,2022-06-16,1655412104000,6.828983713477267,-9.043045673184405,35.72015125003062
hokkaido_16,2022-06-23,1656016408000,7.386303068523312,-18.55863987731537,45.53047828134865
hokkaido_16,2022-06-28,1656448905000,7.6908748212024705,-9.760899075810707,35.71273196736169
hokkaido_16,2022-07-10,1657485705000,7.768572224902748,-9.237099607989213,35.71427113405145
hokkaido_16,2022-07-22,1658522506000,8.809711626400203,-9.061559928619912,35.719882653621106
hokkaido_16,2022-08-03,1659559307000,7.500137672550136,-8.707777437154117,35.71806751457838
hokkaido_16,2022-08-15,1660596108000,8.174927115545655,-8.974279332217263,35.71758366324406
hokkaido_16,2022-08-22,1661200412000,6.495615682825754,-20.601472884310216,45.53046383565902
hokkaido_16,2022-08-27,1661632908000,6.986951226220996,-9.242117447381379,35.71484326641425
hokkaido_16,2022-09-03,1662237213000,6.605500288563402,-9.434123161921699,45.527009415616874
hokkaido_16,2022-09-08,1662669709000,6.020268271460306,-8.26946530319205,35.70807235955084
hokkaido_16,2022-09-20,1663706508000,6.261549213992087,-7.743729133193038,35.73344454152409
hokkaido_16,2022-10-02,1664743309000,6.861508363592914,-7.256270393662048,35.71817519752961
hokkaido_16,2022-10-14,1665780109000,7.316367224009935,-9.663587594631718,35.718929516570746
hokkaido_16,2022-10-26,1666816909000,6.449095243142014,-7.298801219892312,35.709216967453955
hokkaido_16,2022-11-07,1667853709000,6.048763619275063,-7.301882021069704,35.71828428698626
hokkaido_16,2022-11-19,1668890509000,5.896755520456288,-8.546673554171287,35.714461380020325
hokkaido_16,2022-11-26,1669494813000,6.3796319291559005,-9.3025775928229,45.52190266122418
hokkaido_16,2022-12-01,1669927308000,5.577276736095741,-8.196826624792926,35.72043683011354
hokkaido_16,2022-12-08,1670531612000,2.5339556978079134,-9.387386098143674,45.51856385464378
hokkaido_16,2022-12-13,1670964108000,4.79446701343782,-9.073931505271648,35.71633554236761
hokkaido_16,2022-12-25,1672000907000,3.141586295670003,-10.127174516146724,35.71612536890348
hokkaido_16,2023-01-06,1673037706000,3.1452346320743865,-10.549478931282525,35.71312560572769
hokkaido_16,2023-01-18,1674074505000,4.530071123951932,-9.393861457161975,35.73323966594656
hokkaido_16,2023-01-30,1675111306000,4.44160947370838,-12.130457614491615,35.713377571992375
hokkaido_16,2023-02-11,1676148105000,4.913717518535944,-10.446506640376215,35.71906105838097
hokkaido_16,2023-02-23,1677184905000,2.6706787616732615,-10.961695651920822,35.72321520102146
hokkaido_16,2023-03-07,1678221705000,3.6948608478058937,-10.602664411062184,35.716813835292086
hokkaido_16,2023-03-19,1679258505000,4.904065170050453,-10.581457429676197,35.71713444755099
hokkaido_16,2023-03-31,1680295305000,3.9689954697256074,-10.148609163539266,35.71843421550712
hokkaido_16,2023-04-07,1680899610000,7.172363021780438,-10.200968094871875,45.52721118098724
hokkaido_16,2023-04-12,1681332106000,8.906704192295923,-7.67265203291227,35.71868242811671
hokkaido_16,2023-04-24,1682368906000,7.546478415068526,-9.309587547669294,35.7179399396742
hokkaido_16,2023-05-01,1682973211000,11.11278064166569,-12.552446042940398,45.52917575006564
hokkaido_16,2023-05-06,1683405707000,8.957269147876968,-8.858292899659643,35.70972341415976
hokkaido_16,2023-05-18,1684442508000,7.1457883488082805,-8.423322688748696,35.70936355667886
hokkaido_16,2023-05-30,1685479308000,6.688549833731322,-7.693544259097917,35.709939517574284
hokkaido_16,2023-06-11,1686516109000,7.72942951682051,-8.457500974344399,35.71914136171099
hokkaido_16,2023-06-18,1687120413000,5.955004259232208,-10.797763930961048,45.52871087732884
hokkaido_16,2023-06-23,1687552909000,5.702983180381584,-9.2244668784866,35.715024685782524
hokkaido_16,2023-07-05,1688589710000,7.144346126912539,-10.103260644612805,35.71680235814565
hokkaido_16,2023-07-12,1689194014000,8.000713719330346,-20.186876807790927,45.53169179526129
hokkaido_16,2023-07-17,1689626511000,6.866669056330457,-8.195238506715322,35.714422294140526
hokkaido_16,2023-07-24,1690230815000,7.007217266788424,-12.504556422022935,45.529155816760166
hokkaido_16,2023-07-29,1690663311000,5.745296504245643,-10.411748694909011,35.7150446620104
hokkaido_16,2023-08-05,1691267616000,5.754517766507064,-10.762938899241956,45.52775087451182
hokkaido_16,2023-08-10,1691700111000,5.616582148463859,-9.14050258844289,35.733798902107004
hokkaido_16,2023-08-17,1692304417000,10.79452699328816,-17.717392040808114,45.52973171502425
hokkaido_16,2023-08-22,1692736913000,5.375490782558146,-9.185447647646951,35.72222058598165
hokkaido_16,2023-09-03,1693773714000,7.011969320709206,-8.438397225084127,35.71480624112217
hokkaido_16,2023-09-15,1694810514000,7.242694619683361,-8.461028526521439,35.71233745305225
hokkaido_16,2023-09-27,1695847314000,6.420273549885574,-7.615608050969933,35.71777647537217
hokkaido_16,2023-10-09,1696884114000,6.139287284817835,-9.402759774030303,35.72310610783886
hokkaido_16,2023-10-21,1697920914000,7.452390171319804,-8.711066139566793,35.71419175202546
hokkaido_16,2023-11-02,1698957714000,6.672796725443364,-9.071178823164812,35.718473054828436
hokkaido_16,2023-11-14,1699994514000,6.337792898445311,-8.373400456777158,35.70985233545159
hokkaido_16,2023-11-26,1701031313000,4.40819026921171,-6.1247944411971496,35.71832624422711
hokkaido_16,2023-12-08,1702068113000,6.117348175015606,-9.09462202531578,35.715076153569385
hokkaido_16,2023-12-15,1702672417000,4.61282604847499,-11.830773189371833,45.52569238134548
hokkaido_16,2023-12-20,1703104912000,5.056794486834366,-8.508157475786499,35.73005217565482
hokkaido_16,2024-01-01,1704141711000,4.270242193214478,-7.682832993810732,35.72427403193847
hokkaido_16,2024-01-13,1705178511000,1.558574764824882,-9.734820579437274,35.7138180519793
hokkaido_16,2024-01-25,1706215311000,1.1382392418361316,-11.512841578088205,35.71200236290602
hokkaido_16,2024-02-06,1707252110000,1.865693971615621,-10.867430539689527,35.71902588245481
hokkaido_16,2024-02-18,1708288910000,0.4436690137767818,-11.826539850463632,35.71804908929868
hokkaido_16,2024-02-25,1708893214000,-0.06147721848924269,-12.814548358448377,45.52758685873013
hokkaido_16,2024-03-01,1709325710000,0.9119845194755761,-10.773042382363498,35.71961164580688
hokkaido_16,2024-03-13,1710362510000,2.999553426382581,-10.116648831856798,35.721405143514005
hokkaido_16,2024-03-25,1711399310000,2.1292105022819223,-11.78371637072155,35.72292628416415
hokkaido_16,2024-04-06,1712436111000,6.471271520892025,-9.006434854845445,35.71275554509759
hokkaido_16,2024-04-18,1713472911000,6.178244923456732,-10.591261407671977,35.714554001042565
hokkaido_16,2024-04-25,1714077215000,6.870724657338814,-10.740179992911276,45.52613647226756
hokkaido_16,2024-04-30,1714509712000,6.733484771052553,-8.633055093998902,35.71446826311377
hokkaido_16,2024-05-07,1715114016000,6.411905483975646,-10.0835983006852,45.514980030252474
hokkaido_16,2024-05-12,1715546511000,5.692371910756545,-10.910051810346586,35.71237957361832
hokkaido_16,2024-05-19,1716150815000,6.872397493738072,-10.672276330248645,45.51677524061311
hokkaido_16,2024-05-24,1716583311000,7.042226222560634,-7.522427287914829,35.69843903158052
hokkaido_16,2024-05-31,1717187615000,5.938936878538571,-11.213534192776827,45.518718815042504
hokkaido_16,2024-06-05,1717620111000,6.134954768160689,-9.332638179458149,35.70073385481793
hokkaido_16,2024-06-12,1718224415000,6.847897460528237,-9.543185642965494,45.519427754565925
hokkaido_16,2024-06-17,1718656910000,6.9660973450175465,-7.450801569284022,35.71002507898682
hokkaido_16,2024-06-24,1719261214000,5.855592386153612,-10.566272513383703,45.51603089966117
hokkaido_16,2024-06-29,1719693710000,6.466857711540482,-7.4364850126511675,35.70707923154616
hokkaido_16,2024-07-06,1720298014000,6.668015068681815,-10.611110666413358,45.513502656509836
hokkaido_16,2024-07-11,1720730509000,6.942531367800677,-8.180811124734868,35.70669635888303
hokkaido_16,2024-07-18,1721334813000,5.629702468380105,-10.168373164802006,45.51974354576025
hokkaido_16,2024-07-23,1721767309000,4.9992830907865615,-9.892948775409078,35.70769215632371
hokkaido_16,2024-07-30,1722371613000,7.284043682616686,-10.110387240290232,45.523630293258535
hokkaido_16,2024-08-04,1722804109000,7.015594243024232,-7.628845226608239,35.70388384946843
hokkaido_16,2024-08-11,1723408413000,6.699373374254377,-11.620293497763251,45.52748880172542
hokkaido_16,2024-08-16,1723840909000,7.125210909217069,-8.259667106232396,35.712809256605844
hokkaido_16,2024-08-23,1724445213000,7.768920865130084,-14.415268243905151,45.53175633938544
hokkaido_16,2024-08-28,1724877709000,7.016477948248874,-9.170287091748722,35.716790267124026
hokkaido_16,2024-09-09,1725914510000,5.971359066417233,-8.589160389277179,35.72194528261757
hokkaido_16,2024-09-16,1726518814000,4.896732619201816,-11.612444056094482,45.52755084391243
hokkaido_16,2024-09-21,1726951310000,6.815463676319809,-8.629372790876014,35.72143935694558
hokkaido_16,2024-10-03,1727988110000,5.229334633582689,-10.961449603426292,35.72155101660526
hokkaido_16,2024-10-15,1729024910000,5.340531449341565,-9.857231621135512,35.72042993890642
hokkaido_16,2024-10-27,1730061711000,5.930264289042656,-10.206209753642469,35.718175336775744
hokkaido_16,2024-11-03,1730666014000,6.8016819991066075,-14.352113404416418,45.52703524532284
hokkaido_16,2024-11-08,1731098510000,6.575127780521473,-9.431655221409011,35.71972384333323
hokkaido_16,2024-11-15,1731702814000,3.8089733206139718,-10.71421383616201,45.52349445695132
hokkaido_16,2024-11-20,1732135309000,4.504917238252988,-9.180652170876115,35.71278857760961
hokkaido_16,2024-12-02,1733172109000,3.910882164606246,-11.06620421708277,35.70464259818435
hokkaido_16,2024-12-14,1734208908000,4.869500433839127,-7.562371337578561,35.70127623063354
hokkaido_16,2024-12-26,1735245707000,4.805248814579384,-9.371537508738635,35.70989920960399
hokkaido_16,2025-01-02,1735850010000,3.5532165962967377,-11.175526338352174,45.52438878445055
hokkaido_16,2025-01-07,1736282505000,4.767251660096176,-9.359721219601775,35.71411331192202
hokkaido_16,2025-01-14,1736886809000,2.2245105125699554,-12.24662877482276,45.52560011012247
hokkaido_16,2025-01-19,1737319304000,5.905899924952925,-9.849964086578364,35.71475463040721
hokkaido_16,2025-01-26,1737923608000,1.0783835025010162,-13.283577486423688,45.52488353696105
hokkaido_16,2025-01-31,1738356103000,3.3840319836546966,-10.695629932743474,35.71753173772617
hokkaido_16,2025-02-07,1738960408000,9.15089009539912,-14.073487461091158,45.528390315392365
hokkaido_16,2025-02-12,1739392903000,1.995501342271125,-8.675393589148156,35.71190917484685
hokkaido_16,2025-02-24,1740429703000,3.229470722011918,-11.739889366244814,35.718931528356855
hokkaido_16,2025-03-08,1741466503000,1.5317710373645437,-10.4908950148441,35.7179247158217
hokkaido_16,2025-03-15,1742070807000,3.1888628934135523,-11.616520011474861,45.5277957145925
hokkaido_16,2025-03-20,1742503304000,3.2467113326291113,-8.52535038805266,35.715638503781626
hokkaido_16,2025-03-27,1743107607000,2.6110263197614394,-9.62450259572163,45.52779294987695
hokkaido_16,2025-04-01,1743540104000,3.9485338171056,-10.64259665825545,35.71074951372446
hokkaido_16,2025-04-08,1744144408000,4.615419194209969,-11.289845442146225,45.53038373093613
hokkaido_16,2025-04-13,1744576904000,5.353922889106539,-8.616157616265287,35.71480294841821
hokkaido_16,2025-04-20,1745181208000,11.271774911075164,-15.17417814744781,45.52978255325291
hokkaido_16,2025-04-25,1745613704000,7.185084919554256,-7.377271307983259,35.70543724719656
hokkaido_16,2025-05-02,1746218008000,6.244149889527307,-12.16522100000415,45.525148882934396
hokkaido_16,2025-05-07,1746650504000,7.912288002874633,-7.609370310544898,35.706766466492596
hokkaido_16,2025-05-14,1747254808000,7.2040492748379235,-11.513067756467924,45.5154561817176
hokkaido_16,2025-05-19,1747687303000,6.597446585215181,-8.103327989040451,35.708262337022205
hokkaido_16,2025-05-26,1748291607000,6.739192590188231,-10.975904128348766,45.5110803533198
hokkaido_16,2025-05-31,1748724103000,7.838920714788713,-8.1309557921318,35.7031568525681
hokkaido_16,2025-06-07,1749328407000,7.307375272668013,-11.290003071325684,45.51282527824112
hokkaido_16,2025-06-12,1749760902000,6.843544984980805,-9.413468747712635,35.69817052271219
hokkaido_16,2025-06-19,1750365206000,6.708197905878502,-10.92603876438953,45.516978482538036
hokkaido_16,2025-06-24,1750797702000,7.49426524747252,-7.715870596938165,35.69621436475912
hokkaido_16,2025-07-01,1751402005000,7.083581204543677,-11.562327102313498,45.51680875267823
hokkaido_16,2025-07-06,1751834501000,7.5134110915179715,-9.060500703802493,35.7007846994111
hokkaido_16,2025-07-13,1752438805000,5.7728203595719,-11.35956365131213,45.5150353445763
hokkaido_16,2025-07-18,1752871300000,6.779319519323737,-8.758368342466985,35.70770871651285
hokkaido_16,2025-07-25,1753475604000,4.583931941524446,-12.115832300013802,45.51910760368014
hokkaido_16,2025-07-30,1753908100000,7.838551217668211,-8.817596069326378,35.70940011832618
hokkaido_16,2025-08-06,1754512404000,5.01670815832607,-12.278142322647914,45.52067497344335
hokkaido_16,2025-08-11,1754944900000,7.106801104995955,-9.800683568332456,35.708924592660914
hokkaido_16,2025-08-18,1755549204000,5.959847327574482,-13.269452470881308,45.52905112408512
hokkaido_16,2025-08-23,1755981700000,7.638260169314041,-8.556028637634187,35.71085937965658
hokkaido_16,2025-09-04,1757018500000,6.352349888997417,-8.29160059710507,35.71778809506379
hokkaido_16,2025-09-11,1757622805000,7.644417378008142,-14.914578331397523,45.528738103539055
hokkaido_16,2025-09-16,1758055301000,5.860094748725152,-9.896679625152904,35.723033772531736
hokkaido_16,2025-09-28,1759092101000,6.306562523092325,-10.381969710871063,35.72198730842196
hokkaido_16,2025-10-10,1760128901000,6.9071510562508225,-9.045856005060894,35.708723051651674
hokkaido_16,2025-10-22,1761165701000,7.043320188056896,-8.609470899939943,35.71377004865634
hokkaido_16,2025-11-03,1762202501000,6.427142841884844,-8.876389251054947,35.711305321021975
hokkaido_16,2025-11-15,1763239300000,5.268399960695499,-9.21176679444045,35.71417285957721
hokkaido_16,2025-11-22,1763843604000,4.207330842188335,-10.478966782848712,45.515212634002154
hokkaido_16,2025-11-27,1764276099000,4.1494946704747395,-9.980473044519602,35.71155684164284
hokkaido_16,2025-12-04,1764880402000,6.349728765820201,-9.254229479360758,45.52063251728474
hokkaido_16,2025-12-09,1765312898000,3.0260882537302334,-8.786717779868606,35.705936057199466
hokkaido_16,2025-12-16,1765917201000,1.9645530748587334,-9.999206369607846,45.51991897598435
hokkaido_16,2025-12-21,1766349697000,6.3709911757864175,-9.499238180832736,35.70326800483386
hokkaido_16,2026-01-02,1767386495000,4.744964698445304,-10.103529533997916,35.70424456859199
hokkaido_16,2026-01-14,1768423294000,2.484446227738906,-10.982720505262193,35.70808713431311
hokkaido_16,2026-01-26,1769460094000,3.7566761515394522,-8.955750421833196,35.71378849953521
hokkaido_16,2026-02-02,1770064397000,1.3599975114608893,-13.342669100062844,45.51881441835875
hokkaido_16,2026-02-07,1770496893000,3.488725160827843,-8.732522523208779,35.71521677797141
hokkaido_16,2026-02-14,1771101196000,9.210441602750555,-19.05251364984702,45.528879324177275
hokkaido_16,2026-02-19,1771533692000,1.2403525121298182,-12.291052808470372,35.71413830832635
hokkaido_16,2026-03-03,1772570492000,4.542796795943831,-10.561133168817197,35.716039909026534
hokkaido_16,2026-03-15,1773607292000,3.8839015987050542,-12.360294417842942,35.713946964496834
hokkaido_16,2026-04-03,1775248396000,4.83924974349922,-11.103563034554444,45.52609530635335
hokkaido_16,2026-04-08,1775680892000,4.301060805117516,-9.348790614008818,35.71552548450911
hokkaido_16,2026-04-15,1776285196000,3.8170748814170774,-10.975823205528636,45.518950329517054
hokkaido_16,2026-04-20,1776717693000,6.806931996101105,-8.844423192168222,35.70652935253922
hokkaido_16,2026-04-27,1777321996000,4.886968606756101,-9.902129486118959,45.51887665518745
hokkaido_16,2026-05-02,1777754492000,7.975633610403685,-9.267171361212243,35.702840259821336
hokkaido_16,2026-05-09,1778358796000,6.596528265488406,-9.611532703388974,45.52084562205305
hokkaido_16,2026-05-14,1778791292000,7.5397563981433295,-8.133236182251034,35.70025077060895
hokkaido_16,2026-05-21,1779395595000,5.463421987012613,-9.821537913311156,45.518424792582934
hokkaido_17,2017-02-18,1487450457000,1.926102227722844,-4.475271880247536,35.96833150372833
hokkaido_17,2017-03-02,1488487257090,1.8061800866400384,-7.358678450358916,35.970522106440384
hokkaido_17,2017-03-14,1489524057000,5.058222906083836,-5.5438723045669756,35.960480429138805
hokkaido_17,2017-03-26,1490560857000,6.16339419511786,-5.116208068599786,35.96011318630642
hokkaido_17,2017-04-07,1491597658140,5.762909470576852,-6.405651474972235,35.963824834025345
hokkaido_17,2017-04-19,1492634458760,6.5100912217822975,-4.993001383093292,35.96577272276501
hokkaido_17,2017-05-01,1493671259000,5.336563438944407,-5.123049672884896,35.963467860578575
hokkaido_17,2017-05-13,1494708059970,5.669005518188625,-4.9222881649879096,35.9593643353528
hokkaido_17,2017-05-25,1495744860000,6.325000441306005,-5.189733718463361,35.963995256520285
hokkaido_17,2017-06-06,1496781661000,6.223068003473653,-5.149811315307946,35.959579955493766
hokkaido_17,2017-06-18,1497818461000,6.7587537358801635,-5.873656929280426,35.964594657893336
hokkaido_17,2017-06-30,1498855262000,6.2144279759026455,-5.0089934533007465,35.96665019406117
hokkaido_17,2017-07-12,1499892063000,6.512949367693044,-6.058623429495644,35.96420421796976
hokkaido_17,2017-07-24,1500928864000,6.544245408514724,-5.592914810557754,35.963773155675355
hokkaido_17,2017-08-05,1501965664000,6.598623317639821,-4.920487212596954,35.95808457345674
hokkaido_17,2017-08-17,1503002465000,7.107644719687164,-5.421733583473394,35.965409132506046
hokkaido_17,2017-08-29,1504039265000,6.176856168158575,-4.573745413036767,35.96479368335298
hokkaido_17,2017-09-10,1505076066000,6.084238693796202,-4.3539605129440595,35.962823347471605
hokkaido_17,2017-09-22,1506112866000,6.79011668310518,-4.415797119785764,35.96324343280112
hokkaido_17,2017-10-04,1507149666000,5.820262271933499,-5.117616083920023,35.962446598862165
hokkaido_17,2017-10-16,1508186467000,5.469900630758933,-5.651018931214233,35.963618190474904
hokkaido_17,2017-10-28,1509223267000,6.637838886902433,-5.823462641889353,35.96254825071539
hokkaido_17,2017-11-09,1510260066000,6.68556036060149,-4.928880217247665,35.965544589819835
hokkaido_17,2017-11-21,1511296866000,5.784323280880834,-3.896685375970549,35.959907504732946
hokkaido_17,2017-12-03,1512333666000,7.846446706222072,-4.135059220379875,35.959982186398946
hokkaido_17,2017-12-15,1513370465000,6.493735553922404,-4.3642668850602915,35.959861522636025
hokkaido_17,2017-12-27,1514407265000,5.825847023073526,-6.2483556409385645,35.96706555476209
hokkaido_17,2018-01-08,1515444064000,7.758502121978344,-4.460776801467753,35.9658783147098
hokkaido_17,2018-01-20,1516480864000,3.499994058964956,-5.407021842199505,35.959108613350125
hokkaido_17,2018-02-01,1517517664000,0.09260443110423587,-4.290277388104231,35.958495659017885
hokkaido_17,2018-02-13,1518554463000,1.0715746950389438,-3.7996628377897457,35.957939944636145
hokkaido_17,2018-02-25,1519591263000,0.501300916370303,-4.239285414058092,35.96601562561641
hokkaido_17,2018-03-09,1520628063000,3.6144866025306377,-5.065488423089883,35.97153114150949
hokkaido_17,2018-03-21,1521664863000,4.470508337218198,-6.305942675403103,35.97142797222951
hokkaido_17,2018-04-02,1522701664000,5.618601433594473,-6.261598337671447,35.9646666896083
hokkaido_17,2018-04-14,1523738464000,7.581204783527206,-6.369728994417086,35.96218336887781
hokkaido_17,2018-04-26,1524775265000,6.8434387143417,-5.287293702066134,35.962658712055386
hokkaido_17,2018-05-08,1525812065000,6.717711928605868,-5.23634908363957,35.96492422084616
hokkaido_17,2018-05-20,1526848866000,6.886422324038363,-4.6783299391513795,35.96668611314561
hokkaido_17,2018-06-01,1527885667000,6.114768628403137,-5.4402295265217075,35.96804817122643
hokkaido_17,2018-06-13,1528922468000,5.283976038099941,-3.4996026669998197,35.95901607865399
hokkaido_17,2018-06-25,1529959268000,5.079239983377568,-4.902547673678134,35.960420289728525
hokkaido_17,2018-07-19,1532032870000,5.197058170945787,-5.02526698865064,35.967424483232804
hokkaido_17,2018-07-31,1533069670000,4.817444900105339,-4.4583177697835445,35.96942346935813
hokkaido_17,2018-08-12,1534106471000,5.028799348563687,-5.042363603125568,35.96274412165178
hokkaido_17,2018-08-24,1535143272000,5.409562354986018,-5.169383726936281,35.95181714773034
hokkaido_17,2018-09-05,1536180072000,5.3642449632617755,-4.568290826977663,35.96225825916638
hokkaido_17,2018-09-17,1537216873000,5.4840280122731775,-5.374815412534805,35.965369197388554
hokkaido_17,2018-09-29,1538253673000,5.372098607706143,-4.227891445158254,35.96507840168119
hokkaido_17,2018-10-11,1539290473000,5.636966480041247,-4.7098572224108395,35.960771905463346
hokkaido_17,2018-10-23,1540327273000,5.186277206581963,-3.1019869678165968,35.961208572387704
hokkaido_17,2018-11-04,1541364073000,4.278569088565521,-4.064040375148815,35.960885397400524
hokkaido_17,2018-11-16,1542400873000,5.13445986868024,-5.851127558520068,35.965038281057566
hokkaido_17,2018-11-28,1543437672000,5.985147837113763,-4.845937251579559,35.966792727414585
hokkaido_17,2018-12-10,1544474472000,4.953582269604578,-2.6732032216233246,35.96161296960079
hokkaido_17,2018-12-22,1545511272000,7.748907328723807,-4.603391685173567,35.956914290857995
hokkaido_17,2019-01-03,1546548071000,6.615880865803616,-4.157432232656831,35.95955541533898
hokkaido_17,2019-01-15,1547584871000,6.834112526106442,-5.322047055874606,35.96629896724472
hokkaido_17,2019-01-27,1548621671000,3.4361339210112667,-5.509936056113062,35.96212756453103
hokkaido_17,2019-02-08,1549658470000,4.572858849527536,-3.9176822879634408,35.963530215372
hokkaido_17,2019-02-20,1550695270000,5.162582450030356,-5.372914783861265,35.95888392438979
hokkaido_17,2019-03-04,1551732070000,3.7088071681977803,-5.591047594978078,35.9549945314966
hokkaido_17,2019-03-16,1552768870000,5.108390108770686,-5.219262815489914,35.964985285978365
hokkaido_17,2019-03-28,1553805670000,5.21445450605391,-5.086564423795841,35.96496277889597
hokkaido_17,2019-04-09,1554842470000,6.00187260028049,-4.707210587220867,35.96679771105578
hokkaido_17,2019-04-21,1555879271000,6.531962198290224,-4.892105604937697,35.95857740768279
hokkaido_17,2019-05-03,1556916071000,7.170250956651986,-4.813690873779895,35.955365767682494
hokkaido_17,2019-05-15,1557952872000,6.179252190923488,-5.085656045234584,35.96072343492653
hokkaido_17,2019-06-08,1560026473000,6.785651945664586,-3.8002812275014897,35.9691386037959
hokkaido_17,2019-06-20,1561063274000,6.05625519726271,-4.627637114994627,35.965243036552316
hokkaido_17,2019-07-02,1562100075000,5.860186977921169,-3.9130295548758927,35.959292381538006
hokkaido_17,2019-07-14,1563136875000,5.785943087227422,-4.0495501944713395,35.96107739281273
hokkaido_17,2019-07-26,1564173676000,5.576200095889448,-4.587747527569642,35.966478497578166
hokkaido_17,2019-08-07,1565210477000,5.531569014975517,-4.979797216263409,35.9655464974728
hokkaido_17,2019-08-19,1566247278000,5.227426069953746,-3.4324643709849982,35.96065173280065
hokkaido_17,2019-09-12,1568320879000,5.032709258076954,-3.5560865783976188,35.96484093365646
hokkaido_17,2019-09-24,1569357679000,4.659144236797843,-3.904818944288235,35.960077637435205
hokkaido_17,2019-10-06,1570394480000,4.706926885922939,-4.355792051757537,35.96430065193562
hokkaido_17,2019-10-18,1571431279000,4.58203769476325,-4.933956722479476,35.96621824139631
hokkaido_17,2019-10-30,1572468080000,3.7557864553550147,-5.276799906656151,35.960712492285104
hokkaido_17,2019-11-11,1573504880000,5.944888708404472,-4.1209473025592676,35.958975071668235
hokkaido_17,2019-11-23,1574541679000,6.656800160420369,-3.7999182174876656,35.96108980869118
hokkaido_17,2019-12-05,1575578479000,6.011593042297492,-4.191920347652699,35.96727479017454
hokkaido_17,2019-12-17,1576615278000,7.612163536147597,-4.831018805297011,35.96342846803583
hokkaido_17,2019-12-29,1577652078000,5.7775851333764985,-4.049302857098773,35.95832375070893
hokkaido_17,2020-01-10,1578688877000,6.432566766836581,-4.893843894807964,35.95580278176455
hokkaido_17,2020-01-22,1579725677000,5.593931768906258,-4.51402754537616,35.959326655697794
hokkaido_17,2020-02-03,1580762477000,5.254747872070498,-4.323647130061461,36.08376984684912
hokkaido_17,2020-02-15,1581799276000,4.940188464803495,-5.346595934634935,36.08701058127663
hokkaido_17,2020-02-27,1582836076000,5.463461271533927,-4.857397505740283,36.08453126534525
hokkaido_17,2020-03-10,1583872876000,8.070352081001186,-3.9911926528538273,36.07614608027017
hokkaido_17,2020-03-22,1584909676000,7.726484652589586,-4.005594113062393,36.0772467840065
hokkaido_17,2020-04-03,1585946477000,7.77169133421625,-4.9901063598871165,36.08370983940389
hokkaido_17,2020-04-15,1586983277000,7.371322373422136,-6.449207920622164,36.08669490659768
hokkaido_17,2020-04-27,1588020078000,6.4922716699741665,-5.052496377061384,36.08569008302361
hokkaido_17,2020-05-09,1589056878000,5.894728620014468,-4.751425110007316,36.086997335002
hokkaido_17,2020-05-21,1590093679000,6.324219889125334,-4.669348175336236,36.082155446360154
hokkaido_17,2020-06-02,1591130479000,5.468299090263677,-4.833654581855693,36.08545370526642
hokkaido_17,2020-06-14,1592167280000,5.329873637086111,-5.328498432287743,36.08304676581888
hokkaido_17,2020-06-26,1593204081000,6.659247805685778,-4.735519794965647,36.087081868294156
hokkaido_17,2020-07-08,1594240882000,5.747561257822459,-4.535674423230898,36.0861613970618
hokkaido_17,2020-07-20,1595277682000,6.175312570170327,-4.111262062555421,36.08000568580937
hokkaido_17,2020-08-01,1596314483000,5.402571762764326,-3.786476367223644,36.07771693217926
hokkaido_17,2020-08-13,1597351284000,5.888418430083171,-4.870797729420545,36.085198293440996
hokkaido_17,2020-08-25,1598388085000,5.969255712170893,-3.5267254111860407,36.08385479166049
hokkaido_17,2020-09-06,1599424885000,6.023795769775175,-5.835290920748561,36.08171339915675
hokkaido_17,2020-09-18,1600461685000,4.6089470886679536,-4.580431085773699,36.07964281418473
hokkaido_17,2020-09-30,1601498486000,5.2867686888725665,-3.129224514831649,36.082100596848086
hokkaido_17,2020-10-12,1602535286000,5.9566741929704605,-4.356262352061509,36.08112930716998
hokkaido_17,2020-10-24,1603572086000,7.502475708613974,-3.193366840727883,36.08483003846942
hokkaido_17,2020-11-05,1604608886000,7.30575072766748,-2.38358678503651,36.080372732674114
hokkaido_17,2020-11-17,1605645686000,7.38327870320392,-3.001875774333028,36.07874503472839
hokkaido_17,2020-11-29,1606682485000,7.215542171187247,-3.826879752293771,36.080583067127236
hokkaido_17,2020-12-11,1607719285000,6.466732151649967,-4.162034346307773,36.0809396578656
hokkaido_17,2020-12-23,1608756084000,9.118044865227288,-4.389716048666324,36.08564996786805
hokkaido_17,2021-01-04,1609792884000,7.583710119044737,-4.53963980907314,36.084292221223656
hokkaido_17,2021-01-16,1610829683000,4.268600657259438,-3.2633848316005962,36.08067784489562
hokkaido_17,2021-01-28,1611866483000,5.700057372445618,-4.163159292785391,36.07410699478304
hokkaido_17,2021-02-09,1612903282000,5.23027078666433,-5.124173336667933,36.07550496931799
hokkaido_17,2021-02-21,1613940082000,4.109463621010456,-5.229132273176935,36.08680108758625
hokkaido_17,2021-03-05,1614976882000,6.465825335667759,-3.9840873795300844,36.090407424352925
hokkaido_17,2021-03-17,1616013682000,7.108078942005952,-5.219711481047095,36.08983767653957
hokkaido_17,2021-03-29,1617050482000,5.254953715691627,-4.390212212998107,36.08132609566117
hokkaido_17,2021-04-10,1618087283000,8.063060721402074,-3.835082462736918,36.08103683934067
hokkaido_17,2021-04-22,1619124083000,5.922836915351733,-2.6750520618446068,36.08508244589813
hokkaido_17,2021-05-04,1620160884000,4.797706931316914,-4.398624238831893,36.0868828279315
hokkaido_17,2021-05-16,1621197684000,7.49446258412683,-3.7239542704709003,36.08594753612171
hokkaido_17,2021-05-28,1622234485000,6.376423654408621,-3.6871935625394134,36.081813701013175
hokkaido_17,2021-06-09,1623271286000,6.292160730914165,-2.6542501264574194,36.08037106845237
hokkaido_17,2021-06-21,1624308087000,6.065681676823938,-3.1615015715299646,36.08186350285428
hokkaido_17,2021-07-03,1625344887000,6.53075615192395,-2.908004712095713,36.08405548277538
hokkaido_17,2021-07-15,1626381688000,6.634732008115029,-4.076047538732494,36.08491403016546
hokkaido_17,2021-07-27,1627418489000,6.468354970602021,-3.9765617779924725,36.09039935139025
hokkaido_17,2021-08-08,1628455289000,6.958901796061385,-2.8583027415174853,36.08107799748256
hokkaido_17,2021-08-20,1629492090000,7.07435260389316,-3.3496298067781907,36.07929656701736
hokkaido_17,2021-09-01,1630528905000,6.880549802595575,-3.4829936472528016,35.595756490663845
hokkaido_17,2021-09-13,1631565705000,6.643860791022295,-3.617506743834481,35.59201557737408
hokkaido_17,2021-09-25,1632602506000,6.881431802264986,-3.9933698508968014,35.58794588339448
hokkaido_17,2021-10-07,1633639303000,7.5887120113055095,-3.5644124081080184,35.72773432688253
hokkaido_17,2021-10-19,1634676103000,8.315742391151456,-4.26931356693422,35.72550755517741
hokkaido_17,2021-10-31,1635712903000,6.890052707029062,-3.765885407133702,35.729211280899825
hokkaido_17,2021-11-12,1636749703000,6.953912332469776,-3.8857068532044603,35.73111074505431
hokkaido_17,2021-11-24,1637786503000,6.472134327436011,-3.2339811236333866,35.725485901576135
hokkaido_17,2021-12-06,1638823302000,6.2755563392619145,-4.65893394949291,35.72539978490667
hokkaido_17,2021-12-18,1639860102000,4.894492769429372,-4.518660971065546,35.723682358077966
hokkaido_17,2021-12-30,1640896901000,6.080886881936677,-3.6675357606349266,35.73102122706727
hokkaido_17,2022-01-11,1641933701000,3.9764609432620874,-4.9169111552002525,35.72969127645778
hokkaido_17,2022-01-23,1642970500000,2.1356831480521725,-5.334796599455351,35.72946951205766
hokkaido_17,2022-02-04,1644007299000,1.9399187876323793,-4.17482588949551,35.730563649948
hokkaido_17,2022-02-16,1645044099000,3.403599859965398,-5.286192793522318,35.72865342005994
hokkaido_17,2022-02-28,1646080899000,0.7196612515796065,-4.564634545207264,35.72725121790804
hokkaido_17,2022-03-12,1647117699000,4.8508191425302,-5.976888263895079,35.73302976576629
hokkaido_17,2022-03-24,1648154500000,6.817157674810444,-4.3636919421511395,35.73226568125716
hokkaido_17,2022-04-05,1649191300000,7.277158469635592,-3.943369813953984,35.73324261390113
hokkaido_17,2022-04-17,1650228100000,6.647162289296143,-4.061683985591644,35.72878983160464
hokkaido_17,2022-04-29,1651264901000,6.529690999382696,-3.861695235644431,35.72865406437804
hokkaido_17,2022-05-11,1652301701000,6.3202108270890145,-3.0886730023149775,35.73079526619517
hokkaido_17,2022-06-04,1654375303000,6.579711592635602,-3.7383003608869823,35.72937640916137
hokkaido_17,2022-06-16,1655412104000,6.029550789067541,-3.8310434101092623,35.73253727383426
hokkaido_17,2022-06-28,1656448905000,7.241628200687014,-4.918587561425889,35.72511640207944
hokkaido_17,2022-07-10,1657485705000,5.915156162701604,-4.605210626803104,35.726649147022904
hokkaido_17,2022-07-22,1658522506000,8.233357793127583,-3.8421780702260153,35.73226745531458
hokkaido_17,2022-08-03,1659559307000,7.583939279435294,-3.553703701499506,35.73044024766095
hokkaido_17,2022-08-15,1660596108000,7.553719318166285,-4.740167323915432,35.72996376162468
hokkaido_17,2022-08-27,1661632908000,8.15480252397121,-3.530044677020633,35.727224710929555
hokkaido_17,2022-09-08,1662669709000,7.225796623725157,-4.233391877327521,35.720454316654035
hokkaido_17,2022-09-20,1663706508000,7.180018870225302,-3.559296313090312,35.74582228538912
hokkaido_17,2022-10-02,1664743309000,7.37738344251008,-4.399739141924545,35.73055355667852
hokkaido_17,2022-10-14,1665780109000,7.588297170052105,-4.1395040789512425,35.73131454104101
hokkaido_17,2022-10-26,1666816909000,6.891768578618154,-4.151716991612086,35.72159700873696
hokkaido_17,2022-11-07,1667853709000,6.817216696662484,-3.8384091445236517,35.73066016162711
hokkaido_17,2022-11-19,1668890509000,7.37006448585947,-4.427279416019996,35.726842587285205
hokkaido_17,2022-12-01,1669927308000,6.371922139204018,-2.0573974336026892,35.73281813179329
hokkaido_17,2022-12-13,1670964108000,6.717254313245971,-2.992618719531614,35.72871927636196
hokkaido_17,2022-12-25,1672000907000,5.919119719140239,-4.325056807002378,35.72850943536096
hokkaido_17,2023-01-06,1673037706000,6.2272796431576385,-3.582972146322473,35.72550388414001
hokkaido_17,2023-01-18,1674074505000,4.2379171991036895,-4.102613920463049,35.745615848579796
hokkaido_17,2023-01-30,1675111306000,4.8044742170698616,-3.76220653658307,35.72575782068854
hokkaido_17,2023-02-11,1676148105000,3.4806613377342237,-4.599196557224454,35.73143709925473
hokkaido_17,2023-02-23,1677184905000,4.491382100328317,-4.655567468560161,35.73559778625193
hokkaido_17,2023-03-07,1678221705000,8.106936348394825,-4.3895166218086095,35.72919446463537
hokkaido_17,2023-03-19,1679258505000,8.416997773634243,-3.6260230422598103,35.729519410777115
hokkaido_17,2023-03-31,1680295305000,7.597954561821234,-3.4375834807935837,35.730816012245384
hokkaido_17,2023-04-12,1681332106000,6.369053717410612,-3.7161503718508713,35.73106391604401
hokkaido_17,2023-04-24,1682368906000,6.288632710178566,-4.035606533427832,35.73032272856846
hokkaido_17,2023-05-06,1683405707000,6.668634321308348,-3.8901152176219305,35.722101816749415
hokkaido_17,2023-05-18,1684442508000,6.908425035022965,-3.404844104988741,35.72175103666708
hokkaido_17,2023-05-30,1685479308000,6.694770006535616,-3.8022573039250234,35.72231704421976
hokkaido_17,2023-06-11,1686516109000,6.073156100505983,-3.6075676033524706,35.73152492605836
hokkaido_17,2023-06-23,1687552909000,6.875949304104546,-3.994112248418513,35.72740398967582
hokkaido_17,2023-07-05,1688589710000,7.523341735747168,-4.503566564922322,35.72918427163834
hokkaido_17,2023-07-17,1689626511000,6.313615456044467,-4.11637276873344,35.726806694537544
hokkaido_17,2023-07-29,1690663311000,6.3023619704489455,-3.8578792557140624,35.727429055233
hokkaido_17,2023-08-10,1691700111000,5.6790646290629105,-3.373914028519971,35.7461759444318
hokkaido_17,2023-08-22,1692736913000,5.677167824037377,-4.407295444099683,35.734605846678996
hokkaido_17,2023-09-03,1693773714000,6.7847073704478715,-3.8973587188850654,35.7271873504947
hokkaido_17,2023-09-15,1694810514000,6.923628028599842,-4.523209074363883,35.724722273855484
hokkaido_17,2023-09-27,1695847314000,6.413365970516084,-3.985975228707978,35.73015453936886
hokkaido_17,2023-10-09,1696884114000,6.1720495581054164,-4.052721537170883,35.7354841771534
hokkaido_17,2023-10-21,1697920914000,7.029917813127702,-4.1453477668156,35.72657480704088
hokkaido_17,2023-11-02,1698957714000,6.094696376006536,-5.343859989012912,35.73085599534317
hokkaido_17,2023-11-14,1699994514000,8.048062427837634,-4.242570465949976,35.72222748928105
hokkaido_17,2023-11-26,1701031313000,7.012566296486887,-4.116124005297682,35.730705524020706
hokkaido_17,2023-12-08,1702068113000,5.0781263062519235,-5.14881642709815,35.727462273399894
hokkaido_17,2023-12-20,1703104912000,5.28039878943158,-5.426734011536372,35.742425239666204
hokkaido_17,2024-01-01,1704141711000,5.030502960861854,-4.5477324283332266,35.736652040607076
hokkaido_17,2024-01-13,1705178511000,4.902215113542491,-3.9631520179639983,35.72620098241301
hokkaido_17,2024-01-25,1706215311000,4.432133947247383,-6.271214875643471,35.72438635866603
hokkaido_17,2024-02-06,1707252110000,2.6790791371405756,-3.5122953915965587,35.73140128501767
hokkaido_17,2024-02-18,1708288910000,3.259620610567309,-4.50109924507596,35.7304309614501
hokkaido_17,2024-03-01,1709325710000,2.4057970746989876,-6.720476665976729,35.73198675419853
hokkaido_17,2024-03-13,1710362510000,5.434958822526864,-5.304665910416159,35.73378851111127
hokkaido_17,2024-03-25,1711399310000,5.0696505120722515,-2.8991784149278783,35.73530715535317
hokkaido_17,2024-04-06,1712436111000,5.401742854622666,-3.026852354245125,35.72513987634735
hokkaido_17,2024-04-18,1713472911000,4.956092132624621,-2.916104422265137,35.7269302753487
hokkaido_17,2024-04-30,1714509712000,6.405584158562342,-3.754711371829863,35.72685311407857
hokkaido_17,2024-05-07,1715114016000,2.822285772183083,-7.423717799788527,45.527624698215064
hokkaido_17,2024-05-12,1715546511000,6.8844143232234725,-5.040930981917855,35.72476531821836
hokkaido_17,2024-05-19,1716150815000,1.3767475649945198,-10.119019911767898,45.52939558241103
hokkaido_17,2024-05-24,1716583311000,5.895012462007337,-3.778896910506731,35.710829635003606
hokkaido_17,2024-06-05,1717620111000,6.141526730536389,-3.6061623286770477,35.71312300364176
hokkaido_17,2024-06-17,1718656910000,6.878081704166648,-4.289041960939795,35.72247709326673
hokkaido_17,2024-06-24,1719261214000,8.143797763199663,-4.786893370419164,45.52866254809214
hokkaido_17,2024-06-29,1719693710000,6.936562426612138,-3.8879196707531056,35.719457882841624
hokkaido_17,2024-07-06,1720298014000,4.016824584470202,-6.791081497048904,45.526163788428306
hokkaido_17,2024-07-11,1720730509000,6.771102628744073,-4.134278176380389,35.719081734580435
hokkaido_17,2024-07-23,1721767309000,6.452636848480675,-3.934974465907036,35.72007444131255
hokkaido_17,2024-08-04,1722804109000,6.655310762355669,-3.7303063300778896,35.716272633983515
hokkaido_17,2024-08-16,1723840909000,7.5482379195780975,-3.642800916382276,35.72519221928981
hokkaido_17,2024-08-28,1724877709000,7.183577954560667,-3.6015713879183773,35.72917334508414
hokkaido_17,2024-09-09,1725914510000,6.783541573512417,-3.8501947621160024,35.73432586642195
hokkaido_17,2024-09-21,1726951310000,6.722968828681004,-4.232457166759891,35.733822992138656
hokkaido_17,2024-10-03,1727988110000,6.741783052841834,-3.7353863082009897,35.733930339285465
hokkaido_17,2024-10-15,1729024910000,6.600050749834591,-2.983752734923815,35.73281458070192
hokkaido_17,2024-10-27,1730061711000,6.68417527971451,-4.597552978039124,35.73055362797728
hokkaido_17,2024-11-08,1731098510000,6.209016805549111,-4.591863921646161,35.73210312031763
hokkaido_17,2024-11-20,1732135309000,3.5906301714355653,-4.686245262159699,35.72517208637938
hokkaido_17,2024-12-02,1733172109000,5.510517693147084,-4.202669801763323,35.71702713453683
hokkaido_17,2024-12-14,1734208908000,5.599854650820378,-6.228120167934962,35.71365985361119
hokkaido_17,2024-12-26,1735245707000,5.619806837710717,-4.529707089608589,35.72228092604608
hokkaido_17,2025-01-07,1736282505000,6.121010466609243,-5.080355842703786,35.726494735659095
hokkaido_17,2025-01-19,1737319304000,4.587409063315284,-4.111427082674256,35.727136706147604
hokkaido_17,2025-01-31,1738356103000,4.797964292217725,-4.637609305780716,35.729907523261176
hokkaido_17,2025-02-12,1739392903000,7.91289126215779,-6.73400336644473,35.724292553581215
hokkaido_17,2025-02-24,1740429703000,2.792064142190412,-6.336696663722338,35.73131054168905
hokkaido_17,2025-03-08,1741466503000,5.536154990225192,-6.54745110363418,35.73029821299543
hokkaido_17,2025-03-20,1742503304000,5.380866052486665,-5.826676863376957,35.7280157501831
hokkaido_17,2025-04-01,1743540104000,4.290480255327454,-4.64777603819555,35.72312731577102
hokkaido_17,2025-04-13,1744576904000,6.568514135277969,-4.062697025836251,35.727182878457974
hokkaido_17,2025-04-25,1745613704000,7.586438938405261,-4.141169222597031,35.7178205286153
hokkaido_17,2025-05-07,1746650504000,7.795286020028758,-5.15889042215559,35.71914391046487
hokkaido_17,2025-05-14,1747254808000,6.912359139988392,-7.476192115414564,45.528091069085036
hokkaido_17,2025-05-19,1747687303000,8.0879364287199,-4.072108580604169,35.72064455926503
hokkaido_17,2025-05-26,1748291607000,5.99541621289289,-7.327213877068874,45.523754751159586
hokkaido_17,2025-05-31,1748724103000,8.921481805105746,-4.712633329677692,35.7155430636326
hokkaido_17,2025-06-07,1749328407000,6.5987735217653825,-8.481805944441685,45.525484744041464
hokkaido_17,2025-06-12,1749760902000,8.09718987150624,-4.763377060686756,35.71056010164764
hokkaido_17,2025-06-19,1750365206000,7.383261409071457,-6.032865610994246,45.52960913433668
hokkaido_17,2025-06-24,1750797702000,8.121578288951602,-4.523427816552151,35.708604857713965
hokkaido_17,2025-07-01,1751402005000,5.707116307767243,-7.645485933559895,45.52943794712875
hokkaido_17,2025-07-06,1751834501000,8.366339130849775,-4.627308032313148,35.71316761659183
hokkaido_17,2025-07-13,1752438805000,7.159705900044796,-6.366913033552317,45.527668854511774
hokkaido_17,2025-07-18,1752871300000,9.77493860239608,-3.6329602810900523,35.720089496542435
hokkaido_17,2025-07-30,1753908100000,8.90382207272644,-3.9979104354538832,35.72178490107886
hokkaido_17,2025-08-11,1754944900000,8.966505217726287,-4.266440588112802,35.72130619395862
hokkaido_17,2025-08-23,1755981700000,9.206146825242953,-4.272535918819943,35.72324381046069
hokkaido_17,2025-09-04,1757018500000,9.251530646324204,-3.7967655004879663,35.73017194064855
hokkaido_17,2025-09-16,1758055301000,8.354731691880746,-4.236089839032148,35.73541193965757
hokkaido_17,2025-09-28,1759092101000,8.866224535427737,-3.791388052705806,35.73437171801699
hokkaido_17,2025-10-10,1760128901000,9.019211296216122,-3.807838756991596,35.72110455025061
hokkaido_17,2025-10-22,1761165701000,7.495062832188772,-4.904645154937576,35.726153209955996
hokkaido_17,2025-11-03,1762202501000,7.820853668218445,-4.093414388860352,35.72368477590396
hokkaido_17,2025-11-15,1763239300000,7.444653761587661,-3.3001740763999203,35.72655901892502
hokkaido_17,2025-11-27,1764276099000,6.979206045404466,-4.087513812993582,35.72393061150548
hokkaido_17,2025-12-09,1765312898000,7.043066187388915,-4.514555407591216,35.71832300513681
hokkaido_17,2025-12-21,1766349697000,7.27077500034651,-3.283959350486936,35.715654534494675
hokkaido_17,2026-01-02,1767386495000,4.917036628915847,-4.508192203892634,35.716625756157775
hokkaido_17,2026-01-14,1768423294000,3.8814571085377785,-4.582329809644631,35.72047310445998
hokkaido_17,2026-01-26,1769460094000,3.8635606875941324,-3.7073745012059294,35.72617205324536
hokkaido_17,2026-02-07,1770496893000,2.8214840449327254,-5.030381423091396,35.72759187081622
hokkaido_17,2026-02-19,1771533692000,5.3887493586027135,-3.8111285919442865,35.72652240562131
hokkaido_17,2026-03-03,1772570492000,7.263519496872723,-3.969085208322071,35.72842454253903
hokkaido_17,2026-03-15,1773607292000,6.49914707502497,-4.070470282645442,35.72632985753216
hokkaido_17,2026-04-08,1775680892000,5.6803035229891945,-3.151238001975023,35.72790799381759
hokkaido_17,2026-04-15,1776285196000,14.480806401900235,-9.909793669403044,45.531564146641664
hokkaido_17,2026-04-20,1776717693000,6.30954888456201,-5.204345252830039,35.718912058783474
hokkaido_17,2026-05-02,1777754492000,6.597876269591322,-4.183957396805212,35.71522114053745
hokkaido_17,2026-05-14,1778791292000,6.803213549122394,-3.8766135758017413,35.71263288478659
hokkaido_17,2026-05-21,1779395595000,8.866862888088175,-10.44181561989313,45.53103627589642
hokkaido_18,2017-02-18,1487450457000,3.504921668669652,-9.322411755471448,35.95823967710044
hokkaido_18,2017-02-25,1488054783000,-0.9960284480288748,-12.666097640942608,45.54553908113283
hokkaido_18,2017-03-02,1488487257090,6.559360911796073,-11.219934480688028,35.96041961259358
hokkaido_18,2017-03-09,1489091583000,-5.600910249117277,-24.34910630357912,45.54878469862811
hokkaido_18,2017-03-14,1489524057000,3.2126980363831485,-12.850228908408356,35.950383804648176
hokkaido_18,2017-03-26,1490560857000,6.220257994175301,-10.734496188528306,35.95000935219095
hokkaido_18,2017-04-02,1491165184000,-5.857187219839278,-37.67479559594996,45.55175805144851
hokkaido_18,2017-04-07,1491597658140,2.7060908988446655,-12.30626623700394,35.95371968039457
hokkaido_18,2017-04-14,1492201985000,0.5770466337846157,-13.705107134934538,45.54852019985959
hokkaido_18,2017-04-19,1492634458760,5.83727681330862,-9.32262133910047,35.95568268207588
hokkaido_18,2017-04-26,1493238785360,5.941273548506975,-9.96554643248193,45.54778484735754
hokkaido_18,2017-05-01,1493671259000,5.830795364357397,-10.043608257563479,35.95336411230088
hokkaido_18,2017-05-08,1494275586310,5.572090310394547,-10.961604763352554,45.543726447430394
hokkaido_18,2017-05-13,1494708059970,5.920394344335592,-9.933346359653031,35.949261269541395
hokkaido_18,2017-05-20,1495312386000,4.507312100650972,-11.004225400909984,45.54850983162211
hokkaido_18,2017-05-25,1495744860000,5.446653689391401,-9.941077290996676,35.953902094129646
hokkaido_18,2017-06-06,1496781661000,6.111424725694635,-8.141919735481427,35.94947828297864
hokkaido_18,2017-06-13,1497385988000,-0.6825202789230588,-20.54091895818121,45.549999376632044
hokkaido_18,2017-06-18,1497818461000,6.341614268679598,-9.563348866871305,35.95449869747446
hokkaido_18,2017-06-25,1498422789000,6.1224621487480055,-10.105644070884539,45.546019949620614
hokkaido_18,2017-06-30,1498855262000,5.746312037493254,-8.570555237496999,35.95654850175851
hokkaido_18,2017-07-07,1499459589000,5.777616162106398,-11.883608659841462,45.54828669522813
hokkaido_18,2017-07-12,1499892063000,5.762154897712336,-9.588233988928007,35.95409970291212
hokkaido_18,2017-07-19,1500496390000,-5.217031363264404,-38.52380000932894,45.55243467851119
hokkaido_18,2017-07-24,1500928864000,5.91955021905788,-8.248444276187799,35.953680643371776
hokkaido_18,2017-07-31,1501533191000,3.9776142030578474,-13.386235156367292,45.54835529674184
hokkaido_18,2017-08-05,1501965664000,6.178733632247878,-9.345357428617254,35.94799260380292
hokkaido_18,2017-08-12,1502569991000,0.09215867347461953,-19.107310590059598,45.54952930474334
hokkaido_18,2017-08-17,1503002465000,7.41751432704763,-10.130053362783741,35.955314917629934
hokkaido_18,2017-08-24,1503606792000,5.629302003011361,-10.820583586753424,45.54689300484643
hokkaido_18,2017-08-29,1504039265000,6.260304709390549,-8.198123343708948,35.954689740700886
hokkaido_18,2017-09-05,1504643592000,4.0301867870358254,-12.752914575803212,45.54777677825003
hokkaido_18,2017-09-10,1505076066000,6.55248276625234,-8.293171363327977,35.95272517160909
hokkaido_18,2017-09-17,1505680393000,4.515712157481388,-12.298506006371712,45.54609325232351
hokkaido_18,2017-09-22,1506112866000,6.093712417925713,-10.098332428495882,35.95314505319624
hokkaido_18,2017-09-29,1506717193000,-25.102679262725847,-54.19068984806944,45.55045519587971
hokkaido_18,2017-10-04,1507149666000,7.2585690349484935,-11.034363035437684,35.952343036381876
hokkaido_18,2017-10-16,1508186467000,7.687400264496691,-10.83958659120861,35.9535197135967
hokkaido_18,2017-10-23,1508790793000,-1.0661212360487,-20.603777817196566,45.546864707951414
hokkaido_18,2017-10-28,1509223267000,8.265342391601278,-9.17878417962827,35.952454304757836
hokkaido_18,2017-11-04,1509827593000,5.666908716514994,-11.311645301071621,45.54439379690726
hokkaido_18,2017-11-09,1510260066000,8.039511954437067,-9.603606018169746,35.95545090415261
hokkaido_18,2017-11-16,1510864393000,-8.856357310649477,-40.020186052102545,45.54828358352112
hokkaido_18,2017-11-21,1511296866000,5.36999304724476,-9.224587773625707,35.94980910161661
hokkaido_18,2017-12-03,1512333666000,6.131885189838436,-8.841396282066562,35.94988991218864
hokkaido_18,2017-12-15,1513370465000,5.678140480486504,-8.48459802006323,35.94976992706478
hokkaido_18,2017-12-27,1514407265000,6.377988331343224,-8.828459353756182,35.95697223498011
hokkaido_18,2018-01-03,1515011591000,-4.087474323410822,-35.618333677381536,45.54728981155159
hokkaido_18,2018-01-08,1515444064000,4.5227696304310685,-9.01748774149101,35.955774385984114
hokkaido_18,2018-01-15,1516048391000,-1.1316975319588787,-16.074609589411715,45.5445868610758
hokkaido_18,2018-01-20,1516480864000,4.723637423875685,-13.131732216408308,35.94901552814469
hokkaido_18,2018-02-01,1517517664000,5.4250884267263455,-10.848085260937012,35.94839719290686
hokkaido_18,2018-02-13,1518554463000,3.462656426985499,-10.73902405122897,35.94784588968842
hokkaido_18,2018-02-25,1519591263000,3.211143164177548,-9.368929615809916,35.95591033229778
hokkaido_18,2018-03-04,1520195590000,-4.597492092189107,-33.99736070591371,45.549344322863135
hokkaido_18,2018-03-09,1520628063000,1.2169033229159358,-8.835203771365848,35.961431086075436
hokkaido_18,2018-03-21,1521664863000,6.3525943140768275,-10.840862166208673,35.961332966197624
hokkaido_18,2018-04-02,1522701664000,6.759815462092589,-9.235725893508318,35.95457512364242
hokkaido_18,2018-04-14,1523738464000,7.08273779930726,-8.567645640880178,35.95207613241793
hokkaido_18,2018-04-26,1524775265000,7.00366646656323,-7.454614517336433,35.952563740994755
hokkaido_18,2018-05-08,1525812065000,7.0944126678808805,-8.339320715039623,35.95481907735579
hokkaido_18,2018-05-20,1526848866000,7.109227937390837,-7.392615986899245,35.95658873198702
hokkaido_18,2018-06-01,1527885667000,6.6597167596752485,-8.939234194623557,35.9579460548515
hokkaido_18,2018-06-13,1528922468000,7.647379440031762,-8.637286820308216,35.948924383940806
hokkaido_18,2018-06-25,1529959268000,7.093042845644615,-9.11090729191682,35.95031694464303
hokkaido_18,2018-07-19,1532032870000,8.456933234105936,-9.346238561125748,35.9573202655608
hokkaido_18,2018-07-31,1533069670000,8.00813900040072,-8.61429345775479,35.95932105307099
hokkaido_18,2018-08-12,1534106471000,8.304633490483898,-8.930133163898645,35.952640520343635
hokkaido_18,2018-08-24,1535143272000,9.315154379492137,-8.300853973203987,35.94167290365561
hokkaido_18,2018-09-05,1536180072000,7.477167393787006,-7.183412597230796,35.952156140876546
hokkaido_18,2018-09-17,1537216873000,6.030808763876766,-11.184150755326005,35.955276382908686
hokkaido_18,2018-09-29,1538253673000,5.701878062749249,-10.724871541630595,35.954978639297934
hokkaido_18,2018-10-11,1539290473000,8.0418627708049,-8.857122251719385,35.95067769900964
hokkaido_18,2018-10-23,1540327273000,7.688183025207354,-10.306316958809013,35.95110616125241
hokkaido_18,2018-11-04,1541364073000,6.933531548892449,-8.16964388482841,35.950792720346804
hokkaido_18,2018-11-16,1542400873000,7.062366345362205,-8.980784523294792,35.95494619196112
hokkaido_18,2018-11-28,1543437672000,6.436307307597028,-10.272123755953919,35.956701423387265
hokkaido_18,2018-12-10,1544474472000,5.954880896790115,-8.43678211856841,35.95151962406762
hokkaido_18,2018-12-22,1545511272000,7.091446059736075,-8.22067176817062,35.946818907525476
hokkaido_18,2019-01-03,1546548071000,5.6437907672773475,-6.908461561733867,35.949455904729156
hokkaido_18,2019-01-15,1547584871000,6.5431387765518085,-8.99505975619805,35.95619689213623
hokkaido_18,2019-01-27,1548621671000,7.131539190408459,-10.920135398282286,35.95203413232541
hokkaido_18,2019-02-03,1549225997000,1.4206183802700056,-10.790277395717363,45.54783581820401
hokkaido_18,2019-02-08,1549658470000,3.681248335088211,-10.000414702997539,35.95343062388862
hokkaido_18,2019-02-20,1550695270000,7.923409740536265,-11.27911150612852,35.94879130865673
hokkaido_18,2019-03-04,1551732070000,4.784020064456457,-10.930540061580228,35.944899603920184
hokkaido_18,2019-03-16,1552768870000,6.619713997757896,-12.442811985050241,35.95489087627333
hokkaido_18,2019-03-28,1553805670000,5.107193587900668,-11.47307925763746,35.95486944887352
hokkaido_18,2019-04-04,1554409997000,2.552276593530762,-13.641492390117833,45.542393832633735
hokkaido_18,2019-04-09,1554842470000,6.982004493587528,-8.458409607016433,35.956703880527414
hokkaido_18,2019-04-16,1555446797000,9.750394444678548,-14.878059970052036,45.54353100816561
hokkaido_18,2019-04-21,1555879271000,6.711186838747454,-6.718511149309119,35.948474234641075
hokkaido_18,2019-05-03,1556916071000,6.860125014113386,-7.566163894939789,35.94527134942593
hokkaido_18,2019-05-15,1557952872000,6.371859029496766,-8.040760790758148,35.95063126588717
hokkaido_18,2019-06-08,1560026473000,8.396162261090277,-6.056380741081662,35.959038939579074
hokkaido_18,2019-06-20,1561063274000,7.588486468912503,-6.870751732336411,35.95513802707786
hokkaido_18,2019-07-02,1562100075000,8.258698719354971,-6.1822164642023125,35.94919809580814
hokkaido_18,2019-07-14,1563136875000,8.938532866680916,-7.483262980976281,35.950983016622104
hokkaido_18,2019-07-26,1564173676000,8.41170658195256,-6.393720882347195,35.95637867839242
hokkaido_18,2019-08-07,1565210477000,7.689328838655934,-7.511923322179925,35.955448189174845
hokkaido_18,2019-08-19,1566247278000,7.990611126296181,-6.036024826018094,35.95055317084476
hokkaido_18,2019-09-12,1568320879000,7.560610114601879,-7.469047792890235,35.954747964107625
hokkaido_18,2019-09-24,1569357679000,9.26899035543134,-7.814216063319224,35.94998445269793
hokkaido_18,2019-10-06,1570394480000,8.66125592542036,-7.509721926229308,35.95420725005703
hokkaido_18,2019-10-18,1571431279000,8.641785853353115,-8.213793256002166,35.95611477033139
hokkaido_18,2019-10-30,1572468080000,8.878504172553829,-7.790770409228382,35.950606569708036
hokkaido_18,2019-11-11,1573504880000,9.97361201597216,-8.364509991640046,35.948877709431535
hokkaido_18,2019-11-23,1574541679000,6.224242763971362,-9.13287538985987,35.95099372786705
hokkaido_18,2019-12-05,1575578479000,6.854231637004459,-8.592326564550469,35.957180853314725
hokkaido_18,2019-12-17,1576615278000,4.191355342233133,-11.645829001012709,35.953324081584256
hokkaido_18,2019-12-29,1577652078000,4.000791135085948,-8.099589234880918,35.94821882758581
hokkaido_18,2020-01-10,1578688877000,4.505209386815235,-10.716811690879455,35.945694270988255
hokkaido_18,2020-01-22,1579725677000,4.405174809432918,-11.288736881118876,35.94923019254864
hokkaido_18,2020-02-03,1580762477000,5.260556818030672,-11.406765252296154,36.073561481514375
hokkaido_18,2020-02-15,1581799276000,5.610771755291678,-12.015909871078733,36.07680066131241
hokkaido_18,2020-02-27,1582836076000,4.2249937997297,-10.474652408461472,36.07432127422928
hokkaido_18,2020-03-10,1583872876000,9.166621421181054,-11.587595810852667,36.06592885478142
hokkaido_18,2020-03-22,1584909676000,5.7033268662663446,-9.719044783646973,36.06703285063156
hokkaido_18,2020-04-03,1585946477000,4.665349459009496,-10.310616657690582,36.0734880216626
hokkaido_18,2020-04-15,1586983277000,6.226064608132464,-9.095630072499144,36.07647319520671
hokkaido_18,2020-04-22,1587587604000,9.071709563403958,-16.336784076610453,45.55180315010375
hokkaido_18,2020-04-27,1588020078000,5.719942011445975,-8.131473986330906,36.075480960921595
hokkaido_18,2020-05-09,1589056878000,7.26970298640565,-8.724480993571742,36.07678279410187
hokkaido_18,2020-05-21,1590093679000,6.651524010372,-8.844587649590848,36.07193052426734
hokkaido_18,2020-06-02,1591130479000,6.301696132038611,-8.571049726415579,36.07524259050372
hokkaido_18,2020-06-14,1592167280000,6.092327945030267,-8.140661364784647,36.07283146713159
hokkaido_18,2020-06-26,1593204081000,6.742082112880602,-9.568855734484965,36.07687034614642
hokkaido_18,2020-07-08,1594240882000,6.540096885589261,-7.524307173161316,36.07594613508745
hokkaido_18,2020-07-20,1595277682000,5.781043095145022,-8.425966198571857,36.06979448276471
hokkaido_18,2020-08-01,1596314483000,6.204350135900474,-9.495254825139785,36.06749576345842
hokkaido_18,2020-08-13,1597351284000,5.999272947550088,-8.738020713560703,36.07497580284109
hokkaido_18,2020-08-25,1598388085000,6.321486329653309,-7.824050760235977,36.07363771611995
hokkaido_18,2020-09-06,1599424885000,6.6756954061192175,-9.537687754758515,36.07149986307181
hokkaido_18,2020-09-18,1600461685000,5.639810709638585,-8.41166988171753,36.06943097901428
hokkaido_18,2020-09-30,1601498486000,5.530671817926665,-9.293013866374745,36.07188945560562
hokkaido_18,2020-10-12,1602535286000,5.768836175401624,-8.107579422937448,36.070908614292
hokkaido_18,2020-10-24,1603572086000,6.129093929271207,-9.954374332386156,36.074618822928855
hokkaido_18,2020-11-05,1604608886000,5.245930927793794,-8.991618514438832,36.070161866110375
hokkaido_18,2020-11-17,1605645686000,7.144641034638679,-8.571332547578287,36.0685362675214
hokkaido_18,2020-11-29,1606682485000,6.164925109988454,-8.573302598809454,36.070360061756666
hokkaido_18,2020-12-11,1607719285000,6.55417238429553,-11.212291450822105,36.070730483481356
hokkaido_18,2020-12-23,1608756084000,7.429625303971595,-11.948733529784535,36.07544004231813
hokkaido_18,2021-01-04,1609792884000,7.265944688388088,-10.199253624925403,36.0740707631832
hokkaido_18,2021-01-16,1610829683000,6.62820227168518,-11.469855124277926,36.07046006226399
hokkaido_18,2021-01-28,1611866483000,3.897208170510295,-10.306970391202693,36.06389042365052
hokkaido_18,2021-02-09,1612903282000,4.207911151718073,-10.07469098908876,36.06528922418152
hokkaido_18,2021-02-21,1613940082000,5.18220696496173,-9.969170878140819,36.07658994530455
hokkaido_18,2021-03-05,1614976882000,4.2364790170328925,-13.64810147299204,36.080197892768325
hokkaido_18,2021-03-17,1616013682000,6.390040073933852,-13.677984887714395,36.079628467656114
hokkaido_18,2021-03-29,1617050482000,5.355626137781704,-11.053400378238196,36.07111479175614
hokkaido_18,2021-04-10,1618087283000,7.512857437301089,-11.436024376683806,36.07081797552195
hokkaido_18,2021-04-22,1619124083000,6.724334424393648,-8.457552509388956,36.07487443960925
hokkaido_18,2021-05-04,1620160884000,6.445020006598777,-9.694761922516612,36.07666641907085
hokkaido_18,2021-05-16,1621197684000,6.719988559445261,-9.934006285487186,36.075737726084036
hokkaido_18,2021-05-28,1622234485000,7.223718838888054,-8.40854644469172,36.07160156771272
hokkaido_18,2021-06-09,1623271286000,6.469447039227234,-7.714371489586642,36.0701472817022
hokkaido_18,2021-06-21,1624308087000,6.865461555885091,-8.770267883026609,36.071648274686126
hokkaido_18,2021-07-03,1625344887000,6.546729213026418,-8.164587579905655,36.07384784102657
hokkaido_18,2021-07-15,1626381688000,6.733881784521289,-8.212990085720817,36.07470347878425
hokkaido_18,2021-07-27,1627418489000,6.448587634869444,-9.564376732389333,36.080180433993156
hokkaido_18,2021-08-08,1628455289000,6.038013939079214,-7.90269692487193,36.07085464073884
hokkaido_18,2021-08-20,1629492090000,7.45190220892565,-9.120881132668625,36.069082660134505
hokkaido_18,2021-09-01,1630528905000,6.27189839789907,-8.471884388530354,35.58627567704307
hokkaido_18,2021-09-13,1631565705000,6.441886676945499,-7.660728539139875,35.58253718857524
hokkaido_18,2021-09-25,1632602506000,6.401366873056462,-9.57715893201281,35.57846135879415
hokkaido_18,2021-10-07,1633639303000,7.1598881824427965,-9.808636971802807,35.71823201838673
hokkaido_18,2021-10-19,1634676103000,7.294473448302148,-10.572714581801485,35.7160084613238
hokkaido_18,2021-10-31,1635712903000,6.535483877398645,-9.413834684251439,35.71972515732863
hokkaido_18,2021-11-12,1636749703000,6.413052842214809,-8.426615502877203,35.72161515341994
hokkaido_18,2021-11-24,1637786503000,8.841630037999577,-8.751035712076053,35.715984967164324
hokkaido_18,2021-12-06,1638823302000,5.3990859773264175,-9.967204269101249,35.715909937824634
hokkaido_18,2021-12-18,1639860102000,6.570864826009159,-11.230570588214775,35.714189271815044
hokkaido_18,2021-12-30,1640896901000,4.95235772523028,-10.481293310741268,35.72153546111753
hokkaido_18,2022-01-11,1641933701000,-0.7054131814167252,-12.255691255703557,35.72019434553438
hokkaido_18,2022-01-23,1642970500000,2.028209124009862,-9.413129537941789,35.719983493353645
hokkaido_18,2022-02-04,1644007299000,5.735575516400757,-10.49688206564029,35.72106591442853
hokkaido_18,2022-02-16,1645044099000,4.076871071683334,-11.018320930507103,35.71916289857636
hokkaido_18,2022-02-28,1646080899000,3.0111358962355044,-13.10409773027976,35.71776183770627
hokkaido_18,2022-03-12,1647117699000,1.4873584364062236,-12.723688383079356,35.7235381087624
hokkaido_18,2022-03-24,1648154500000,6.3930276495734235,-11.177841532357872,35.722777354888215
hokkaido_18,2022-04-05,1649191300000,6.53359542358812,-9.004701594382439,35.72374661134022
hokkaido_18,2022-04-17,1650228100000,6.2339594045913405,-9.561665502587013,35.71929908458233
hokkaido_18,2022-04-29,1651264901000,6.112398197484236,-9.333266519171618,35.71915407502596
hokkaido_18,2022-05-11,1652301701000,6.725199705105045,-8.782213043888683,35.72130052992186
hokkaido_18,2022-06-04,1654375303000,6.556822276943363,-7.9589569468614325,35.71988427470291
hokkaido_18,2022-06-16,1655412104000,5.685446114732378,-8.614719987458491,35.72304734010171
hokkaido_18,2022-06-28,1656448905000,7.1743992434375015,-9.841517886776636,35.715622100059434
hokkaido_18,2022-07-10,1657485705000,6.723479684517423,-9.132385875002226,35.717153297892175
hokkaido_18,2022-07-22,1658522506000,7.608015660216228,-10.026610931150016,35.72277086508395
hokkaido_18,2022-08-03,1659559307000,6.492546629086657,-9.015133267553317,35.72094641851401
hokkaido_18,2022-08-15,1660596108000,6.843687258799637,-9.265986920443906,35.72046123826845
hokkaido_18,2022-08-27,1661632908000,6.557757947051234,-8.925759856565717,35.71772219471096
hokkaido_18,2022-09-03,1662237213000,12.646872891849073,-12.075131944236864,45.53018186470858
hokkaido_18,2022-09-08,1662669709000,6.049652701801683,-9.534392554029003,35.710959125365974
hokkaido_18,2022-09-20,1663706508000,6.85913479386436,-8.217105045349856,35.736339290550994
hokkaido_18,2022-10-02,1664743309000,6.631894810276515,-8.037325757484835,35.721050533663735
hokkaido_18,2022-10-14,1665780109000,6.4525610077454045,-7.106726931173479,35.721827261766514
hokkaido_18,2022-10-26,1666816909000,5.393843558798699,-9.161267678853921,35.71209315748787
hokkaido_18,2022-11-07,1667853709000,6.257579752608713,-8.999202829307004,35.72117113637453
hokkaido_18,2022-11-19,1668890509000,6.48832213533277,-8.950449769212334,35.71735573778054
hokkaido_18,2022-11-26,1669494813000,7.1850698357611185,-13.055746383396029,45.52507889564591
hokkaido_18,2022-12-01,1669927308000,5.933899064126651,-8.48514222013019,35.723322071240496
hokkaido_18,2022-12-13,1670964108000,6.8442423681820195,-9.751943055793415,35.7192311021856
hokkaido_18,2022-12-25,1672000907000,3.957768924416455,-10.231293913929541,35.719022130995086
hokkaido_18,2023-01-06,1673037706000,7.215852362260541,-9.240209693401905,35.716011980221744
hokkaido_18,2023-01-18,1674074505000,5.684103976530853,-10.475735633008526,35.73612665135448
hokkaido_18,2023-01-30,1675111306000,7.636437393864282,-9.447909915545841,35.71626884119755
hokkaido_18,2023-02-11,1676148105000,6.2045002297453955,-9.281449843751082,35.7219460787268
hokkaido_18,2023-02-23,1677184905000,4.179236956198261,-11.95655358582118,35.726111813940186
hokkaido_18,2023-03-07,1678221705000,5.952615541900712,-13.290703406004841,35.71970551190748
hokkaido_18,2023-03-19,1679258505000,6.837498299566079,-11.061188505102384,35.72001982187893
hokkaido_18,2023-03-31,1680295305000,6.82483164528393,-10.540257771400261,35.72132670392894
hokkaido_18,2023-04-07,1680899610000,2.7159920653367786,-12.039568879699898,45.53039305820493
hokkaido_18,2023-04-12,1681332106000,6.197461666031746,-9.263288683246918,35.72156207628539
hokkaido_18,2023-04-24,1682368906000,6.834408198352784,-10.075045115893685,35.7208338961213
hokkaido_18,2023-05-06,1683405707000,7.893908275315209,-10.947813203768177,35.71260143256135
hokkaido_18,2023-05-18,1684442508000,8.28454019442465,-9.749072236697224,35.71225525715982
hokkaido_18,2023-05-30,1685479308000,6.078972690405292,-11.630933815847298,35.71282059513222
hokkaido_18,2023-06-11,1686516109000,6.845127530397267,-11.09172127261186,35.72202664903065
hokkaido_18,2023-06-23,1687552909000,6.251274794292676,-11.155236110324754,35.71791330305145
hokkaido_18,2023-07-05,1688589710000,5.37081483161476,-9.803424505678608,35.719682271338044
hokkaido_18,2023-07-17,1689626511000,6.942917448321531,-9.896669937498826,35.71730306351347
hokkaido_18,2023-07-29,1690663311000,5.922655532415064,-11.210431988408505,35.7179351390071
hokkaido_18,2023-08-05,1691267616000,4.211669755341413,-12.0415870045004,45.530915752664484
hokkaido_18,2023-08-10,1691700111000,4.469524680726328,-10.811877944262031,35.73669759951161
hokkaido_18,2023-08-22,1692736913000,6.169636207685354,-12.142089309290473,35.72511421413568
hokkaido_18,2023-09-03,1693773714000,7.099950205782528,-10.946209163525696,35.71768408848749
hokkaido_18,2023-09-15,1694810514000,7.557633553133949,-10.764311210096755,35.71522428454027
hokkaido_18,2023-09-27,1695847314000,6.948520352984814,-10.981146279631979,35.72066368950738
hokkaido_18,2023-10-09,1696884114000,7.564507359394044,-10.562877461446176,35.725997178065164
hokkaido_18,2023-10-21,1697920914000,7.602078971238697,-10.906885693164234,35.71708181462513
hokkaido_18,2023-11-02,1698957714000,7.886963534765274,-11.235704898836008,35.72137028472592
hokkaido_18,2023-11-14,1699994514000,3.858263068750644,-13.1804416837651,35.71273191633477
hokkaido_18,2023-11-26,1701031313000,5.46488492132959,-10.129934436730073,35.72121966755075
hokkaido_18,2023-12-08,1702068113000,2.7264110588362462,-11.929107116295192,35.71796227425867
hokkaido_18,2023-12-20,1703104912000,5.729887344387457,-10.774343538113524,35.73293337112146
hokkaido_18,2024-01-01,1704141711000,3.137502743108594,-10.815285318009936,35.72716879386631
hokkaido_18,2024-01-13,1705178511000,4.458485054248497,-11.275325288559754,35.716710404927206
hokkaido_18,2024-01-25,1706215311000,1.0358364934183735,-12.520988045664584,35.71488798090992
hokkaido_18,2024-02-06,1707252110000,4.589677565096367,-10.961427243941834,35.72191069606629
hokkaido_18,2024-02-18,1708288910000,0.9667175947171551,-15.73659318988704,35.720926787738115
hokkaido_18,2024-03-01,1709325710000,2.1847512248297094,-12.548633699032449,35.72249166975605
hokkaido_18,2024-03-13,1710362510000,1.6943577207331626,-13.09319616047746,35.7242894978319
hokkaido_18,2024-03-25,1711399310000,3.8034337214301983,-11.55235413298384,35.72581856839571
hokkaido_18,2024-04-06,1712436111000,7.970338303036562,-9.733162508502177,35.71564836938197
hokkaido_18,2024-04-18,1713472911000,8.400679098346753,-8.982678606057657,35.71743832579518
hokkaido_18,2024-04-25,1714077215000,7.541752056479859,-15.538704661765884,45.529311424024186
hokkaido_18,2024-04-30,1714509712000,8.30852503576481,-8.66881232471203,35.717355693077934
hokkaido_18,2024-05-07,1715114016000,7.79086333520039,-12.126223748164469,45.518186524910675
hokkaido_18,2024-05-12,1715546511000,9.046468863601106,-10.976410097169197,35.71527058792732
hokkaido_18,2024-05-19,1716150815000,6.601770397212246,-10.854473381493925,45.51996428372406
hokkaido_18,2024-05-24,1716583311000,8.141496259537325,-7.648530783286313,35.70132070212767
hokkaido_18,2024-05-31,1717187615000,6.159464891976813,-10.033805314626752,45.521904686962294
hokkaido_18,2024-06-05,1717620111000,8.543874014082654,-8.375538227225656,35.703615572998594
hokkaido_18,2024-06-12,1718224415000,6.79371186031182,-11.531495453901842,45.522612966991744
hokkaido_18,2024-06-17,1718656910000,8.865756906328057,-9.539751440451777,35.7130206314241
hokkaido_18,2024-06-24,1719261214000,6.841861861696094,-10.601588562426661,45.51923038417096
hokkaido_18,2024-06-29,1719693710000,8.888109012859342,-8.002360446659795,35.70996297390576
hokkaido_18,2024-07-06,1720298014000,6.65854038092539,-12.227105076107682,45.51671014408615
hokkaido_18,2024-07-11,1720730509000,8.856543340331301,-8.708926885447587,35.70958786705025
hokkaido_18,2024-07-18,1721334813000,6.000565910159488,-10.740552751266446,45.52292729367924
hokkaido_18,2024-07-23,1721767309000,8.192940877088379,-9.132827371839307,35.710579800075955
hokkaido_18,2024-07-30,1722371613000,6.704271182107877,-11.321369146111168,45.526802669364116
hokkaido_18,2024-08-04,1722804109000,9.213224905728312,-8.021272186358466,35.70677797876224
hokkaido_18,2024-08-11,1723408413000,5.980672129240836,-12.204279507244488,45.53066679888279
hokkaido_18,2024-08-16,1723840909000,8.698748266934075,-8.349727672954531,35.71568758123017
hokkaido_18,2024-08-28,1724877709000,9.191260923925192,-8.362596028788884,35.71968165689571
hokkaido_18,2024-09-09,1725914510000,8.520687024894967,-8.754882875882478,35.7248346694333
hokkaido_18,2024-09-21,1726951310000,8.269557763426333,-9.276374815252447,35.72433540554024
hokkaido_18,2024-10-03,1727988110000,7.980814380636074,-11.302881715555152,35.72444155530383
hokkaido_18,2024-10-15,1729024910000,9.358830551535933,-11.008017261136773,35.72331495425934
hokkaido_18,2024-10-27,1730061711000,8.482043759655138,-9.984084620916718,35.72106425095993
hokkaido_18,2024-11-08,1731098510000,9.208933111006578,-8.465715087645494,35.72261591295139
hokkaido_18,2024-11-15,1731702814000,6.844869879466843,-13.205511813008581,45.52666476010455
hokkaido_18,2024-11-20,1732135309000,7.938106476407896,-9.321859794071251,35.7156788136302
hokkaido_18,2024-12-02,1733172109000,8.357119025635367,-10.55813586063693,35.707534038811055
hokkaido_18,2024-12-14,1734208908000,5.9934607290150055,-12.468439190093457,35.70415538405987
hokkaido_18,2024-12-26,1735245707000,5.161777306776417,-10.059716852047417,35.712775404503354
hokkaido_18,2025-01-02,1735850010000,11.219949891244848,-12.902383608809881,45.52757519681125
hokkaido_18,2025-01-07,1736282505000,4.698107672671005,-11.364836358124826,35.717005543103596
hokkaido_18,2025-01-19,1737319304000,5.823049409125959,-10.332305168166277,35.71764449702883
hokkaido_18,2025-01-26,1737923608000,5.6320725434801435,-15.29045630081388,45.52806289552702
hokkaido_18,2025-01-31,1738356103000,5.5321093408948645,-10.859614228264194,35.720408668571984
hokkaido_18,2025-02-12,1739392903000,5.883150036315712,-9.947927589454105,35.714799187084544
hokkaido_18,2025-02-24,1740429703000,4.377433860158032,-11.051111420985904,35.72180990981054
hokkaido_18,2025-03-08,1741466503000,5.163453006705472,-11.886630599851593,35.72080623817021
hokkaido_18,2025-03-20,1742503304000,5.539463606204938,-9.772710648982752,35.718523733978486
hokkaido_18,2025-04-01,1743540104000,4.327700005932578,-12.04771531072534,35.713627263849425
hokkaido_18,2025-04-13,1744576904000,7.567391356655373,-9.576700135209304,35.71768236015577
hokkaido_18,2025-04-25,1745613704000,7.93695620483211,-8.889350948303445,35.70832427895252
hokkaido_18,2025-05-02,1746218008000,7.3197028482956155,-12.319075901273424,45.52833195777104
hokkaido_18,2025-05-07,1746650504000,8.244058772153053,-8.034124918782762,35.70964769613863
hokkaido_18,2025-05-14,1747254808000,7.330131531181993,-10.586708721093963,45.51865591492316
hokkaido_18,2025-05-19,1747687303000,8.711585023504842,-9.004398650206491,35.71114037786624
hokkaido_18,2025-05-26,1748291607000,7.19831927338723,-9.422768308750124,45.51428160259141
hokkaido_18,2025-05-31,1748724103000,7.5926402557709585,-9.006206849077731,35.706048213162475
hokkaido_18,2025-06-07,1749328407000,7.424976086054602,-9.388262559767172,45.516030715618385
hokkaido_18,2025-06-12,1749760902000,5.58135914651969,-10.753846190196613,35.701064203783076
hokkaido_18,2025-06-19,1750365206000,6.730450721202483,-10.692706823630388,45.520169063372215
hokkaido_18,2025-06-24,1750797702000,5.859918294885355,-10.12987738191563,35.69910240096306
hokkaido_18,2025-07-01,1751402005000,6.70217073099403,-10.858298413057202,45.519996455799465
hokkaido_18,2025-07-06,1751834501000,5.284225942957217,-9.756583337949948,35.70367215731849
hokkaido_18,2025-07-13,1752438805000,6.9980951353671985,-10.838361922500464,45.51822440387889
hokkaido_18,2025-07-18,1752871300000,8.527510358380628,-9.718007504765012,35.71059376455397
hokkaido_18,2025-07-25,1753475604000,6.574464884730589,-10.091983712235578,45.52230309466139
hokkaido_18,2025-07-30,1753908100000,8.117232367129972,-8.529546075302608,35.71227765887838
hokkaido_18,2025-08-06,1754512404000,6.252914638887594,-11.5711799219942,45.52386842173766
hokkaido_18,2025-08-11,1754944900000,7.4036320134158835,-9.511635289193018,35.7118031273751
hokkaido_18,2025-08-23,1755981700000,7.925161272436275,-9.58262534035804,35.713746809271065
hokkaido_18,2025-09-04,1757018500000,7.825891756346776,-9.1230047290235,35.720672952667826
hokkaido_18,2025-09-16,1758055301000,7.90559370117855,-9.988988816615569,35.72592170113012
hokkaido_18,2025-09-28,1759092101000,7.45492109636642,-7.950561342163878,35.72488277063551
hokkaido_18,2025-10-10,1760128901000,6.7500514888047425,-10.332250754367927,35.71160930311992
hokkaido_18,2025-10-22,1761165701000,6.491625046498136,-9.53153647579113,35.71666057414782
hokkaido_18,2025-11-03,1762202501000,7.067380611534503,-8.480600705888705,35.71419185582963
hokkaido_18,2025-11-15,1763239300000,8.339272710564188,-8.763178575267048,35.71706334695226
hokkaido_18,2025-11-22,1763843604000,6.150755544797046,-10.183671383602029,45.51840045725586
hokkaido_18,2025-11-27,1764276099000,7.9507846839136205,-10.307221335789956,35.71443659870474
hokkaido_18,2025-12-04,1764880402000,4.792864010181031,-12.6641368513545,45.5238243528682
hokkaido_18,2025-12-09,1765312898000,4.852512356877303,-8.763811692908783,35.70882296061478
hokkaido_18,2025-12-16,1765917201000,1.8525708004673598,-10.851955236209616,45.52311227027277
hokkaido_18,2025-12-21,1766349697000,5.020122651948197,-10.44094887904241,35.706148635115035
hokkaido_18,2026-01-02,1767386495000,6.38898447921219,-10.166916827067844,35.70713104824839
hokkaido_18,2026-01-14,1768423294000,4.209274779484068,-12.218608811126744,35.71098068669303
hokkaido_18,2026-01-26,1769460094000,4.468246609249316,-10.056797289829886,35.71668030478737
hokkaido_18,2026-02-02,1770064397000,0.20779022646641457,-12.686739546385981,45.522012177284324
hokkaido_18,2026-02-07,1770496893000,5.4611901113986425,-9.792507955893244,35.718096827747424
hokkaido_18,2026-02-19,1771533692000,3.0802680364536363,-12.233246922171666,35.71702952218196
hokkaido_18,2026-03-03,1772570492000,5.03203054334015,-12.27480031851976,35.718930752917785
hokkaido_18,2026-03-15,1773607292000,5.0868532513059925,-12.07198998278597,35.71683947078139
hokkaido_18,2026-04-03,1775248396000,7.008733396146464,-11.503308481130977,45.52927563291608
hokkaido_18,2026-04-08,1775680892000,6.913454837975338,-10.559177633049838,35.7184020738594
hokkaido_18,2026-04-15,1776285196000,5.013426614941103,-11.034342092802273,45.52214695963805
hokkaido_18,2026-04-20,1776717693000,7.085540508403757,-11.537722571392417,35.70940518162598
hokkaido_18,2026-04-27,1777321996000,5.463111728282816,-11.559236772941587,45.52206232596516
hokkaido_18,2026-05-02,1777754492000,7.7888045532482435,-10.116622105645215,35.705721552938776
hokkaido_18,2026-05-09,1778358796000,6.664992403532537,-8.814298954651868,45.524025381670626
hokkaido_18,2026-05-14,1778791292000,7.422852640031709,-8.969230593759127,35.70312858504477
hokkaido_18,2026-05-21,1779395595000,5.8060236125894775,-9.155245408763014,45.52160902518556
hokkaido_19,2017-02-18,1487450457000,1.0948893027465099,-7.488762497569134,35.991645816070246
hokkaido_19,2017-03-02,1488487257090,0.3079752804787034,-8.253760122477187,35.99383647669733
hokkaido_19,2017-03-14,1489524057000,2.854498828713114,-9.220452872190895,35.98379698778798
hokkaido_19,2017-03-26,1490560857000,1.3998238461592183,-8.965203204956946,35.98342815222727
hokkaido_19,2017-04-07,1491597658140,5.3815153384734735,-8.523272410102832,35.9871416746231
hokkaido_19,2017-04-19,1492634458760,5.586810836014343,-5.728141456002935,35.989089060899225
hokkaido_19,2017-05-01,1493671259000,4.918183377990256,-5.897567953640882,35.98678515069128
hokkaido_19,2017-05-13,1494708059970,6.491980442546748,-5.41052838580961,35.982678966653125
hokkaido_19,2017-05-25,1495744860000,7.0040079912652,-6.121257625005431,35.98731142993499
hokkaido_19,2017-06-06,1496781661000,8.226110241590694,-4.669976883702624,35.98289909216341
hokkaido_19,2017-06-18,1497818461000,8.430703155826805,-5.493284594315486,35.98791242580221
hokkaido_19,2017-06-30,1498855262000,7.377457799732003,-5.312746555509301,35.98996669448828
hokkaido_19,2017-07-12,1499892063000,7.633490117436442,-5.080951720189804,35.987520102790235
hokkaido_19,2017-07-24,1500928864000,8.095624546552655,-5.9272139139538735,35.98708837698311
hokkaido_19,2017-08-05,1501965664000,5.976543600001598,-5.521161572750607,35.981405644428385
hokkaido_19,2017-08-17,1503002465000,7.122769697442186,-5.22930594306024,35.988724095646
hokkaido_19,2017-08-29,1504039265000,7.513243591053878,-6.088257099702766,35.98810797996005
hokkaido_19,2017-09-10,1505076066000,6.8432350604999135,-6.304651861571983,35.98613944242534
hokkaido_19,2017-09-22,1506112866000,6.934091181370019,-6.242823549285432,35.98655860040489
hokkaido_19,2017-10-04,1507149666000,6.467477519195671,-6.008890465131409,35.985760077125406
hokkaido_19,2017-10-16,1508186467000,7.5673979914029825,-6.067830442337285,35.986932319872295
hokkaido_19,2017-10-28,1509223267000,7.006802986344963,-6.953050251586409,35.985862901509954
hokkaido_19,2017-11-09,1510260066000,6.166532527381888,-6.6573852106616185,35.98885812076824
hokkaido_19,2017-11-21,1511296866000,2.5616850626773986,-7.708461722727134,35.983223268727265
hokkaido_19,2017-12-03,1512333666000,2.9267477634646815,-6.19401756281641,35.98329842846803
hokkaido_19,2017-12-15,1513370465000,2.564977963835017,-8.040984439822848,35.983178384469674
hokkaido_19,2017-12-27,1514407265000,3.0044656763428477,-5.947868426130962,35.99037624291341
hokkaido_19,2018-01-08,1515444064000,2.1018850486858995,-8.1874996282253,35.989191524722045
hokkaido_19,2018-01-20,1516480864000,2.627856681087363,-7.927142484700692,35.98242465857304
hokkaido_19,2018-02-01,1517517664000,1.5900396196462818,-8.115621024829686,35.98181273348419
hokkaido_19,2018-02-13,1518554463000,2.8683939348787475,-7.012197211150349,35.98125610274499
hokkaido_19,2018-02-25,1519591263000,0.14566104491629525,-6.499954436513332,35.9893292463298
hokkaido_19,2018-03-09,1520628063000,-0.5185182869141199,-8.274874354330217,35.99484305221736
hokkaido_19,2018-03-21,1521664863000,2.2618213137043064,-7.728387797781649,35.9947401299162
hokkaido_19,2018-04-02,1522701664000,2.3681235833556085,-8.231095317557527,35.98798270116606
hokkaido_19,2018-04-14,1523738464000,6.145967305298721,-6.64529965022098,35.98549897087945
hokkaido_19,2018-04-26,1524775265000,4.949316298306195,-6.299231308123268,35.98597554613143
hokkaido_19,2018-05-08,1525812065000,6.125083649665358,-6.127808087637893,35.988238559299035
hokkaido_19,2018-05-20,1526848866000,5.231133988371844,-5.8496875677355025,35.99000131101716
hokkaido_19,2018-06-01,1527885667000,5.13128840360924,-6.628776282015692,35.991362937387805
hokkaido_19,2018-06-13,1528922468000,5.704433595616713,-6.965729866482449,35.982336371836055
hokkaido_19,2018-06-25,1529959268000,6.515253737637184,-6.775929373674646,35.98373478102183
hokkaido_19,2018-07-19,1532032870000,7.502563077861801,-6.0864637132143224,35.990738696176784
hokkaido_19,2018-07-31,1533069670000,7.4633561690948955,-6.569457544017005,35.992737066765024
hokkaido_19,2018-08-12,1534106471000,8.092087813580436,-6.053044980285885,35.98606154552429
hokkaido_19,2018-08-24,1535143272000,6.297134976620938,-7.336573557466966,35.97509010934792
hokkaido_19,2018-09-05,1536180072000,8.517448211247057,-6.598327871258012,35.98557746750006
hokkaido_19,2018-09-17,1537216873000,6.912568590806428,-6.587970243020512,35.98868511922193
hokkaido_19,2018-09-29,1538253673000,6.930034116948939,-6.985998529213072,35.98839262064595
hokkaido_19,2018-10-11,1539290473000,7.606620133881328,-6.36668882016753,35.98408774304424
hokkaido_19,2018-10-23,1540327273000,6.743449108721068,-6.499482898204094,35.98452181496153
hokkaido_19,2018-11-04,1541364073000,6.321742080726489,-6.698550570487776,35.98420125900026
hokkaido_19,2018-11-16,1542400873000,7.091353846107074,-7.002186701381814,35.988354066292665
hokkaido_19,2018-11-28,1543437672000,6.483653699064002,-7.059268388275409,35.99010647860441
hokkaido_19,2018-12-10,1544474472000,4.634849801628303,-5.713793368845805,35.98492722251199
hokkaido_19,2018-12-22,1545511272000,4.551189382941449,-6.085706809509359,35.98023126370548
hokkaido_19,2019-01-03,1546548071000,4.81628189335397,-6.025843728607443,35.98287049187555
hokkaido_19,2019-01-15,1547584871000,2.668056120003462,-7.051796879104338,35.98961100138166
hokkaido_19,2019-01-27,1548621671000,4.189762880837351,-5.369947464316545,35.985442103376286
hokkaido_19,2019-02-08,1549658470000,2.5337075082485647,-5.267062257402114,35.98684296970029
hokkaido_19,2019-02-20,1550695270000,0.010184301343048855,-8.175691585483285,35.982201895408515
hokkaido_19,2019-03-04,1551732070000,3.325583670261217,-7.234158370613222,35.97831566112995
hokkaido_19,2019-03-16,1552768870000,4.231421488051227,-6.493296992956016,35.988298937374346
hokkaido_19,2019-03-28,1553805670000,3.186517306109644,-7.1522433673001915,35.988277119981156
hokkaido_19,2019-04-09,1554842470000,4.8689302218504436,-6.185721581012314,35.990112790700174
hokkaido_19,2019-04-21,1555879271000,5.97071259468582,-7.465575569092347,35.981897090019686
hokkaido_19,2019-05-03,1556916071000,5.7297036579031815,-6.988703155607835,35.97868587098635
hokkaido_19,2019-05-15,1557952872000,6.92515700084436,-6.550450809715285,35.984040663970305
hokkaido_19,2019-06-08,1560026473000,9.22202503437941,-5.486453265544118,35.992453734882915
hokkaido_19,2019-06-20,1561063274000,8.604513730365595,-5.420829985470046,35.98855836558506
hokkaido_19,2019-07-02,1562100075000,9.55874344423782,-5.411642749906778,35.98260990104292
hokkaido_19,2019-07-14,1563136875000,8.715594176547956,-6.3185702040546365,35.98439506607826
hokkaido_19,2019-07-26,1564173676000,8.933884927282406,-6.010848056201061,35.98979152556887
hokkaido_19,2019-08-07,1565210477000,8.282560308051183,-6.63821671314706,35.98886243365804
hokkaido_19,2019-08-19,1566247278000,9.212414185205347,-5.798630322708242,35.983967639817486
hokkaido_19,2019-09-12,1568320879000,8.233428678220042,-6.32621312193622,35.98815699522912
hokkaido_19,2019-09-24,1569357679000,8.830938518443295,-6.17458254776593,35.983393977902395
hokkaido_19,2019-10-06,1570394480000,8.810193928367946,-5.674371784075007,35.9876138721813
hokkaido_19,2019-10-18,1571431279000,8.63719894327244,-6.1338047028590035,35.9895306854772
hokkaido_19,2019-10-30,1572468080000,9.119601044007286,-6.184329582579173,35.984027487092575
hokkaido_19,2019-11-11,1573504880000,10.287120122847758,-5.447318000390025,35.98229232174528
hokkaido_19,2019-11-23,1574541679000,6.9681805965757775,-5.973613571524643,35.984403575508345
hokkaido_19,2019-12-05,1575578479000,4.5278239713489405,-6.612054467308488,35.99058692636319
hokkaido_19,2019-12-17,1576615278000,6.703430367910077,-6.343350686953345,35.98674130805962
hokkaido_19,2019-12-29,1577652078000,4.12640759484886,-6.830940500298048,35.981640739880994
hokkaido_19,2020-01-10,1578688877000,3.176436979749272,-7.068157117516467,35.97911965089595
hokkaido_19,2020-01-22,1579725677000,2.3758187979481122,-5.705278756668315,35.982640789475695
hokkaido_19,2020-02-03,1580762477000,2.2590043169077,-6.241900887445127,36.10735852013716
hokkaido_19,2020-02-15,1581799276000,1.9459677192636244,-6.7617599993647035,36.1105971574446
hokkaido_19,2020-02-27,1582836076000,3.0185457436920453,-6.459383567952282,36.108119316093365
hokkaido_19,2020-03-10,1583872876000,8.286291318711356,-6.485400376318172,36.099735621036736
hokkaido_19,2020-03-22,1584909676000,5.572216047083345,-6.71807371095367,36.10083843868269
hokkaido_19,2020-04-03,1585946477000,6.304548822205068,-7.469234374047546,36.107299637924775
hokkaido_19,2020-04-15,1586983277000,5.653239334796094,-7.567623938606848,36.11028104377516
hokkaido_19,2020-04-27,1588020078000,6.242341915239746,-6.963197024813125,36.10927802167884
hokkaido_19,2020-05-09,1589056878000,6.625155197086513,-6.416905035404132,36.11058273993322
hokkaido_19,2020-05-21,1590093679000,6.664583396701576,-6.4685325827209965,36.10574287141135
hokkaido_19,2020-06-02,1591130479000,6.604660279386917,-7.288484381119929,36.10904043518091
hokkaido_19,2020-06-14,1592167280000,6.141220140619221,-7.543515246392694,36.10663505748323
hokkaido_19,2020-06-26,1593204081000,6.044645678240942,-6.645348347868771,36.11066870914989
hokkaido_19,2020-07-08,1594240882000,7.07391082659772,-6.9582050650530345,36.10974997910525
hokkaido_19,2020-07-20,1595277682000,7.124638707906021,-6.169062693555455,36.10359424398402
hokkaido_19,2020-08-01,1596314483000,6.679561580892333,-6.310927174214899,36.101306867493506
hokkaido_19,2020-08-13,1597351284000,6.526552609972398,-5.872072773958823,36.10878409907444
hokkaido_19,2020-08-25,1598388085000,6.32062511283074,-5.301698072109588,36.10744238584144
hokkaido_19,2020-09-06,1599424885000,7.24075607043621,-5.65468176427942,36.10530059276779
hokkaido_19,2020-09-18,1600461685000,7.1169228884755,-6.3734412504466675,36.103231044267496
hokkaido_19,2020-09-30,1601498486000,6.484228077954916,-5.902335439606909,36.10568816999675
hokkaido_19,2020-10-12,1602535286000,7.350414118046005,-6.457892111955844,36.10471810834189
hokkaido_19,2020-10-24,1603572086000,6.788122623826978,-6.663448510542786,36.10841585815651
hokkaido_19,2020-11-05,1604608886000,6.022629352668546,-5.796799042018527,36.103960786436765
hokkaido_19,2020-11-17,1605645686000,4.223875846217232,-5.652544022278077,36.10233554566343
hokkaido_19,2020-11-29,1606682485000,5.080785095129938,-5.942132578598324,36.104169978544334
hokkaido_19,2020-12-11,1607719285000,5.808469069936991,-7.253700728192864,36.10452975270046
hokkaido_19,2020-12-23,1608756084000,5.43591223955847,-6.46462873573515,36.10923657834324
hokkaido_19,2021-01-04,1609792884000,3.7628251766862895,-7.006317841349812,36.10787857320874
hokkaido_19,2021-01-16,1610829683000,5.1520396093390515,-5.806449047134043,36.10426465111913
hokkaido_19,2021-01-28,1611866483000,5.219058379784205,-6.11070764513338,36.09769835361214
hokkaido_19,2021-02-09,1612903282000,4.271406201339077,-5.96556484312992,36.09909606958269
hokkaido_19,2021-02-21,1613940082000,5.4474904691419965,-7.511086664867279,36.11038911595539
hokkaido_19,2021-03-05,1614976882000,4.372210791945705,-7.382940396433757,36.11399558818556
hokkaido_19,2021-03-17,1616013682000,4.250513100735346,-7.956982382661105,36.11342569770937
hokkaido_19,2021-03-29,1617050482000,6.8003161101017575,-6.3130208533169405,36.104915916606394
hokkaido_19,2021-04-10,1618087283000,5.378634678081244,-6.798736269123934,36.104625265894875
hokkaido_19,2021-04-22,1619124083000,4.99344894584363,-7.1079105011332055,36.10867329310811
hokkaido_19,2021-05-04,1620160884000,6.3173605219684035,-6.8880102747166765,36.110471274972895
hokkaido_19,2021-05-16,1621197684000,8.19401324901181,-5.784983428061622,36.109537486964435
hokkaido_19,2021-05-28,1622234485000,6.854635947003783,-6.630676163280979,36.105401188912275
hokkaido_19,2021-06-09,1623271286000,6.249918705848356,-6.985005234074184,36.10395969809575
hokkaido_19,2021-06-21,1624308087000,7.4436037318431545,-6.962092394684216,36.10545091929701
hokkaido_19,2021-07-03,1625344887000,6.283764441709569,-7.321956211238631,36.107646183205766
hokkaido_19,2021-07-15,1626381688000,6.742982940796714,-6.346011497202353,36.10850119017939
hokkaido_19,2021-07-27,1627418489000,6.089822456302684,-6.478758449657578,36.1139860243731
hokkaido_19,2021-08-08,1628455289000,6.097410837583804,-7.279707840127578,36.10466533335725
hokkaido_19,2021-08-20,1629492090000,6.3393512356069825,-7.003172752474614,36.102883323129966
hokkaido_19,2021-09-01,1630528905000,5.964781298910546,-8.360040403294136,35.617542316177
hokkaido_19,2021-09-13,1631565705000,5.861072291871825,-7.093273561500715,35.613803428265584
hokkaido_19,2021-09-25,1632602506000,5.505258621681203,-7.7571270742336464,35.609734885759124
hokkaido_19,2021-10-07,1633639303000,5.723775760242547,-7.012142930246455,35.74973330008455
hokkaido_19,2021-10-19,1634676103000,7.271348525921904,-6.987846465871652,35.74751018847006
hokkaido_19,2021-10-31,1635712903000,5.797592168963359,-7.349555691840423,35.75121283868347
hokkaido_19,2021-11-12,1636749703000,6.4296125268388025,-8.170236956440982,35.7531064343684
hokkaido_19,2021-11-24,1637786503000,7.049415633098584,-7.085589397333004,35.74748862108239
hokkaido_19,2021-12-06,1638823302000,5.232142727559063,-6.99288024780485,35.74740109805721
hokkaido_19,2021-12-18,1639860102000,4.376436954836955,-5.824462705221879,35.745685087261776
hokkaido_19,2021-12-30,1640896901000,5.408621145715027,-6.834133332509963,35.75301756913834
hokkaido_19,2022-01-11,1641933701000,-0.5915710417356003,-9.222023827987968,35.751688389486745
hokkaido_19,2022-01-23,1642970500000,0.6013972635955449,-7.648237989088381,35.75146584019517
hokkaido_19,2022-02-04,1644007299000,0.6898748612522633,-9.062970979348366,35.75255980306459
hokkaido_19,2022-02-16,1645044099000,0.7728589457639127,-6.562119060495475,35.7506558101668
hokkaido_19,2022-02-28,1646080899000,-0.27570468739322207,-6.908181393120095,35.74925671496725
hokkaido_19,2022-03-12,1647117699000,0.7156117260518603,-8.527037682980309,35.7550295767016
hokkaido_19,2022-03-24,1648154500000,4.223707740376679,-6.834375232296512,35.75426506378891
hokkaido_19,2022-04-05,1649191300000,2.940962017312892,-7.615851096393527,35.75524100431565
hokkaido_19,2022-04-17,1650228100000,6.414774150249097,-7.249664518800669,35.750790952455404
hokkaido_19,2022-04-29,1651264901000,4.751814489671578,-7.402889601772005,35.750659520056885
hokkaido_19,2022-05-11,1652301701000,6.5485729698316515,-6.813677288860048,35.75279815827958
hokkaido_19,2022-06-04,1654375303000,7.65887106556719,-6.915012356512487,35.75138118864912
hokkaido_19,2022-06-16,1655412104000,7.128488647693722,-6.628320256803912,35.7545369512497
hokkaido_19,2022-06-28,1656448905000,6.157326928656337,-6.983510982547201,35.74712291963913
hokkaido_19,2022-07-10,1657485705000,6.561471849318843,-6.986197856960916,35.74865573519458
hokkaido_19,2022-07-22,1658522506000,8.277343460417725,-7.341716739826378,35.75426753690341
hokkaido_19,2022-08-03,1659559307000,7.686384211405505,-8.15885316986984,35.752439542092425
hokkaido_19,2022-08-15,1660596108000,7.033950935451221,-7.359439072239888,35.75196429545721
hokkaido_19,2022-08-27,1661632908000,5.938520662893163,-7.680761668452506,35.749232952292516
hokkaido_19,2022-09-08,1662669709000,6.530664032133164,-7.886841955178943,35.7424663738793
hokkaido_19,2022-09-20,1663706508000,6.701851975756753,-8.71453124713712,35.767804431106754
hokkaido_19,2022-10-02,1664743309000,6.591617402106207,-7.901574062228165,35.75254999004072
hokkaido_19,2022-10-14,1665780109000,6.866148203216359,-8.2342040191623,35.75331258918388
hokkaido_19,2022-10-26,1666816909000,5.888765489942811,-7.276392102513457,35.74360323782728
hokkaido_19,2022-11-07,1667853709000,4.136301437125477,-7.487861633351245,35.75265856810291
hokkaido_19,2022-11-19,1668890509000,5.766680369358117,-8.03607377978037,35.748846549547544
hokkaido_19,2022-12-01,1669927308000,4.906472125312397,-7.123271505304882,35.75481128962354
hokkaido_19,2022-12-13,1670964108000,5.508536003073328,-6.317328324770336,35.75071775405197
hokkaido_19,2022-12-25,1672000907000,4.138553734009138,-6.16814076628104,35.75050501304098
hokkaido_19,2023-01-06,1673037706000,2.5019115112638484,-7.055373697922583,35.74750373022072
hokkaido_19,2023-01-18,1674074505000,2.998546342048937,-7.104083585183581,35.76759608853198
hokkaido_19,2023-01-30,1675111306000,3.6909746561588133,-6.992330059210226,35.74776006525214
hokkaido_19,2023-02-11,1676148105000,2.0878878603188213,-5.877631668705452,35.75343295445457
hokkaido_19,2023-02-23,1677184905000,-0.6342282284777921,-7.418346924768208,35.757590753275
hokkaido_19,2023-03-07,1678221705000,3.2028022506869798,-6.047957404394446,35.751198357476135
hokkaido_19,2023-03-19,1679258505000,4.5550427775274684,-6.56558208019475,35.75152531268021
hokkaido_19,2023-03-31,1680295305000,5.257056124360142,-7.595435597513765,35.752817220976866
hokkaido_19,2023-04-12,1681332106000,6.895054335695429,-7.900705390320349,35.75306678232522
hokkaido_19,2023-04-24,1682368906000,6.213162989485732,-7.559706602096171,35.75232350898512
hokkaido_19,2023-05-06,1683405707000,7.826171607529471,-6.763373505378968,35.744113664870426
hokkaido_19,2023-05-18,1684442508000,6.166204131951773,-5.619682403511009,35.74376554087913
hokkaido_19,2023-05-30,1685479308000,6.913710029763764,-6.618116748950594,35.74432551492419
hokkaido_19,2023-06-11,1686516109000,7.2078763952395795,-6.706851756743593,35.753524035058845
hokkaido_19,2023-06-23,1687552909000,6.807804740318199,-7.114102421480718,35.74940663683359
hokkaido_19,2023-07-05,1688589710000,7.559184503140294,-6.0497145602693125,35.75118591493736
hokkaido_19,2023-07-17,1689626511000,8.510099939569328,-6.6650640937152525,35.748811605434234
hokkaido_19,2023-07-29,1690663311000,6.6260992867090795,-7.284470030145089,35.74943418073085
hokkaido_19,2023-08-10,1691700111000,7.012546087091608,-6.65273351359857,35.768161505888806
hokkaido_19,2023-08-22,1692736913000,5.809396630974675,-7.94286520136087,35.756603423572976
hokkaido_19,2023-09-03,1693773714000,7.085487291589009,-7.300232088861421,35.74919449213347
hokkaido_19,2023-09-15,1694810514000,6.565709578909828,-7.08128854161481,35.74672862065062
hokkaido_19,2023-09-27,1695847314000,6.789688308087235,-7.317693956726113,35.752156747395766
hokkaido_19,2023-10-09,1696884114000,6.47018773784985,-7.515929417822057,35.75747792901824
hokkaido_19,2023-10-21,1697920914000,7.149056155324362,-7.203563223479161,35.748576282804265
hokkaido_19,2023-11-02,1698957714000,7.486491731516257,-7.262266675119588,35.7528522180822
hokkaido_19,2023-11-14,1699994514000,6.240365486106499,-6.0612535290019105,35.74423285713806
hokkaido_19,2023-11-26,1701031313000,5.40744162779994,-6.908375296634553,35.75270407000896
hokkaido_19,2023-12-08,1702068113000,5.2086299310427835,-7.681475836936454,35.74946272703867
hokkaido_19,2023-12-20,1703104912000,3.496742941611344,-6.162967649121349,35.76440826274102
hokkaido_19,2024-01-01,1704141711000,2.461980889667361,-5.179573544578784,35.758643327963476
hokkaido_19,2024-01-13,1705178511000,6.883202331254281,-6.568370572574228,35.74820162136836
hokkaido_19,2024-01-25,1706215311000,2.08368630250462,-7.054326701679522,35.74639075054762
hokkaido_19,2024-02-06,1707252110000,0.49591531310215325,-6.396084591907311,35.753402695306825
hokkaido_19,2024-02-18,1708288910000,1.210907014036241,-7.7633723072707985,35.75243169849783
hokkaido_19,2024-03-01,1709325710000,0.41790549539453153,-6.685775061553427,35.7539861227773
hokkaido_19,2024-03-13,1710362510000,2.202461916263323,-7.495153427441607,35.75578684638075
hokkaido_19,2024-03-25,1711399310000,2.6492901912970974,-6.645556254315095,35.75730626478601
hokkaido_19,2024-04-06,1712436111000,3.668726846193181,-7.691891496863416,35.74715000199589
hokkaido_19,2024-04-18,1713472911000,5.545702364206938,-6.577276890044498,35.748934046761285
hokkaido_19,2024-04-30,1714509712000,5.116345857083167,-6.957112828690147,35.74885762002947
hokkaido_19,2024-05-12,1715546511000,3.5854061191166053,-7.1520929650265135,35.74677335850065
hokkaido_19,2024-05-24,1716583311000,5.267891427275339,-6.863099663109218,35.732853848017996
hokkaido_19,2024-06-05,1717620111000,5.156403087680793,-7.334827881764734,35.73514336687421
hokkaido_19,2024-06-17,1718656910000,5.281602896805489,-6.932203174564838,35.74452438601199
hokkaido_19,2024-06-29,1719693710000,4.539481458090861,-8.132543158172473,35.74147135905234
hokkaido_19,2024-07-11,1720730509000,5.29425489499641,-7.685594749364762,35.74109957454181
hokkaido_19,2024-07-23,1721767309000,5.114668934204709,-7.939427190126395,35.74209093584598
hokkaido_19,2024-08-04,1722804109000,6.135404165024993,-6.36633105532841,35.73829297042965
hokkaido_19,2024-08-16,1723840909000,6.020432252459425,-6.272302023858151,35.74720117095604
hokkaido_19,2024-08-28,1724877709000,6.551044733373273,-6.26679570063604,35.751177755747186
hokkaido_19,2024-09-09,1725914510000,5.349666248244523,-6.809652173565046,35.75632305808287
hokkaido_19,2024-09-21,1726951310000,5.263948581499808,-5.801481766593211,35.75582149995547
hokkaido_19,2024-10-03,1727988110000,5.204345601989851,-7.380043225744584,35.75592975998001
hokkaido_19,2024-10-15,1729024910000,5.641266887609066,-7.754992869720851,35.754812416378876
hokkaido_19,2024-10-27,1730061711000,5.716287807199501,-6.227023359135937,35.75255131191678
hokkaido_19,2024-11-08,1731098510000,5.551340844146251,-7.267722830211145,35.75410118549822
hokkaido_19,2024-11-20,1732135309000,4.535213755840509,-7.795408027060332,35.74717478096255
hokkaido_19,2024-12-02,1733172109000,3.860103445115064,-7.174747137941279,35.73904028286336
hokkaido_19,2024-12-14,1734208908000,5.315834712736393,-6.768138915217233,35.735676901901364
hokkaido_19,2024-12-26,1735245707000,4.926691379695156,-7.40178731446607,35.744283566085834
hokkaido_19,2025-01-07,1736282505000,4.240836180373756,-7.03474956521346,35.748496680278
hokkaido_19,2025-01-19,1737319304000,3.548762005716829,-6.462442357707842,35.74913806414363
hokkaido_19,2025-01-31,1738356103000,4.540514426775297,-6.464962434232525,35.751907508350115
hokkaido_19,2025-02-12,1739392903000,5.553100989847529,-6.287722055352716,35.7462992104731
hokkaido_19,2025-02-24,1740429703000,2.0679782625058603,-7.95027149562904,35.75331151553011
hokkaido_19,2025-03-08,1741466503000,2.4589532800986498,-10.585047231478727,35.75229955842476
hokkaido_19,2025-03-20,1742503304000,2.3353042038480267,-11.823593350283616,35.75002179738845
hokkaido_19,2025-04-01,1743540104000,3.7996797656331602,-10.86680547694342,35.74513460537682
hokkaido_19,2025-04-13,1744576904000,5.731456088505317,-7.747128466379834,35.74919064518514
hokkaido_19,2025-04-25,1745613704000,5.821645336429279,-7.0065384520640706,35.73983649521229
hokkaido_19,2025-05-07,1746650504000,5.609076004314463,-6.761794276473658,35.7411587847636
hokkaido_19,2025-05-19,1747687303000,5.037228336958232,-8.420751804326095,35.74265620945777
hokkaido_19,2025-05-31,1748724103000,3.6398848047844954,-8.386577366584289,35.737562272851285
hokkaido_19,2025-06-12,1749760902000,5.209331424892294,-8.87419860417972,35.73258520470151
hokkaido_19,2025-06-24,1750797702000,6.189005458239672,-7.947346321619794,35.73063092785137
hokkaido_19,2025-07-06,1751834501000,5.563306335880022,-8.39045921184113,35.73519158647574
hokkaido_19,2025-07-18,1752871300000,5.580877057219927,-7.778986047859321,35.742101591476306
hokkaido_19,2025-07-30,1753908100000,4.143049921530976,-8.80309587289737,35.74379509487376
hokkaido_19,2025-08-11,1754944900000,4.1149097586035275,-9.34094754094154,35.743319048839126
hokkaido_19,2025-08-23,1755981700000,4.127172468419842,-8.043031502947514,35.745253721262245
hokkaido_19,2025-09-04,1757018500000,4.380048670960646,-8.703451569084473,35.75217641929494
hokkaido_19,2025-09-16,1758055301000,4.472783751235903,-9.126707868684477,35.75740870069528
hokkaido_19,2025-09-28,1759092101000,5.134529377496241,-8.649419020475966,35.75637174023448
hokkaido_19,2025-10-10,1760128901000,3.554157216638027,-9.948483225945912,35.743115074973225
hokkaido_19,2025-10-22,1761165701000,3.7560183276015287,-8.493773421355746,35.74815582660713
hokkaido_19,2025-11-03,1762202501000,3.3867827682059284,-10.128861592295468,35.74569124582443
hokkaido_19,2025-11-15,1763239300000,4.288331893931843,-9.668448951289271,35.74855865080943
hokkaido_19,2025-11-27,1764276099000,2.788496039711626,-10.73009886831811,35.74593267113271
hokkaido_19,2025-12-09,1765312898000,4.720763455652811,-9.305202406276665,35.74033447626798
hokkaido_19,2025-12-21,1766349697000,6.611842461879937,-6.894128903977053,35.737667218630534
hokkaido_19,2026-01-02,1767386495000,3.97670373357099,-8.477771561369538,35.738639495541356
hokkaido_19,2026-01-14,1768423294000,2.8682083313874522,-7.830259421378497,35.74248508491123
hokkaido_19,2026-01-26,1769460094000,2.860474155056343,-8.488499343539333,35.74817525812328
hokkaido_19,2026-02-07,1770496893000,4.029593085113356,-7.192907624067898,35.74959334694963
hokkaido_19,2026-02-19,1771533692000,2.9906835019004974,-7.909018838899429,35.748528184349276
hokkaido_19,2026-03-03,1772570492000,4.599127548484229,-6.624994861849389,35.75043020554683
hokkaido_19,2026-03-15,1773607292000,3.2709396323528352,-7.961725804339241,35.7483376212072
hokkaido_19,2026-04-08,1775680892000,3.9110526152054526,-7.715080696373531,35.749910950034035
hokkaido_19,2026-04-20,1776717693000,6.716779458397195,-6.853357277225011,35.740924833663165
hokkaido_19,2026-05-02,1777754492000,6.009567932716377,-6.815281654017858,35.73723838810789
hokkaido_19,2026-05-14,1778791292000,5.490825972135185,-7.822798184136304,35.734652663792374
hokkaido_20,2017-02-18,1487450457000,4.359918288339729,-10.93284828923041,35.981299264090396
hokkaido_20,2017-03-02,1488487257090,1.6102286446901086,-10.275785526288276,35.98348966489034
hokkaido_20,2017-03-14,1489524057000,3.9890031486410384,-12.136059964855667,35.97345070635711
hokkaido_20,2017-03-26,1490560857000,3.3131479442794114,-12.214355449282374,35.97308335355306
hokkaido_20,2017-04-07,1491597658140,5.0759115450858,-12.045042442450175,35.97679513098859
hokkaido_20,2017-04-19,1492634458760,4.430259896144327,-10.964156234013462,35.9787410389994
hokkaido_20,2017-05-01,1493671259000,5.209163583169246,-11.54626456051817,35.97643635456452
hokkaido_20,2017-05-13,1494708059970,4.4488259112397515,-11.724140364523025,35.9723341405717
hokkaido_20,2017-05-25,1495744860000,5.559943611352608,-10.23474259429281,35.97696395180443
hokkaido_20,2017-06-06,1496781661000,7.453400280960304,-10.209130456837588,35.97254961036531
hokkaido_20,2017-06-18,1497818461000,6.545388321604824,-12.16975717599921,35.97756368547727
hokkaido_20,2017-06-30,1498855262000,7.694882454662619,-12.290885901146218,35.97962020018939
hokkaido_20,2017-07-12,1499892063000,6.092669573666982,-12.669751269185259,35.9771729942473
hokkaido_20,2017-07-24,1500928864000,7.670511446476487,-11.6768264048299,35.9767437212582
hokkaido_20,2017-08-05,1501965664000,6.68815868955465,-12.497325087816213,35.971054681334834
hokkaido_20,2017-08-17,1503002465000,6.599190356455278,-12.081423191490282,35.97837788222873
hokkaido_20,2017-08-29,1504039265000,8.961427294813435,-12.563622487246732,35.97776228869974
hokkaido_20,2017-09-10,1505076066000,8.275157820821324,-11.679570689067853,35.97579255561413
hokkaido_20,2017-09-22,1506112866000,7.729085230313572,-11.566741961390628,35.976212924567015
hokkaido_20,2017-10-04,1507149666000,8.7485742047149,-10.974771092169465,35.97541535083767
hokkaido_20,2017-10-16,1508186467000,8.007123893250824,-10.158694332036784,35.97658762491682
hokkaido_20,2017-10-28,1509223267000,6.285845475496787,-12.534388264850095,35.97551615782457
hokkaido_20,2017-11-09,1510260066000,7.4564437725610295,-10.289021099566906,35.97851299377578
hokkaido_20,2017-11-21,1511296866000,7.673683007263283,-10.355535700326682,35.97287664461666
hokkaido_20,2017-12-03,1512333666000,7.728948245851723,-12.331299258713363,35.97295104510587
hokkaido_20,2017-12-15,1513370465000,5.992103048069122,-12.707297279080855,35.972830999355125
hokkaido_20,2017-12-27,1514407265000,3.5614666800639996,-9.725786520044867,35.98003267716985
hokkaido_20,2018-01-08,1515444064000,6.619146562641225,-13.557720820752635,35.97884663342708
hokkaido_20,2018-01-20,1516480864000,2.213568656532963,-11.349720437692165,35.97207791629875
hokkaido_20,2018-02-01,1517517664000,0.9233272664999218,-10.502344641939429,35.97146594338834
hokkaido_20,2018-02-13,1518554463000,1.290617643490066,-10.32208805799342,35.970909884519656
hokkaido_20,2018-02-25,1519591263000,3.4020714305154756,-11.20676495690208,35.97898325171767
hokkaido_20,2018-03-09,1520628063000,3.255806962808095,-12.041145108646417,35.984498115097296
hokkaido_20,2018-03-21,1521664863000,4.028994453906886,-13.211085432106954,35.98439514853737
hokkaido_20,2018-04-02,1522701664000,6.037152597625448,-12.858014731777658,35.977635906787555
hokkaido_20,2018-04-14,1523738464000,7.296010430041057,-10.460913137544555,35.97515381155125
hokkaido_20,2018-04-26,1524775265000,7.189917673486017,-12.761123037414439,35.97562798929908
hokkaido_20,2018-05-08,1525812065000,8.55956042689441,-10.750095821089884,35.977892941740926
hokkaido_20,2018-05-20,1526848866000,7.828036417401471,-11.568462265170862,35.97965516776322
hokkaido_20,2018-06-01,1527885667000,7.394109114273418,-11.363407729293112,35.981016009907506
hokkaido_20,2018-06-13,1528922468000,9.372964259967686,-9.829673935780052,35.97198612200809
hokkaido_20,2018-06-25,1529959268000,8.930911729301425,-12.19706235560398,35.97339000601477
hokkaido_20,2018-07-19,1532032870000,9.190600297591683,-11.315274161357893,35.98039239671496
hokkaido_20,2018-07-31,1533069670000,9.168537007279363,-11.220386270839173,35.982392163115584
hokkaido_20,2018-08-12,1534106471000,9.307154798484303,-12.32102054756672,35.9757129770997
hokkaido_20,2018-08-24,1535143272000,10.2220349991594,-12.928171209637007,35.96469629075795
hokkaido_20,2018-09-05,1536180072000,10.77288615477247,-9.195402474030399,35.97522742685647
hokkaido_20,2018-09-17,1537216873000,9.305909827530584,-10.685145712005909,35.97833876022184
hokkaido_20,2018-09-29,1538253673000,8.716170183491686,-11.316947399512838,35.9780470090924
hokkaido_20,2018-10-11,1539290473000,8.11510720716736,-9.570099962928781,35.97374147590797
hokkaido_20,2018-10-23,1540327273000,8.31085918902997,-10.362495188687527,35.9741769121999
hokkaido_20,2018-11-04,1541364073000,10.286856792536772,-9.461077833716125,35.973854051072585
hokkaido_20,2018-11-16,1542400873000,8.87387817806133,-8.431183918459507,35.978006032174314
hokkaido_20,2018-11-28,1543437672000,5.360954794108401,-9.295788065534708,35.979760454405316
hokkaido_20,2018-12-10,1544474472000,2.9943739358587482,-10.243663298898202,35.97458014466061
hokkaido_20,2018-12-22,1545511272000,8.790264754140491,-11.616426907327677,35.96988480889674
hokkaido_20,2019-01-03,1546548071000,7.006491343241408,-13.15577127636328,35.97252456112364
hokkaido_20,2019-01-15,1547584871000,2.574007134790974,-11.792967126989009,35.979267224335516
hokkaido_20,2019-01-27,1548621671000,5.190022199721607,-10.353065449190982,35.97509720474271
hokkaido_20,2019-02-08,1549658470000,4.876904570981677,-8.918747368312015,35.97649822829465
hokkaido_20,2019-02-20,1550695270000,5.124349730228403,-10.612101159293204,35.971852674923696
hokkaido_20,2019-03-04,1551732070000,5.378821970307939,-12.21663597363906,35.96796462568623
hokkaido_20,2019-03-16,1552768870000,5.068646465690254,-13.51211235665796,35.97795435145908
hokkaido_20,2019-03-28,1553805670000,5.038467128681615,-11.582464345058057,35.97793177550417
hokkaido_20,2019-04-09,1554842470000,7.331339528504656,-9.879164113253248,35.979765803158024
hokkaido_20,2019-04-21,1555879271000,4.997312743298429,-11.891923553476213,35.97154778727279
hokkaido_20,2019-05-03,1556916071000,6.615003215751751,-10.373238551451937,35.96833679948893
hokkaido_20,2019-05-15,1557952872000,6.526107259734827,-10.550727934155232,35.973693055242386
hokkaido_20,2019-06-08,1560026473000,8.187703663135895,-9.815074395868514,35.98210628604291
hokkaido_20,2019-06-20,1561063274000,9.517204144248606,-9.454926954297157,35.97821136952893
hokkaido_20,2019-07-02,1562100075000,9.68166450287302,-11.03014222291519,35.97226280719796
hokkaido_20,2019-07-14,1563136875000,10.029564589952255,-11.375179914772334,35.974047009937685
hokkaido_20,2019-07-26,1564173676000,11.538851705492394,-10.134890250155633,35.9794477957038
hokkaido_20,2019-08-07,1565210477000,10.162056839084372,-9.999750678147207,35.978515668900215
hokkaido_20,2019-08-19,1566247278000,11.44481997452589,-10.449024558623744,35.973621497850566
hokkaido_20,2019-09-12,1568320879000,9.394439796828562,-12.105543277320688,35.977810724871624
hokkaido_20,2019-09-24,1569357679000,11.552963806230197,-10.902679551806834,35.97304653397749
hokkaido_20,2019-10-06,1570394480000,10.677333256408685,-10.649244517062584,35.97726886402477
hokkaido_20,2019-10-18,1571431279000,10.318311314737922,-11.429518143653649,35.979186573309796
hokkaido_20,2019-10-30,1572468080000,9.893923497995264,-11.853384797475721,35.97368212342383
hokkaido_20,2019-11-11,1573504880000,10.887480379508244,-10.438956803003897,35.971944541761744
hokkaido_20,2019-11-23,1574541679000,9.82205664374844,-11.76496495071767,35.97405884205632
hokkaido_20,2019-12-05,1575578479000,6.695306201196053,-10.639383025241164,35.98024226921115
hokkaido_20,2019-12-17,1576615278000,9.653016038932442,-11.060994403442807,35.97639740144364
hokkaido_20,2019-12-29,1577652078000,3.948998232175465,-10.74847592691927,35.97129421492453
hokkaido_20,2020-01-10,1578688877000,2.4680483420775823,-12.985728659326604,35.968773987791096
hokkaido_20,2020-01-22,1579725677000,2.6649055229131915,-9.795394106612704,35.972296409491236
hokkaido_20,2020-02-03,1580762477000,2.9188592696516635,-12.352970516578727,36.09689328663754
hokkaido_20,2020-02-15,1581799276000,3.913533184280038,-11.443241708059618,36.10013349960192
hokkaido_20,2020-02-27,1582836076000,2.814577845982742,-11.49631622650801,36.09765453597156
hokkaido_20,2020-03-10,1583872876000,5.924160310697928,-10.980841238440599,36.089269430078325
hokkaido_20,2020-03-22,1584909676000,4.655193076795285,-11.52450682986778,36.090370355722214
hokkaido_20,2020-04-03,1585946477000,2.7381085863513364,-12.22981186758967,36.09683273102645
hokkaido_20,2020-04-15,1586983277000,2.2302630024261676,-10.77288621495129,36.09981656016608
hokkaido_20,2020-04-27,1588020078000,6.085607851460293,-9.094486166136141,36.098813961654436
hokkaido_20,2020-05-09,1589056878000,8.860760904188314,-9.301663962193658,36.10012010109765
hokkaido_20,2020-05-21,1590093679000,9.389946005219699,-11.12088189224959,36.0952792316133
hokkaido_20,2020-06-02,1591130479000,9.251440683825596,-10.629496374690275,36.09857705905401
hokkaido_20,2020-06-14,1592167280000,9.036164123146548,-10.709080865786108,36.09616935453474
hokkaido_20,2020-06-26,1593204081000,10.251499249315785,-9.366508433412696,36.10020476560376
hokkaido_20,2020-07-08,1594240882000,8.818334923345304,-8.986793998890771,36.09928499232983
hokkaido_20,2020-07-20,1595277682000,8.20644204462749,-9.506504494817252,36.09312849250907
hokkaido_20,2020-08-01,1596314483000,8.531665721319797,-9.682527041961697,36.09084023583708
hokkaido_20,2020-08-13,1597351284000,7.911596523826643,-8.744040197094048,36.09832067601459
hokkaido_20,2020-08-25,1598388085000,7.475308673756218,-9.091270145347762,36.096976878762426
hokkaido_20,2020-09-06,1599424885000,8.783939246980745,-8.114997746604589,36.0948358883609
hokkaido_20,2020-09-18,1600461685000,8.386167274565405,-8.52291539718291,36.09276633820277
hokkaido_20,2020-09-30,1601498486000,9.828331942144443,-10.188920008089934,36.095223929300715
hokkaido_20,2020-10-12,1602535286000,10.474138293184248,-10.644064517997597,36.09425204435118
hokkaido_20,2020-10-24,1603572086000,7.9679217787881464,-11.312105153523495,36.097952107307265
hokkaido_20,2020-11-05,1604608886000,7.409455077378449,-9.97034417906072,36.093496202313865
hokkaido_20,2020-11-17,1605645686000,6.097093315196015,-12.401625447976413,36.091868609804095
hokkaido_20,2020-11-29,1606682485000,5.286220117431905,-10.560602003163055,36.09370606970271
hokkaido_20,2020-12-11,1607719285000,5.7637463486779374,-11.898000672707388,36.09406318309765
hokkaido_20,2020-12-23,1608756084000,7.052943073056003,-11.88166453142239,36.098774221401015
hokkaido_20,2021-01-04,1609792884000,3.802063690729972,-10.870929885133394,36.09741628355637
hokkaido_20,2021-01-16,1610829683000,3.9333528535139397,-11.261202499645849,36.09380258315017
hokkaido_20,2021-01-28,1611866483000,1.5504501043342984,-11.167399577138086,36.08723149479798
hokkaido_20,2021-02-09,1612903282000,3.988560440661474,-9.74788199734074,36.088629149466215
hokkaido_20,2021-02-21,1613940082000,6.209490712864724,-12.05025627212169,36.09992460111555
hokkaido_20,2021-03-05,1614976882000,5.678812155763866,-12.144475421525696,36.10353118523341
hokkaido_20,2021-03-17,1616013682000,7.653545084820084,-11.596453655537895,36.10296143130242
hokkaido_20,2021-03-29,1617050482000,6.636303814368482,-13.746215487215927,36.09444947977295
hokkaido_20,2021-04-10,1618087283000,3.843198215992152,-10.269181365542302,36.09416018666896
hokkaido_20,2021-04-22,1619124083000,7.563094207270818,-10.462908874884354,36.09820562497534
hokkaido_20,2021-05-04,1620160884000,8.080762459717498,-10.781564164229898,36.10000665629209
hokkaido_20,2021-05-16,1621197684000,7.116222275154322,-9.085630145503446,36.099070440520904
hokkaido_20,2021-05-28,1622234485000,6.171736992388206,-9.741545751968648,36.09493707461414
hokkaido_20,2021-06-09,1623271286000,6.763412020121643,-11.642452864159894,36.093494140051405
hokkaido_20,2021-06-21,1624308087000,7.215547049995708,-10.759946843919092,36.094986691534686
hokkaido_20,2021-07-03,1625344887000,5.5685811201854865,-11.523309909036735,36.09717893590831
hokkaido_20,2021-07-15,1626381688000,6.6607838704861555,-11.822773399981786,36.09803622288847
hokkaido_20,2021-07-27,1627418489000,5.5177891139500055,-10.596967414150738,36.103521779954946
hokkaido_20,2021-08-08,1628455289000,5.459778704217501,-9.200438017498286,36.094202046638216
hokkaido_20,2021-08-20,1629492090000,5.854605689140494,-9.907009289371421,36.09242013731172
hokkaido_20,2021-09-01,1630528905000,5.968229674137829,-9.402066666084375,35.607828159532744
hokkaido_20,2021-09-13,1631565705000,6.348413302759175,-10.296465549590641,35.604086922539594
hokkaido_20,2021-09-25,1632602506000,6.133979052226473,-11.207802923328792,35.60001851650506
hokkaido_20,2021-10-07,1633639303000,5.639981301157844,-10.95301924648439,35.74001546644557
hokkaido_20,2021-10-19,1634676103000,11.298585964943387,-10.86512782997572,35.7377893297245
hokkaido_20,2021-10-31,1635712903000,6.604678638954159,-11.459158982330614,35.741494155849885
hokkaido_20,2021-11-12,1636749703000,6.107914832536759,-11.857258345852935,35.74339148212525
hokkaido_20,2021-11-24,1637786503000,4.961426722467416,-11.351522622785673,35.73776697389421
hokkaido_20,2021-12-06,1638823302000,6.541346586203818,-11.25703131623507,35.73767946799821
hokkaido_20,2021-12-18,1639860102000,5.2550794684274935,-10.693093365502031,35.73596464776193
hokkaido_20,2021-12-30,1640896901000,4.241946944972284,-9.891136396611987,35.74330306747584
hokkaido_20,2022-01-11,1641933701000,3.1614148745118125,-12.153705942758577,35.74197233920387
hokkaido_20,2022-01-23,1642970500000,2.5669497258267135,-9.507582345644932,35.741750688649184
hokkaido_20,2022-02-04,1644007299000,3.309217233036668,-8.41253696582075,35.7428450313558
hokkaido_20,2022-02-16,1645044099000,3.341449576101894,-10.318328276132728,35.740934457455396
hokkaido_20,2022-02-28,1646080899000,3.915567989688219,-9.248671030624857,35.739533282521286
hokkaido_20,2022-03-12,1647117699000,0.8468636863420188,-13.24791921280253,35.745309712479006
hokkaido_20,2022-03-24,1648154500000,4.417734093481615,-14.075806017699998,35.74454789635822
hokkaido_20,2022-04-05,1649191300000,6.002913824063633,-10.93525529213153,35.74552225483435
hokkaido_20,2022-04-17,1650228100000,5.9544615685028495,-10.97972654499388,35.741070755273036
hokkaido_20,2022-04-29,1651264901000,5.327094763769918,-11.465053563531992,35.740938074493876
hokkaido_20,2022-05-11,1652301701000,5.133829070463582,-10.554082792016372,35.74307626048634
hokkaido_20,2022-06-04,1654375303000,6.1805436859210765,-10.13550344475656,35.74165886757563
hokkaido_20,2022-06-16,1655412104000,6.272903188848829,-10.696859411695309,35.74482031751633
hokkaido_20,2022-06-28,1656448905000,6.608506227555091,-11.20580613169575,35.737399870710064
hokkaido_20,2022-07-10,1657485705000,5.910783227980175,-11.316156664608945,35.73893339834751
hokkaido_20,2022-07-22,1658522506000,10.078754841217027,-9.644384409188175,35.74454777413325
hokkaido_20,2022-08-03,1659559307000,6.3030618107683285,-10.238319209568859,35.74272010003131
hokkaido_20,2022-08-15,1660596108000,7.528039578105077,-10.555315369476409,35.74224538965002
hokkaido_20,2022-08-27,1661632908000,5.177140723396064,-10.051716200485938,35.73950863694353
hokkaido_20,2022-09-08,1662669709000,6.1877619237687735,-11.241132189133356,35.7327407691974
hokkaido_20,2022-09-20,1663706508000,6.3814575223864995,-9.051507448780097,35.75809660802034
hokkaido_20,2022-10-02,1664743309000,6.25741578055239,-9.216644471656517,35.74283284930864
hokkaido_20,2022-10-14,1665780109000,6.476231771607412,-8.8793310405867,35.743596139772976
hokkaido_20,2022-10-26,1666816909000,7.792088540513378,-9.824764596397369,35.73388168313365
hokkaido_20,2022-11-07,1667853709000,7.069183438875904,-9.483225355803265,35.742942206520915
hokkaido_20,2022-11-19,1668890509000,8.42206650190133,-9.750268742512596,35.73912690624462
hokkaido_20,2022-12-01,1669927308000,4.270250964857607,-9.490934099666777,35.745098366678455
hokkaido_20,2022-12-13,1670964108000,4.918640446995999,-11.447989482498842,35.74100185095397
hokkaido_20,2022-12-25,1672000907000,4.2947197019037215,-11.12070167480012,35.740790630720284
hokkaido_20,2023-01-06,1673037706000,5.693325185734513,-9.411111667955488,35.737785004259905
hokkaido_20,2023-01-18,1674074505000,3.9037369899028174,-9.03342871213149,35.75789012207082
hokkaido_20,2023-01-30,1675111306000,2.7370273706144097,-10.418871059144854,35.738037978137086
hokkaido_20,2023-02-11,1676148105000,4.9701087175333,-10.709391487421827,35.74371956225181
hokkaido_20,2023-02-23,1677184905000,4.116672984263572,-10.611177853863472,35.7478777002291
hokkaido_20,2023-03-07,1678221705000,4.119134431317887,-12.171835610898919,35.74147589179734
hokkaido_20,2023-03-19,1679258505000,4.677135720125386,-10.21326203801385,35.74180209229773
hokkaido_20,2023-03-31,1680295305000,4.6552534520027065,-9.712932267927396,35.74309513834644
hokkaido_20,2023-04-12,1681332106000,5.464775695485671,-11.168539094784599,35.74334570054023
hokkaido_20,2023-04-24,1682368906000,4.90593795227768,-10.243603786475601,35.742603444513854
hokkaido_20,2023-05-06,1683405707000,5.289366070578713,-10.080904444363826,35.734388989794724
hokkaido_20,2023-05-18,1684442508000,4.649702545344251,-12.218382809042675,35.734037965217084
hokkaido_20,2023-05-30,1685479308000,5.58433487192257,-10.673043306095783,35.73460276934439
hokkaido_20,2023-06-11,1686516109000,5.4406811586083155,-9.788775982975777,35.74380778686968
hokkaido_20,2023-06-23,1687552909000,4.732025549474035,-11.256598117600124,35.73968525611852
hokkaido_20,2023-07-05,1688589710000,5.915340961058542,-9.704786293500248,35.74146472928597
hokkaido_20,2023-07-17,1689626511000,5.910501016669516,-9.791642882908894,35.73908897939354
hokkaido_20,2023-07-29,1690663311000,5.778347468030108,-10.667560824011128,35.7397116204464
hokkaido_20,2023-08-10,1691700111000,4.969089510230791,-10.81945664087643,35.758450646339725
hokkaido_20,2023-08-22,1692736913000,5.429825306424209,-10.891060543658481,35.74688825188971
hokkaido_20,2023-09-03,1693773714000,5.161015763513785,-11.13429721092773,35.7394708567918
hokkaido_20,2023-09-15,1694810514000,5.152816983285363,-11.050302672576365,35.73700608147516
hokkaido_20,2023-09-27,1695847314000,6.0449815733235015,-10.574411827785388,35.74243590497219
hokkaido_20,2023-10-09,1696884114000,5.024577725525594,-10.836529518340837,35.74776403749443
hokkaido_20,2023-10-21,1697920914000,4.5162378813137565,-9.71446570552475,35.7388554204839
hokkaido_20,2023-11-02,1698957714000,4.944899782740453,-11.482024622633972,35.743136855820275
hokkaido_20,2023-11-14,1699994514000,4.70132952663415,-10.683249493295266,35.73451120087594
hokkaido_20,2023-11-26,1701031313000,4.900845126738453,-10.470761542683467,35.74298697038128
hokkaido_20,2023-12-08,1702068113000,3.9402543969566084,-12.033058185200847,35.739745438942485
hokkaido_20,2023-12-20,1703104912000,3.1036363097100748,-11.036689122454387,35.75469961305043
hokkaido_20,2024-01-01,1704141711000,5.675390013487241,-9.148520851040916,35.74893074530057
hokkaido_20,2024-01-13,1705178511000,3.373684976149732,-11.060090041376272,35.73848180896231
hokkaido_20,2024-01-25,1706215311000,2.2324835427595495,-11.200033115898448,35.73666954464811
hokkaido_20,2024-02-06,1707252110000,4.563840364037182,-11.024810679629262,35.74368156919102
hokkaido_20,2024-02-18,1708288910000,5.864521259007056,-10.952224074189497,35.74271286023081
hokkaido_20,2024-03-01,1709325710000,4.81918393995788,-10.644685266193994,35.744267371442824
hokkaido_20,2024-03-13,1710362510000,3.1137111477652377,-10.117906384714955,35.74607114795727
hokkaido_20,2024-03-25,1711399310000,4.362990095326134,-13.139189351989419,35.74758602826944
hokkaido_20,2024-04-06,1712436111000,5.462721867756749,-10.839396379532698,35.73742506170621
hokkaido_20,2024-04-18,1713472911000,5.841701513158579,-10.43713005868919,35.739212510080044
hokkaido_20,2024-04-30,1714509712000,6.157336839339473,-9.40441248508711,35.73913564421651
hokkaido_20,2024-05-12,1715546511000,7.433221433514074,-9.13165983535477,35.73705046241609
hokkaido_20,2024-05-24,1716583311000,6.355847411586313,-9.39408913559521,35.72312083421502
hokkaido_20,2024-06-05,1717620111000,5.995254538360687,-9.403255668160165,35.725413615011725
hokkaido_20,2024-06-17,1718656910000,6.725049423048037,-9.530970378016217,35.734829560743876
hokkaido_20,2024-06-29,1719693710000,5.978958667030135,-9.045482261711843,35.73174513552395
hokkaido_20,2024-07-11,1720730509000,6.127632905241366,-9.631197881647864,35.73137122029006
hokkaido_20,2024-07-23,1721767309000,6.374391216016773,-10.466683150236797,35.73236392136052
hokkaido_20,2024-08-04,1722804109000,7.770150665899765,-10.477909114444072,35.72856237123161
hokkaido_20,2024-08-16,1723840909000,7.4196530163931085,-11.374616994361643,35.73747701317374
hokkaido_20,2024-08-28,1724877709000,8.658649615010361,-10.815640624061798,35.741455882841905
hokkaido_20,2024-09-09,1725914510000,8.065982661479989,-11.28950320522279,35.74660482699344
hokkaido_20,2024-09-21,1726951310000,7.6459449290015495,-10.725154175981295,35.74610422864849
hokkaido_20,2024-10-03,1727988110000,9.32495425151851,-9.626513735510606,35.74621309079765
hokkaido_20,2024-10-15,1729024910000,8.642380204310792,-11.502492866886099,35.7450962386533
hokkaido_20,2024-10-27,1730061711000,8.953574245762196,-9.17678690975751,35.74283557853313
hokkaido_20,2024-11-08,1731098510000,9.012382083256762,-10.33490128717243,35.74438453536779
hokkaido_20,2024-11-20,1732135309000,5.042110118552899,-10.591875533044258,35.73745315301917
hokkaido_20,2024-12-02,1733172109000,9.011031154693988,-10.860521990730396,35.72931386081497
hokkaido_20,2024-12-14,1734208908000,3.3398636699610385,-9.410043446382026,35.72594909282257
hokkaido_20,2024-12-26,1735245707000,6.051345139876587,-10.533609079704053,35.73456408049094
hokkaido_20,2025-01-07,1736282505000,2.422265576409094,-11.940635188172081,35.73877566364029
hokkaido_20,2025-01-19,1737319304000,7.831716113453764,-11.069200980926256,35.739418742726166
hokkaido_20,2025-01-31,1738356103000,5.739366417738514,-10.331035211257882,35.74218874844638
hokkaido_20,2025-02-12,1739392903000,9.391768092869992,-8.945431182704095,35.73657716670354
hokkaido_20,2025-02-24,1740429703000,5.139229431540555,-9.52562300051984,35.74359110506099
hokkaido_20,2025-03-08,1741466503000,3.007628703449069,-8.861406051699017,35.74257968941121
hokkaido_20,2025-03-20,1742503304000,4.2062144431186015,-9.919085382088157,35.740299183213416
hokkaido_20,2025-04-01,1743540104000,6.324593254086838,-9.599447024626771,35.73541197626457
hokkaido_20,2025-04-13,1744576904000,7.267273351977647,-10.181333960958675,35.73946705725337
hokkaido_20,2025-04-25,1745613704000,7.6876318335671066,-12.05082117502548,35.73010960663233
hokkaido_20,2025-05-07,1746650504000,8.159257818385802,-10.61992661897488,35.73143287809861
hokkaido_20,2025-05-19,1747687303000,6.758661035420176,-12.108562345681465,35.73293152240793
hokkaido_20,2025-05-31,1748724103000,8.858158889538934,-10.950817685311831,35.727833459256885
hokkaido_20,2025-06-12,1749760902000,8.140225661043832,-9.662426776368587,35.72285111963725
hokkaido_20,2025-06-24,1750797702000,7.545702440227053,-11.720427477182021,35.7208969674497
hokkaido_20,2025-07-06,1751834501000,7.491059637987493,-12.748976229616915,35.725459120985434
hokkaido_20,2025-07-18,1752871300000,8.883214568358651,-10.200488537833147,35.7323765348184
hokkaido_20,2025-07-30,1753908100000,8.270624446074113,-9.852135813014556,35.73407119609006
hokkaido_20,2025-08-11,1754944900000,6.9232213097972926,-11.203254577830263,35.733592812788956
hokkaido_20,2025-08-23,1755981700000,7.596466653206435,-10.172406654674752,35.73552857200851
hokkaido_20,2025-09-04,1757018500000,7.602015292693272,-10.303616437708625,35.742454168771495
hokkaido_20,2025-09-16,1758055301000,6.4297794514162705,-11.612904619184977,35.74769362324416
hokkaido_20,2025-09-28,1759092101000,7.980928756823008,-11.77939572660762,35.74665326622242
hokkaido_20,2025-10-10,1760128901000,6.209284967575022,-11.467178195951355,35.73339005829353
hokkaido_20,2025-10-22,1761165701000,7.870992636793163,-11.075511466287066,35.73843575988745
hokkaido_20,2025-11-03,1762202501000,6.5937492679465235,-10.797238486337196,35.73596887557688
hokkaido_20,2025-11-15,1763239300000,7.017577902369151,-10.645012242033985,35.73884186789976
hokkaido_20,2025-11-27,1764276099000,5.597900728466102,-10.333370778647838,35.73621226378162
hokkaido_20,2025-12-09,1765312898000,3.276927975438676,-10.059153520898503,35.73060824692851
hokkaido_20,2025-12-21,1766349697000,6.233197039804207,-12.104954272795966,35.727942395543096
hokkaido_20,2026-01-02,1767386495000,4.56825182602456,-11.065706051032802,35.728914290528145
hokkaido_20,2026-01-14,1768423294000,4.002487507293418,-10.805024255273015,35.73275896554042
hokkaido_20,2026-01-26,1769460094000,2.794812055295646,-9.475482018614882,35.738453920356285
hokkaido_20,2026-02-07,1770496893000,2.2520410972536404,-10.683895028437258,35.73987378917694
hokkaido_20,2026-02-19,1771533692000,3.6295033565044434,-10.503318454629797,35.73880575354501
hokkaido_20,2026-03-03,1772570492000,3.4308532585253926,-9.885984874563459,35.7407088474785
hokkaido_20,2026-03-15,1773607292000,5.08017125430893,-11.752728722078388,35.738614051821926
hokkaido_20,2026-04-08,1775680892000,4.337342470936316,-9.63703475307362,35.74019046705597
hokkaido_20,2026-04-20,1776717693000,6.793457758814504,-8.701998455341421,35.73120001798495
hokkaido_20,2026-05-02,1777754492000,7.713877976268898,-9.552758009354514,35.72751042144468
hokkaido_20,2026-05-14,1778791292000,7.204221892220298,-10.6148043015739,35.72492407210527
hokkaido_21,2017-02-18,1487450457000,1.4781932231616555,-6.979706754641827,35.99424232046812
hokkaido_21,2017-03-02,1488487257090,2.70297564630536,-6.477058000696289,35.99643256475542
hokkaido_21,2017-03-14,1489524057000,3.0786920962835644,-5.1871829475638584,35.98639520169942
hokkaido_21,2017-03-26,1490560857000,6.6228655523584035,-3.6978211306717466,35.98602651885062
hokkaido_21,2017-04-07,1491597658140,8.455875442454108,-3.3311838731204997,35.98973872916851
hokkaido_21,2017-04-19,1492634458760,8.493854247603956,-3.0980806785703754,35.99168666515224
hokkaido_21,2017-05-01,1493671259000,7.792763453696205,-3.5362234294867734,35.98938087905641
hokkaido_21,2017-05-13,1494708059970,8.050056429057483,-4.16729150910691,35.98527732114073
hokkaido_21,2017-05-25,1495744860000,8.001881872402185,-3.7130983257285584,35.989908414632104
hokkaido_21,2017-06-06,1496781661000,9.4078458595544,-2.8332483293155137,35.98549408113114
hokkaido_21,2017-06-18,1497818461000,8.928830853778576,-3.195063630136062,35.99050712893832
hokkaido_21,2017-06-30,1498855262000,9.108843942139321,-3.081413199103804,35.992563153661855
hokkaido_21,2017-07-12,1499892063000,8.557967636316652,-3.6543427114119336,35.99011654487025
hokkaido_21,2017-07-24,1500928864000,9.3809020876716,-3.223366540468703,35.9896857985865
hokkaido_21,2017-08-05,1501965664000,9.753396688917523,-3.305127066056522,35.98400239936748
hokkaido_21,2017-08-17,1503002465000,9.974914588063328,-3.459260189080262,35.991319966422274
hokkaido_21,2017-08-29,1504039265000,9.597741469388412,-3.8730965851619326,35.99070493116819
hokkaido_21,2017-09-10,1505076066000,8.820446366404758,-3.9233692375377704,35.98873579118959
hokkaido_21,2017-09-22,1506112866000,8.853795111698238,-4.0137887585176975,35.98915557584064
hokkaido_21,2017-10-04,1507149666000,8.684937957908508,-4.586493216188591,35.98835857267108
hokkaido_21,2017-10-16,1508186467000,9.769782301255134,-4.415036174939159,35.98952986977317
hokkaido_21,2017-10-28,1509223267000,9.107526902449766,-4.883335436998683,35.988459442052374
hokkaido_21,2017-11-09,1510260066000,8.04785298914841,-4.952707256167114,35.99145577366916
hokkaido_21,2017-11-21,1511296866000,4.7484822348975255,-3.985419456337907,35.98581930757772
hokkaido_21,2017-12-03,1512333666000,5.046641395544546,-4.920146450702848,35.985895823989175
hokkaido_21,2017-12-15,1513370465000,4.941893913198487,-4.379619428967624,35.985773583899324
hokkaido_21,2017-12-27,1514407265000,6.060314500617322,-3.8075326437384565,35.99297287603822
hokkaido_21,2018-01-08,1515444064000,8.687050580286943,-5.6842825510387645,35.99178945471653
hokkaido_21,2018-01-20,1516480864000,5.00854623160153,-3.842416275057732,35.985020520590325
hokkaido_21,2018-02-01,1517517664000,5.334960097768993,-5.046857221857909,35.9844101636046
hokkaido_21,2018-02-13,1518554463000,2.828809375671346,-6.715528426690402,35.98385358454242
hokkaido_21,2018-02-25,1519591263000,2.6902226808200562,-5.348765620878226,35.99192644513675
hokkaido_21,2018-03-09,1520628063000,5.130475208899359,-6.20334455153025,35.997440812177764
hokkaido_21,2018-03-21,1521664863000,2.231533779084957,-5.293040220323294,35.99733677914268
hokkaido_21,2018-04-02,1522701664000,5.969217665997607,-5.325562556776062,35.99057990557263
hokkaido_21,2018-04-14,1523738464000,10.156086283751664,-5.880472324973161,35.98809642753216
hokkaido_21,2018-04-26,1524775265000,9.49038496087659,-4.766327317976476,35.98857293402657
hokkaido_21,2018-05-08,1525812065000,10.542455457611233,-3.7071820024932425,35.990835627546204
hokkaido_21,2018-05-20,1526848866000,8.195762497847362,-4.214298915103385,35.992597714819084
hokkaido_21,2018-06-01,1527885667000,8.908715396108937,-4.096418393235936,35.99395882370783
hokkaido_21,2018-06-13,1528922468000,10.052535057642865,-2.4303924404170756,35.984932752667056
hokkaido_21,2018-06-25,1529959268000,10.919780854414364,-1.866305254320201,35.98633272437331
hokkaido_21,2018-07-19,1532032870000,10.25183495161777,-4.3400378828952295,35.99333566529603
hokkaido_21,2018-07-31,1533069670000,9.788682820818966,-3.793462362646668,35.995333500101104
hokkaido_21,2018-08-12,1534106471000,11.012926287899369,-3.6963417227025914,35.98865830888632
hokkaido_21,2018-08-24,1535143272000,10.941119796467424,-4.8123566362818755,35.977546566279244
hokkaido_21,2018-09-05,1536180072000,8.474562405120292,-3.720667938908142,35.988173242192445
hokkaido_21,2018-09-17,1537216873000,7.724838657270654,-4.052925757074988,35.99128076281087
hokkaido_21,2018-09-29,1538253673000,8.263146406078281,-3.939707188416495,35.99098936106004
hokkaido_21,2018-10-11,1539290473000,7.825350951550234,-5.34329891677271,35.98668469012592
hokkaido_21,2018-10-23,1540327273000,5.908166651904668,-4.1552619403215205,35.9871203975485
hokkaido_21,2018-11-04,1541364073000,4.924424908695956,-3.6579811678249397,35.98679750388163
hokkaido_21,2018-11-16,1542400873000,4.694938266613114,-4.214191131059631,35.99094998629239
hokkaido_21,2018-11-28,1543437672000,6.01453625652141,-4.204056401874801,35.992702983711254
hokkaido_21,2018-12-10,1544474472000,6.6407330691322235,-2.561249630537058,35.98752383950697
hokkaido_21,2018-12-22,1545511272000,5.83638698194901,-3.880529530745232,35.98282981015255
hokkaido_21,2019-01-03,1546548071000,6.1092734556356545,-3.682970109448675,35.9854678637382
hokkaido_21,2019-01-15,1547584871000,4.504934853589044,-3.572368185430705,35.9922085844659
hokkaido_21,2019-01-27,1548621671000,3.8770671618790096,-2.8657987582360276,35.98803913971619
hokkaido_21,2019-02-08,1549658470000,4.247077316680214,-1.7512961939904759,35.98944063365784
hokkaido_21,2019-02-20,1550695270000,6.637719721655497,-5.698817927278778,35.984796775612914
hokkaido_21,2019-03-04,1551732070000,9.11761021636426,-4.0157328127954335,35.98091071709073
hokkaido_21,2019-03-16,1552768870000,5.459318239528589,-5.785829068044735,35.990896230370105
hokkaido_21,2019-03-28,1553805670000,5.421352117708583,-4.923585030162473,35.99087432149108
hokkaido_21,2019-04-09,1554842470000,5.778008111371434,-4.996620296452059,35.99270999306127
hokkaido_21,2019-04-21,1555879271000,5.710394837286736,-3.555930064873356,35.98449235881051
hokkaido_21,2019-05-03,1556916071000,5.317282967847817,-4.3456778302395,35.98128168725427
hokkaido_21,2019-05-15,1557952872000,7.299975493968891,-5.1701186251299065,35.986637970377366
hokkaido_21,2019-06-08,1560026473000,9.131860332023805,-4.4248741700689935,35.995048945348515
hokkaido_21,2019-06-20,1561063274000,8.678984258604405,-5.450844709167627,35.991154103994525
hokkaido_21,2019-07-02,1562100075000,10.371788359573403,-4.041491808891731,35.9852074906591
hokkaido_21,2019-07-14,1563136875000,9.335614807455485,-4.46355352721082,35.986991522432575
hokkaido_21,2019-07-26,1564173676000,10.21200251641624,-5.281485786448262,35.99238969282951
hokkaido_21,2019-08-07,1565210477000,8.537551456982975,-4.705458358323329,35.99145873178981
hokkaido_21,2019-08-19,1566247278000,9.227570793607878,-5.4028165305305915,35.98656619139392
hokkaido_21,2019-09-12,1568320879000,9.268568429724294,-4.967712764279993,35.990753547273414
hokkaido_21,2019-09-24,1569357679000,9.43410954369138,-5.414006606920365,35.98599006315358
hokkaido_21,2019-10-06,1570394480000,8.741370999862724,-4.709012049040958,35.99021152302215
hokkaido_21,2019-10-18,1571431279000,6.936727242215328,-5.8638551843639375,35.99212938998412
hokkaido_21,2019-10-30,1572468080000,7.50115534986996,-5.206085613326018,35.986625743085774
hokkaido_21,2019-11-11,1573504880000,8.556044319002721,-7.112904050443988,35.984889103460496
hokkaido_21,2019-11-23,1574541679000,7.774958637099878,-5.314466519856791,35.98700137164393
hokkaido_21,2019-12-05,1575578479000,3.9134109748400037,-4.2984214008055135,35.99318351260391
hokkaido_21,2019-12-17,1576615278000,7.399361218071678,-4.433560507194516,35.98933905653338
hokkaido_21,2019-12-29,1577652078000,6.297851248070534,-3.9860776077172715,35.98423905209523
hokkaido_21,2020-01-10,1578688877000,5.47844039327615,-3.39876845369624,35.981718310696294
hokkaido_21,2020-01-22,1579725677000,6.629588855786625,-3.2200476069667663,35.98523879200492
hokkaido_21,2020-02-03,1580762477000,5.850690986768688,-3.993141469537695,36.109997443782476
hokkaido_21,2020-02-15,1581799276000,5.409803524741319,-3.704610831858305,36.11323648091033
hokkaido_21,2020-02-27,1582836076000,3.752105597407285,-4.807573841805712,36.11075700172953
hokkaido_21,2020-03-10,1583872876000,11.971738619881702,-5.528531118764546,36.102372076133314
hokkaido_21,2020-03-22,1584909676000,7.17152296789428,-4.8138590703104525,36.103474113070924
hokkaido_21,2020-04-03,1585946477000,8.521182365650894,-5.012569024341503,36.1099356146397
hokkaido_21,2020-04-15,1586983277000,8.381843722085769,-4.817593792222211,36.112918852989274
hokkaido_21,2020-04-27,1588020078000,10.74967445173041,-4.929743555107342,36.11191591121432
hokkaido_21,2020-05-09,1589056878000,9.898432914904877,-4.679585972931289,36.11322242858602
hokkaido_21,2020-05-21,1590093679000,10.30211024944252,-3.9376754186312075,36.10838021841935
hokkaido_21,2020-06-02,1591130479000,9.704281831895587,-6.036839313853638,36.11167797820736
hokkaido_21,2020-06-14,1592167280000,9.196127136596624,-5.449052509736932,36.1092723245981
hokkaido_21,2020-06-26,1593204081000,10.352110107922403,-6.102585788185371,36.11330726168395
hokkaido_21,2020-07-08,1594240882000,10.898835167944691,-4.735450657022503,36.11238687450021
hokkaido_21,2020-07-20,1595277682000,9.787348463077747,-5.716842749831028,36.10623019748264
hokkaido_21,2020-08-01,1596314483000,9.230859876932806,-6.43880012614898,36.10394274473336
hokkaido_21,2020-08-13,1597351284000,8.435881768902567,-4.913576293706721,36.11142113311928
hokkaido_21,2020-08-25,1598388085000,7.903684833668315,-5.736380110889648,36.11007871336829
hokkaido_21,2020-09-06,1599424885000,10.132785189508395,-5.744423027241413,36.107938187863
hokkaido_21,2020-09-18,1600461685000,8.822753544715312,-5.829540357007134,36.1058687026595
hokkaido_21,2020-09-30,1601498486000,8.032562416505916,-4.967482925750004,36.10832690285102
hokkaido_21,2020-10-12,1602535286000,8.907256425562798,-5.057425381639465,36.10735552439572
hokkaido_21,2020-10-24,1603572086000,8.777945151543145,-4.378311770351098,36.111053754538446
hokkaido_21,2020-11-05,1604608886000,7.796182658147017,-4.74156924085467,36.10659812587476
hokkaido_21,2020-11-17,1605645686000,5.5034350439264825,-4.159862743727225,36.1049721400971
hokkaido_21,2020-11-29,1606682485000,6.589741003501436,-4.70603812803103,36.106809415720925
hokkaido_21,2020-12-11,1607719285000,6.388051554213078,-4.847834098896311,36.10716629569084
hokkaido_21,2020-12-23,1608756084000,5.194466143049095,-5.728846909820266,36.11187679175174
hokkaido_21,2021-01-04,1609792884000,4.807344036033708,-4.993714098614913,36.11051867214441
hokkaido_21,2021-01-16,1610829683000,5.782118108515703,-4.036522846008149,36.10690388329045
hokkaido_21,2021-01-28,1611866483000,3.4952518319790986,-3.5074112887073734,36.100334760946424
hokkaido_21,2021-02-09,1612903282000,5.993969068041958,-3.260957913110509,36.1017333730062
hokkaido_21,2021-02-21,1613940082000,4.848967875932603,-3.228615291692,36.113027515977905
hokkaido_21,2021-03-05,1614976882000,5.207161845021197,-4.525117073917623,36.116635433427234
hokkaido_21,2021-03-17,1616013682000,7.3053390285712885,-5.6855365500499175,36.11606358459053
hokkaido_21,2021-03-29,1617050482000,7.381982894337193,-5.3285477956484,36.10755267871806
hokkaido_21,2021-04-10,1618087283000,5.437559018416218,-4.455154406501826,36.107261831005154
hokkaido_21,2021-04-22,1619124083000,8.202199861528491,-6.4086431363681555,36.1113096290775
hokkaido_21,2021-05-04,1620160884000,8.483037060269515,-6.42837949238191,36.11310988966149
hokkaido_21,2021-05-16,1621197684000,9.79044921981803,-6.730763799644534,36.11217373063298
hokkaido_21,2021-05-28,1622234485000,7.319006802382952,-6.250259496975013,36.10803889977862
hokkaido_21,2021-06-09,1623271286000,8.354755719222993,-6.4199402040840985,36.10659556541304
hokkaido_21,2021-06-21,1624308087000,8.704697140002784,-5.330896773099745,36.10808780069469
hokkaido_21,2021-07-03,1625344887000,8.960121092512264,-4.68721386108586,36.11028298580286
hokkaido_21,2021-07-15,1626381688000,8.380008890959365,-5.188913106707823,36.11113799497159
hokkaido_21,2021-07-27,1627418489000,6.4272951986322235,-6.008978629215252,36.11662448413638
hokkaido_21,2021-08-08,1628455289000,6.888547821795182,-5.037982491551426,36.10730239750765
hokkaido_21,2021-08-20,1629492090000,7.05131021887745,-4.452350759463457,36.10552067072704
hokkaido_21,2021-09-01,1630528905000,6.2658295991593045,-5.408798511622877,35.619874721244436
hokkaido_21,2021-09-13,1631565705000,6.070989958455098,-6.15083438563035,35.61613719825992
hokkaido_21,2021-09-25,1632602506000,5.657069554854542,-5.8156897404426955,35.61206913727091
hokkaido_21,2021-10-07,1633639303000,6.199471654500505,-7.242300170514379,35.75226667750403
hokkaido_21,2021-10-19,1634676103000,12.438666981746977,-7.084515868877198,35.7500438570663
hokkaido_21,2021-10-31,1635712903000,7.794064103861216,-5.1752828963386674,35.75374980657614
hokkaido_21,2021-11-12,1636749703000,7.194056831904321,-5.145012242530637,35.75564622088478
hokkaido_21,2021-11-24,1637786503000,7.725999164622826,-5.084015354798858,35.750021659106366
hokkaido_21,2021-12-06,1638823302000,4.96983496691931,-6.302678129833552,35.74993351593665
hokkaido_21,2021-12-18,1639860102000,6.370545230909855,-7.333061047131936,35.748218817776404
hokkaido_21,2021-12-30,1640896901000,4.32339319931597,-5.64671124847164,35.755556657150215
hokkaido_21,2022-01-11,1641933701000,1.4050369176352295,-7.3831950794266845,35.75422608094967
hokkaido_21,2022-01-23,1642970500000,2.338809765613852,-6.522812108523104,35.75400509689794
hokkaido_21,2022-02-04,1644007299000,3.4503372654128563,-5.802859430729494,35.755100140635285
hokkaido_21,2022-02-16,1645044099000,2.202348178695591,-5.868439908043038,35.753189069956434
hokkaido_21,2022-02-28,1646080899000,5.385199015438492,-4.846808306521613,35.75178992914734
hokkaido_21,2022-03-12,1647117699000,1.1151830949975612,-4.698713910810708,35.757562039813905
hokkaido_21,2022-03-24,1648154500000,4.462732447685712,-4.755477188649993,35.75680480882959
hokkaido_21,2022-04-05,1649191300000,6.235784140367761,-4.988168152124364,35.75777513016676
hokkaido_21,2022-04-17,1650228100000,5.285223326160485,-4.261112039361495,35.75332436526892
hokkaido_21,2022-04-29,1651264901000,6.318336154357057,-4.5882732962708905,35.75319365714959
hokkaido_21,2022-05-11,1652301701000,8.371652892556632,-4.697722455486863,35.75533120351
hokkaido_21,2022-06-04,1654375303000,8.832401812557471,-3.9497893717213484,35.75391502835327
hokkaido_21,2022-06-16,1655412104000,7.50300155915196,-3.934973701048054,35.75707659765759
hokkaido_21,2022-06-28,1656448905000,7.639518771602705,-6.613487396648352,35.749656439551025
hokkaido_21,2022-07-10,1657485705000,7.458878000728446,-6.135518169134146,35.75119043677744
hokkaido_21,2022-07-22,1658522506000,12.764909444389462,-5.812411531575612,35.75680097973782
hokkaido_21,2022-08-03,1659559307000,8.165881296961507,-6.151960221759244,35.75497314995988
hokkaido_21,2022-08-15,1660596108000,10.893434196607277,-7.361185820262987,35.75449941808177
hokkaido_21,2022-08-27,1661632908000,8.161973941432704,-5.625087876644544,35.75176615695722
hokkaido_21,2022-09-08,1662669709000,5.075341504259006,-6.937441936533432,35.74499973935856
hokkaido_21,2022-09-20,1663706508000,5.985988725149279,-6.215020447899778,35.77034338140362
hokkaido_21,2022-10-02,1664743309000,7.311142526683808,-5.243873892567189,35.755084311416965
hokkaido_21,2022-10-14,1665780109000,5.848315353484375,-6.703304778501966,35.755850973877095
hokkaido_21,2022-10-26,1666816909000,5.936103006496228,-5.7199723005113166,35.74613819840757
hokkaido_21,2022-11-07,1667853709000,5.08678801155446,-5.939078215399785,35.75519738091362
hokkaido_21,2022-11-19,1668890509000,7.418211625172179,-5.8852879066459955,35.751383946844754
hokkaido_21,2022-12-01,1669927308000,4.564898922981647,-5.405234648044231,35.75735153481725
hokkaido_21,2022-12-13,1670964108000,3.407734551465506,-5.3847164090747786,35.75325711966284
hokkaido_21,2022-12-25,1672000907000,3.6083343139849293,-5.162228245530779,35.75304438977254
hokkaido_21,2023-01-06,1673037706000,4.437169569931073,-4.6194852533587785,35.75003871505346
hokkaido_21,2023-01-18,1674074505000,4.8652704840963095,-4.189307276685375,35.77013476500244
hokkaido_21,2023-01-30,1675111306000,4.915816100786017,-4.537112652732408,35.750293010844274
hokkaido_21,2023-02-11,1676148105000,4.792409026262919,-4.1717258035657006,35.75597341510113
hokkaido_21,2023-02-23,1677184905000,3.599696878835634,-4.075476026408462,35.76013037919227
hokkaido_21,2023-03-07,1678221705000,8.816003874805865,-5.615262389049282,35.753730723042594
hokkaido_21,2023-03-19,1679258505000,5.621448794443744,-6.588509852422938,35.75405817718011
hokkaido_21,2023-03-31,1680295305000,5.9703188436779975,-7.098152942898289,35.75534920181031
hokkaido_21,2023-04-12,1681332106000,8.648315226962984,-3.856016856786103,35.755599918581176
hokkaido_21,2023-04-24,1682368906000,8.544975093510642,-4.454735388075415,35.754856242940896
hokkaido_21,2023-05-06,1683405707000,7.833573593315145,-4.771638786948623,35.746648168882324
hokkaido_21,2023-05-18,1684442508000,8.063392511178954,-5.246752593306716,35.746298944779014
hokkaido_21,2023-05-30,1685479308000,8.446081210730354,-5.207670043748884,35.74685950847588
hokkaido_21,2023-06-11,1686516109000,9.4934689554528,-4.82115489275836,35.75606340775463
hokkaido_21,2023-06-23,1687552909000,9.025959588737914,-5.44749563798081,35.75194068365718
hokkaido_21,2023-07-05,1688589710000,8.856725793730245,-6.342990908981391,35.75371981824487
hokkaido_21,2023-07-17,1689626511000,8.549591101730265,-4.7447340492915915,35.75134518576324
hokkaido_21,2023-07-29,1690663311000,7.511278167966201,-5.33065365755654,35.75196649878916
hokkaido_21,2023-08-10,1691700111000,7.560719278807827,-4.590322965299202,35.77070115376445
hokkaido_21,2023-08-22,1692736913000,8.178407381948869,-5.241828922984278,35.75914298428859
hokkaido_21,2023-09-03,1693773714000,9.143735032853067,-5.502510790420441,35.75172699415507
hokkaido_21,2023-09-15,1694810514000,7.476419822223315,-5.488676114494046,35.74926241397955
hokkaido_21,2023-09-27,1695847314000,7.979653852127452,-4.898854924248809,35.75468938518185
hokkaido_21,2023-10-09,1696884114000,8.314272009181288,-5.883527279701843,35.76001594649785
hokkaido_21,2023-10-21,1697920914000,8.303850391676466,-5.357496038076314,35.751108921472664
hokkaido_21,2023-11-02,1698957714000,6.180693026502056,-5.468684886682843,35.75539075612878
hokkaido_21,2023-11-14,1699994514000,7.482332382486476,-3.8669271404234244,35.74676652921448
hokkaido_21,2023-11-26,1701031313000,6.586437232637844,-5.416597072002168,35.755243186156754
hokkaido_21,2023-12-08,1702068113000,5.359348466623903,-6.3787355526047165,35.75200152508184
hokkaido_21,2023-12-20,1703104912000,3.835841621870652,-4.542606236776829,35.76694875697897
hokkaido_21,2024-01-01,1704141711000,3.2702655063797264,-5.097542315965597,35.761182234296406
hokkaido_21,2024-01-13,1705178511000,2.8559610504705844,-5.244795922284989,35.75073482195215
hokkaido_21,2024-01-25,1706215311000,3.926142387448905,-7.051811490684749,35.748924607568284
hokkaido_21,2024-02-06,1707252110000,4.184377019094001,-3.5676237521318033,35.755936443769535
hokkaido_21,2024-02-18,1708288910000,4.240875707178698,-2.1415397511449714,35.75496617158577
hokkaido_21,2024-03-01,1709325710000,3.305706813399356,-6.118302007907407,35.7565202568429
hokkaido_21,2024-03-13,1710362510000,7.415284471230032,-5.003677502663173,35.75832509946274
hokkaido_21,2024-03-25,1711399310000,5.144812041660189,-3.7448732740508035,35.75983963243889
hokkaido_21,2024-04-06,1712436111000,7.248847321026848,-5.3725435739457765,35.74968334391391
hokkaido_21,2024-04-18,1713472911000,8.665084597742617,-6.132780881386119,35.75146662748488
hokkaido_21,2024-04-30,1714509712000,5.748871869291738,-5.6061191545294315,35.75139121584994
hokkaido_21,2024-05-12,1715546511000,11.13822699154352,-4.02260266607004,35.749307659429796
hokkaido_21,2024-05-24,1716583311000,6.768777947382556,-4.97180704891636,35.735389215089135
hokkaido_21,2024-06-05,1717620111000,7.027959035829156,-4.209714669803128,35.737679144847355
hokkaido_21,2024-06-17,1718656910000,6.245473080869128,-4.155558195800688,35.74716045880558
hokkaido_21,2024-06-29,1719693710000,5.392203039287288,-4.843420369972069,35.74400547925482
hokkaido_21,2024-07-11,1720730509000,6.868436294642488,-3.576477982108674,35.743634905244
hokkaido_21,2024-07-23,1721767309000,5.3700478710150366,-5.664264926271833,35.74462599702273
hokkaido_21,2024-08-04,1722804109000,6.858190608592032,-5.164687483313514,35.740827400642864
hokkaido_21,2024-08-16,1723840909000,6.334822675358113,-6.282002726321925,35.749735471937385
hokkaido_21,2024-08-28,1724877709000,7.670298050878104,-5.569830037340634,35.75371073576788
hokkaido_21,2024-09-09,1725914510000,6.082219029575438,-5.989135684357678,35.75885597929032
hokkaido_21,2024-09-21,1726951310000,6.955341362723119,-4.873063543755296,35.75835898368737
hokkaido_21,2024-10-03,1727988110000,8.764050065977049,-5.271544774201217,35.758468128652
hokkaido_21,2024-10-15,1729024910000,11.309072710051424,-4.55341710159162,35.75735093549689
hokkaido_21,2024-10-27,1730061711000,6.131796225402392,-5.348394362650202,35.755090716966784
hokkaido_21,2024-11-08,1731098510000,6.908672448128158,-4.894221845234759,35.75663888230514
hokkaido_21,2024-11-20,1732135309000,5.920685979832247,-5.073127273452904,35.74970735492129
hokkaido_21,2024-12-02,1733172109000,6.342783046922644,-6.9715169950894476,35.741573975695765
hokkaido_21,2024-12-14,1734208908000,5.167367896650048,-4.365669503537399,35.73821095333238
hokkaido_21,2024-12-26,1735245707000,6.9754889338750745,-5.018151227814372,35.746819678395376
hokkaido_21,2025-01-07,1736282505000,4.710740672523987,-4.825575333376489,35.75103064411819
hokkaido_21,2025-01-19,1737319304000,8.193199353044056,-6.448090943242562,35.75167158985677
hokkaido_21,2025-01-31,1738356103000,5.624530104581178,-5.632203310350628,35.75444317924294
hokkaido_21,2025-02-12,1739392903000,11.352459426969997,-3.592230662629802,35.74883391692937
hokkaido_21,2025-02-24,1740429703000,5.50385703773628,-4.082512986037598,35.75584444221382
hokkaido_21,2025-03-08,1741466503000,3.835322283871073,-5.61224433246267,35.75483355603107
hokkaido_21,2025-03-20,1742503304000,4.301547975249554,-4.9665209488227715,35.75255521357169
hokkaido_21,2025-04-01,1743540104000,5.510119209049102,-5.01299755627905,35.74766873811419
hokkaido_21,2025-04-13,1744576904000,5.069664421836641,-4.7936161638867825,35.75172459380795
hokkaido_21,2025-04-25,1745613704000,7.158338585880866,-5.246604819876699,35.742370889295806
hokkaido_21,2025-05-07,1746650504000,5.901459343058473,-5.232760344655858,35.743693841324166
hokkaido_21,2025-05-19,1747687303000,6.514668380201865,-4.914269643193102,35.74519148858953
hokkaido_21,2025-05-31,1748724103000,6.134192200767869,-5.460667129193877,35.74009776645237
hokkaido_21,2025-06-12,1749760902000,6.28309621816609,-4.3558633936861755,35.735119500463185
hokkaido_21,2025-06-24,1750797702000,5.863416066654627,-4.510147905573138,35.733166728018745
hokkaido_21,2025-07-06,1751834501000,5.2667060349098005,-4.411638850879731,35.73772623389658
hokkaido_21,2025-07-18,1752871300000,5.8692927039619125,-5.355512150006948,35.74463660573085
hokkaido_21,2025-07-30,1753908100000,6.1741934123401006,-4.617396715032604,35.74632913186408
hokkaido_21,2025-08-11,1754944900000,6.918136757975285,-5.58474091067957,35.74585197456445
hokkaido_21,2025-08-23,1755981700000,5.347398674767826,-4.8978918329833485,35.74778659129779
hokkaido_21,2025-09-04,1757018500000,5.369346279567837,-5.294970795959276,35.75470884936307
hokkaido_21,2025-09-16,1758055301000,6.092525368790929,-5.2987115512976715,35.75994776446907
hokkaido_21,2025-09-28,1759092101000,5.375096121036436,-5.28920940399892,35.75890975825788
hokkaido_21,2025-10-10,1760128901000,5.882454167822799,-5.50004556158083,35.745649700742774
hokkaido_21,2025-10-22,1761165701000,4.945630351534718,-4.83945875764307,35.75068937920724
hokkaido_21,2025-11-03,1762202501000,6.264560694668095,-5.325703646495726,35.74822484073108
hokkaido_21,2025-11-15,1763239300000,6.226239190993492,-4.845973030938979,35.75109816666589
hokkaido_21,2025-11-27,1764276099000,4.71247115926886,-4.6643457538423245,35.74846594299932
hokkaido_21,2025-12-09,1765312898000,5.912850498549053,-4.900951986900565,35.742867847054754
hokkaido_21,2025-12-21,1766349697000,7.780023957041328,-3.9950888126760393,35.74020229097422
hokkaido_21,2026-01-02,1767386495000,6.144852943919913,-5.068162774576426,35.741174391606116
hokkaido_21,2026-01-14,1768423294000,4.8917011547048626,-6.001145844956875,35.74501934579512
hokkaido_21,2026-01-26,1769460094000,5.358855767620994,-4.489911685338687,35.750709342339285
hokkaido_21,2026-02-07,1770496893000,6.252748312202486,-3.3619085117276346,35.752128297194176
hokkaido_21,2026-02-19,1771533692000,3.67399268036729,-5.42148902120901,35.75106246217521
hokkaido_21,2026-03-03,1772570492000,7.130378291757253,-3.7712021213217892,35.75296391190676
hokkaido_21,2026-03-15,1773607292000,4.75891847849391,-4.624158275038866,35.75087153229913
hokkaido_21,2026-04-08,1775680892000,6.106382912986456,-4.12479380115162,35.75244539066079
hokkaido_21,2026-04-20,1776717693000,7.261472910660973,-5.043939281057868,35.743459340896834
hokkaido_21,2026-05-02,1777754492000,10.260444430118785,-3.993898489008746,35.739774039613415
hokkaido_21,2026-05-14,1778791292000,6.710309780574102,-4.448841542287847,35.73718970769138
hokkaido_22,2017-02-18,1487450457000,1.2415714552720518,-12.495462666513191,35.98411093011128
hokkaido_22,2017-03-02,1488487257090,4.730640908291719,-14.701641007678406,35.98629183399308
hokkaido_22,2017-03-14,1489524057000,3.562490928091862,-13.135750459159974,35.97625801962235
hokkaido_22,2017-03-26,1490560857000,5.233068813255195,-12.018403494543529,35.97588513563518
hokkaido_22,2017-04-07,1491597658140,8.040841468072081,-10.183557928683584,35.97959725848595
hokkaido_22,2017-04-19,1492634458760,3.0557233582494185,-8.893120040655843,35.98155361689871
hokkaido_22,2017-05-01,1493671259000,2.6016397511398397,-8.895693240371026,35.97923919146565
hokkaido_22,2017-05-13,1494708059970,3.565153683736664,-8.365379034443563,35.97513554541027
hokkaido_22,2017-05-25,1495744860000,3.805844328078012,-10.996060949396522,35.979773492547466
hokkaido_22,2017-06-06,1496781661000,4.990892366724201,-8.577613369570468,35.975356517436545
hokkaido_22,2017-06-18,1497818461000,1.450449284567781,-8.98777759546151,35.980372743954064
hokkaido_22,2017-06-30,1498855262000,2.179023596765009,-9.95735590867832,35.982421910499916
hokkaido_22,2017-07-12,1499892063000,1.2611590418052223,-10.537564273600944,35.97997564722533
hokkaido_22,2017-07-24,1500928864000,1.7684081882763711,-9.355607545362986,35.97955368705418
hokkaido_22,2017-08-05,1501965664000,2.0464865433108312,-11.08924041223511,35.97386694166396
hokkaido_22,2017-08-17,1503002465000,2.3355173687162294,-11.17974001210812,35.98118671224575
hokkaido_22,2017-08-29,1504039265000,4.672851431781391,-8.416908675860881,35.980565946512264
hokkaido_22,2017-09-10,1505076066000,3.8650376079092577,-8.887421675364399,35.97860002999354
hokkaido_22,2017-09-22,1506112866000,4.358350929504051,-8.826000093073752,35.979017721118666
hokkaido_22,2017-10-04,1507149666000,4.365309950502563,-8.926002533182594,35.97821740506875
hokkaido_22,2017-10-16,1508186467000,3.04240376934551,-9.701596228552889,35.97939351394594
hokkaido_22,2017-10-28,1509223267000,3.76150737478035,-8.111810215002903,35.978326622757564
hokkaido_22,2017-11-09,1510260066000,2.8443111555954115,-8.033612158646287,35.981322986436396
hokkaido_22,2017-11-21,1511296866000,2.348328627912255,-9.325383346949236,35.975684415804515
hokkaido_22,2017-12-03,1512333666000,0.7960600814304144,-9.63440771830914,35.97576197594316
hokkaido_22,2017-12-15,1513370465000,3.85412280331512,-8.921204574049202,35.975643017474376
hokkaido_22,2017-12-27,1514407265000,5.2822225881516305,-9.66512120865714,35.98284317322334
hokkaido_22,2018-01-08,1515444064000,6.9806533188714175,-9.872822781321592,35.981646842539384
hokkaido_22,2018-01-20,1516480864000,2.9171209592287437,-11.18072170455143,35.974887101328385
hokkaido_22,2018-02-01,1517517664000,0.8332546671508517,-9.683806116838246,35.974274142393796
hokkaido_22,2018-02-13,1518554463000,1.8291475416194747,-9.86721770339253,35.97371910913807
hokkaido_22,2018-02-25,1519591263000,2.593340799561918,-11.193405329480417,35.98178345541022
hokkaido_22,2018-03-09,1520628063000,2.4030959174210724,-9.691927281003007,35.98729990313431
hokkaido_22,2018-03-21,1521664863000,2.0204448337485297,-9.844780928620018,35.98720344122769
hokkaido_22,2018-04-02,1522701664000,2.4340400035920293,-10.44053732137916,35.98044851354317
hokkaido_22,2018-04-14,1523738464000,5.2417755779307775,-9.466130831525655,35.977951768336986
hokkaido_22,2018-04-26,1524775265000,5.393063680084006,-9.468172077737696,35.9784379464152
hokkaido_22,2018-05-08,1525812065000,5.0092897986817535,-8.556123008512895,35.98069440080819
hokkaido_22,2018-05-20,1526848866000,5.324027497457374,-8.47485241722402,35.9824632048776
hokkaido_22,2018-06-01,1527885667000,5.923413073954292,-8.472609584953386,35.98381838695261
hokkaido_22,2018-06-13,1528922468000,6.8175246848685545,-10.407248880515985,35.97479809603645
hokkaido_22,2018-06-25,1529959268000,4.41075595108413,-8.667059338709338,35.97619174180764
hokkaido_22,2018-07-19,1532032870000,5.0759094131837905,-9.766423276375976,35.983191978866365
hokkaido_22,2018-07-31,1533069670000,5.622448898559001,-7.982533823782217,35.985193354777316
hokkaido_22,2018-08-12,1534106471000,5.160220443081795,-9.384223436972357,35.978518598752686
hokkaido_22,2018-08-24,1535143272000,5.8873795082426446,-8.779958615892246,35.96736726126879
hokkaido_22,2018-09-05,1536180072000,2.4152773456761447,-6.8640747365338095,35.97803475813433
hokkaido_22,2018-09-17,1537216873000,2.093232850772673,-7.981833921682321,35.98114974125137
hokkaido_22,2018-09-29,1538253673000,2.178593716907474,-8.581245027559952,35.98085337655803
hokkaido_22,2018-10-11,1539290473000,8.029584178549216,-8.393139374056569,35.97655111683847
hokkaido_22,2018-10-23,1540327273000,0.5262203416236512,-10.446553308776974,35.976978753600456
hokkaido_22,2018-11-04,1541364073000,2.871047476494252,-9.088166997941025,35.97666458253437
hokkaido_22,2018-11-16,1542400873000,4.395725438233298,-8.678742725408254,35.98081652952893
hokkaido_22,2018-11-28,1543437672000,4.568961951720891,-9.177408738798325,35.982570105000235
hokkaido_22,2018-12-10,1544474472000,3.1719312822254464,-9.154539102287021,35.977390872086175
hokkaido_22,2018-12-22,1545511272000,1.682176694127159,-9.278334018896707,35.97269299403406
hokkaido_22,2019-01-03,1546548071000,2.2884571132415474,-9.1909560083502,35.97533069817212
hokkaido_22,2019-01-15,1547584871000,2.8846409321592437,-10.47561168287419,35.98206865240054
hokkaido_22,2019-01-27,1548621671000,1.6305758429710548,-8.867480889052636,35.977907281416414
hokkaido_22,2019-02-08,1549658470000,3.002224073938673,-8.123962657237481,35.97930500653955
hokkaido_22,2019-02-20,1550695270000,1.5279822167306505,-12.047923601847797,35.97466591456598
hokkaido_22,2019-03-04,1551732070000,0.7616196589071264,-9.33679973346497,35.97077654578714
hokkaido_22,2019-03-16,1552768870000,2.309714798617697,-9.937198576027338,35.9807642289026
hokkaido_22,2019-03-28,1553805670000,3.3391198243022213,-11.611029509238472,35.980741510880996
hokkaido_22,2019-04-09,1554842470000,3.9839406747939297,-9.654083982529162,35.9825772688124
hokkaido_22,2019-04-21,1555879271000,3.7178541175784012,-9.647558515766187,35.97435408158736
hokkaido_22,2019-05-03,1556916071000,2.9963121179404957,-10.28341030754916,35.971148209278624
hokkaido_22,2019-05-15,1557952872000,4.011061182856319,-8.699059204982428,35.97650339958906
hokkaido_22,2019-06-08,1560026473000,2.5543770726630464,-9.22978868504611,35.98491389789508
hokkaido_22,2019-06-20,1561063274000,2.6665178372504004,-8.994351734062718,35.98101326970772
hokkaido_22,2019-07-02,1562100075000,3.085972122809729,-7.9346940181744285,35.97507496347406
hokkaido_22,2019-07-14,1563136875000,4.0891271032508385,-9.692225133319088,35.97685726750394
hokkaido_22,2019-07-26,1564173676000,2.864086417425604,-9.04530536241361,35.98225023598534
hokkaido_22,2019-08-07,1565210477000,3.899275908902135,-7.8454331384281275,35.98132292513178
hokkaido_22,2019-08-19,1566247278000,3.297265969599799,-7.4404898622972695,35.97642812075628
hokkaido_22,2019-09-12,1568320879000,1.4608472585073122,-9.301250691586194,35.980620106398455
hokkaido_22,2019-09-24,1569357679000,2.485515012131964,-8.643896667944746,35.97585822963483
hokkaido_22,2019-10-06,1570394480000,1.7722815572187407,-9.041437700374859,35.98007821013155
hokkaido_22,2019-10-18,1571431279000,2.7416113944582405,-8.682662917937593,35.98198610987865
hokkaido_22,2019-10-30,1572468080000,3.261901565955407,-6.988449747318951,35.9764805055956
hokkaido_22,2019-11-11,1573504880000,11.580371392643105,-7.793384415681504,35.9747538673668
hokkaido_22,2019-11-23,1574541679000,3.040948136020368,-7.635155278232765,35.976865614303435
hokkaido_22,2019-12-05,1575578479000,3.809510810561315,-9.631620307725106,35.98305083691278
hokkaido_22,2019-12-17,1576615278000,3.1261433548400728,-10.914755795043579,35.979197921090304
hokkaido_22,2019-12-29,1577652078000,4.617099564955594,-9.45925627585666,35.97409230284055
hokkaido_22,2020-01-10,1578688877000,3.854703390264483,-9.357471498909987,35.97157087229719
hokkaido_22,2020-01-22,1579725677000,2.073364367579407,-8.625477924171214,35.97510415736466
hokkaido_22,2020-02-03,1580762477000,3.2527515888227425,-9.550533718736727,36.09974540941642
hokkaido_22,2020-02-15,1581799276000,3.561838527039243,-9.367933095786576,36.10298699041809
hokkaido_22,2020-02-27,1582836076000,1.699643547835338,-10.555435586157595,36.10050795481665
hokkaido_22,2020-03-10,1583872876000,2.801307423213344,-8.79158579916226,36.09211365828298
hokkaido_22,2020-03-22,1584909676000,4.378329410921482,-8.49877056185226,36.0932164440733
hokkaido_22,2020-04-03,1585946477000,5.219736071239808,-8.468816135083127,36.09967534151945
hokkaido_22,2020-04-15,1586983277000,4.240384968380232,-9.675385427752204,36.10266052825971
hokkaido_22,2020-04-27,1588020078000,3.7116618812431974,-8.471440651283466,36.10166696496746
hokkaido_22,2020-05-09,1589056878000,4.0998792765170915,-9.12182413111596,36.10296784650445
hokkaido_22,2020-05-21,1590093679000,3.2132715333232453,-10.140480032777102,36.098120185480525
hokkaido_22,2020-06-02,1591130479000,3.4425699661411198,-8.827168297614065,36.1014272325009
hokkaido_22,2020-06-14,1592167280000,2.453084932131438,-9.294544579841196,36.09901830435331
hokkaido_22,2020-06-26,1593204081000,2.8284227860528652,-9.002700879449325,36.10305333349526
hokkaido_22,2020-07-08,1594240882000,3.4924309440321784,-9.62848063966039,36.10213270403072
hokkaido_22,2020-07-20,1595277682000,2.689470641580057,-8.445964075391991,36.09597923568688
hokkaido_22,2020-08-01,1596314483000,3.000934660924542,-9.345231276806075,36.093684270899644
hokkaido_22,2020-08-13,1597351284000,2.891400362685993,-9.576168208947694,36.10116284261718
hokkaido_22,2020-08-25,1598388085000,4.255383185485171,-9.20790833609567,36.09982091071607
hokkaido_22,2020-09-06,1599424885000,2.0347760991701205,-9.223988901041567,36.097683540764926
hokkaido_22,2020-09-18,1600461685000,2.806098457852533,-8.539303441661108,36.09561653214271
hokkaido_22,2020-09-30,1601498486000,3.608120252439122,-8.729567039645415,36.09807396744073
hokkaido_22,2020-10-12,1602535286000,1.6148348360171312,-9.528989254234753,36.09709682996776
hokkaido_22,2020-10-24,1603572086000,3.1679951601395353,-9.23779795308084,36.10080394166888
hokkaido_22,2020-11-05,1604608886000,2.066560371695966,-9.118924060511562,36.09634658067643
hokkaido_22,2020-11-17,1605645686000,2.4635250383006313,-9.539887728660897,36.09472171899045
hokkaido_22,2020-11-29,1606682485000,1.9601110604592622,-9.012931060838376,36.096546764072485
hokkaido_22,2020-12-11,1607719285000,3.352201274573214,-9.737028063193172,36.09691676526968
hokkaido_22,2020-12-23,1608756084000,4.886166763704728,-8.791870682975523,36.10162688844798
hokkaido_22,2021-01-04,1609792884000,1.6606089615756998,-10.234871430962519,36.10025785735159
hokkaido_22,2021-01-16,1610829683000,4.614043834004544,-9.505615325034453,36.09664717703155
hokkaido_22,2021-01-28,1611866483000,3.529802680810922,-9.22420784360548,36.09008088186955
hokkaido_22,2021-02-09,1612903282000,4.529562294433304,-7.832151983649419,36.091478092154276
hokkaido_22,2021-02-21,1613940082000,3.0616570220331263,-11.23360383072722,36.102775308467514
hokkaido_22,2021-03-05,1614976882000,0.42092428046424657,-11.86562345166388,36.10638015509664
hokkaido_22,2021-03-17,1616013682000,4.089102683584199,-10.314801964788693,36.105814070671734
hokkaido_22,2021-03-29,1617050482000,1.283375929025312,-11.624795999456808,36.09729860189781
hokkaido_22,2021-04-10,1618087283000,1.756457358974839,-11.558578418054445,36.09700362992653
hokkaido_22,2021-04-22,1619124083000,5.099930028318234,-9.160816182953488,36.10105874177999
hokkaido_22,2021-05-04,1620160884000,5.01613711440263,-9.37461974735911,36.10285475066214
hokkaido_22,2021-05-16,1621197684000,1.6225252008882993,-8.059162421247962,36.10192261281641
hokkaido_22,2021-05-28,1622234485000,4.229030343398544,-8.55653150675112,36.09778792378394
hokkaido_22,2021-06-09,1623271286000,5.619132410114817,-9.002811436615053,36.096336718544045
hokkaido_22,2021-06-21,1624308087000,4.97526690389338,-8.941939647090198,36.09783255331152
hokkaido_22,2021-07-03,1625344887000,4.471003569472174,-9.855770106598168,36.100031034378226
hokkaido_22,2021-07-15,1626381688000,5.163748570026463,-8.66224463574741,36.10088630693234
hokkaido_22,2021-07-27,1627418489000,4.214460393539348,-9.343841788975288,36.10636713473453
hokkaido_22,2021-08-08,1628455289000,5.457583906575863,-9.423380346910761,36.097043968350214
hokkaido_22,2021-08-20,1629492090000,5.977421672753661,-8.665047790940887,36.09526791360215
hokkaido_22,2021-09-01,1630528905000,5.146194135960841,-8.379613149977528,35.61036113127027
hokkaido_22,2021-09-13,1631565705000,3.5234692574162576,-10.041413212058883,35.60662105120531
hokkaido_22,2021-09-25,1632602506000,3.650302319087417,-9.123223822888113,35.60254586532544
hokkaido_22,2021-10-07,1633639303000,4.711329082544724,-9.64561442911195,35.74274258083767
hokkaido_22,2021-10-19,1634676103000,8.341139336863755,-9.593283870392169,35.74051979408858
hokkaido_22,2021-10-31,1635712903000,5.558313190293482,-8.557786782688154,35.74423574726718
hokkaido_22,2021-11-12,1636749703000,2.727868589338778,-8.607282843236119,35.74612153443074
hokkaido_22,2021-11-24,1637786503000,3.103832748344502,-10.460613548193624,35.74049218161606
hokkaido_22,2021-12-06,1638823302000,7.398820702993849,-10.323229035052751,35.74041629579932
hokkaido_22,2021-12-18,1639860102000,4.353331217874408,-9.38468742764383,35.738698669445945
hokkaido_22,2021-12-30,1640896901000,2.5888516048659516,-9.818832316060885,35.74604469431815
hokkaido_22,2022-01-11,1641933701000,0.3341202243196235,-13.502467473528434,35.7447072108105
hokkaido_22,2022-01-23,1642970500000,0.6111437545109697,-11.918039234921416,35.74449046031259
hokkaido_22,2022-02-04,1644007299000,2.9270085590153503,-10.257515390749212,35.7455747900418
hokkaido_22,2022-02-16,1645044099000,5.0400541330131725,-8.678513141112122,35.7436693203088
hokkaido_22,2022-02-28,1646080899000,2.679862634993768,-9.572665583586556,35.74226958691929
hokkaido_22,2022-03-12,1647117699000,0.4883953432387038,-12.34175493734803,35.748043682071405
hokkaido_22,2022-03-24,1648154500000,1.433061054960756,-10.910061954861568,35.74728763238293
hokkaido_22,2022-04-05,1649191300000,2.1346450253229157,-12.205493421539716,35.74825360307789
hokkaido_22,2022-04-17,1650228100000,3.7940243167684726,-10.41095070915438,35.74380572771785
hokkaido_22,2022-04-29,1651264901000,4.0266892121118,-8.379685120638266,35.743669662830015
hokkaido_22,2022-05-11,1652301701000,5.130390753281969,-10.188887363073416,35.74581020937705
hokkaido_22,2022-06-04,1654375303000,5.7061217932362025,-9.253067137919137,35.74439254387448
hokkaido_22,2022-06-16,1655412104000,5.502566084696289,-10.745362963880133,35.74755962872746
hokkaido_22,2022-06-28,1656448905000,6.007313035645981,-10.71442123769763,35.740135752360025
hokkaido_22,2022-07-10,1657485705000,4.945867440094304,-9.895499161469546,35.74166569436555
hokkaido_22,2022-07-22,1658522506000,8.643288457796631,-9.069540239352186,35.74727927545105
hokkaido_22,2022-08-03,1659559307000,6.3581052002465,-9.306417588829481,35.74545084291265
hokkaido_22,2022-08-15,1660596108000,13.4623932280962,-8.676720428040182,35.744970379945016
hokkaido_22,2022-08-27,1661632908000,5.357502644667293,-10.606881481542672,35.74223398333514
hokkaido_22,2022-09-08,1662669709000,5.7401797696528,-9.876603577938354,35.73547423809942
hokkaido_22,2022-09-20,1663706508000,3.871625949435713,-9.376699456649549,35.760836328090456
hokkaido_22,2022-10-02,1664743309000,5.54538068206361,-9.3607784365562,35.745554382934436
hokkaido_22,2022-10-14,1665780109000,4.84115886970133,-9.026310393405296,35.746336825807475
hokkaido_22,2022-10-26,1666816909000,4.045238664889311,-9.645483688761999,35.73660501788934
hokkaido_22,2022-11-07,1667853709000,3.9541153996377987,-8.747291991630927,35.74568009540554
hokkaido_22,2022-11-19,1668890509000,5.071465473742411,-9.062587299300246,35.74186745922975
hokkaido_22,2022-12-01,1669927308000,3.4273748542051043,-9.10090025230338,35.74782790227966
hokkaido_22,2022-12-13,1670964108000,2.563077865015594,-9.487775365940582,35.74374171058635
hokkaido_22,2022-12-25,1672000907000,2.862111653318785,-9.412216450020649,35.74352998130369
hokkaido_22,2023-01-06,1673037706000,4.278882666271499,-9.712957963341184,35.740519184137995
hokkaido_22,2023-01-18,1674074505000,2.394076915316047,-9.10794480507605,35.76062357821445
hokkaido_22,2023-01-30,1675111306000,3.115356394177209,-10.363208815428827,35.740774141944854
hokkaido_22,2023-02-11,1676148105000,2.6409491864850723,-9.193644870743459,35.746453650651105
hokkaido_22,2023-02-23,1677184905000,2.192447832143301,-9.691301498919366,35.75061808420273
hokkaido_22,2023-03-07,1678221705000,2.4006488910652903,-9.813879893386838,35.74421250367222
hokkaido_22,2023-03-19,1679258505000,4.404148391763671,-10.444146555197893,35.74453296800038
hokkaido_22,2023-03-31,1680295305000,4.343185801586654,-11.624311709715155,35.74583253498124
hokkaido_22,2023-04-12,1681332106000,5.33845492371945,-9.440103729149865,35.746070496932326
hokkaido_22,2023-04-24,1682368906000,5.7697026301440175,-9.1152954778616,35.745339699423944
hokkaido_22,2023-05-06,1683405707000,4.203318071044433,-10.360962508451214,35.737117355975286
hokkaido_22,2023-05-18,1684442508000,5.600502934995612,-10.281731693891963,35.73677342213952
hokkaido_22,2023-05-30,1685479308000,5.989541220959689,-8.954980243568725,35.73733505150242
hokkaido_22,2023-06-11,1686516109000,5.773105537778127,-9.000188936500837,35.74654058226675
hokkaido_22,2023-06-23,1687552909000,5.7450917199182445,-8.952643200471863,35.74241951423589
hokkaido_22,2023-07-05,1688589710000,5.298521293783366,-10.492750544924982,35.74419003811716
hokkaido_22,2023-07-17,1689626511000,5.7432125708131965,-8.775151570668706,35.74181428748107
hokkaido_22,2023-07-29,1690663311000,4.959209489080456,-8.836733067970405,35.742445865784056
hokkaido_22,2023-08-10,1691700111000,5.36743090663266,-10.299294136570476,35.76119042868279
hokkaido_22,2023-08-22,1692736913000,4.042140132126364,-9.257146129928733,35.74962587898274
hokkaido_22,2023-09-03,1693773714000,5.384554959916078,-8.85416544471535,35.74219641688376
hokkaido_22,2023-09-15,1694810514000,4.815969372853441,-8.663308083947427,35.739737606202645
hokkaido_22,2023-09-27,1695847314000,5.728739023343358,-9.1541918137346,35.74517005843345
hokkaido_22,2023-10-09,1696884114000,6.648680932108679,-9.1647767557087,35.75050210373605
hokkaido_22,2023-10-21,1697920914000,5.066076153596573,-9.020172739908533,35.74158833446718
hokkaido_22,2023-11-02,1698957714000,5.653912148827349,-9.606789908036326,35.74587851233166
hokkaido_22,2023-11-14,1699994514000,4.567447003994282,-9.421844293050386,35.73724307512997
hokkaido_22,2023-11-26,1701031313000,4.986613131523955,-9.045477000276628,35.74572676670976
hokkaido_22,2023-12-08,1702068113000,5.453275913246675,-10.49682791324055,35.74247728606175
hokkaido_22,2023-12-20,1703104912000,4.129164927003052,-8.866138552293323,35.7574292011928
hokkaido_22,2024-01-01,1704141711000,2.773558422122299,-11.164383814135222,35.75167120661632
hokkaido_22,2024-01-13,1705178511000,4.285740986332245,-9.68726714325106,35.74121556406485
hokkaido_22,2024-01-25,1706215311000,0.8497123079596767,-10.632132330124897,35.73940152305393
hokkaido_22,2024-02-06,1707252110000,3.1155999451831,-10.262999341990366,35.746415238256134
hokkaido_22,2024-02-18,1708288910000,-0.0974199539423797,-14.397237746784821,35.74543394688815
hokkaido_22,2024-03-01,1709325710000,0.9063433637591596,-11.484353407143228,35.74699790572195
hokkaido_22,2024-03-13,1710362510000,3.459503812802345,-9.839419219757616,35.748804041544595
hokkaido_22,2024-03-25,1711399310000,2.9957647526432423,-11.45339442039734,35.75032286035028
hokkaido_22,2024-04-06,1712436111000,3.3268428912421926,-11.37208083760432,35.74016130240605
hokkaido_22,2024-04-18,1713472911000,5.2610216359549895,-8.318332691125365,35.74194675150454
hokkaido_22,2024-04-30,1714509712000,5.748933509067616,-8.398965410756015,35.741867850264335
hokkaido_22,2024-05-12,1715546511000,5.6343952857192745,-9.54182080203144,35.73978343661408
hokkaido_22,2024-05-24,1716583311000,5.923585364469605,-9.981685794017215,35.7258512045532
hokkaido_22,2024-06-05,1717620111000,6.441994067286657,-9.645995241564355,35.72814071204943
hokkaido_22,2024-06-17,1718656910000,6.070811692763369,-10.583710634274107,35.737665184098056
hokkaido_22,2024-06-29,1719693710000,5.739333182585083,-8.99352614684626,35.73448054355475
hokkaido_22,2024-07-11,1720730509000,5.813461277146978,-8.59474121259424,35.734108061557784
hokkaido_22,2024-07-23,1721767309000,5.113160168814987,-9.853622522399945,35.73509859412607
hokkaido_22,2024-08-04,1722804109000,5.452767885865404,-9.23936680885511,35.73129909528484
hokkaido_22,2024-08-16,1723840909000,5.735249286448508,-9.088713283363688,35.74020110146311
hokkaido_22,2024-08-28,1724877709000,5.69095105620078,-10.5565891650021,35.74418913385895
hokkaido_22,2024-09-09,1725914510000,7.40556455744367,-9.615329873401965,35.74933814000197
hokkaido_22,2024-09-21,1726951310000,7.674421845158349,-8.036563624598415,35.74884467515473
hokkaido_22,2024-10-03,1727988110000,6.097092961693463,-8.276938197969809,35.74895309534589
hokkaido_22,2024-10-15,1729024910000,7.533305356214833,-9.614749910690312,35.747825440207265
hokkaido_22,2024-10-27,1730061711000,6.638667462332109,-7.716161298763646,35.74557344890336
hokkaido_22,2024-11-08,1731098510000,6.457769928249937,-8.142288504713255,35.7471240060033
hokkaido_22,2024-11-20,1732135309000,5.320807981535673,-9.34530643813816,35.7401890052561
hokkaido_22,2024-12-02,1733172109000,7.14384617303725,-9.838325576326273,35.73205124363756
hokkaido_22,2024-12-14,1734208908000,4.238202826794182,-9.652624116803,35.72867497513333
hokkaido_22,2024-12-26,1735245707000,2.4713121965365494,-10.204771890993591,35.73728759802607
hokkaido_22,2025-01-07,1736282505000,4.667792033386639,-9.96701783759043,35.74151224768022
hokkaido_22,2025-01-19,1737319304000,3.7494974377525274,-10.415277972405358,35.7421529617541
hokkaido_22,2025-01-31,1738356103000,0.980959508055885,-9.278661963786657,35.74491630013534
hokkaido_22,2025-02-12,1739392903000,5.372547594980992,-9.497929634290418,35.73931053106089
hokkaido_22,2025-02-24,1740429703000,1.891491106764165,-9.664409799763629,35.746316631032606
hokkaido_22,2025-03-08,1741466503000,2.3246021575314146,-11.15448335434623,35.74531374998767
hokkaido_22,2025-03-20,1742503304000,4.410597070252676,-11.151448926709724,35.74303400920935
hokkaido_22,2025-04-01,1743540104000,3.475204492625155,-11.95840753295388,35.73814070434324
hokkaido_22,2025-04-13,1744576904000,4.455735413556592,-9.417904269743548,35.7421943127856
hokkaido_22,2025-04-25,1745613704000,6.959135799192369,-10.064053482495659,35.73284477861067
hokkaido_22,2025-05-07,1746650504000,6.102582038906234,-9.246407209570112,35.73416430368691
hokkaido_22,2025-05-19,1747687303000,7.053275485035573,-8.9904628062237,35.73565760529298
hokkaido_22,2025-05-31,1748724103000,6.6250450130364085,-8.21666451663489,35.73056989163311
hokkaido_22,2025-06-12,1749760902000,6.637630032460481,-8.558587926506647,35.725589147240235
hokkaido_22,2025-06-24,1750797702000,7.740561161014088,-8.830904205967897,35.72363167117339
hokkaido_22,2025-07-06,1751834501000,7.207940433269612,-9.216720733533402,35.72819620027061
hokkaido_22,2025-07-18,1752871300000,6.9969309769313135,-8.348232074461306,35.73511077961137
hokkaido_22,2025-07-30,1753908100000,6.134345361072305,-8.868381559717541,35.73679385595061
hokkaido_22,2025-08-11,1754944900000,6.016683299394473,-9.049335113021694,35.7363186187035
hokkaido_22,2025-08-23,1755981700000,6.546517807012972,-10.635443413867918,35.738263236922464
hokkaido_22,2025-09-04,1757018500000,7.307891409493919,-8.533556069681705,35.74518545135702
hokkaido_22,2025-09-16,1758055301000,5.69387339452387,-9.237442184389982,35.75043044920393
hokkaido_22,2025-09-28,1759092101000,6.656374353382893,-8.800743499226533,35.74939429147786
hokkaido_22,2025-10-10,1760128901000,5.635713774811805,-9.055908965280182,35.73612541001286
hokkaido_22,2025-10-22,1761165701000,5.981385570333948,-8.660653941583803,35.74117017896847
hokkaido_22,2025-11-03,1762202501000,5.352475182144065,-7.947283144292959,35.73870215572941
hokkaido_22,2025-11-15,1763239300000,3.423156132194599,-9.793976470448916,35.741578509836536
hokkaido_22,2025-11-27,1764276099000,7.661360599098146,-9.029825452843163,35.73894479445393
hokkaido_22,2025-12-09,1765312898000,1.42887086993865,-9.561180728538115,35.73334053914651
hokkaido_22,2025-12-21,1766349697000,3.5746151046580854,-10.531262230166098,35.730670386529944
hokkaido_22,2026-01-02,1767386495000,3.591239588383831,-8.796535926369783,35.731649099997334
hokkaido_22,2026-01-14,1768423294000,2.368840932687809,-7.211217705479773,35.73549617020157
hokkaido_22,2026-01-26,1769460094000,4.2624299945417805,-7.692185144600497,35.74118831518924
hokkaido_22,2026-02-07,1770496893000,1.3019727139307096,-8.98686574874957,35.74260543490122
hokkaido_22,2026-02-19,1771533692000,2.3455709568200795,-11.183163430454323,35.74154222922628
hokkaido_22,2026-03-03,1772570492000,2.2545474842013378,-11.969647225298713,35.743442910237206
hokkaido_22,2026-03-15,1773607292000,4.363346297515867,-8.730294965600699,35.74134957727658
hokkaido_22,2026-04-08,1775680892000,3.149011414382894,-10.802575004890006,35.742913530408266
hokkaido_22,2026-04-20,1776717693000,5.549183045007617,-8.798623907553973,35.73392377955077
hokkaido_22,2026-05-02,1777754492000,6.728980616434561,-8.92279960214823,35.73024189573347
hokkaido_22,2026-05-14,1778791292000,4.692856097878243,-8.819045235484316,35.72765317833673
hokkaido_23,2017-02-18,1487450457000,2.7857627126554427,-8.633081870378106,35.97125109585849
hokkaido_23,2017-03-02,1488487257090,3.4777921219845838,-8.038734339793958,35.97343387203186
hokkaido_23,2017-03-14,1489524057000,5.1404779098066955,-8.278716650960812,35.96340281980695
hokkaido_23,2017-03-26,1490560857000,4.95602827108237,-8.209078229899157,35.96302644578629
hokkaido_23,2017-04-07,1491597658140,6.423401679592231,-8.105497774408196,35.96673602822387
hokkaido_23,2017-04-19,1492634458760,5.690755865652524,-8.000129820713786,35.96869840955051
hokkaido_23,2017-05-01,1493671259000,6.323688890441843,-8.134237781769311,35.966377876879534
hokkaido_23,2017-05-13,1494708059970,6.837773551258891,-7.942914891369922,35.96227769150114
hokkaido_23,2017-05-25,1495744860000,5.959132377231268,-8.18623289382674,35.96691981684665
hokkaido_23,2017-06-06,1496781661000,7.496190340156497,-7.725599031527787,35.96249214284856
hokkaido_23,2017-06-18,1497818461000,6.460409092179328,-8.388938517935385,35.96750956512408
hokkaido_23,2017-06-30,1498855262000,8.549364562941756,-8.035862012453936,35.969561882142415
hokkaido_23,2017-07-12,1499892063000,8.567963170757809,-9.647370663659402,35.96711536132788
hokkaido_23,2017-07-24,1500928864000,8.074748319614487,-9.074978665915076,35.966697518740304
hokkaido_23,2017-08-05,1501965664000,6.581243490371035,-7.99961176061905,35.96101037150682
hokkaido_23,2017-08-17,1503002465000,6.755955749534328,-8.209793620000058,35.968332407425855
hokkaido_23,2017-08-29,1504039265000,6.474214619908531,-7.532042795621411,35.96770368446836
hokkaido_23,2017-09-10,1505076066000,6.440228440281175,-7.117089627669314,35.965737222636406
hokkaido_23,2017-09-22,1506112866000,6.969702359559511,-7.010066504947915,35.96616081160728
hokkaido_23,2017-10-04,1507149666000,8.016692285204375,-7.0476711646480465,35.96536065575663
hokkaido_23,2017-10-16,1508186467000,6.14777907984327,-7.3609619948568925,35.966536397117416
hokkaido_23,2017-10-28,1509223267000,8.280498961131594,-7.456055997597432,35.965468328873435
hokkaido_23,2017-11-09,1510260066000,6.515315579778182,-6.424858138721072,35.968467888844614
hokkaido_23,2017-11-21,1511296866000,6.879618094553908,-8.579878656634486,35.96282021997912
hokkaido_23,2017-12-03,1512333666000,6.0212361324035815,-8.145078959144547,35.9629069467245
hokkaido_23,2017-12-15,1513370465000,6.3446121980559775,-7.54825490739729,35.96278653385664
hokkaido_23,2017-12-27,1514407265000,6.3384903024505315,-7.370203899711552,35.96998803228724
hokkaido_23,2018-01-08,1515444064000,3.484212473841014,-6.236475581724081,35.96878874102065
hokkaido_23,2018-01-20,1516480864000,5.075670676137551,-8.899766132291752,35.96203196060776
hokkaido_23,2018-02-01,1517517664000,4.1559003670969386,-6.315943971246576,35.96141021524736
hokkaido_23,2018-02-13,1518554463000,4.483955952144064,-7.587439363041526,35.96086377590732
hokkaido_23,2018-02-25,1519591263000,4.3073497453718455,-5.42416943503006,35.96892360417531
hokkaido_23,2018-03-09,1520628063000,3.6389126094366633,-7.289183610343558,35.974446035057625
hokkaido_23,2018-03-21,1521664863000,4.483783947416888,-8.15865919212525,35.97434404880947
hokkaido_23,2018-04-02,1522701664000,4.337498806687747,-9.24667342630661,35.96759258802673
hokkaido_23,2018-04-14,1523738464000,4.9131399175829475,-10.117049959262928,35.96509268886514
hokkaido_23,2018-04-26,1524775265000,6.622276608727016,-7.6698400470192,35.96557927280996
hokkaido_23,2018-05-08,1525812065000,7.990985101197053,-6.899875357425358,35.96783608496672
hokkaido_23,2018-05-20,1526848866000,5.0985206893658335,-6.342551206579687,35.96960083239007
hokkaido_23,2018-06-01,1527885667000,8.355277822688473,-7.3901779108659245,35.970959863678125
hokkaido_23,2018-06-13,1528922468000,5.104739994510235,-6.406429451127514,35.961942816127575
hokkaido_23,2018-06-25,1529959268000,8.315191777657182,-6.584924383511552,35.963335721594454
hokkaido_23,2018-07-19,1532032870000,6.97086346333722,-7.2926191547232175,35.97033442387007
hokkaido_23,2018-07-31,1533069670000,8.083795131279173,-7.862453405410393,35.972335189538754
hokkaido_23,2018-08-12,1534106471000,8.886168486109437,-5.758610917363602,35.96565708080912
hokkaido_23,2018-08-24,1535143272000,6.857635734973357,-9.026626943011722,35.95459420802882
hokkaido_23,2018-09-05,1536180072000,6.599176162474853,-5.441009790985546,35.96517049281086
hokkaido_23,2018-09-17,1537216873000,7.317053665582792,-6.079110822893703,35.968292563852636
hokkaido_23,2018-09-29,1538253673000,6.689732257140246,-5.56924734607121,35.96799014867182
hokkaido_23,2018-10-11,1539290473000,5.391656586702093,-6.361483838013864,35.963695227172835
hokkaido_23,2018-10-23,1540327273000,6.156077172092356,-7.156584885829188,35.96412250942653
hokkaido_23,2018-11-04,1541364073000,5.7477243190631135,-4.658843588602292,35.96380820907697
hokkaido_23,2018-11-16,1542400873000,7.265891613770041,-4.990332382532912,35.96796308300046
hokkaido_23,2018-11-28,1543437672000,7.193569389933938,-3.6037587981637778,35.96971755414136
hokkaido_23,2018-12-10,1544474472000,5.014889845094666,-3.7499135181044916,35.96453580472849
hokkaido_23,2018-12-22,1545511272000,6.2143090643548975,-5.948473666942932,35.95983700995111
hokkaido_23,2019-01-03,1546548071000,5.576436178982129,-5.828527373587246,35.96246832782782
hokkaido_23,2019-01-15,1547584871000,5.171302028732113,-5.504149000286074,35.96921199126852
hokkaido_23,2019-01-27,1548621671000,4.5536818982718215,-4.455978325943997,35.96505031920857
hokkaido_23,2019-02-08,1549658470000,5.021218868802188,-4.53181117359032,35.966441521811205
hokkaido_23,2019-02-20,1550695270000,4.670719864641237,-7.404058390638666,35.96180908474337
hokkaido_23,2019-03-04,1551732070000,4.2902550629440865,-6.038838170853491,35.957919648037276
hokkaido_23,2019-03-16,1552768870000,6.196974216285009,-5.830291798032486,35.96790874868758
hokkaido_23,2019-03-28,1553805670000,4.174980216705577,-6.386929792114138,35.96788486782929
hokkaido_23,2019-04-09,1554842470000,6.037567094314545,-6.345919033276091,35.96972072471692
hokkaido_23,2019-04-21,1555879271000,7.460511452920365,-5.204399999270692,35.961488647060115
hokkaido_23,2019-05-03,1556916071000,7.139913397056088,-5.047751692909908,35.958289993748515
hokkaido_23,2019-05-15,1557952872000,7.528734964572538,-5.444766590537597,35.963648240221254
hokkaido_23,2019-06-08,1560026473000,6.6601973080907175,-4.947793819941824,35.972049947269234
hokkaido_23,2019-06-20,1561063274000,7.505665308477608,-5.528891334575778,35.968153905106135
hokkaido_23,2019-07-02,1562100075000,7.626532868676987,-5.700079651324733,35.96221721656102
hokkaido_23,2019-07-14,1563136875000,6.879687868801408,-5.736530266988953,35.96399875408858
hokkaido_23,2019-07-26,1564173676000,6.496389961110473,-5.283330260412926,35.96939479247701
hokkaido_23,2019-08-07,1565210477000,6.654467888325895,-5.179916071324452,35.96845955753346
hokkaido_23,2019-08-19,1566247278000,6.56963843196703,-5.280642641142486,35.963571514945585
hokkaido_23,2019-09-12,1568320879000,6.088180815963908,-6.352383849786974,35.967765000913055
hokkaido_23,2019-09-24,1569357679000,6.3365230874835285,-6.071969155206358,35.96300208291566
hokkaido_23,2019-10-06,1570394480000,6.400325442482934,-5.2658357341928514,35.96722264376554
hokkaido_23,2019-10-18,1571431279000,6.6354144224126275,-6.114226328726646,35.96912912897718
hokkaido_23,2019-10-30,1572468080000,6.777587788805692,-7.0250215527741,35.96362373118799
hokkaido_23,2019-11-11,1573504880000,7.337855114199147,-6.889931701761303,35.9618893798446
hokkaido_23,2019-11-23,1574541679000,5.603319168896201,-5.4040547618454,35.96401191674375
hokkaido_23,2019-12-05,1575578479000,6.594103306504273,-5.264764340867147,35.97019517118526
hokkaido_23,2019-12-17,1576615278000,5.041731967921948,-4.85560776242089,35.96634070624296
hokkaido_23,2019-12-29,1577652078000,5.623528742199382,-6.244968887910591,35.9612357884977
hokkaido_23,2020-01-10,1578688877000,4.5018467023227275,-5.251892666905728,35.95871241778148
hokkaido_23,2020-01-22,1579725677000,4.289414788117285,-5.635384812442434,35.962247839650104
hokkaido_23,2020-02-03,1580762477000,2.362662633570179,-5.27280258173302,36.08673258793578
hokkaido_23,2020-02-15,1581799276000,4.482085814829948,-4.967479412431859,36.089972598742015
hokkaido_23,2020-02-27,1582836076000,5.072641322379986,-7.590214662273265,36.08749180218622
hokkaido_23,2020-03-10,1583872876000,6.209100156936058,-3.4946942384599105,36.07910148836823
hokkaido_23,2020-03-22,1584909676000,7.17014749962338,-8.39798922220938,36.080204773876055
hokkaido_23,2020-04-03,1585946477000,7.395137205454425,-8.119064219190362,36.08665714117375
hokkaido_23,2020-04-15,1586983277000,7.749034701584558,-7.494714286688895,36.089642113689266
hokkaido_23,2020-04-27,1588020078000,7.294794398921918,-7.818656162698805,36.0886516528668
hokkaido_23,2020-05-09,1589056878000,7.776520931849347,-9.603717525044672,36.089955436287156
hokkaido_23,2020-05-21,1590093679000,7.043585622847468,-9.570976722397535,36.085102239569004
hokkaido_23,2020-06-02,1591130479000,7.9149258030301,-9.297196622188855,36.08841067689838
hokkaido_23,2020-06-14,1592167280000,7.810371271969886,-10.846402308334437,36.085996897311695
hokkaido_23,2020-06-26,1593204081000,6.547576626154702,-12.303857017996696,36.090042089552234
hokkaido_23,2020-07-08,1594240882000,7.37857947262129,-9.142752663309501,36.08911234352581
hokkaido_23,2020-07-20,1595277682000,7.32742925658047,-8.600356512286037,36.08296635231794
hokkaido_23,2020-08-01,1596314483000,7.38185605132915,-8.188796567264728,36.08066280634716
hokkaido_23,2020-08-13,1597351284000,7.548519382995504,-8.03775583113181,36.08814408272005
hokkaido_23,2020-08-25,1598388085000,6.982695831504629,-8.938156672532347,36.08680833428586
hokkaido_23,2020-09-06,1599424885000,6.956870845169558,-9.053910693647833,36.084673013133425
hokkaido_23,2020-09-18,1600461685000,6.3905115481221735,-8.670653528274524,36.082601085437716
hokkaido_23,2020-09-30,1601498486000,6.978948486592143,-7.541068810943199,36.08506187562518
hokkaido_23,2020-10-12,1602535286000,6.6135713653172825,-9.496131747359932,36.084076225793716
hokkaido_23,2020-10-24,1603572086000,6.842158142327337,-8.473813724131409,36.08778619553964
hokkaido_23,2020-11-05,1604608886000,6.775590345427834,-7.911613028796626,36.083333657271275
hokkaido_23,2020-11-17,1605645686000,6.717080686521282,-8.835120421515512,36.08170884369309
hokkaido_23,2020-11-29,1606682485000,8.073927124902694,-6.534904532328512,36.083530335896235
hokkaido_23,2020-12-11,1607719285000,6.517803580378298,-6.811280921235755,36.08390011813472
hokkaido_23,2020-12-23,1608756084000,7.855240938164348,-9.470227164494368,36.088611179784046
hokkaido_23,2021-01-04,1609792884000,4.627737553542096,-8.875012035384069,36.08724333240638
hokkaido_23,2021-01-16,1610829683000,6.8004732562482495,-8.3405650993571,36.08363341976463
hokkaido_23,2021-01-28,1611866483000,5.584400302808078,-10.039235611681137,36.07705938753404
hokkaido_23,2021-02-09,1612903282000,4.75701716248538,-10.067514137334411,36.078456979596325
hokkaido_23,2021-02-21,1613940082000,4.118180499094709,-9.138852078541076,36.08976225777646
hokkaido_23,2021-03-05,1614976882000,5.7162384104479464,-6.872373077748533,36.09336940079306
hokkaido_23,2021-03-17,1616013682000,7.894729400409576,-9.371558221403214,36.09279674456744
hokkaido_23,2021-03-29,1617050482000,5.896410764926891,-7.452695184061863,36.08428645167709
hokkaido_23,2021-04-10,1618087283000,8.362503743384176,-7.114204744018633,36.08398934312118
hokkaido_23,2021-04-22,1619124083000,7.393369251438568,-8.554456453564534,36.08804639064835
hokkaido_23,2021-05-04,1620160884000,6.989015834601273,-8.49264546267871,36.08983350600302
hokkaido_23,2021-05-16,1621197684000,7.4931635837760275,-7.766414934806141,36.08890722022576
hokkaido_23,2021-05-28,1622234485000,7.116068406702892,-8.136474337011459,36.08477055047912
hokkaido_23,2021-06-09,1623271286000,7.5496707666163765,-8.160783090540994,36.08331707909287
hokkaido_23,2021-06-21,1624308087000,8.35308657263184,-7.956742656039261,36.084819322560186
hokkaido_23,2021-07-03,1625344887000,7.634350478357579,-7.499261891534513,36.08701973963265
hokkaido_23,2021-07-15,1626381688000,7.868034266040686,-7.364863140763464,36.087874207159494
hokkaido_23,2021-07-27,1627418489000,7.973136097319267,-7.023768145880285,36.09334988603688
hokkaido_23,2021-08-08,1628455289000,8.16898248511165,-6.753835370354709,36.084024908184254
hokkaido_23,2021-08-20,1629492090000,8.21755816924916,-6.984708091068006,36.08225412366849
hokkaido_23,2021-09-01,1630528905000,8.321616869804291,-6.535996974341519,35.59838572664197
hokkaido_23,2021-09-13,1631565705000,7.6860291893304895,-6.849605867739812,35.59464735510663
hokkaido_23,2021-09-25,1632602506000,7.923636771059428,-6.854961028918053,35.590575777915774
hokkaido_23,2021-10-07,1633639303000,7.585162439523561,-8.350599494634086,35.73056079849057
hokkaido_23,2021-10-19,1634676103000,6.996070361475324,-7.66547715236461,35.728335865189415
hokkaido_23,2021-10-31,1635712903000,7.50106433715889,-6.837971677546814,35.73205959204473
hokkaido_23,2021-11-12,1636749703000,7.443928835540138,-7.236365096639424,35.733947268104906
hokkaido_23,2021-11-24,1637786503000,7.493145417055266,-7.873406989478817,35.72831690658645
hokkaido_23,2021-12-06,1638823302000,7.040836578968457,-10.677234578954423,35.72824018427511
hokkaido_23,2021-12-18,1639860102000,6.421701769641813,-7.523350823742376,35.726520821756004
hokkaido_23,2021-12-30,1640896901000,5.561967689340031,-6.114140963036878,35.73386821403403
hokkaido_23,2022-01-11,1641933701000,3.6982949150856994,-9.3502686361221,35.732525611772516
hokkaido_23,2022-01-23,1642970500000,3.5971792638743705,-8.330790783985803,35.73231425677327
hokkaido_23,2022-02-04,1644007299000,3.9574908190704376,-7.388743325263812,35.733399025682786
hokkaido_23,2022-02-16,1645044099000,6.806357151277664,-7.128800351426374,35.731494114582425
hokkaido_23,2022-02-28,1646080899000,3.861356281072101,-7.763459556006209,35.730093051700536
hokkaido_23,2022-03-12,1647117699000,3.766681066166242,-7.756902043105318,35.73586419153695
hokkaido_23,2022-03-24,1648154500000,5.315294302885022,-8.639034472921477,35.7351102210161
hokkaido_23,2022-04-05,1649191300000,7.15487072401213,-9.072461545254514,35.73607202286622
hokkaido_23,2022-04-17,1650228100000,6.92111572078695,-8.393295847907863,35.731631112917505
hokkaido_23,2022-04-29,1651264901000,7.20584538261618,-8.181414184162788,35.73148342941139
hokkaido_23,2022-05-11,1652301701000,7.22429595730344,-8.28382649196206,35.73362704883923
hokkaido_23,2022-06-04,1654375303000,7.834910835686128,-8.26669138830824,35.73221684948619
hokkaido_23,2022-06-16,1655412104000,7.636010233156148,-8.892624838028492,35.735379903779055
hokkaido_23,2022-06-28,1656448905000,7.241928640748546,-8.373964365889307,35.72795588833338
hokkaido_23,2022-07-10,1657485705000,7.800263767387182,-7.626828344971403,35.72948634215076
hokkaido_23,2022-07-22,1658522506000,7.612810632336171,-8.579929597854033,35.735096870322096
hokkaido_23,2022-08-03,1659559307000,7.57776609187056,-7.132426028807383,35.733278167736934
hokkaido_23,2022-08-15,1660596108000,6.826002077325915,-7.144877426322788,35.73279247850247
hokkaido_23,2022-08-27,1661632908000,6.759497698421573,-7.7998959484399695,35.73005565657204
hokkaido_23,2022-09-08,1662669709000,7.927639924699025,-7.230984928733739,35.72329279206734
hokkaido_23,2022-09-20,1663706508000,7.770988335892715,-7.315559285272014,35.748662303572154
hokkaido_23,2022-10-02,1664743309000,7.99047323258422,-7.284288241172256,35.733379930354246
hokkaido_23,2022-10-14,1665780109000,7.450398349527001,-7.484471249791811,35.734159400218324
hokkaido_23,2022-10-26,1666816909000,8.147140641485702,-7.6690673173852035,35.72442668455797
hokkaido_23,2022-11-07,1667853709000,7.516094318725883,-7.604324402815297,35.73350399209995
hokkaido_23,2022-11-19,1668890509000,7.638678183459493,-8.609828708843386,35.729690652043075
hokkaido_23,2022-12-01,1669927308000,7.076929173976861,-5.579292941314109,35.73565231363341
hokkaido_23,2022-12-13,1670964108000,4.819854155137407,-7.599480841208466,35.731564103605976
hokkaido_23,2022-12-25,1672000907000,4.290142766277869,-7.7346884618956375,35.731354495110374
hokkaido_23,2023-01-06,1673037706000,6.370030263066286,-8.803396224870848,35.72834465825568
hokkaido_23,2023-01-18,1674074505000,6.058239805285448,-8.816764394652727,35.74844784651896
hokkaido_23,2023-01-30,1675111306000,5.0871042351343565,-8.721610082346198,35.72860011156823
hokkaido_23,2023-02-11,1676148105000,7.233709878899576,-7.433542693793118,35.734279096657446
hokkaido_23,2023-02-23,1677184905000,2.4504249330071843,-6.6347410922685786,35.73844162144548
hokkaido_23,2023-03-07,1678221705000,6.380032982062234,-7.184685658763208,35.732037586049586
hokkaido_23,2023-03-19,1679258505000,7.806410842409135,-6.609344842898615,35.732349384189924
hokkaido_23,2023-03-31,1680295305000,6.467157466386762,-7.680669625645887,35.733656245657976
hokkaido_23,2023-04-12,1681332106000,6.391064062426661,-6.538587980314413,35.73389206117609
hokkaido_23,2023-04-24,1682368906000,5.340381031246558,-7.7333104518966636,35.73316348360351
hokkaido_23,2023-05-06,1683405707000,5.132329030940295,-6.026901391276655,35.724936276963625
hokkaido_23,2023-05-18,1684442508000,4.098710931284733,-7.637976854309664,35.724587241896856
hokkaido_23,2023-05-30,1685479308000,5.124895999678557,-8.989263270958258,35.72515483357895
hokkaido_23,2023-06-11,1686516109000,6.315675031320645,-8.833887436238822,35.73435744298689
hokkaido_23,2023-06-23,1687552909000,6.221855154067385,-9.93287896676373,35.73024529953328
hokkaido_23,2023-07-05,1688589710000,6.735112301338358,-7.66914927890614,35.73201168865184
hokkaido_23,2023-07-17,1689626511000,7.206690815311422,-8.192253645706264,35.729633068455485
hokkaido_23,2023-07-29,1690663311000,6.5756773918625955,-8.66693303239087,35.730263292608875
hokkaido_23,2023-08-10,1691700111000,7.936597823359223,-7.168851271981092,35.74902146767858
hokkaido_23,2023-08-22,1692736913000,6.1507517374980445,-8.114257938817934,35.73744446340232
hokkaido_23,2023-09-03,1693773714000,6.501439641021803,-6.740198264107476,35.73001634154659
hokkaido_23,2023-09-15,1694810514000,6.099447530121007,-6.552002190310796,35.72755283179935
hokkaido_23,2023-09-27,1695847314000,6.078864375213127,-7.457417292451758,35.73299662760704
hokkaido_23,2023-10-09,1696884114000,6.324320526063135,-7.407212394389928,35.738327511103485
hokkaido_23,2023-10-21,1697920914000,5.642210733597565,-5.466401912056649,35.72941304813416
hokkaido_23,2023-11-02,1698957714000,6.4079955197136895,-7.571706869342379,35.73370207815459
hokkaido_23,2023-11-14,1699994514000,7.244271104928762,-9.302916597204584,35.725065175417534
hokkaido_23,2023-11-26,1701031313000,3.845405146832457,-6.087599355813309,35.733552402813125
hokkaido_23,2023-12-08,1702068113000,5.944216465867158,-7.013405858635114,35.730295680202566
hokkaido_23,2023-12-20,1703104912000,6.632910236080491,-7.223021816786551,35.745259211376464
hokkaido_23,2024-01-01,1704141711000,4.625193607114596,-5.203784941023232,35.73949889843814
hokkaido_23,2024-01-13,1705178511000,5.178353072101102,-7.091328369812782,35.729040348980256
hokkaido_23,2024-01-25,1706215311000,5.598446677024213,-5.440593905966192,35.72721559145846
hokkaido_23,2024-02-06,1707252110000,4.276232245187854,-6.6712571561991405,35.734242346082745
hokkaido_23,2024-02-18,1708288910000,4.52022283133191,-4.877450044581299,35.73325845754635
hokkaido_23,2024-03-01,1709325710000,4.905827563150613,-5.731044639976109,35.73482382357857
hokkaido_23,2024-03-13,1710362510000,4.491024822552938,-6.294180531114917,35.736622511520075
hokkaido_23,2024-03-25,1711399310000,4.205711313491723,-6.104451240412099,35.73814770246464
hokkaido_23,2024-04-06,1712436111000,4.937599391451925,-4.9059316736427085,35.72798183474294
hokkaido_23,2024-04-18,1713472911000,4.624587058796107,-3.895502421670594,35.72976963775326
hokkaido_23,2024-04-30,1714509712000,6.542859266108533,-5.025696958655181,35.729683255184035
hokkaido_23,2024-05-12,1715546511000,4.798350769838148,-4.341023337968663,35.72760105904015
hokkaido_23,2024-05-24,1716583311000,6.895714342839536,-4.7427138718075454,35.71365715552753
hokkaido_23,2024-06-05,1717620111000,7.415703804545401,-5.379870916791855,35.715951161482096
hokkaido_23,2024-06-17,1718656910000,5.648379386214719,-4.643083426359569,35.7254192971644
hokkaido_23,2024-06-29,1719693710000,4.680296270174594,-4.641081458313713,35.72229960707368
hokkaido_23,2024-07-06,1720298014000,9.847877874473868,-5.27361758493141,45.52928632159495
hokkaido_23,2024-07-11,1720730509000,5.899380695109049,-5.1095336031470024,35.72192471288219
hokkaido_23,2024-07-23,1721767309000,4.927975944665259,-5.728852873393516,35.722916295215335
hokkaido_23,2024-08-04,1722804109000,4.993675161729905,-4.874779781808712,35.71911406295289
hokkaido_23,2024-08-16,1723840909000,5.83978214169474,-5.776555341606516,35.72802019360042
hokkaido_23,2024-08-28,1724877709000,6.217552927542357,-7.42647248427729,35.73201339863537
hokkaido_23,2024-09-09,1725914510000,7.091281448692441,-7.165606814839096,35.737163105380745
hokkaido_23,2024-09-21,1726951310000,5.627392320223546,-5.258099637752467,35.736665324201496
hokkaido_23,2024-10-03,1727988110000,5.300667219314404,-5.743181801979158,35.73677573154942
hokkaido_23,2024-10-15,1729024910000,5.188806900973295,-5.1576876626614,35.73564568567758
hokkaido_23,2024-10-27,1730061711000,6.903779432613633,-6.52308178886419,35.73339733932958
hokkaido_23,2024-11-08,1731098510000,5.147353783422499,-5.61174953899175,35.7349481809982
hokkaido_23,2024-11-20,1732135309000,4.697384080872166,-5.772269225875187,35.72800717693799
hokkaido_23,2024-12-02,1733172109000,6.600244294589159,-6.616378823804098,35.71987032041581
hokkaido_23,2024-12-14,1734208908000,5.608357753773734,-5.627318832099613,35.71649195183237
hokkaido_23,2024-12-26,1735245707000,5.11209440093006,-5.4050306674244455,35.72510903707215
hokkaido_23,2025-01-07,1736282505000,2.665487591818087,-5.378218160312604,35.72933665413245
hokkaido_23,2025-01-19,1737319304000,5.837203476366919,-5.027675878530327,35.7299734913219
hokkaido_23,2025-01-31,1738356103000,5.178479595919153,-5.027227589239858,35.73274112638982
hokkaido_23,2025-02-12,1739392903000,7.92970646473955,-5.7044103403314,35.72713221593934
hokkaido_23,2025-02-24,1740429703000,4.19981354035146,-6.755717424858014,35.73414127186279
hokkaido_23,2025-03-08,1741466503000,5.267023912592144,-6.955256097203791,35.73313822907117
hokkaido_23,2025-03-20,1742503304000,4.882163379145737,-7.363206473780555,35.73085766864412
hokkaido_23,2025-04-01,1743540104000,5.952845051723569,-4.727500312351918,35.72596196802237
hokkaido_23,2025-04-13,1744576904000,4.740481451994423,-4.980723838018617,35.73001622353333
hokkaido_23,2025-04-25,1745613704000,7.335424742319463,-6.286392939002604,35.720661083792876
hokkaido_23,2025-05-07,1746650504000,8.0072161091268,-5.862562242845273,35.72198333663092
hokkaido_23,2025-05-19,1747687303000,6.512760262938672,-5.039449370253973,35.72347460578833
hokkaido_23,2025-05-26,1748291607000,6.1092580979996205,-8.43932574515551,45.52687630049508
hokkaido_23,2025-05-31,1748724103000,5.703274678226957,-6.8055385713405885,35.718384625213304
hokkaido_23,2025-06-07,1749328407000,8.559633117417917,-6.29793975394701,45.528609587925956
hokkaido_23,2025-06-12,1749760902000,5.1783527207897295,-5.73579088497288,35.713402672492975
hokkaido_23,2025-06-24,1750797702000,6.139879180854069,-5.558766260892407,35.71143830533697
hokkaido_23,2025-07-01,1751402005000,3.081814016369995,-18.259884606885688,45.53254883349087
hokkaido_23,2025-07-06,1751834501000,6.987867394217583,-4.733040567980754,35.7160107031627
hokkaido_23,2025-07-18,1752871300000,7.7426504507595455,-5.1189852896033745,35.722929580916485
hokkaido_23,2025-07-30,1753908100000,5.145770756713915,-6.093298160175304,35.7246123231068
hokkaido_23,2025-08-11,1754944900000,4.151955418963966,-7.025979902859747,35.72413785174823
hokkaido_23,2025-08-23,1755981700000,7.6035497653108495,-5.908419508138062,35.726076361578535
hokkaido_23,2025-09-04,1757018500000,4.3658297939049335,-6.107970322108679,35.733001059592254
hokkaido_23,2025-09-16,1758055301000,4.252248126218598,-6.231971195565431,35.738253947556636
hokkaido_23,2025-09-28,1759092101000,5.9717468795797775,-5.304217616713095,35.737212648866056
hokkaido_23,2025-10-10,1760128901000,6.987404681727753,-6.4408212322305936,35.723944882033734
hokkaido_23,2025-10-22,1761165701000,7.117256402506615,-6.899290301162538,35.728992450605524
hokkaido_23,2025-11-03,1762202501000,7.494491638726947,-6.861525658916436,35.72652470220048
hokkaido_23,2025-11-15,1763239300000,7.356959168668702,-6.100542011200425,35.729392946031346
hokkaido_23,2025-11-27,1764276099000,6.027762153484821,-7.107225008365968,35.726769467371554
hokkaido_23,2025-12-09,1765312898000,5.638389644225013,-5.224601245959002,35.721153231522905
hokkaido_23,2025-12-21,1766349697000,4.861388242861463,-6.461081815014056,35.71848202755577
hokkaido_23,2026-01-02,1767386495000,5.927221718854083,-6.02197271238135,35.7194670482597
hokkaido_23,2026-01-14,1768423294000,6.098912925042296,-5.127159555969617,35.7233140776312
hokkaido_23,2026-01-26,1769460094000,3.8504462027393096,-7.082247980847058,35.72901208478818
hokkaido_23,2026-02-07,1770496893000,3.240666809394022,-5.862696974633609,35.73042969968852
hokkaido_23,2026-02-19,1771533692000,3.8878750495948684,-5.8561776890181,35.72936269428436
hokkaido_23,2026-03-03,1772570492000,3.947881707643387,-5.955134063117188,35.73125965053648
hokkaido_23,2026-03-15,1773607292000,4.4501506630829155,-6.294400659102808,35.72917155016789
hokkaido_23,2026-04-08,1775680892000,4.594762712323744,-6.1324673720442355,35.73073401835703
hokkaido_23,2026-04-20,1776717693000,5.243198852687082,-5.315776347440007,35.72174136396321
hokkaido_23,2026-05-02,1777754492000,7.366089774180553,-3.7518605555404827,35.71805830320043
hokkaido_23,2026-05-14,1778791292000,6.021068056891269,-4.519364508876942,35.71546738627466
hokkaido_24,2017-02-18,1487450457000,4.15284011480635,-8.320759244386188,35.96112886588904
hokkaido_24,2017-02-25,1488054783000,-6.0691883769670865,-33.67287323488766,45.54859342548078
hokkaido_24,2017-03-02,1488487257090,4.61999354119185,-8.158825489597282,35.96332145286773
hokkaido_24,2017-03-14,1489524057000,7.0981269820090525,-10.625230900844702,35.95328706868283
hokkaido_24,2017-03-26,1490560857000,5.274226010471175,-11.382192673289383,35.95291356548622
hokkaido_24,2017-04-07,1491597658140,7.2281952217622605,-8.415470627853425,35.95662025411603
hokkaido_24,2017-04-14,1492201985000,-13.995534542461618,-45.42756492088828,45.55157795307318
hokkaido_24,2017-04-19,1492634458760,7.131747673044094,-8.93211914201775,35.958574451257526
hokkaido_24,2017-04-26,1493238785360,-2.5890785115804142,-24.011509838817297,45.55084551712749
hokkaido_24,2017-05-01,1493671259000,7.014444044479072,-8.789491561186342,35.95626223494555
hokkaido_24,2017-05-08,1494275586310,4.431626600708647,-11.68746395220646,45.54679785723057
hokkaido_24,2017-05-13,1494708059970,6.6980610867181305,-8.283154027872085,35.95216434171086
hokkaido_24,2017-05-20,1495312386000,0.26636493761691704,-48.83600866092743,45.55156948485022
hokkaido_24,2017-05-25,1495744860000,7.283874107664531,-8.059157076369026,35.956800747611595
hokkaido_24,2017-06-06,1496781661000,8.534928733260285,-8.607457563748168,35.95237381558589
hokkaido_24,2017-06-18,1497818461000,8.559974015553793,-7.800342178364331,35.957388385413296
hokkaido_24,2017-06-25,1498422789000,1.9299306119390671,-22.003863541368464,45.549086827958014
hokkaido_24,2017-06-30,1498855262000,9.030880106199248,-7.069657943639228,35.95944681323627
hokkaido_24,2017-07-07,1499459589000,-3.5562301784657344,-46.40582166069506,45.55134727613715
hokkaido_24,2017-07-12,1499892063000,8.903091216444858,-8.235368791143744,35.95699897226662
hokkaido_24,2017-07-24,1500928864000,8.557662034952417,-8.727716363515691,35.95657168423645
hokkaido_24,2017-07-31,1501533191000,-9.43020298735028,-38.75168684773301,45.55141099172032
hokkaido_24,2017-08-05,1501965664000,8.899980260151573,-8.432367765587603,35.95088277671182
hokkaido_24,2017-08-17,1503002465000,9.662693969593978,-10.225842028553922,35.9582126103974
hokkaido_24,2017-08-24,1503606792000,-1.6824995212256562,-44.06856737897074,45.54994640146161
hokkaido_24,2017-08-29,1504039265000,8.756696908778615,-9.713039558326619,35.95758872720524
hokkaido_24,2017-09-05,1504643592000,-21.991572259636122,-51.78319520323278,45.550826065754244
hokkaido_24,2017-09-10,1505076066000,8.148159704286856,-8.234477547755667,35.955617301754465
hokkaido_24,2017-09-17,1505680393000,-4.111345536491349,-32.99072387869028,45.549150335603414
hokkaido_24,2017-09-22,1506112866000,8.248665524737945,-8.325538923859416,35.95604628529377
hokkaido_24,2017-10-04,1507149666000,7.756440166153187,-8.620609105092365,35.95524704176859
hokkaido_24,2017-10-16,1508186467000,7.918987622585947,-9.106337650943477,35.956422354411174
hokkaido_24,2017-10-28,1509223267000,8.772801045138054,-10.117924470340709,35.955343147777405
hokkaido_24,2017-11-04,1509827593000,-1.966463441830458,-31.151058498651235,45.54744744122594
hokkaido_24,2017-11-09,1510260066000,7.8284459893631615,-9.737705023536018,35.95835172076557
hokkaido_24,2017-11-21,1511296866000,3.026861202123839,-8.730138225496354,35.952701842182826
hokkaido_24,2017-12-03,1512333666000,2.9830161603393184,-8.973958546114877,35.95278235912997
hokkaido_24,2017-12-15,1513370465000,3.30659558261594,-8.736509946536412,35.9526576162879
hokkaido_24,2017-12-27,1514407265000,5.6276251611677885,-9.163488289491754,35.95987148759146
hokkaido_24,2018-01-08,1515444064000,1.2857775575690884,-10.132267660854533,35.95867625836944
hokkaido_24,2018-01-15,1516048391000,-15.89735347486308,-51.91742497169312,45.54764273170508
hokkaido_24,2018-01-20,1516480864000,3.283550027462698,-9.658648211109865,35.951910174363064
hokkaido_24,2018-02-01,1517517664000,2.650911424693963,-6.570524678564209,35.95129014140428
hokkaido_24,2018-02-13,1518554463000,0.6225869650432843,-10.811376995737518,35.95074420264857
hokkaido_24,2018-02-25,1519591263000,2.276292819515492,-9.636884195490177,35.95881285256387
hokkaido_24,2018-03-09,1520628063000,3.558693380325487,-10.773269393924188,35.96433381995692
hokkaido_24,2018-03-21,1521664863000,4.879672180395135,-9.148198474884488,35.96422329758153
hokkaido_24,2018-04-02,1522701664000,5.494668839452499,-11.378531987953135,35.957463727326065
hokkaido_24,2018-04-14,1523738464000,8.421019401452877,-10.7020170541377,35.954980121257336
hokkaido_24,2018-04-26,1524775265000,7.0821862773598285,-9.90711220366372,35.955454603483346
hokkaido_24,2018-05-08,1525812065000,7.2548942520681345,-9.444138402202075,35.95772209275459
hokkaido_24,2018-05-20,1526848866000,7.189707649214503,-9.420347272325067,35.959480638957245
hokkaido_24,2018-06-01,1527885667000,6.613668723303462,-10.202750299573548,35.96084482066915
hokkaido_24,2018-06-13,1528922468000,8.943660967464247,-7.817561639701783,35.951820120405344
hokkaido_24,2018-06-25,1529959268000,9.122450728144267,-8.831925792086462,35.95321978636463
hokkaido_24,2018-07-19,1532032870000,9.667190538136948,-8.764737832560778,35.96022192965247
hokkaido_24,2018-07-31,1533069670000,10.421787857737797,-9.340661456473173,35.96221870488652
hokkaido_24,2018-08-12,1534106471000,9.10361736192279,-8.548993013780096,35.955538273627994
hokkaido_24,2018-08-24,1535143272000,10.203025342742785,-7.834621308543246,35.944426537525125
hokkaido_24,2018-09-05,1536180072000,9.729037105756218,-7.895969325344644,35.95505269600105
hokkaido_24,2018-09-17,1537216873000,6.891122956430778,-8.919207524268254,35.95816506562581
hokkaido_24,2018-09-29,1538253673000,6.197859654155003,-9.113462208641012,35.95787196363668
hokkaido_24,2018-10-11,1539290473000,9.513518489456878,-9.465101244187727,35.953577199318644
hokkaido_24,2018-10-23,1540327273000,8.881029755602626,-11.41222159443268,35.95401002984705
hokkaido_24,2018-11-04,1541364073000,8.473011106213136,-8.194308057084266,35.953681985143454
hokkaido_24,2018-11-16,1542400873000,8.43933456478777,-10.258965929169731,35.95784543884696
hokkaido_24,2018-11-28,1543437672000,6.064007862852116,-10.157865198148993,35.9595999631926
hokkaido_24,2018-12-10,1544474472000,4.2693127099285615,-6.343350854518819,35.954413901152265
hokkaido_24,2018-12-22,1545511272000,5.517212177872575,-9.637268015633499,35.94972062463006
hokkaido_24,2019-01-03,1546548071000,3.3229677453338535,-9.517751629198314,35.952349384962915
hokkaido_24,2019-01-15,1547584871000,3.896912723947816,-9.81563598400495,35.95909961235082
hokkaido_24,2019-01-27,1548621671000,1.420337255709935,-9.561400648252222,35.95493382067242
hokkaido_24,2019-02-08,1549658470000,4.280305599377177,-7.59618042999437,35.95632401082859
hokkaido_24,2019-02-20,1550695270000,4.645732198785361,-8.479226239363095,35.951680146619736
hokkaido_24,2019-03-04,1551732070000,1.4638971574510387,-11.260801053679035,35.947797372361876
hokkaido_24,2019-03-16,1552768870000,6.282456877676982,-9.378077286329374,35.95779108692527
hokkaido_24,2019-03-28,1553805670000,3.3833830112129677,-9.106844908468496,35.95775736310077
hokkaido_24,2019-04-09,1554842470000,3.9865152193403857,-9.732131480224586,35.959596903197486
hokkaido_24,2019-04-21,1555879271000,6.22551260068812,-9.263087955149132,35.95137088507124
hokkaido_24,2019-05-03,1556916071000,4.831957586022307,-9.539899044979627,35.94816905293816
hokkaido_24,2019-05-15,1557952872000,6.147357966640772,-8.662572745960214,35.9535262985985
hokkaido_24,2019-06-08,1560026473000,9.508870126628452,-8.08541994869364,35.96193395700743
hokkaido_24,2019-06-20,1561063274000,9.411891164852085,-9.184308336784458,35.95803731513746
hokkaido_24,2019-07-02,1562100075000,11.587390531739759,-9.009179491455408,35.95208981515713
hokkaido_24,2019-07-14,1563136875000,10.397400756111754,-9.433749981203192,35.95387175416049
hokkaido_24,2019-07-26,1564173676000,11.402804608006312,-8.851775323132527,35.95928255164106
hokkaido_24,2019-08-07,1565210477000,9.315985417523509,-9.076739085866233,35.95834119081256
hokkaido_24,2019-08-19,1566247278000,10.788731491470548,-8.938185044428483,35.95345644768397
hokkaido_24,2019-09-12,1568320879000,10.415843181327105,-10.339342004417375,35.95763959553133
hokkaido_24,2019-09-24,1569357679000,10.601845443493557,-9.498666237374643,35.952873145980064
hokkaido_24,2019-10-06,1570394480000,9.835684577718302,-9.304186756650102,35.9570974781115
hokkaido_24,2019-10-18,1571431279000,9.492526644959053,-8.960193829400874,35.95901871653437
hokkaido_24,2019-10-30,1572468080000,9.895173348265867,-9.876919956081741,35.95350945999925
hokkaido_24,2019-11-11,1573504880000,12.411365535937621,-9.17200466359415,35.95176951399127
hokkaido_24,2019-11-23,1574541679000,9.539276207403258,-10.70807201558661,35.95389589251896
hokkaido_24,2019-12-05,1575578479000,1.9160795590603177,-8.587261999389133,35.96008184266037
hokkaido_24,2019-12-17,1576615278000,7.53971402837198,-10.508211491424937,35.95622798485014
hokkaido_24,2019-12-29,1577652078000,3.8052621504998068,-8.927938137051333,35.95112054143853
hokkaido_24,2020-01-10,1578688877000,3.2205129866144837,-8.526193823997055,35.94859752516369
hokkaido_24,2020-01-22,1579725677000,1.9848843377090866,-10.110910538489405,35.952132426104406
hokkaido_24,2020-02-03,1580762477000,4.165487062147241,-9.336675298862959,36.07649118442728
hokkaido_24,2020-02-15,1581799276000,3.333269846697696,-8.506333093372776,36.079727791784855
hokkaido_24,2020-02-27,1582836076000,3.0049634392511924,-12.079324569403767,36.07724586172521
hokkaido_24,2020-03-10,1583872876000,3.9858103140479435,-11.159785310130555,36.06886665885123
hokkaido_24,2020-03-22,1584909676000,6.7215237980297315,-10.333783828078731,36.069966993018056
hokkaido_24,2020-04-03,1585946477000,7.734913988084508,-10.30607127286824,36.07642072213976
hokkaido_24,2020-04-15,1586983277000,5.636774650330806,-10.111811823766022,36.07940927678609
hokkaido_24,2020-04-27,1588020078000,9.360719720581944,-10.377440897974058,36.07840594282054
hokkaido_24,2020-05-09,1589056878000,9.524612164426694,-9.340856372005897,36.07972249314009
hokkaido_24,2020-05-21,1590093679000,8.607686483615646,-11.383745988322698,36.074867126101395
hokkaido_24,2020-06-02,1591130479000,8.952298113646284,-10.953208620473369,36.07816663793325
hokkaido_24,2020-06-14,1592167280000,9.724610504974683,-10.722812657816185,36.07575856141369
hokkaido_24,2020-06-26,1593204081000,9.77634768740561,-9.59282088816756,36.079807723844894
hokkaido_24,2020-07-08,1594240882000,10.638123832461108,-10.28650434478414,36.07887456605373
hokkaido_24,2020-07-20,1595277682000,8.313608629345692,-9.247843493554605,36.07272075680853
hokkaido_24,2020-08-01,1596314483000,8.697440872559715,-9.511393305690023,36.07042716930598
hokkaido_24,2020-08-13,1597351284000,9.25953372155281,-8.90717632479453,36.0779099946936
hokkaido_24,2020-08-25,1598388085000,8.618692413405771,-10.608043209286308,36.07657421627226
hokkaido_24,2020-09-06,1599424885000,10.255844100959298,-10.0629561931889,36.07443628788766
hokkaido_24,2020-09-18,1600461685000,9.977291426595414,-9.950031435776669,36.072356097315684
hokkaido_24,2020-09-30,1601498486000,7.888888030320036,-9.898335333717652,36.07482171785512
hokkaido_24,2020-10-12,1602535286000,9.843988712986825,-9.878167679306767,36.07384395194203
hokkaido_24,2020-10-24,1603572086000,9.095964753954307,-9.102245379040216,36.07754393837671
hokkaido_24,2020-11-05,1604608886000,8.866199238101855,-8.909894748007037,36.07309364472977
hokkaido_24,2020-11-17,1605645686000,6.78082689933809,-11.111128436453553,36.07146119521772
hokkaido_24,2020-11-29,1606682485000,4.2399246630282645,-10.219154131176278,36.07329987235691
hokkaido_24,2020-12-11,1607719285000,4.9611273810360075,-10.481559507397945,36.07365387745551
hokkaido_24,2020-12-23,1608756084000,3.6016508564886687,-12.050543391592667,36.07836808595527
hokkaido_24,2021-01-04,1609792884000,2.8076736531024524,-12.106858146645722,36.077012415678
hokkaido_24,2021-01-16,1610829683000,3.2527785221923686,-11.999375844433676,36.07340060918019
hokkaido_24,2021-01-28,1611866483000,0.4914214713439373,-9.775568302429594,36.066818108554806
hokkaido_24,2021-02-09,1612903282000,1.6410638857832447,-9.970712678501014,36.06821792784706
hokkaido_24,2021-02-21,1613940082000,3.346250869667261,-12.788656181807161,36.07952770943062
hokkaido_24,2021-03-05,1614976882000,2.1423603319448246,-11.473020571888958,36.08313561410242
hokkaido_24,2021-03-17,1616013682000,6.906389869694503,-10.800533953273503,36.08255339882591
hokkaido_24,2021-03-29,1617050482000,4.811491834729106,-11.090281323025504,36.07404712414451
hokkaido_24,2021-04-10,1618087283000,6.2819959405735935,-12.129242056575817,36.07375411879348
hokkaido_24,2021-04-22,1619124083000,3.465516466237453,-11.088794927092138,36.07780185573771
hokkaido_24,2021-05-04,1620160884000,3.5109887621544678,-11.22252450276821,36.07959680844491
hokkaido_24,2021-05-16,1621197684000,9.675227374176645,-9.24696661789694,36.07866086246991
hokkaido_24,2021-05-28,1622234485000,7.654763861139076,-10.778061162491936,36.07452591250642
hokkaido_24,2021-06-09,1623271286000,7.128802810406317,-9.688193227068977,36.07308249645968
hokkaido_24,2021-06-21,1624308087000,7.507080738221012,-9.179822667829573,36.074585680720794
hokkaido_24,2021-07-03,1625344887000,7.668782437817241,-9.526000182957699,36.076776792316366
hokkaido_24,2021-07-15,1626381688000,8.074562719029647,-9.668849889604175,36.07763458449198
hokkaido_24,2021-07-27,1627418489000,8.140354128977851,-9.861700241217342,36.08311636449352
hokkaido_24,2021-08-08,1628455289000,6.729663988021182,-8.61430318323542,36.073789197363034
hokkaido_24,2021-08-20,1629492090000,8.058332551188858,-8.722256395019341,36.07201908438458
hokkaido_24,2021-09-01,1630528905000,7.852087310689002,-8.839613235095714,35.58888935098363
hokkaido_24,2021-09-13,1631565705000,8.039724127974537,-9.0223555884657,35.58514807276314
hokkaido_24,2021-09-25,1632602506000,7.388901188059302,-10.184929843498173,35.58108080486918
hokkaido_24,2021-10-07,1633639303000,8.516244180126286,-8.97546241284075,35.721050920184155
hokkaido_24,2021-10-19,1634676103000,10.30381246182121,-11.618855768409194,35.71882420681826
hokkaido_24,2021-10-31,1635712903000,7.402015281136518,-9.729068609882964,35.72254438025901
hokkaido_24,2021-11-12,1636749703000,7.8991839162363915,-9.226023902192674,35.72444345262315
hokkaido_24,2021-11-24,1637786503000,4.419257437364371,-9.141032828002102,35.71880634210009
hokkaido_24,2021-12-06,1638823302000,8.84119986860504,-9.837435854067134,35.71871974840217
hokkaido_24,2021-12-18,1639860102000,3.3776475809555504,-8.54026746042941,35.717000508385574
hokkaido_24,2021-12-30,1640896901000,6.373699038940334,-9.93870878166997,35.724351015187274
hokkaido_24,2022-01-11,1641933701000,1.3311271474394821,-11.313213911501416,35.723017897943066
hokkaido_24,2022-01-23,1642970500000,1.0612154685994941,-10.230287151866522,35.72280559832758
hokkaido_24,2022-02-04,1644007299000,1.5364650927700938,-9.252170990421238,35.72389542627816
hokkaido_24,2022-02-16,1645044099000,1.8845926432957782,-11.083141265105999,35.721975761290025
hokkaido_24,2022-02-28,1646080899000,2.95023386747346,-10.757634597144103,35.72057103850783
hokkaido_24,2022-03-12,1647117699000,4.8720077564860444,-13.09638530547461,35.72634799592686
hokkaido_24,2022-03-24,1648154500000,6.52306839466685,-12.472588568266398,35.725593828249096
hokkaido_24,2022-04-05,1649191300000,8.826873518732144,-10.486766975562315,35.72655967789468
hokkaido_24,2022-04-17,1650228100000,9.209085392477077,-10.38474320169533,35.722117730590725
hokkaido_24,2022-04-29,1651264901000,7.154335810613057,-10.036597176925817,35.7219702409187
hokkaido_24,2022-05-11,1652301701000,8.352031491223471,-9.84153914105386,35.72411258125228
hokkaido_24,2022-06-04,1654375303000,9.569242951152594,-8.37079498613276,35.72270213498436
hokkaido_24,2022-06-16,1655412104000,9.154340873681912,-9.5288626366791,35.72586297526693
hokkaido_24,2022-06-28,1656448905000,10.16696268204828,-9.18144606839718,35.71843232434206
hokkaido_24,2022-07-10,1657485705000,9.674678078773148,-8.996383001546258,35.719975229991675
hokkaido_24,2022-07-22,1658522506000,9.759676659196218,-9.748164559406431,35.72558385374472
hokkaido_24,2022-08-03,1659559307000,8.743557087554091,-10.17393736704571,35.72376783290856
hokkaido_24,2022-08-15,1660596108000,10.087383887085878,-8.786374627960452,35.723284613567856
hokkaido_24,2022-08-27,1661632908000,7.73816132837577,-9.940200753549652,35.72054284992808
hokkaido_24,2022-09-08,1662669709000,7.492126209775387,-10.681626180446552,35.713776759048756
hokkaido_24,2022-09-20,1663706508000,8.859803030545386,-9.813909582845174,35.73915458293879
hokkaido_24,2022-10-02,1664743309000,8.368319139154696,-8.703520997822137,35.72387330719919
hokkaido_24,2022-10-14,1665780109000,8.643978613266075,-7.747085156504927,35.724640770459935
hokkaido_24,2022-10-26,1666816909000,8.035380340658007,-8.162687021768736,35.7149162955102
hokkaido_24,2022-11-07,1667853709000,7.1740965237268215,-8.576944863799092,35.72399771794276
hokkaido_24,2022-11-19,1668890509000,7.688545632661432,-7.740299386521517,35.7201751940178
hokkaido_24,2022-12-01,1669927308000,4.246232359751279,-10.99213229911831,35.72615101428447
hokkaido_24,2022-12-13,1670964108000,5.7271715116038004,-9.666884600947345,35.72204982344855
hokkaido_24,2022-12-25,1672000907000,4.675273858310531,-8.71317365099423,35.7218403518019
hokkaido_24,2023-01-06,1673037706000,5.986270003425411,-8.72946063685411,35.718830750857904
hokkaido_24,2023-01-18,1674074505000,4.3747515242836865,-8.935155959977372,35.73895111485288
hokkaido_24,2023-01-30,1675111306000,4.046614383084165,-8.529948729634674,35.71908330801527
hokkaido_24,2023-02-11,1676148105000,1.6920044914547563,-11.038106393788702,35.724773648916376
hokkaido_24,2023-02-23,1677184905000,2.217898998608377,-11.00748498965693,35.72892720000913
hokkaido_24,2023-03-07,1678221705000,5.617594802344003,-11.392005237846565,35.722518348037596
hokkaido_24,2023-03-19,1679258505000,6.734548714980386,-11.33157701728253,35.722835628678396
hokkaido_24,2023-03-31,1680295305000,7.955642761447248,-11.95931023816868,35.72413566036233
hokkaido_24,2023-04-12,1681332106000,8.136396228635803,-9.185734792278325,35.72438426084243
hokkaido_24,2023-04-24,1682368906000,9.677349856043321,-8.612298107340175,35.72364205559713
hokkaido_24,2023-05-06,1683405707000,10.380826569809775,-8.350245943826128,35.715424930302795
hokkaido_24,2023-05-18,1684442508000,10.243374350487816,-8.248978320427915,35.715066692204154
hokkaido_24,2023-05-30,1685479308000,9.445948212891649,-8.27656932733756,35.71564204571007
hokkaido_24,2023-06-11,1686516109000,10.362467104283331,-8.142463185528557,35.724851886262705
hokkaido_24,2023-06-23,1687552909000,8.850903052067633,-8.973232627709413,35.72072968999095
hokkaido_24,2023-07-05,1688589710000,10.677815186915515,-9.495889548491407,35.72250330207226
hokkaido_24,2023-07-17,1689626511000,10.6383668710153,-8.44212243758425,35.720125058293945
hokkaido_24,2023-07-29,1690663311000,9.755696134465545,-8.69742738824436,35.72074379016646
hokkaido_24,2023-08-10,1691700111000,8.893997438090704,-8.973851029377771,35.73951048322263
hokkaido_24,2023-08-22,1692736913000,9.147095036402838,-8.539445628122708,35.72793106119191
hokkaido_24,2023-09-03,1693773714000,9.117173440148132,-9.377999032401574,35.72050507045945
hokkaido_24,2023-09-15,1694810514000,9.833159913943513,-7.678840609475374,35.7180374341331
hokkaido_24,2023-09-27,1695847314000,9.362319957127308,-8.09608232290867,35.72347994343721
hokkaido_24,2023-10-09,1696884114000,9.73509538963026,-9.007500788697234,35.728821948736844
hokkaido_24,2023-10-21,1697920914000,8.713802422080898,-8.874366855075213,35.71989190563999
hokkaido_24,2023-11-02,1698957714000,9.395110451539539,-8.612581670379727,35.724186484257125
hokkaido_24,2023-11-14,1699994514000,3.5853555217440807,-8.863014568675352,35.715553580390086
hokkaido_24,2023-11-26,1701031313000,4.128541042949486,-9.56194566695648,35.724041910817576
hokkaido_24,2023-12-08,1702068113000,8.21055277146498,-9.77989709612707,35.72078774535197
hokkaido_24,2023-12-20,1703104912000,5.180455879670157,-9.165960977088522,35.735763030215274
hokkaido_24,2024-01-01,1704141711000,4.8137433087725405,-10.7043838106014,35.72998988250061
hokkaido_24,2024-01-13,1705178511000,3.5907858571312863,-10.943477109956056,35.71952170192606
hokkaido_24,2024-01-25,1706215311000,0.7700731547054891,-11.520527161601212,35.71770109388564
hokkaido_24,2024-02-06,1707252110000,1.6508182740406947,-10.754725930413517,35.724730512060304
hokkaido_24,2024-02-18,1708288910000,5.1046080304553785,-11.117813432188193,35.723749782167
hokkaido_24,2024-03-01,1709325710000,3.718741235343225,-12.953565007150665,35.72531324019458
hokkaido_24,2024-03-13,1710362510000,4.238898416329569,-11.895456322838065,35.727114217253884
hokkaido_24,2024-03-25,1711399310000,5.918420093039355,-9.590226753400959,35.7286279203435
hokkaido_24,2024-04-06,1712436111000,6.264544412694883,-10.070103847081608,35.71845767031964
hokkaido_24,2024-04-18,1713472911000,5.3474660485783385,-9.582436795501177,35.72025742333143
hokkaido_24,2024-04-30,1714509712000,5.073943915321312,-8.615565994453476,35.72016820811263
hokkaido_24,2024-05-07,1715114016000,4.47728044099691,-10.160641207556342,45.52130252337214
hokkaido_24,2024-05-12,1715546511000,5.594550707950648,-10.03963065203102,35.71808092954015
hokkaido_24,2024-05-19,1716150815000,4.9112173600655815,-10.408245112614877,45.523088019433125
hokkaido_24,2024-05-24,1716583311000,6.169119073727321,-10.817748707272216,35.704139851386195
hokkaido_24,2024-05-31,1717187615000,3.0980909796315643,-11.25989191368722,45.52502391733299
hokkaido_24,2024-06-05,1717620111000,5.846927870401133,-11.219390580493915,35.7064357265225
hokkaido_24,2024-06-12,1718224415000,3.1441426512213284,-9.585295691907147,45.52573034061198
hokkaido_24,2024-06-17,1718656910000,8.18749396253754,-11.582561439856262,35.71593019755304
hokkaido_24,2024-06-24,1719261214000,3.178146998059522,-9.1209010512084,45.52234522887419
hokkaido_24,2024-06-29,1719693710000,6.547015972036588,-10.572002859001612,35.71278265211318
hokkaido_24,2024-07-06,1720298014000,4.057096986500092,-10.085544706773556,45.51982992561112
hokkaido_24,2024-07-11,1720730509000,6.319843499834845,-9.714122550512396,35.71239973430275
hokkaido_24,2024-07-18,1721334813000,3.241759312975824,-10.024230490294608,45.52604688263404
hokkaido_24,2024-07-23,1721767309000,5.976925350209767,-9.980177215238744,35.71339796740351
hokkaido_24,2024-07-30,1722371613000,7.842519340701294,-10.75391212338798,45.529916401141094
hokkaido_24,2024-08-04,1722804109000,8.01750456465854,-10.357663383668802,35.70958804236176
hokkaido_24,2024-08-16,1723840909000,8.372901047992487,-11.26396879863081,35.71850995824404
hokkaido_24,2024-08-28,1724877709000,8.57774285144886,-10.911000617286549,35.72249274030449
hokkaido_24,2024-09-09,1725914510000,7.388720981893851,-10.078267232909592,35.72764525548649
hokkaido_24,2024-09-21,1726951310000,5.025839434002771,-10.727734961598811,35.727149425576705
hokkaido_24,2024-10-03,1727988110000,5.664477736642404,-10.345496250138316,35.727266260324974
hokkaido_24,2024-10-15,1729024910000,6.027293460561263,-10.092253082030751,35.726142312561606
hokkaido_24,2024-10-27,1730061711000,5.853037355889918,-10.489918742988735,35.72388993683263
hokkaido_24,2024-11-08,1731098510000,5.377367901177503,-10.650371000889525,35.725438667369815
hokkaido_24,2024-11-20,1732135309000,4.201000891060097,-11.498274719518843,35.71848820262207
hokkaido_24,2024-12-02,1733172109000,2.710688280070288,-10.022068382208488,35.71034440279632
hokkaido_24,2024-12-14,1734208908000,0.4791221051822807,-11.726099919958394,35.706977445043705
hokkaido_24,2024-12-26,1735245707000,1.4964140389207905,-11.245146176495645,35.7156010190405
hokkaido_24,2025-01-07,1736282505000,1.508547838232878,-11.557216727082944,35.71981390150375
hokkaido_24,2025-01-19,1737319304000,5.525047933889134,-9.510505842062297,35.72045482590022
hokkaido_24,2025-01-31,1738356103000,2.0894109195477477,-9.887073329363668,35.723233231823855
hokkaido_24,2025-02-12,1739392903000,6.4197367818609425,-10.888931157588791,35.71761410224804
hokkaido_24,2025-02-24,1740429703000,1.5344624972781775,-12.299257716248029,35.72463111176578
hokkaido_24,2025-03-08,1741466503000,4.087224403422324,-11.35332222551992,35.723626859657976
hokkaido_24,2025-03-20,1742503304000,6.111900553310006,-12.178383284680509,35.72134223908686
hokkaido_24,2025-04-01,1743540104000,6.608808513854957,-10.278396725071142,35.71644950486077
hokkaido_24,2025-04-13,1744576904000,7.419831997526881,-11.096671367216453,35.720504029694595
hokkaido_24,2025-04-25,1745613704000,7.610129576203729,-9.438302762776582,35.71114141073833
hokkaido_24,2025-05-02,1746218008000,11.955039235806753,-14.494310850252043,45.53142745623418
hokkaido_24,2025-05-07,1746650504000,7.717898435973232,-8.022039160858819,35.71246827151939
hokkaido_24,2025-05-14,1747254808000,5.686508451353033,-11.963136627570794,45.521778406834535
hokkaido_24,2025-05-19,1747687303000,7.102373404436539,-8.986613958275491,35.7139639293333
hokkaido_24,2025-05-26,1748291607000,4.556414762858369,-11.317792815262292,45.517414133944484
hokkaido_24,2025-05-31,1748724103000,6.191047367244627,-8.901472873970741,35.708862151080716
hokkaido_24,2025-06-07,1749328407000,5.842434182280663,-13.079342267472228,45.519151694944675
hokkaido_24,2025-06-12,1749760902000,6.860954782938119,-9.233844038621193,35.70387339336755
hokkaido_24,2025-06-19,1750365206000,4.6979655344588265,-12.4393628584252,45.52329298983869
hokkaido_24,2025-06-24,1750797702000,5.301826749360091,-9.223734089815522,35.701915206693315
hokkaido_24,2025-07-01,1751402005000,4.986987398856439,-12.285402197780808,45.52312241867259
hokkaido_24,2025-07-06,1751834501000,7.703013601844514,-8.963928459752363,35.70649045766051
hokkaido_24,2025-07-13,1752438805000,5.724787142787266,-11.59616601583627,45.52135101352343
hokkaido_24,2025-07-18,1752871300000,9.078262355661078,-9.268354214972273,35.713414571009096
hokkaido_24,2025-07-25,1753475604000,5.782995770814203,-11.167387647907592,45.525411775094334
hokkaido_24,2025-07-30,1753908100000,7.8817061730584,-9.161649385757409,35.715100318458454
hokkaido_24,2025-08-06,1754512404000,4.798434910023361,-13.555167014198572,45.52697015416029
hokkaido_24,2025-08-11,1754944900000,5.509377353287299,-9.574530093409463,35.71462501345511
hokkaido_24,2025-08-23,1755981700000,8.068562598291138,-8.796170349099425,35.71655843637601
hokkaido_24,2025-09-04,1757018500000,7.683265119064622,-9.152144444165042,35.723488479894826
hokkaido_24,2025-09-16,1758055301000,8.186660636739338,-8.976365311554359,35.728748252133016
hokkaido_24,2025-09-28,1759092101000,7.531598467761514,-9.01585870300282,35.72769661257966
hokkaido_24,2025-10-10,1760128901000,7.1965312254917855,-10.478196469573945,35.71442654899308
hokkaido_24,2025-10-22,1761165701000,6.808901341414215,-9.041265281068354,35.71947123780606
hokkaido_24,2025-11-03,1762202501000,6.0526684791699354,-9.176907359587663,35.71700943356983
hokkaido_24,2025-11-15,1763239300000,4.558037888918268,-9.377070597337394,35.719884430024216
hokkaido_24,2025-11-22,1763843604000,5.129066470297699,-12.571861309807174,45.521523858542686
hokkaido_24,2025-11-27,1764276099000,5.935339785073788,-10.302852264523448,35.717258364601385
hokkaido_24,2025-12-09,1765312898000,3.0366314439470106,-8.727673299534482,35.71163789121327
hokkaido_24,2025-12-16,1765917201000,12.439402383955093,-16.587545591424746,45.526213561549326
hokkaido_24,2025-12-21,1766349697000,4.254658194526873,-9.548370210016794,35.70896886950457
hokkaido_24,2026-01-02,1767386495000,4.092978691596785,-9.721566194336155,35.70995128379131
hokkaido_24,2026-01-14,1768423294000,2.321657088456246,-8.051790163431834,35.71379004575846
hokkaido_24,2026-01-26,1769460094000,3.225432467908774,-10.439643635938637,35.71949312522642
hokkaido_24,2026-02-02,1770064397000,1.2527583011575874,-10.373270580727052,45.525125573753925
hokkaido_24,2026-02-07,1770496893000,2.890473808404992,-8.991534524633215,35.72091918048461
hokkaido_24,2026-02-19,1771533692000,3.7559123896283815,-10.325988199347844,35.71984047477795
hokkaido_24,2026-03-03,1772570492000,2.547411319375474,-10.391302769409894,35.72174075347586
hokkaido_24,2026-03-15,1773607292000,2.9219909201140495,-9.74019612283501,35.71965107745249
hokkaido_24,2026-04-08,1775680892000,4.029991277428421,-10.480511949484365,35.721225400006674
hokkaido_24,2026-04-15,1776285196000,4.764079470967819,-12.02547427670489,45.52525551150545
hokkaido_24,2026-04-20,1776717693000,5.9908321343760695,-12.430535316284788,35.71222974586293
hokkaido_24,2026-04-27,1777321996000,4.984539021273924,-11.78196246551542,45.52518474238797
hokkaido_24,2026-05-02,1777754492000,6.632161564406136,-11.175277314768062,35.70854402484315
hokkaido_24,2026-05-09,1778358796000,5.28040023967737,-12.97553998576794,45.52713928145514
hokkaido_24,2026-05-14,1778791292000,7.282748144696167,-9.545643410672923,35.705954032964215
hokkaido_24,2026-05-21,1779395595000,4.567835882411824,-12.188075213350215,45.52472948170671
hokkaido_25,2017-02-18,1487450457000,1.880280987678955,-8.123836010977614,35.97409703009392
hokkaido_25,2017-03-02,1488487257090,1.5459013699923272,-5.959900052225221,35.97628931159542
hokkaido_25,2017-03-14,1489524057000,2.407277149833339,-7.063896552459823,35.96625886080071
hokkaido_25,2017-03-26,1490560857000,3.3615234880092317,-7.504086485353467,35.96588444040415
hokkaido_25,2017-04-07,1491597658140,7.326525360777039,-4.777754556321589,35.969592088438
hokkaido_25,2017-04-19,1492634458760,7.0150265321544145,-4.667563901015025,35.971544325857444
hokkaido_25,2017-05-01,1493671259000,5.5019361258522315,-4.488128987887652,35.969232465589535
hokkaido_25,2017-05-13,1494708059970,6.43802626504757,-4.384119539687834,35.96513511291037
hokkaido_25,2017-05-25,1495744860000,6.91440725889587,-5.290476417856113,35.96977144787116
hokkaido_25,2017-06-06,1496781661000,6.974578512295816,-5.392468082439723,35.96534590266633
hokkaido_25,2017-06-18,1497818461000,6.627863991122036,-4.627993524444416,35.97035947947588
hokkaido_25,2017-06-30,1498855262000,7.707360854964414,-5.682353673342197,35.97241741835468
hokkaido_25,2017-07-12,1499892063000,6.406555988203828,-6.332108775791073,35.96997023844516
hokkaido_25,2017-07-24,1500928864000,6.055371253090956,-6.151171884236934,35.969541492281095
hokkaido_25,2017-08-05,1501965664000,7.92453137132134,-5.422179778785115,35.96385483617467
hokkaido_25,2017-08-17,1503002465000,6.920649852354691,-4.892867979967488,35.97118254615874
hokkaido_25,2017-08-29,1504039265000,6.534349277647692,-5.175923091737633,35.97055881796291
hokkaido_25,2017-09-10,1505076066000,6.510112267532033,-5.8379687981704995,35.96858795206097
hokkaido_25,2017-09-22,1506112866000,6.487870795580919,-5.449439182471792,35.96901716438749
hokkaido_25,2017-10-04,1507149666000,7.188314229350021,-5.931073234339798,35.968218346143516
hokkaido_25,2017-10-16,1508186467000,6.644937182676683,-5.021237838869382,35.96939215637935
hokkaido_25,2017-10-28,1509223267000,7.068499153918244,-6.654389425480151,35.96831244089415
hokkaido_25,2017-11-09,1510260066000,6.173442016751467,-6.018442351185621,35.97132206001699
hokkaido_25,2017-11-21,1511296866000,6.667995358132688,-5.086405707454292,35.96567242133983
hokkaido_25,2017-12-03,1512333666000,4.147362247380898,-7.167554443238808,35.9657529703776
hokkaido_25,2017-12-15,1513370465000,4.855312504666412,-5.8651986607173265,35.96562757314745
hokkaido_25,2017-12-27,1514407265000,6.080796885818609,-5.270911081168962,35.97283874588783
hokkaido_25,2018-01-08,1515444064000,6.261215602718473,-5.295902443008407,35.97164562731758
hokkaido_25,2018-01-20,1516480864000,4.829028392607503,-4.155476713608602,35.96487916811549
hokkaido_25,2018-02-01,1517517664000,1.14670783508718,-6.365009633942202,35.9642625466767
hokkaido_25,2018-02-13,1518554463000,2.1316665222911637,-6.626768301197416,35.963715447491175
hokkaido_25,2018-02-25,1519591263000,3.3014926758395045,-4.7554283603735525,35.97178180869551
hokkaido_25,2018-03-09,1520628063000,6.24579382815217,-5.120707131221311,35.97730317253565
hokkaido_25,2018-03-21,1521664863000,4.72329921916945,-5.025394341444166,35.97719291981816
hokkaido_25,2018-04-02,1522701664000,5.183333355236029,-6.060748118452847,35.97043525105128
hokkaido_25,2018-04-14,1523738464000,7.694432255550853,-6.440359551333783,35.967951369348214
hokkaido_25,2018-04-26,1524775265000,5.947783410540491,-5.479593322549513,35.968425207978406
hokkaido_25,2018-05-08,1525812065000,4.195386038646456,-7.213107479116084,35.97069231129655
hokkaido_25,2018-05-20,1526848866000,5.615386535382446,-5.785020039911514,35.97245092359222
hokkaido_25,2018-06-01,1527885667000,5.535253688283768,-6.002552185699164,35.973814732184245
hokkaido_25,2018-06-13,1528922468000,7.594289498350078,-4.096296160981295,35.96479211287064
hokkaido_25,2018-06-25,1529959268000,8.518703454609074,-3.2470966141521096,35.96619084146824
hokkaido_25,2018-07-19,1532032870000,6.999414025682193,-6.0414192459985445,35.973193072829325
hokkaido_25,2018-07-31,1533069670000,6.340088317422203,-5.184765768136777,35.97518871731229
hokkaido_25,2018-08-12,1534106471000,9.000448741318689,-4.358095837625537,35.96851056978421
hokkaido_25,2018-08-24,1535143272000,7.495613346219494,-4.185660755584288,35.95730664446745
hokkaido_25,2018-09-05,1536180072000,6.810809522888125,-6.200272357376167,35.96802396421651
hokkaido_25,2018-09-17,1537216873000,6.634065035580242,-5.375136033222305,35.97113517667156
hokkaido_25,2018-09-29,1538253673000,7.439598241098497,-5.1128287645599295,35.97084278517693
hokkaido_25,2018-10-11,1539290473000,8.284745171662102,-5.479586364066705,35.96654774960087
hokkaido_25,2018-10-23,1540327273000,5.2114733309685795,-4.949104862994498,35.96698135761301
hokkaido_25,2018-11-04,1541364073000,3.854983411448935,-5.340764473833539,35.96665230105622
hokkaido_25,2018-11-16,1542400873000,4.912364623787005,-6.5316780588800745,35.9708157538018
hokkaido_25,2018-11-28,1543437672000,5.31593539711639,-4.6880999659356535,35.97256864214944
hokkaido_25,2018-12-10,1544474472000,6.231593859303886,-4.488530144803878,35.96738234897305
hokkaido_25,2018-12-22,1545511272000,6.684715209057747,-6.0932295737825655,35.96269154895297
hokkaido_25,2019-01-03,1546548071000,5.132137281276167,-5.344976235697926,35.96532015242608
hokkaido_25,2019-01-15,1547584871000,3.759673739793047,-7.088123284634195,35.972068957704494
hokkaido_25,2019-01-27,1548621671000,3.3318235987511358,-5.892876945343267,35.96790469051539
hokkaido_25,2019-02-08,1549658470000,2.9204826708428437,-4.478182275546002,35.9692944443828
hokkaido_25,2019-02-20,1550695270000,3.019860333349651,-6.606740902517256,35.964651715319654
hokkaido_25,2019-03-04,1551732070000,6.388580969856559,-6.0006994771721756,35.96077078422955
hokkaido_25,2019-03-16,1552768870000,2.997167217237537,-5.18359794961385,35.970761672008585
hokkaido_25,2019-03-28,1553805670000,5.64309917190258,-5.32731354532169,35.970729736136946
hokkaido_25,2019-04-09,1554842470000,6.62009665020705,-5.681182720495758,35.97256845098331
hokkaido_25,2019-04-21,1555879271000,7.182508898347855,-4.405812718155771,35.964342770310495
hokkaido_25,2019-05-03,1556916071000,7.689810277066776,-4.631721672890874,35.961141358963175
hokkaido_25,2019-05-15,1557952872000,6.716547667662431,-4.677569616500217,35.966496737454534
hokkaido_25,2019-06-08,1560026473000,6.720813293610316,-3.8857618341286644,35.97490273901707
hokkaido_25,2019-06-20,1561063274000,7.103555105417971,-4.030131622985174,35.97100813633467
hokkaido_25,2019-07-02,1562100075000,4.670571534511481,-5.403878328967316,35.96506094118726
hokkaido_25,2019-07-14,1563136875000,5.325322250353145,-6.456922555484803,35.966843654342924
hokkaido_25,2019-07-26,1564173676000,3.9480749014797407,-6.790940331485592,35.972252194770256
hokkaido_25,2019-08-07,1565210477000,3.065190037436711,-7.146786340923004,35.97131151951724
hokkaido_25,2019-08-19,1566247278000,4.453100608617312,-6.881049242430282,35.966428621025365
hokkaido_25,2019-09-12,1568320879000,3.8694644863375505,-7.184990896790408,35.970609719677114
hokkaido_25,2019-09-24,1569357679000,4.249565409592723,-6.8618222337178265,35.96584436151084
hokkaido_25,2019-10-06,1570394480000,4.680833934940869,-7.088571184185018,35.970067149460924
hokkaido_25,2019-10-18,1571431279000,4.393292553747777,-6.954762042273019,35.97198806402179
hokkaido_25,2019-10-30,1572468080000,4.751028068801622,-7.218557644731599,35.966480946044435
hokkaido_25,2019-11-11,1573504880000,6.378495782971397,-5.273692536597255,35.96474048663804
hokkaido_25,2019-11-23,1574541679000,3.9847885287922677,-8.622719268703637,35.9668655689065
hokkaido_25,2019-12-05,1575578479000,4.190150327739519,-8.987020603654427,35.973050596640846
hokkaido_25,2019-12-17,1576615278000,6.050226929671798,-8.304957727362726,35.969198380287246
hokkaido_25,2019-12-29,1577652078000,3.002180707380803,-6.279876296017475,35.96409316256906
hokkaido_25,2020-01-10,1578688877000,2.373431864060961,-6.858624295511804,35.9615708331263
hokkaido_25,2020-01-22,1579725677000,2.9646997027733435,-6.847492236642178,35.96510281250568
hokkaido_25,2020-02-03,1580762477000,4.460488977776885,-8.552560522672211,36.0896216291785
hokkaido_25,2020-02-15,1581799276000,3.4267916565500314,-8.269067124831315,36.092856365533834
hokkaido_25,2020-02-27,1582836076000,3.9147438529412786,-7.851134660169003,36.09037695999239
hokkaido_25,2020-03-10,1583872876000,11.735018718916713,-7.522390722330852,36.08199678253385
hokkaido_25,2020-03-22,1584909676000,6.24537152989519,-6.21071394929463,36.083096114905395
hokkaido_25,2020-04-03,1585946477000,7.149190959782233,-6.041147707968746,36.089551481408144
hokkaido_25,2020-04-15,1586983277000,7.538780409082126,-6.0451590438046745,36.09253812332449
hokkaido_25,2020-04-27,1588020078000,9.318507402191964,-5.535205005775006,36.091534898816484
hokkaido_25,2020-05-09,1589056878000,8.31283901604424,-4.408804707216689,36.09285075352826
hokkaido_25,2020-05-21,1590093679000,8.859453090538121,-4.42396939857779,36.08799793701418
hokkaido_25,2020-06-02,1591130479000,7.400365810096938,-5.3354233216894515,36.09129594331412
hokkaido_25,2020-06-14,1592167280000,6.988088213431866,-5.5523279594599755,36.088887983379955
hokkaido_25,2020-06-26,1593204081000,7.167782019083453,-5.357207844859303,36.09293645362036
hokkaido_25,2020-07-08,1594240882000,9.175786897883368,-5.2724513204527845,36.09200482421505
hokkaido_25,2020-07-20,1595277682000,7.91784500434839,-5.87410678696198,36.0858493421305
hokkaido_25,2020-08-01,1596314483000,8.411733176684919,-5.318524286971649,36.08355612244269
hokkaido_25,2020-08-13,1597351284000,8.414695910812123,-4.341550001232685,36.091039169360975
hokkaido_25,2020-08-25,1598388085000,7.495117934423632,-6.338724650888753,36.08970330854338
hokkaido_25,2020-09-06,1599424885000,7.824554602867146,-4.742180325604304,36.08756668924802
hokkaido_25,2020-09-18,1600461685000,8.020665718531824,-4.782182179529837,36.08548527916266
hokkaido_25,2020-09-30,1601498486000,7.30778224907605,-5.111086633629978,36.08795188186911
hokkaido_25,2020-10-12,1602535286000,8.161410117389305,-4.864589343062783,36.08697264881947
hokkaido_25,2020-10-24,1603572086000,8.279699601646973,-5.068061832788771,36.090674101485895
hokkaido_25,2020-11-05,1604608886000,6.960475259770252,-4.976529705472083,36.086223301846005
hokkaido_25,2020-11-17,1605645686000,6.43007518800492,-4.475399289359865,36.08459114864486
hokkaido_25,2020-11-29,1606682485000,5.303438296034769,-5.930176696821279,36.086428568883754
hokkaido_25,2020-12-11,1607719285000,6.431277491674397,-6.167800002111648,36.086784863385084
hokkaido_25,2020-12-23,1608756084000,4.6752107983415385,-5.3666050545926876,36.091498089664945
hokkaido_25,2021-01-04,1609792884000,4.255161644853761,-6.612047406422623,36.09014190825058
hokkaido_25,2021-01-16,1610829683000,2.2994769652362073,-6.393540578700102,36.086530427737635
hokkaido_25,2021-01-28,1611866483000,9.095826736507016,-4.088666237784403,36.079948056004376
hokkaido_25,2021-02-09,1612903282000,5.290432349120486,-6.477060525603634,36.08134819184891
hokkaido_25,2021-02-21,1613940082000,7.049276718753906,-7.312619542969874,36.0926575524742
hokkaido_25,2021-03-05,1614976882000,12.184825962061701,-7.755853757468584,36.09626628994605
hokkaido_25,2021-03-17,1616013682000,3.586078353311046,-5.979593534707517,36.095682677883296
hokkaido_25,2021-03-29,1617050482000,7.470736797646593,-6.087941315489327,36.08717669916424
hokkaido_25,2021-04-10,1618087283000,6.1842550505198215,-5.048543518991444,36.08688451998592
hokkaido_25,2021-04-22,1619124083000,7.26717811392118,-5.620600999335494,36.09093208690833
hokkaido_25,2021-05-04,1620160884000,6.287459088274889,-5.187560789816592,36.09272706677488
hokkaido_25,2021-05-16,1621197684000,7.734323789968511,-6.126390554723431,36.09179097247711
hokkaido_25,2021-05-28,1622234485000,7.590074165643771,-4.697729147861255,36.0876560785429
hokkaido_25,2021-06-09,1623271286000,6.669252114915155,-5.126947820314804,36.08621259295504
hokkaido_25,2021-06-21,1624308087000,7.037351000313961,-5.185228658564125,36.08771406220753
hokkaido_25,2021-07-03,1625344887000,7.133567814197814,-4.568776881283048,36.08990552174493
hokkaido_25,2021-07-15,1626381688000,6.026941813861869,-5.3678323745851415,36.09076330011541
hokkaido_25,2021-07-27,1627418489000,5.511654277477736,-6.064582753928385,36.09624490065391
hokkaido_25,2021-08-08,1628455289000,6.001447963707172,-5.3060129944098495,36.08691988452632
hokkaido_25,2021-08-20,1629492090000,6.489809815821133,-5.299964457314925,36.08514786999137
hokkaido_25,2021-09-01,1630528905000,6.592376433796617,-5.285947355006387,35.6009617260084
hokkaido_25,2021-09-13,1631565705000,5.9215357149598615,-5.875101580017219,35.59722162820799
hokkaido_25,2021-09-25,1632602506000,5.941908841672302,-5.862751251293378,35.59315362897918
hokkaido_25,2021-10-07,1633639303000,7.258969577180671,-5.91891484503749,35.73334015383999
hokkaido_25,2021-10-19,1634676103000,6.405016611186111,-6.752604761876876,35.73111290187728
hokkaido_25,2021-10-31,1635712903000,5.354505433943046,-5.952982686069468,35.734834284770855
hokkaido_25,2021-11-12,1636749703000,6.581718573862877,-5.405071706152287,35.73673283468001
hokkaido_25,2021-11-24,1637786503000,5.594330445305561,-4.606864022964249,35.7310951228275
hokkaido_25,2021-12-06,1638823302000,6.382352869245018,-6.7822849725003165,35.73100932034579
hokkaido_25,2021-12-18,1639860102000,3.43464531611802,-5.471599408046987,35.7292898683157
hokkaido_25,2021-12-30,1640896901000,3.6115044417308764,-6.065589342611608,35.73664203629906
hokkaido_25,2022-01-11,1641933701000,4.0687227362308755,-7.51141905872764,35.73530829635019
hokkaido_25,2022-01-23,1642970500000,1.552005734264231,-7.773642789882506,35.73509405001658
hokkaido_25,2022-02-04,1644007299000,2.4272473913345034,-6.159378003967345,35.7361848321521
hokkaido_25,2022-02-16,1645044099000,3.4831581938141105,-7.863045119208283,35.73426365076738
hokkaido_25,2022-02-28,1646080899000,4.817564145447334,-8.05841069614028,35.73286239302915
hokkaido_25,2022-03-12,1647117699000,2.3884150886071738,-7.071313053231589,35.73863554906364
hokkaido_25,2022-03-24,1648154500000,2.0597712062934126,-6.838973360041307,35.737885334402065
hokkaido_25,2022-04-05,1649191300000,6.370936098379493,-5.659384251463042,35.738847930494565
hokkaido_25,2022-04-17,1650228100000,7.719949814096996,-6.28205875071185,35.73440690712421
hokkaido_25,2022-04-29,1651264901000,5.859233665721829,-7.43915892142099,35.73426147303598
hokkaido_25,2022-05-11,1652301701000,7.77508575739513,-5.923923330296902,35.736401449646614
hokkaido_25,2022-06-04,1654375303000,7.10069742347374,-6.244394677148385,35.73499217068079
hokkaido_25,2022-06-16,1655412104000,7.254580797099423,-5.718231241393398,35.73815567078379
hokkaido_25,2022-06-28,1656448905000,8.448422875613815,-5.821090106668784,35.73072518079908
hokkaido_25,2022-07-10,1657485705000,7.180925664114654,-5.664684473825887,35.73226746680857
hokkaido_25,2022-07-22,1658522506000,8.127957575996351,-6.403998126747773,35.73787386935523
hokkaido_25,2022-08-03,1659559307000,6.137739640310314,-7.052219058056268,35.73605594025707
hokkaido_25,2022-08-15,1660596108000,7.1110180551820035,-6.158078107077244,35.73557346035153
hokkaido_25,2022-08-27,1661632908000,5.716633564286808,-6.240413181210583,35.73283470555355
hokkaido_25,2022-09-08,1662669709000,6.57434161226664,-6.333935254732349,35.72606898249822
hokkaido_25,2022-09-20,1663706508000,7.323601290454569,-7.159153539786558,35.75143808846523
hokkaido_25,2022-10-02,1664743309000,6.812817759738276,-5.925683514053688,35.736161517730345
hokkaido_25,2022-10-14,1665780109000,6.151226303442196,-6.391408759302071,35.73693166284092
hokkaido_25,2022-10-26,1666816909000,6.2222897912897395,-5.87957045278735,35.72720834308545
hokkaido_25,2022-11-07,1667853709000,5.3204058207735985,-5.399529023636827,35.73628716419692
hokkaido_25,2022-11-19,1668890509000,7.006637921018549,-5.965260454918063,35.732467860592635
hokkaido_25,2022-12-01,1669927308000,6.191694546900217,-5.020070776408821,35.7384393140011
hokkaido_25,2022-12-13,1670964108000,5.775739916972823,-5.498345633642495,35.734340694691774
hokkaido_25,2022-12-25,1672000907000,3.4042863296248034,-7.14812716061702,35.73412853634688
hokkaido_25,2023-01-06,1673037706000,3.0426199033497934,-7.8326086864573945,35.731119175523375
hokkaido_25,2023-01-18,1674074505000,4.603574732667274,-6.997690113673684,35.75123242619062
hokkaido_25,2023-01-30,1675111306000,2.1128020581698563,-5.797539986250322,35.731371954893056
hokkaido_25,2023-02-11,1676148105000,3.6694885351403843,-6.358008478472909,35.737064378536765
hokkaido_25,2023-02-23,1677184905000,5.608333113087864,-5.17241735615175,35.74121580750685
hokkaido_25,2023-03-07,1678221705000,4.687461817728137,-7.211850665344015,35.73480692836304
hokkaido_25,2023-03-19,1679258505000,6.528011519429854,-6.1512776845932615,35.735126501528995
hokkaido_25,2023-03-31,1680295305000,8.608965533950638,-5.570074399269822,35.73642266013406
hokkaido_25,2023-04-12,1681332106000,6.620603943423668,-5.750896802273613,35.736673687116784
hokkaido_25,2023-04-24,1682368906000,5.008797122723487,-6.653609692339338,35.735929924077496
hokkaido_25,2023-05-06,1683405707000,5.813473535090238,-5.94015324574923,35.72771864967857
hokkaido_25,2023-05-18,1684442508000,4.556489663204007,-5.751257987830094,35.7273586715723
hokkaido_25,2023-05-30,1685479308000,5.362665190493599,-6.092589420187326,35.72793468613259
hokkaido_25,2023-06-11,1686516109000,5.568261270155978,-6.922663531264492,35.73714242836133
hokkaido_25,2023-06-23,1687552909000,4.997074566062424,-6.973623611499025,35.73301943647058
hokkaido_25,2023-07-05,1688589710000,7.304627483804752,-5.312128664608871,35.73479230134921
hokkaido_25,2023-07-17,1689626511000,5.663643419537922,-6.913281477976843,35.73241456465287
hokkaido_25,2023-07-29,1690663311000,6.256215904820556,-6.149447459237681,35.73303393936235
hokkaido_25,2023-08-10,1691700111000,5.49151213746715,-7.083437866544145,35.75179390456277
hokkaido_25,2023-08-22,1692736913000,5.542325998248224,-6.838661348010584,35.74022193044551
hokkaido_25,2023-09-03,1693773714000,6.401228754329265,-7.070045637932273,35.73279558201029
hokkaido_25,2023-09-15,1694810514000,6.2001582579721,-6.755783040767636,35.73032935052527
hokkaido_25,2023-09-27,1695847314000,5.674925148047984,-7.216688621395876,35.73576933168444
hokkaido_25,2023-10-09,1696884114000,6.092336130897092,-6.439266189345673,35.74111139239687
hokkaido_25,2023-10-21,1697920914000,5.150750618160656,-8.025596454803653,35.732180687738754
hokkaido_25,2023-11-02,1698957714000,5.732791242672544,-7.038456976155753,35.7364752124502
hokkaido_25,2023-11-14,1699994514000,5.339278847112797,-4.653039438145018,35.72784483251893
hokkaido_25,2023-11-26,1701031313000,6.830508716755285,-6.125345056672577,35.73633306384255
hokkaido_25,2023-12-08,1702068113000,7.799267014421774,-6.170511469630031,35.73308065770586
hokkaido_25,2023-12-20,1703104912000,3.673178495393762,-5.598168521288627,35.748046685344484
hokkaido_25,2024-01-01,1704141711000,1.6347051825265098,-5.832755018761448,35.742276926522294
hokkaido_25,2024-01-13,1705178511000,3.4312169784863404,-6.21489070635311,35.731810689430134
hokkaido_25,2024-01-25,1706215311000,3.4449057749506733,-5.8287965090266685,35.729992430115054
hokkaido_25,2024-02-06,1707252110000,1.6724650794588036,-6.974396846360493,35.737019529421794
hokkaido_25,2024-02-18,1708288910000,4.253019626664891,-6.33502073309508,35.736039291088694
hokkaido_25,2024-03-01,1709325710000,1.2371625715875583,-7.451960298433297,35.73760275207483
hokkaido_25,2024-03-13,1710362510000,4.6091216949543075,-5.908445904636727,35.73940527627419
hokkaido_25,2024-03-25,1711399310000,1.8141621923937215,-6.182547771621737,35.74091494904458
hokkaido_25,2024-04-06,1712436111000,7.097579948212975,-6.075529466103574,35.73075039577927
hokkaido_25,2024-04-18,1713472911000,8.127834921087631,-6.371306646562441,35.732547462600515
hokkaido_25,2024-04-30,1714509712000,8.384303350904307,-5.604027000610651,35.73245951530301
hokkaido_25,2024-05-12,1715546511000,10.464820202575648,-4.680605448150583,35.73037334402828
hokkaido_25,2024-05-24,1716583311000,9.153458385523493,-5.683718922841685,35.716438321994
hokkaido_25,2024-06-05,1717620111000,9.772535263267152,-5.631962195733636,35.718732468280734
hokkaido_25,2024-06-17,1718656910000,9.59588374876377,-6.223918309319313,35.728283405400276
hokkaido_25,2024-06-29,1719693710000,9.617498031289596,-5.84341777066731,35.725075796080596
hokkaido_25,2024-07-11,1720730509000,9.597061899963501,-6.418449425615175,35.72469302619188
hokkaido_25,2024-07-23,1721767309000,9.429297529820452,-5.417027129745604,35.7256911594377
hokkaido_25,2024-08-04,1722804109000,9.68848321713053,-6.2292090747438245,35.72188305160374
hokkaido_25,2024-08-16,1723840909000,9.636579234692784,-5.866902185080845,35.73080154785699
hokkaido_25,2024-08-28,1724877709000,8.83853866162412,-5.71696298087156,35.73478317723597
hokkaido_25,2024-09-09,1725914510000,7.964076692969057,-5.971763067650824,35.739931194053376
hokkaido_25,2024-09-21,1726951310000,7.866412293709183,-6.275345430397031,35.739439579356805
hokkaido_25,2024-10-03,1727988110000,9.345854101237858,-4.814776375595579,35.73955756646258
hokkaido_25,2024-10-15,1729024910000,8.083402918848138,-5.341515242274964,35.738432249910204
hokkaido_25,2024-10-27,1730061711000,7.722194890821976,-5.785212921657642,35.73618027118723
hokkaido_25,2024-11-08,1731098510000,8.045064179130122,-5.858532401977126,35.737727677908836
hokkaido_25,2024-11-20,1732135309000,8.108853227371764,-5.514768661497261,35.73077743613486
hokkaido_25,2024-12-02,1733172109000,7.222007534307009,-5.27982480201406,35.72263830116239
hokkaido_25,2024-12-14,1734208908000,5.6902304768104885,-5.561000865358885,35.71927168106098
hokkaido_25,2024-12-26,1735245707000,6.764439882050849,-5.601409378068324,35.727892185319284
hokkaido_25,2025-01-07,1736282505000,6.703367649480098,-6.147406369666821,35.732104069394445
hokkaido_25,2025-01-19,1737319304000,8.86575168877183,-5.169995362609349,35.732743871354074
hokkaido_25,2025-01-31,1738356103000,3.5150707296185257,-5.7361726557812505,35.73552379450077
hokkaido_25,2025-02-12,1739392903000,10.303621316639713,-6.002156789302294,35.72990599507033
hokkaido_25,2025-02-24,1740429703000,3.643201448280854,-5.734504378736456,35.73692025713592
hokkaido_25,2025-03-08,1741466503000,3.875427744554523,-6.989437808137754,35.73591693409432
hokkaido_25,2025-03-20,1742503304000,5.247955713493482,-6.528201678120608,35.73363302710471
hokkaido_25,2025-04-01,1743540104000,5.329237395872004,-8.059843767022368,35.728741322258706
hokkaido_25,2025-04-13,1744576904000,6.895903975634432,-6.832895430804953,35.7327958835027
hokkaido_25,2025-04-25,1745613704000,5.615526441337708,-4.928226934065008,35.72343577200771
hokkaido_25,2025-05-07,1746650504000,6.911579614458038,-4.678678465647117,35.72476235810008
hokkaido_25,2025-05-19,1747687303000,6.688853074832585,-5.033295880974378,35.72625682185911
hokkaido_25,2025-05-26,1748291607000,8.582824755807728,-9.447701981053195,45.529942081547006
hokkaido_25,2025-05-31,1748724103000,6.122017766856251,-5.205484251686473,35.721155990665316
hokkaido_25,2025-06-12,1749760902000,5.953320674295035,-5.802768422635399,35.71617110261639
hokkaido_25,2025-06-24,1750797702000,6.379370416700721,-6.603548870571303,35.71421351109766
hokkaido_25,2025-07-06,1751834501000,6.0207340580669,-4.526606694737137,35.718785113552514
hokkaido_25,2025-07-18,1752871300000,6.608293250398937,-6.205355745254698,35.72570664608118
hokkaido_25,2025-07-30,1753908100000,4.596940912086957,-5.1778807517144765,35.72739429470017
hokkaido_25,2025-08-11,1754944900000,5.961166514461243,-5.8544674705948365,35.72691790224302
hokkaido_25,2025-08-23,1755981700000,4.568194648526852,-6.770020931232152,35.728850867258124
hokkaido_25,2025-09-04,1757018500000,4.918737835757596,-5.747548466395955,35.7357784325945
hokkaido_25,2025-09-16,1758055301000,4.899520674791139,-5.954792434932999,35.741039309260835
hokkaido_25,2025-09-28,1759092101000,4.555609486035077,-6.74615191000456,35.73998756246758
hokkaido_25,2025-10-10,1760128901000,4.772818440862851,-6.131359369242353,35.72671862515536
hokkaido_25,2025-10-22,1761165701000,4.3765073087736175,-7.12828605168452,35.7317602154509
hokkaido_25,2025-11-03,1762202501000,3.882010698013203,-6.603463577639971,35.729300851818046
hokkaido_25,2025-11-15,1763239300000,4.732935058858159,-6.3967857830056145,35.73217620633743
hokkaido_25,2025-11-27,1764276099000,5.148840812409378,-6.555183144050422,35.7295481420469
hokkaido_25,2025-12-09,1765312898000,3.9058874370782544,-6.0529028003124274,35.72393163405246
hokkaido_25,2025-12-21,1766349697000,4.794247846738804,-6.013536990799212,35.72126282753066
hokkaido_25,2026-01-02,1767386495000,3.2962270862302714,-6.376319048827607,35.722243824968444
hokkaido_25,2026-01-14,1768423294000,3.0881914938133805,-7.504340605911408,35.72608338681357
hokkaido_25,2026-01-26,1769460094000,2.7796237021002703,-6.5281357423602415,35.73178332228358
hokkaido_25,2026-02-07,1770496893000,3.2241104663625997,-5.9859135036259845,35.73320909554884
hokkaido_25,2026-02-19,1771533692000,1.9290792563168038,-6.0619611393481,35.73213067822351
hokkaido_25,2026-03-03,1772570492000,3.77572558561286,-6.89393195390341,35.734032216807236
hokkaido_25,2026-03-15,1773607292000,7.419842576958491,-6.043136264080361,35.73194358825684
hokkaido_25,2026-04-08,1775680892000,6.63427426492642,-5.994207298914094,35.73351686276015
hokkaido_25,2026-04-20,1776717693000,8.816612302272931,-6.93663389086263,35.72452434896822
hokkaido_25,2026-05-02,1777754492000,5.886653322703496,-8.041454391968161,35.72084036764951
hokkaido_25,2026-05-14,1778791292000,5.42618104475906,-6.462800028600929,35.71824966279434
hokkaido_26,2017-02-18,1487450457000,4.460325693049709,-11.974927549235503,35.96405405760438
hokkaido_26,2017-03-02,1488487257090,7.367114851057892,-10.600978859799461,35.966239166259776
hokkaido_26,2017-03-14,1489524057000,6.192214104139923,-12.10045827323189,35.956197350699064
hokkaido_26,2017-03-26,1490560857000,5.019897148985753,-10.989844170216198,35.955823800077916
hokkaido_26,2017-04-07,1491597658140,5.8428835745162315,-9.44795868059144,35.959540661470385
hokkaido_26,2017-04-19,1492634458760,6.039116197598152,-11.136533283982905,35.96149305758705
hokkaido_26,2017-05-01,1493671259000,5.631385391437931,-11.476427914794186,35.95918236780648
hokkaido_26,2017-05-08,1494275586310,-3.5047563236156316,-29.70168673146247,45.54986694490068
hokkaido_26,2017-05-13,1494708059970,5.4561783823963,-11.29377480324171,35.95507205339557
hokkaido_26,2017-05-25,1495744860000,6.22417481757435,-10.81249182063985,35.95971407109899
hokkaido_26,2017-06-06,1496781661000,5.59768538016955,-11.261205694491602,35.955297331376514
hokkaido_26,2017-06-18,1497818461000,5.633053052816664,-10.353388549534815,35.96031377040442
hokkaido_26,2017-06-25,1498422789000,-31.520055783129315,-53.21386393364244,45.552158330286716
hokkaido_26,2017-06-30,1498855262000,6.212921097909999,-11.094618673981632,35.96236652691066
hokkaido_26,2017-07-12,1499892063000,4.478563912458516,-10.409539567890024,35.959920169513396
hokkaido_26,2017-07-24,1500928864000,5.466387066677071,-11.682238438224578,35.95949275197043
hokkaido_26,2017-08-05,1501965664000,6.347006499416594,-11.025162228241191,35.95380333739642
hokkaido_26,2017-08-17,1503002465000,5.646361761490299,-11.597332414972776,35.96112762506749
hokkaido_26,2017-08-29,1504039265000,5.2539155469101075,-11.07204538220693,35.96050868088286
hokkaido_26,2017-09-10,1505076066000,4.9827484397652135,-10.560353038602422,35.95853987374097
hokkaido_26,2017-09-22,1506112866000,5.52098823848262,-11.7734914993396,35.95895718911931
hokkaido_26,2017-10-04,1507149666000,3.9241796941823908,-10.021870370460054,35.958159205257765
hokkaido_26,2017-10-16,1508186467000,5.952786804346946,-10.395866899063535,35.959333002109716
hokkaido_26,2017-10-28,1509223267000,4.509854331621679,-9.759357118734723,35.95826572486786
hokkaido_26,2017-11-09,1510260066000,6.14922808862749,-9.420523944397763,35.961265047110004
hokkaido_26,2017-11-21,1511296866000,6.431396058307709,-10.706898064975812,35.95562451567518
hokkaido_26,2017-12-03,1512333666000,6.367501271338118,-10.957318990137235,35.95569991063995
hokkaido_26,2017-12-15,1513370465000,5.111890947764959,-9.477167891429046,35.95558132686214
hokkaido_26,2017-12-27,1514407265000,5.24301913337265,-10.215860624883232,35.96278432385037
hokkaido_26,2018-01-08,1515444064000,7.1661994813305085,-11.58181061247777,35.96159348918539
hokkaido_26,2018-01-20,1516480864000,4.221396641221078,-11.770204326623029,35.95482583633578
hokkaido_26,2018-02-01,1517517664000,3.0168042879490797,-11.39770746321437,35.95421395754249
hokkaido_26,2018-02-13,1518554463000,3.3608322929257306,-10.17575217906114,35.95365685410119
hokkaido_26,2018-02-25,1519591263000,2.997713347275963,-11.089845741528702,35.96172887201285
hokkaido_26,2018-03-09,1520628063000,4.347372354782617,-8.15660350321905,35.96724422211835
hokkaido_26,2018-03-21,1521664863000,5.436156425625397,-9.953615430162897,35.96714562778773
hokkaido_26,2018-04-02,1522701664000,5.560799163977912,-13.799756797798514,35.96038934529332
hokkaido_26,2018-04-14,1523738464000,7.1372911749888575,-9.520004134209033,35.957893491875694
hokkaido_26,2018-04-26,1524775265000,6.615698154517663,-9.886837869350266,35.95837765229648
hokkaido_26,2018-05-08,1525812065000,7.554989697542911,-11.363854533405338,35.96063484242767
hokkaido_26,2018-05-20,1526848866000,6.2290556268387185,-10.299151847378807,35.9624057762069
hokkaido_26,2018-06-01,1527885667000,5.852428387411352,-10.779803199692372,35.963763169568
hokkaido_26,2018-06-13,1528922468000,5.396947451918165,-9.102650882772098,35.954734638065354
hokkaido_26,2018-06-25,1529959268000,6.220349598313035,-10.268173483625988,35.95613078107738
hokkaido_26,2018-07-19,1532032870000,6.435474215104532,-10.153903127193782,35.96313523291963
hokkaido_26,2018-07-31,1533069670000,6.8257246639280815,-9.504181379672024,35.96513917137459
hokkaido_26,2018-08-12,1534106471000,7.52399864234727,-9.681471520578768,35.95846121189305
hokkaido_26,2018-08-24,1535143272000,7.054035457931176,-9.47493176164296,35.94721542796303
hokkaido_26,2018-09-05,1536180072000,7.467400466580698,-8.684630744186466,35.95797626156568
hokkaido_26,2018-09-17,1537216873000,5.765153736892384,-7.852647880262794,35.96109032153794
hokkaido_26,2018-09-29,1538253673000,5.14680455185231,-8.904467261511156,35.96079687326513
hokkaido_26,2018-10-11,1539290473000,7.610432355152204,-9.48590324587359,35.95648923623441
hokkaido_26,2018-10-23,1540327273000,6.698075077110319,-8.233045050151393,35.956919452694976
hokkaido_26,2018-11-04,1541364073000,7.606907519556548,-8.442124644153298,35.95660263782703
hokkaido_26,2018-11-16,1542400873000,7.390531430522636,-8.979768626134373,35.96075863736947
hokkaido_26,2018-11-28,1543437672000,6.595796844573027,-11.096914019912322,35.96251228255456
hokkaido_26,2018-12-10,1544474472000,3.956833884243855,-9.353949042695596,35.9573304209083
hokkaido_26,2018-12-22,1545511272000,4.945684859239005,-11.130913651877806,35.95262994194378
hokkaido_26,2019-01-03,1546548071000,4.982202727508599,-10.307441560565765,35.95527177866132
hokkaido_26,2019-01-15,1547584871000,4.466661551304624,-12.289530974269082,35.962012270532476
hokkaido_26,2019-01-27,1548621671000,6.037865158566369,-8.961624810199654,35.957846041278756
hokkaido_26,2019-02-08,1549658470000,2.283978104893777,-11.607542649462248,35.959247837929425
hokkaido_26,2019-02-20,1550695270000,4.6923304629026426,-12.094296735169527,35.95460327453489
hokkaido_26,2019-03-04,1551732070000,4.512324574052298,-10.64321466273446,35.95071270640114
hokkaido_26,2019-03-16,1552768870000,6.091241032489992,-11.192020203894991,35.96070345528831
hokkaido_26,2019-03-28,1553805670000,5.628021350340393,-11.737875538589972,35.96068020984379
hokkaido_26,2019-04-09,1554842470000,5.531959180874909,-9.603621005343074,35.962516854096236
hokkaido_26,2019-04-21,1555879271000,7.464563104661752,-10.695601756815785,35.95429407472678
hokkaido_26,2019-05-03,1556916071000,5.908526585741246,-10.908288285178752,35.95108273803514
hokkaido_26,2019-05-15,1557952872000,6.813879061266502,-10.901396411816254,35.9564414459944
hokkaido_26,2019-06-08,1560026473000,8.673031345482848,-10.246914022164377,35.964857760356715
hokkaido_26,2019-06-20,1561063274000,8.109420067516329,-12.09343858822885,35.96095911327567
hokkaido_26,2019-07-02,1562100075000,9.587997578292212,-11.571150149374363,35.955011726461066
hokkaido_26,2019-07-14,1563136875000,8.667492946797736,-10.680011740319632,35.95679546427828
hokkaido_26,2019-07-26,1564173676000,9.082108147682291,-10.654357670655136,35.962190135982034
hokkaido_26,2019-08-07,1565210477000,8.738359472347824,-9.711782584611942,35.96126352976809
hokkaido_26,2019-08-19,1566247278000,9.469440429898583,-10.694275447071,35.95636716019155
hokkaido_26,2019-09-12,1568320879000,9.521895172874958,-10.721666764728775,35.96056017534109
hokkaido_26,2019-09-24,1569357679000,9.210189821717197,-9.81638388351639,35.95579575019342
hokkaido_26,2019-10-06,1570394480000,9.16602875486415,-9.726722703532642,35.960018068600164
hokkaido_26,2019-10-18,1571431279000,8.206879722306676,-9.955670932552227,35.96192973829274
hokkaido_26,2019-10-30,1572468080000,7.481247132992067,-9.100756720824533,35.95642175214069
hokkaido_26,2019-11-11,1573504880000,8.029066688178721,-10.127297971644992,35.954693387074535
hokkaido_26,2019-11-23,1574541679000,6.194552999162185,-10.426020293066225,35.956806087262606
hokkaido_26,2019-12-05,1575578479000,4.324649184718329,-10.174331282862545,35.96299288046481
hokkaido_26,2019-12-17,1576615278000,5.269262469402635,-11.474114339412163,35.959141761901584
hokkaido_26,2019-12-29,1577652078000,0.9669571796145189,-10.808876165360553,35.9540355444726
hokkaido_26,2020-01-10,1578688877000,4.239924880525712,-10.916423397388444,35.951513294653274
hokkaido_26,2020-01-22,1579725677000,-0.41236490053592006,-11.689665078016713,35.95504259437023
hokkaido_26,2020-02-03,1580762477000,0.8061544909704603,-11.982283306391963,36.07944975092344
hokkaido_26,2020-02-15,1581799276000,3.078517325523092,-10.904565958084609,36.082693223839414
hokkaido_26,2020-02-27,1582836076000,2.153514779348235,-9.125915900036611,36.08021085611157
hokkaido_26,2020-03-10,1583872876000,3.9468631768690194,-12.670913211891577,36.07181351901209
hokkaido_26,2020-03-22,1584909676000,2.105703920590073,-11.19176259964313,36.07291565851138
hokkaido_26,2020-04-03,1585946477000,2.700111246379474,-11.356717491997523,36.07938117780266
hokkaido_26,2020-04-15,1586983277000,3.063918185479861,-10.856661267720323,36.08236844105542
hokkaido_26,2020-04-27,1588020078000,4.912645014631723,-10.887047495604243,36.0813705243968
hokkaido_26,2020-05-09,1589056878000,3.725734576456347,-10.21925563074139,36.082672792549104
hokkaido_26,2020-05-21,1590093679000,3.6734225813670607,-10.907004552031333,36.07782568865016
hokkaido_26,2020-06-02,1591130479000,3.0788193889815823,-9.567310136355234,36.08113069559342
hokkaido_26,2020-06-14,1592167280000,2.7157641818619123,-9.782599270030234,36.07871994792127
hokkaido_26,2020-06-26,1593204081000,3.447839271763133,-10.23667719792194,36.08275705048532
hokkaido_26,2020-07-08,1594240882000,3.8649559593724936,-12.38081948945622,36.08183690430181
hokkaido_26,2020-07-20,1595277682000,4.185470785912913,-9.820847689893382,36.075680091871774
hokkaido_26,2020-08-01,1596314483000,4.104307657983193,-11.02401050298102,36.07338602901082
hokkaido_26,2020-08-13,1597351284000,2.855309887687576,-11.497187398810276,36.080868937585905
hokkaido_26,2020-08-25,1598388085000,3.319106251191967,-12.434271745352245,36.079524191167586
hokkaido_26,2020-09-06,1599424885000,2.809996723692021,-9.73970034303574,36.077387384891026
hokkaido_26,2020-09-18,1600461685000,2.9411145981175584,-10.437688653531824,36.075318559711825
hokkaido_26,2020-09-30,1601498486000,2.987775000038816,-12.009289798825563,36.077776346540176
hokkaido_26,2020-10-12,1602535286000,3.275737507783504,-12.15450512117126,36.076803526252775
hokkaido_26,2020-10-24,1603572086000,3.04851714557513,-12.495212941380505,36.08050954652617
hokkaido_26,2020-11-05,1604608886000,2.8984715983374416,-13.77927710157119,36.076049849393996
hokkaido_26,2020-11-17,1605645686000,3.3229985426697732,-12.748081402327543,36.074423773970956
hokkaido_26,2020-11-29,1606682485000,2.9918310196691,-12.376782985935519,36.07625285755504
hokkaido_26,2020-12-11,1607719285000,3.1992909712884114,-11.94508119172162,36.07661999707848
hokkaido_26,2020-12-23,1608756084000,4.592960342420299,-10.993893311854292,36.08133298091241
hokkaido_26,2021-01-04,1609792884000,4.525545521969387,-11.643365780836277,36.07996526422537
hokkaido_26,2021-01-16,1610829683000,4.941442631208805,-11.278532617465947,36.076351744106425
hokkaido_26,2021-01-28,1611866483000,5.267434289932383,-12.037553103614995,36.06978138115829
hokkaido_26,2021-02-09,1612903282000,5.203625733743776,-10.798494587944505,36.07117919119917
hokkaido_26,2021-02-21,1613940082000,4.021763848440689,-10.944236454530072,36.0824796175432
hokkaido_26,2021-03-05,1614976882000,5.663782859335707,-12.850620479828713,36.08608793913474
hokkaido_26,2021-03-17,1616013682000,4.889744011414938,-12.613177354449029,36.085519030258766
hokkaido_26,2021-03-29,1617050482000,6.4636490868485765,-13.088552942350239,36.076998288855634
hokkaido_26,2021-04-10,1618087283000,5.9188039923293925,-9.533420587850237,36.07670476823617
hokkaido_26,2021-04-22,1619124083000,6.444616871304111,-12.32932323274653,36.080760410523254
hokkaido_26,2021-05-04,1620160884000,6.775415207787693,-12.430191563106955,36.08255872906088
hokkaido_26,2021-05-16,1621197684000,4.937519975664203,-12.051168272229189,36.08162648119312
hokkaido_26,2021-05-28,1622234485000,5.413426994264468,-12.317892979174115,36.077488224530455
hokkaido_26,2021-06-09,1623271286000,5.292191525393056,-12.759606267040208,36.07604097866153
hokkaido_26,2021-06-21,1624308087000,7.092530857776851,-10.623985257594871,36.077533462163686
hokkaido_26,2021-07-03,1625344887000,5.382627646234754,-12.530609074314485,36.07973381790763
hokkaido_26,2021-07-15,1626381688000,6.579402684997815,-12.131975641918654,36.08058640028625
hokkaido_26,2021-07-27,1627418489000,6.063495588317972,-12.47445110522879,36.086076850868004
hokkaido_26,2021-08-08,1628455289000,6.827146969190107,-10.01172554122788,36.07674824528553
hokkaido_26,2021-08-20,1629492090000,6.997196404811804,-12.261457629671453,36.07496750857994
hokkaido_26,2021-09-01,1630528905000,6.403663864821234,-11.04646276577017,35.591532304551876
hokkaido_26,2021-09-13,1631565705000,6.261170040449585,-11.581390114289281,35.587791611109814
hokkaido_26,2021-09-25,1632602506000,7.323274466371122,-11.529147386970072,35.58371841075809
hokkaido_26,2021-10-07,1633639303000,7.909787891233443,-12.987573857142111,35.7238935942407
hokkaido_26,2021-10-19,1634676103000,7.323358867514059,-13.728126968650775,35.72166822798905
hokkaido_26,2021-10-31,1635712903000,7.408978963883286,-12.240595551209607,35.725389633656796
hokkaido_26,2021-11-12,1636749703000,8.508405690863814,-12.464425323266306,35.72728153147761
hokkaido_26,2021-11-24,1637786503000,6.784121181994509,-9.706290282031318,35.72164112643954
hokkaido_26,2021-12-06,1638823302000,7.198591493438148,-12.540971384853258,35.72156182576441
hokkaido_26,2021-12-18,1639860102000,6.062801985030383,-10.293649582506163,35.719843683495235
hokkaido_26,2021-12-30,1640896901000,4.816795873166069,-9.657952755064649,35.72720307386393
hokkaido_26,2022-01-11,1641933701000,1.676577097904831,-12.699295428611217,35.72586786447751
hokkaido_26,2022-01-23,1642970500000,3.89198995507052,-9.43219588265549,35.72564767086145
hokkaido_26,2022-02-04,1644007299000,4.738668484094635,-10.073352666116941,35.726732970969515
hokkaido_26,2022-02-16,1645044099000,3.5658223982929513,-12.20894580673768,35.724816109692185
hokkaido_26,2022-02-28,1646080899000,3.448543512120705,-9.68425803989536,35.723415759158776
hokkaido_26,2022-03-12,1647117699000,2.2718086261727066,-13.079378355693922,35.72919396462285
hokkaido_26,2022-03-24,1648154500000,3.4177450043693294,-13.526828543390577,35.7284424527319
hokkaido_26,2022-04-05,1649191300000,5.757366823852749,-12.617492792765352,35.729403351713835
hokkaido_26,2022-04-17,1650228100000,5.342463742339258,-13.198527840586273,35.72495374422964
hokkaido_26,2022-04-29,1651264901000,4.352307443858114,-13.059120116550494,35.72481568172433
hokkaido_26,2022-05-11,1652301701000,7.053626549769877,-11.7076115662945,35.72695907984104
hokkaido_26,2022-06-04,1654375303000,7.143216128388719,-11.50396899947387,35.72553597575488
hokkaido_26,2022-06-16,1655412104000,7.26738269453032,-11.674078600118628,35.72871365895426
hokkaido_26,2022-06-28,1656448905000,8.197657834640461,-10.930164014336825,35.72127809597926
hokkaido_26,2022-07-10,1657485705000,7.949922645894508,-9.924148080936995,35.722806727091466
hokkaido_26,2022-07-22,1658522506000,8.122900339385167,-9.237037517025811,35.72842845561821
hokkaido_26,2022-08-03,1659559307000,7.225269061112702,-9.62444351886453,35.72660163482401
hokkaido_26,2022-08-15,1660596108000,7.804284918977081,-11.626774073435488,35.7261158365034
hokkaido_26,2022-08-27,1661632908000,7.475261487350962,-11.13624780016882,35.72337882309038
hokkaido_26,2022-09-08,1662669709000,7.263482830852925,-11.784728289779625,35.716610747218056
hokkaido_26,2022-09-20,1663706508000,8.837582647835049,-11.174299765737052,35.742005603186335
hokkaido_26,2022-10-02,1664743309000,7.6384817143238255,-11.057900605755988,35.726707846221956
hokkaido_26,2022-10-14,1665780109000,7.319845440449568,-10.201412858365376,35.727492586167116
hokkaido_26,2022-10-26,1666816909000,6.562436529862111,-9.435338794672019,35.717748496969165
hokkaido_26,2022-11-07,1667853709000,7.591443137967824,-10.116897817930358,35.72683571151463
hokkaido_26,2022-11-19,1668890509000,7.705176830683769,-10.318484583618753,35.723019958434385
hokkaido_26,2022-12-01,1669927308000,4.91610044373376,-8.907766677428596,35.72898908501102
hokkaido_26,2022-12-13,1670964108000,4.555853610112663,-12.897795624013531,35.7248959920864
hokkaido_26,2022-12-25,1672000907000,7.426314287957825,-11.495816471802058,35.72468774632441
hokkaido_26,2023-01-06,1673037706000,4.502014368301864,-9.608044737296035,35.72166720219484
hokkaido_26,2023-01-18,1674074505000,5.976678600027386,-12.290394808401661,35.741799606696176
hokkaido_26,2023-01-30,1675111306000,5.796731115985644,-9.494173627922088,35.721921946217975
hokkaido_26,2023-02-11,1676148105000,3.5083129385379834,-11.67415943315752,35.72761056628979
hokkaido_26,2023-02-23,1677184905000,3.4980107351469947,-9.25256229634562,35.73177922818884
hokkaido_26,2023-03-07,1678221705000,4.305070388067578,-14.311909740465468,35.72535892676306
hokkaido_26,2023-03-19,1679258505000,4.895072081694539,-13.24064722774207,35.72568138364885
hokkaido_26,2023-03-31,1680295305000,4.753849212758601,-13.088048383974213,35.726981775936046
hokkaido_26,2023-04-12,1681332106000,6.949300551706718,-11.993154858081384,35.72721679838485
hokkaido_26,2023-04-24,1682368906000,6.4061401789337085,-11.497979815239592,35.72648823824795
hokkaido_26,2023-05-06,1683405707000,6.151109767257203,-12.014232746363492,35.7182566520535
hokkaido_26,2023-05-18,1684442508000,6.369887375231729,-12.77917143095975,35.71791071877321
hokkaido_26,2023-05-30,1685479308000,5.976158662459486,-12.25825527199225,35.71847422997942
hokkaido_26,2023-06-11,1686516109000,5.345647883759635,-10.205864675354706,35.72769942771929
hokkaido_26,2023-06-23,1687552909000,6.112902395970528,-11.994151670377423,35.72356588680962
hokkaido_26,2023-07-05,1688589710000,6.110596969766275,-10.730948829904449,35.725343277239816
hokkaido_26,2023-07-17,1689626511000,5.059126356071011,-10.253827154556907,35.722961093498604
hokkaido_26,2023-07-29,1690663311000,5.593941870490298,-9.756310668958191,35.723590490938456
hokkaido_26,2023-08-10,1691700111000,5.886787295317115,-12.89243337914684,35.74236164015797
hokkaido_26,2023-08-22,1692736913000,4.763762831537632,-11.917464231967406,35.73078079239043
hokkaido_26,2023-09-03,1693773714000,4.751726289573225,-10.927098202994747,35.7233415969531
hokkaido_26,2023-09-15,1694810514000,5.072804051952234,-11.72109515728916,35.72088155623007
hokkaido_26,2023-09-27,1695847314000,6.312807023198698,-11.096201015945129,35.726318410278765
hokkaido_26,2023-10-09,1696884114000,5.728134238115322,-13.800807400600553,35.73165981117753
hokkaido_26,2023-10-21,1697920914000,5.290232197478576,-12.548141544921213,35.72273529120606
hokkaido_26,2023-11-02,1698957714000,6.21738761479039,-12.122698510304755,35.72703556256694
hokkaido_26,2023-11-14,1699994514000,6.208540565282954,-9.72768286519211,35.718387687191786
hokkaido_26,2023-11-26,1701031313000,4.429831506106096,-10.467663552762941,35.72688383853797
hokkaido_26,2023-12-08,1702068113000,6.086078394672862,-10.79229180923341,35.72363518617514
hokkaido_26,2023-12-20,1703104912000,3.971778036867243,-10.21854683723946,35.73860136442887
hokkaido_26,2024-01-01,1704141711000,4.135948472640599,-8.039840987531848,35.73283278262978
hokkaido_26,2024-01-13,1705178511000,4.1574184834298356,-11.990029062015928,35.72236215618012
hokkaido_26,2024-01-25,1706215311000,-1.4472218919809992,-12.600810836070814,35.720546135001214
hokkaido_26,2024-02-06,1707252110000,2.243095749279201,-11.54181351533313,35.72756439995839
hokkaido_26,2024-02-18,1708288910000,5.661816840721905,-11.121850628427167,35.72658364187248
hokkaido_26,2024-03-01,1709325710000,0.9216679680617172,-11.373588168773283,35.72814497283011
hokkaido_26,2024-03-13,1710362510000,2.567975984489362,-11.161869567438698,35.72996291975458
hokkaido_26,2024-03-25,1711399310000,3.6701168545417993,-12.081818220088163,35.73147152109726
hokkaido_26,2024-04-06,1712436111000,3.6638666850550603,-12.26312136474171,35.72130104413133
hokkaido_26,2024-04-18,1713472911000,5.457793427357335,-12.77201323956561,35.723091732879965
hokkaido_26,2024-04-30,1714509712000,5.0177143044329675,-11.872293426713075,35.7230129561826
hokkaido_26,2024-05-07,1715114016000,4.59927898741539,-11.05258110942412,45.52444188916797
hokkaido_26,2024-05-12,1715546511000,4.833811751676964,-12.887917381486083,35.72092634142108
hokkaido_26,2024-05-19,1716150815000,5.2510283195575544,-11.609001710580568,45.52620917174318
hokkaido_26,2024-05-24,1716583311000,5.442228825041201,-11.568245381808607,35.70698500373989
hokkaido_26,2024-05-31,1717187615000,4.261554122216032,-13.151695532395674,45.528152177248955
hokkaido_26,2024-06-05,1717620111000,5.218482188420992,-11.039310355941026,35.70927804115807
hokkaido_26,2024-06-12,1718224415000,7.703332521866165,-14.709969644856734,45.52885894174166
hokkaido_26,2024-06-17,1718656910000,5.1605113846547965,-10.851042067436085,35.718869885860684
hokkaido_26,2024-06-24,1719261214000,6.194426485900668,-11.631897419433427,45.5254821931473
hokkaido_26,2024-06-29,1719693710000,5.081214034963861,-11.832076596166221,35.715617597946014
hokkaido_26,2024-07-06,1720298014000,6.400949791153152,-12.263481211641698,45.52297413219105
hokkaido_26,2024-07-11,1720730509000,4.929482076997647,-11.239968828013076,35.71524354414505
hokkaido_26,2024-07-18,1721334813000,3.3194759989457814,-14.646357722657527,45.52917219653857
hokkaido_26,2024-07-23,1721767309000,4.978919902989604,-12.364722457844696,35.716234655146806
hokkaido_26,2024-08-04,1722804109000,5.610751076129776,-10.902416785334925,35.712432501407314
hokkaido_26,2024-08-16,1723840909000,5.553744243188678,-11.445784150283071,35.72134419925675
hokkaido_26,2024-08-28,1724877709000,6.4224335001491095,-10.803373344848435,35.72533385087604
hokkaido_26,2024-09-09,1725914510000,6.3712252364156585,-11.818673882211115,35.7304890855436
hokkaido_26,2024-09-21,1726951310000,6.706575196857363,-12.9313756756638,35.73000041330894
hokkaido_26,2024-10-03,1727988110000,6.054039094627972,-12.43280498182425,35.730107311482435
hokkaido_26,2024-10-15,1729024910000,5.548976224294141,-11.088406485948324,35.72898464622967
hokkaido_26,2024-10-27,1730061711000,5.892985583851152,-11.564080084203331,35.72672805277404
hokkaido_26,2024-11-08,1731098510000,5.728735571453737,-12.869994550900126,35.72827922472013
hokkaido_26,2024-11-20,1732135309000,5.2895997160509465,-10.553399321456295,35.721334210120034
hokkaido_26,2024-12-02,1733172109000,5.287536020208814,-10.910392934671338,35.71318954956004
hokkaido_26,2024-12-14,1734208908000,3.9723341724970287,-11.381314080537656,35.70981274756776
hokkaido_26,2024-12-26,1735245707000,4.374522093878525,-11.799237333901154,35.71843479897532
hokkaido_26,2025-01-07,1736282505000,5.402381389641985,-11.806591943570526,35.72265817507348
hokkaido_26,2025-01-19,1737319304000,4.602952992281402,-9.898481048951687,35.72329946712069
hokkaido_26,2025-01-31,1738356103000,5.813443613169126,-11.118229706154567,35.7260652000188
hokkaido_26,2025-02-12,1739392903000,10.41244326327931,-11.757322390798757,35.72045057694246
hokkaido_26,2025-02-24,1740429703000,3.657473522273281,-10.303888132171796,35.72746769188871
hokkaido_26,2025-03-08,1741466503000,5.2415118063369635,-11.183389767823343,35.72646072128653
hokkaido_26,2025-03-20,1742503304000,5.022340566533354,-10.700533381688604,35.72417885839384
hokkaido_26,2025-04-01,1743540104000,5.17830961486181,-10.448926446663949,35.71928225012772
hokkaido_26,2025-04-13,1744576904000,5.5796474263012605,-10.48610892497646,35.72333832110715
hokkaido_26,2025-04-25,1745613704000,5.765715178118022,-11.663244681864464,35.71398002778641
hokkaido_26,2025-05-07,1746650504000,5.77506019505274,-11.854606392967098,35.715301563053075
hokkaido_26,2025-05-14,1747254808000,5.120156702010269,-11.324421446204838,45.52490809356158
hokkaido_26,2025-05-19,1747687303000,6.685112655434783,-11.922865034572764,35.71679632178799
hokkaido_26,2025-05-26,1748291607000,5.779695386808031,-12.023260886005943,45.52056012074571
hokkaido_26,2025-05-31,1748724103000,5.784368818734243,-11.208923088394508,35.71170264252368
hokkaido_26,2025-06-07,1749328407000,7.173253099014571,-12.206120577200853,45.522297110467996
hokkaido_26,2025-06-12,1749760902000,5.885563090406937,-11.39398883315298,35.706719686010395
hokkaido_26,2025-06-19,1750365206000,7.129525923416763,-12.649677048793762,45.52642204024242
hokkaido_26,2025-06-24,1750797702000,6.079367098702359,-10.97538800459736,35.70476149277416
hokkaido_26,2025-07-01,1751402005000,6.831634239435835,-11.851781924169805,45.52624825099176
hokkaido_26,2025-07-06,1751834501000,5.14911995162183,-11.261383655077,35.709326895673556
hokkaido_26,2025-07-13,1752438805000,4.5318985443029955,-13.113363872083836,45.524479462817105
hokkaido_26,2025-07-18,1752871300000,6.089325944548344,-10.528920710277422,35.71624805566036
hokkaido_26,2025-07-25,1753475604000,6.2390029068252115,-13.907314842883835,45.528540971663894
hokkaido_26,2025-07-30,1753908100000,5.429959564615536,-11.246638471936318,35.71793644550087
hokkaido_26,2025-08-11,1754944900000,5.606054179734228,-11.715869654247317,35.717459913210575
hokkaido_26,2025-08-23,1755981700000,5.12043810266962,-12.154860936035265,35.719405278246974
hokkaido_26,2025-09-04,1757018500000,6.67834062198506,-12.330128091372838,35.72633354031311
hokkaido_26,2025-09-16,1758055301000,7.567521151997436,-11.777938551643567,35.73158492995763
hokkaido_26,2025-09-28,1759092101000,5.990257159828407,-13.751353665111788,35.73054864979755
hokkaido_26,2025-10-10,1760128901000,4.936698311273602,-11.434954927462377,35.71726156692027
hokkaido_26,2025-10-22,1761165701000,6.15765116599606,-12.097953589471164,35.722315271253855
hokkaido_26,2025-11-03,1762202501000,5.792494449665126,-10.971661120907383,35.71984505185706
hokkaido_26,2025-11-15,1763239300000,6.02345867856519,-11.344094540543084,35.72273460429807
hokkaido_26,2025-11-22,1763843604000,7.769313354105809,-12.603088934461603,45.524655975761796
hokkaido_26,2025-11-27,1764276099000,5.6131847185957415,-9.654142452019927,35.720091327892355
hokkaido_26,2025-12-09,1765312898000,4.288807336622641,-11.272795812081599,35.714482642571454
hokkaido_26,2025-12-21,1766349697000,4.03690414103404,-10.189389121751674,35.711811194397704
hokkaido_26,2026-01-02,1767386495000,4.242042893020205,-11.58080502693831,35.712786199107605
hokkaido_26,2026-01-14,1768423294000,5.602133832566573,-9.818900207189122,35.716635334515814
hokkaido_26,2026-01-26,1769460094000,3.2669946028415673,-10.40951029524115,35.72233464452848
hokkaido_26,2026-02-02,1770064397000,7.688056773058979,-12.782406809171297,45.528252731801544
hokkaido_26,2026-02-07,1770496893000,2.7767202228579375,-10.766763205753055,35.72375167282795
hokkaido_26,2026-02-19,1771533692000,2.3918334846705585,-11.620451023600117,35.72268631656803
hokkaido_26,2026-03-03,1772570492000,4.093917830622778,-10.11042793280045,35.72458862415639
hokkaido_26,2026-03-15,1773607292000,5.575846284366056,-11.016024070472355,35.72249142765422
hokkaido_26,2026-04-08,1775680892000,4.1882625173009815,-12.329928837930208,35.72406201378042
hokkaido_26,2026-04-15,1776285196000,3.9210037671918307,-13.440934556667555,45.528387071245945
hokkaido_26,2026-04-20,1776717693000,4.505710000148748,-12.528389866252716,35.71506398050977
hokkaido_26,2026-04-27,1777321996000,5.389772498293052,-11.567456536723265,45.528304226204405
hokkaido_26,2026-05-02,1777754492000,7.305157172780867,-10.774284493273962,35.71137733652329
hokkaido_26,2026-05-14,1778791292000,7.222759748360805,-11.013309172570002,35.70878547858458
hokkaido_26,2026-05-21,1779395595000,5.88883901446974,-11.7697875458278,45.527853133896244
hokkaido_27,2017-02-18,1487450457000,2.8761146200673298,-6.730096897038609,35.95099081127614
hokkaido_27,2017-02-25,1488054783000,1.8657924425850625,-7.537346626041968,45.5394471124206
hokkaido_27,2017-03-02,1488487257090,4.871362424095582,-5.681229427924271,35.953182654157416
hokkaido_27,2017-03-09,1489091583000,2.998992072958685,-9.693335165659873,45.54271784583664
hokkaido_27,2017-03-14,1489524057000,3.04478087329019,-6.5092584568376575,35.94313391483191
hokkaido_27,2017-03-21,1490128384100,1.1479288591978283,-9.697646228271605,45.54823371333995
hokkaido_27,2017-03-26,1490560857000,3.77914064433157,-7.771567307457459,35.942766136422094
hokkaido_27,2017-04-02,1491165184000,3.373465539287689,-11.028806969012294,45.54568926185069
hokkaido_27,2017-04-07,1491597658140,7.243028449556489,-5.673305031597515,35.94648025626844
hokkaido_27,2017-04-14,1492201985000,6.434608923334215,-9.511802543419012,45.54245048578412
hokkaido_27,2017-04-19,1492634458760,5.693130099328678,-4.599860759315499,35.94842943981441
hokkaido_27,2017-04-26,1493238785360,7.200743492798937,-8.909161663465824,45.54169963590784
hokkaido_27,2017-05-01,1493671259000,6.428914399199694,-4.728282115038024,35.94612251640787
hokkaido_27,2017-05-08,1494275586310,5.835721901397139,-9.41501951454339,45.53762897882786
hokkaido_27,2017-05-13,1494708059970,6.86646513181104,-4.596553262816811,35.94201619867747
hokkaido_27,2017-05-20,1495312386000,6.640004623956543,-8.361569173190194,45.54242822559206
hokkaido_27,2017-05-25,1495744860000,8.218973730014833,-5.194577797689372,35.94665141401567
hokkaido_27,2017-06-01,1496349187000,4.793188566498123,-14.898451553809108,45.54826185361304
hokkaido_27,2017-06-06,1496781661000,8.508216872633056,-4.514343772846787,35.94223302611195
hokkaido_27,2017-06-13,1497385988000,7.3001690937245955,-8.370277975752545,45.54393550151519
hokkaido_27,2017-06-18,1497818461000,8.066017471734623,-4.77378735598659,35.94725008806395
hokkaido_27,2017-06-25,1498422789000,7.019535491476828,-9.32247951715391,45.53993060246039
hokkaido_27,2017-06-30,1498855262000,8.210618235039028,-3.6377536536262154,35.94930824077755
hokkaido_27,2017-07-07,1499459589000,6.802692771133708,-8.364835200750333,45.542213886506254
hokkaido_27,2017-07-12,1499892063000,8.505835834476793,-4.101195423093212,35.94685983812154
hokkaido_27,2017-07-19,1500496390000,6.565819577462388,-7.998619682269177,45.5463687216194
hokkaido_27,2017-07-24,1500928864000,8.494879577331204,-4.209267048107678,35.94642774045757
hokkaido_27,2017-07-31,1501533191000,6.548600409834765,-9.369504220057216,45.54228484415946
hokkaido_27,2017-08-05,1501965664000,6.984135984668823,-4.5033365789642055,35.94073791519317
hokkaido_27,2017-08-12,1502569991000,6.402552134324511,-9.326093592147563,45.54345595851089
hokkaido_27,2017-08-17,1503002465000,8.500909817943427,-4.758175840607916,35.948063115724686
hokkaido_27,2017-08-24,1503606792000,5.649059985525837,-8.631168804050624,45.540804190915956
hokkaido_27,2017-08-29,1504039265000,6.6662899628693095,-4.370512354350506,35.947448345605444
hokkaido_27,2017-09-05,1504643592000,5.812041660660141,-8.376870487780662,45.54169653496745
hokkaido_27,2017-09-10,1505076066000,5.684371925105816,-4.935370726134332,35.945476687258676
hokkaido_27,2017-09-17,1505680393000,5.261712712054375,-8.247052338856593,45.540000516296885
hokkaido_27,2017-09-22,1506112866000,6.90353965097007,-4.317787961713104,35.94590056407615
hokkaido_27,2017-09-29,1506717193000,5.662938308976103,-9.859494695990179,45.54439745698643
hokkaido_27,2017-10-04,1507149666000,8.157145477790527,-4.901118019414628,35.94510195817342
hokkaido_27,2017-10-11,1507753993000,6.0277710705497025,-9.851734667500109,45.54485510545255
hokkaido_27,2017-10-16,1508186467000,8.80983070974024,-4.705664393754949,35.94627456387775
hokkaido_27,2017-10-23,1508790793000,5.53523573883508,-9.350486596496573,45.540782824197876
hokkaido_27,2017-10-28,1509223267000,9.649817154643186,-6.318996613915986,35.9452034166124
hokkaido_27,2017-11-04,1509827593000,6.208924399942673,-9.043673017206851,45.538300976024665
hokkaido_27,2017-11-09,1510260066000,7.72466378015324,-6.254829075674474,35.94820151203809
hokkaido_27,2017-11-16,1510864393000,6.553820263087554,-7.474376639589751,45.542217690427464
hokkaido_27,2017-11-21,1511296866000,6.5859046484646235,-6.158429544220871,35.94256026759292
hokkaido_27,2017-11-28,1511901193000,-0.0029265093524465666,-14.470691877994156,45.53901530141249
hokkaido_27,2017-12-03,1512333666000,6.409928664417088,-7.185770954107396,35.94263686100914
hokkaido_27,2017-12-10,1512937992000,-9.029547832385402,-45.7307101860409,45.54688612587932
hokkaido_27,2017-12-15,1513370465000,4.785357589142667,-4.896159378970847,35.94251633306573
hokkaido_27,2017-12-22,1513974791000,-0.7509857516185776,-20.598855910679372,45.54519313071816
hokkaido_27,2017-12-27,1514407265000,4.881028931530641,-5.162392690097213,35.94972097839972
hokkaido_27,2018-01-03,1515011591000,3.3943685071027803,-11.62646038596222,45.54121946526885
hokkaido_27,2018-01-08,1515444064000,5.060646795089221,-7.220447480149128,35.94853606866458
hokkaido_27,2018-01-15,1516048391000,3.7602664747339842,-8.949263497465529,45.53849799114726
hokkaido_27,2018-01-20,1516480864000,3.6354408310456594,-8.196959174761211,35.9417610646161
hokkaido_27,2018-01-27,1517085190000,0.5772181273514942,-15.057634137970616,45.545154277917106
hokkaido_27,2018-02-01,1517517664000,2.434777962947195,-8.410816861514558,35.94114984338304
hokkaido_27,2018-02-08,1518121990000,0.7897834412133573,-10.880297501199282,45.54386797762236
hokkaido_27,2018-02-13,1518554463000,3.5151395179649505,-8.427401819008008,35.94059340814148
hokkaido_27,2018-02-20,1519158790000,0.05669826748619479,-10.184386524627799,45.54546411941393
hokkaido_27,2018-02-25,1519591263000,3.3241799280268483,-6.348705947457938,35.94867117294159
hokkaido_27,2018-03-04,1520195590000,0.1844864670026081,-9.912777298827276,45.54328148414722
hokkaido_27,2018-03-09,1520628063000,4.133609646885796,-7.209783849635327,35.954190980113864
hokkaido_27,2018-03-16,1521232390000,2.497012181297803,-10.06236747757273,45.53981989150287
hokkaido_27,2018-03-21,1521664863000,4.738462132731736,-6.361830435041951,35.954085358134954
hokkaido_27,2018-03-28,1522269190000,1.5223550069464968,-8.733214920149845,45.54196318624671
hokkaido_27,2018-04-02,1522701664000,4.411092423717519,-6.84088787121612,35.94732215727218
hokkaido_27,2018-04-14,1523738464000,7.856058276980572,-6.418028485404383,35.94483713957336
hokkaido_27,2018-04-26,1524775265000,6.7782891777904375,-4.9718152272268,35.94531335053793
hokkaido_27,2018-05-08,1525812065000,8.535014846623227,-5.17792132803825,35.94757840013272
hokkaido_27,2018-05-15,1526416392000,5.402890187030869,-10.179799915350559,45.538945576060904
hokkaido_27,2018-05-20,1526848866000,6.75377062154299,-4.235488310451398,35.94934163224523
hokkaido_27,2018-05-27,1527453193000,2.0580581449616098,-12.216780553525588,45.54243176814137
hokkaido_27,2018-06-01,1527885667000,8.196140246143884,-4.472041533327078,35.9507054489148
hokkaido_27,2018-06-13,1528922468000,8.600750845208848,-4.338362412218312,35.94167068355111
hokkaido_27,2018-06-25,1529959268000,7.882353423795946,-4.802263222471455,35.94307373392404
hokkaido_27,2018-07-14,1531600396000,6.219748006682868,-10.509386512126516,45.54210363968626
hokkaido_27,2018-07-19,1532032870000,7.904061971890304,-5.396514715346655,35.95008095249985
hokkaido_27,2018-07-26,1532637197000,4.491781676486886,-11.856576435427742,45.54291179475037
hokkaido_27,2018-07-31,1533069670000,8.961400387562701,-5.387760736265581,35.95208116655857
hokkaido_27,2018-08-12,1534106471000,9.988258225621491,-4.861669527626026,35.94540031828156
hokkaido_27,2018-08-24,1535143272000,9.039520426066195,-4.422002999065424,35.93424162572745
hokkaido_27,2018-08-31,1535747599000,4.938456405675073,-10.217402659202579,45.54167796684642
hokkaido_27,2018-09-05,1536180072000,9.507301974159365,-5.754640642840036,35.94491402016001
hokkaido_27,2018-09-17,1537216873000,8.851841747871463,-7.219597590246246,35.948025155968324
hokkaido_27,2018-09-24,1537821199000,6.595616356302258,-6.946820323361106,45.541767517934304
hokkaido_27,2018-09-29,1538253673000,8.38850418122599,-7.7224855403347314,35.94773260161292
hokkaido_27,2018-10-11,1539290473000,9.007775261595798,-6.0455564615978705,35.94342542710316
hokkaido_27,2018-10-23,1540327273000,8.924603557143971,-7.4374956994249075,35.94386320017804
hokkaido_27,2018-11-04,1541364073000,10.453813496982542,-6.3791378798244445,35.943539523327146
hokkaido_27,2018-11-11,1541968400000,5.401623915971809,-22.17196036431891,45.53940259718716
hokkaido_27,2018-11-16,1542400873000,9.88740913781685,-5.19564863792808,35.947696944832714
hokkaido_27,2018-11-28,1543437672000,7.0178407219522745,-5.574430719073976,35.9494521556707
hokkaido_27,2018-12-05,1544041999000,6.152232015413243,-8.615685108746723,45.53588861243921
hokkaido_27,2018-12-10,1544474472000,5.590371025445141,-7.635239467434579,35.94426699485841
hokkaido_27,2018-12-22,1545511272000,5.904415917250971,-5.784812785821738,35.93956867311247
hokkaido_27,2019-01-03,1546548071000,5.89101446487234,-6.844740226630301,35.94220864835462
hokkaido_27,2019-01-15,1547584871000,5.844114285434737,-7.100309058974517,35.94895691863938
hokkaido_27,2019-01-22,1548189197000,3.28455689156421,-7.707937647112674,45.53829712845568
hokkaido_27,2019-01-27,1548621671000,3.9799612540350866,-6.263771489591653,35.94478268718738
hokkaido_27,2019-02-03,1549225997000,7.161878403233619,-9.375935512876966,45.5417244361175
hokkaido_27,2019-02-08,1549658470000,5.765157148887107,-6.855639334131926,35.94618548614811
hokkaido_27,2019-02-20,1550695270000,2.1119888702970795,-8.279047133964632,35.941538074719176
hokkaido_27,2019-03-04,1551732070000,3.1184434943475163,-6.674616562383244,35.93764759878788
hokkaido_27,2019-03-16,1552768870000,7.090668100795837,-5.963943661342606,35.94763942451253
hokkaido_27,2019-03-23,1553373197000,2.010343617169709,-9.384719850262355,45.53984376541292
hokkaido_27,2019-03-28,1553805670000,4.975686830111189,-7.0928710800675265,35.94761583533749
hokkaido_27,2019-04-04,1554409997000,2.981294216656546,-8.790153680010564,45.53626990371399
hokkaido_27,2019-04-09,1554842470000,6.07711043643386,-8.982300572369498,35.94945170958918
hokkaido_27,2019-04-16,1555446797000,5.028211759048873,-8.448315872533412,45.53742647758995
hokkaido_27,2019-04-21,1555879271000,5.178648625131266,-9.149185129179592,35.94123101899118
hokkaido_27,2019-04-28,1556483598000,4.660661253183378,-9.758687163835983,45.54019467363454
hokkaido_27,2019-05-03,1556916071000,7.065762197591336,-9.933044768562874,35.938017389517974
hokkaido_27,2019-05-15,1557952872000,7.0619014357802925,-7.672396506128979,35.94337775518513
hokkaido_27,2019-05-22,1558557199000,4.606387080671909,-9.510208831832879,45.540772107056895
hokkaido_27,2019-06-03,1559593999000,4.786643828676143,-9.099042864631189,45.53916880325706
hokkaido_27,2019-06-08,1560026473000,10.126538924089493,-7.731067986908473,35.951795103957686
hokkaido_27,2019-06-15,1560630800000,7.174826698078991,-20.0988808781748,45.54378606390462
hokkaido_27,2019-06-20,1561063274000,8.874385287838606,-8.164577647516223,35.947898636404254
hokkaido_27,2019-07-02,1562100075000,9.744592374792608,-7.335361258705888,35.941944936999505
hokkaido_27,2019-07-14,1563136875000,10.286402936371708,-7.042954335991896,35.94373076164966
hokkaido_27,2019-07-26,1564173676000,10.598687874620676,-6.624716480073908,35.949134493942765
hokkaido_27,2019-08-02,1564778003000,5.345096841917031,-10.149793499527973,45.542676237472385
hokkaido_27,2019-08-07,1565210477000,10.117417086144945,-6.288346227560409,35.94820113732005
hokkaido_27,2019-08-14,1565814804000,6.132505083811575,-10.28281315721385,45.54051274027476
hokkaido_27,2019-08-19,1566247278000,11.286566267916216,-6.602489936020259,35.94330526409726
hokkaido_27,2019-08-26,1566851605000,3.7879566907882825,-15.226408249579375,45.543444797697816
hokkaido_27,2019-09-12,1568320879000,10.800909115156612,-7.17442094106399,35.94749538572738
hokkaido_27,2019-09-24,1569357679000,11.185507621263728,-6.769664243384311,35.94273113236087
hokkaido_27,2019-10-01,1569962006000,5.508579420363788,-9.35185608353321,45.53799790513562
hokkaido_27,2019-10-06,1570394480000,10.990012775754753,-6.4014260109859915,35.946954973779555
hokkaido_27,2019-10-18,1571431279000,9.819005966651439,-7.291006112918826,35.9488759326877
hokkaido_27,2019-10-30,1572468080000,10.055676036663074,-6.972567053136308,35.9433667386481
hokkaido_27,2019-11-11,1573504880000,9.66145409847565,-6.590280291880567,35.94162921643603
hokkaido_27,2019-11-23,1574541679000,8.221021809148656,-9.36953101153715,35.94374429354635
hokkaido_27,2019-12-05,1575578479000,6.173270438400567,-7.335076703626334,35.94993387555074
hokkaido_27,2019-12-12,1576182805000,2.7851195763682792,-12.873335820423655,45.53207911541953
hokkaido_27,2019-12-17,1576615278000,7.467427717489505,-9.340465116477326,35.94608558192396
hokkaido_27,2019-12-24,1577219605000,1.1605376715714948,-15.862170578507586,45.53218842168879
hokkaido_27,2019-12-29,1577652078000,4.0004428535267715,-8.466759981639342,35.94097915507502
hokkaido_27,2020-01-10,1578688877000,4.552483700454965,-6.516215277177011,35.93845524815855
hokkaido_27,2020-01-22,1579725677000,4.248262005531313,-8.28803336463512,35.94197972846753
hokkaido_27,2020-02-03,1580762477000,6.478621453565764,-7.3992825999580605,36.066224890684644
hokkaido_27,2020-02-10,1581366803000,1.0586864891202878,-6.841799485366706,45.54501430953144
hokkaido_27,2020-02-15,1581799276000,5.806734375688567,-5.663629497010744,36.0694668974677
hokkaido_27,2020-02-22,1582403603000,6.898325305761734,-7.765747670747769,45.547175025785755
hokkaido_27,2020-02-27,1582836076000,3.825394117760364,-8.460128971783098,36.0669862508484
hokkaido_27,2020-03-10,1583872876000,8.838836191843606,-8.248945842718511,36.05859276775407
hokkaido_27,2020-03-22,1584909676000,4.62220236538709,-7.604285704058812,36.05969564317814
hokkaido_27,2020-03-29,1585514003000,4.94568332074494,-11.988435034815389,45.55177146063912
hokkaido_27,2020-04-03,1585946477000,6.800954515940205,-6.843037545186645,36.06616206775172
hokkaido_27,2020-04-15,1586983277000,7.623608738354551,-8.35590258089023,36.06914752677206
hokkaido_27,2020-04-22,1587587604000,5.147347691586581,-8.935105495446733,45.54566106665201
hokkaido_27,2020-04-27,1588020078000,7.3975119461128935,-7.166074955480009,36.06814447987341
hokkaido_27,2020-05-04,1588624404000,5.0573967253858605,-11.796107822316703,45.549141398227334
hokkaido_27,2020-05-09,1589056878000,8.619947426878843,-7.8007592769137535,36.06945280588249
hokkaido_27,2020-05-21,1590093679000,7.336283423280866,-8.253625260095198,36.06460608934609
hokkaido_27,2020-06-02,1591130479000,8.261521722420229,-7.204947707559842,36.06790545686992
hokkaido_27,2020-06-14,1592167280000,7.7427016491897716,-8.909653310851931,36.06549833198966
hokkaido_27,2020-06-21,1592771607000,5.623985414828667,-8.426068211369621,45.5462478983154
hokkaido_27,2020-06-26,1593204081000,7.311187198520089,-7.504490575307758,36.069536483128616
hokkaido_27,2020-07-03,1593808408000,5.869438708719345,-9.806338462846167,45.55044554353965
hokkaido_27,2020-07-08,1594240882000,8.046419074846083,-8.860344285357623,36.06861451769019
hokkaido_27,2020-07-20,1595277682000,6.893592705946934,-7.257308494756362,36.062454288314804
hokkaido_27,2020-07-27,1595882010000,4.5104669844633545,-9.4067572127544,45.5481866609703
hokkaido_27,2020-08-01,1596314483000,8.320537096026792,-6.970369907652242,36.060164227488556
hokkaido_27,2020-08-08,1596918810000,5.466505147638961,-19.231738507753267,45.551678656760785
hokkaido_27,2020-08-13,1597351284000,8.022472157934688,-6.527602404545316,36.0676488779778
hokkaido_27,2020-08-20,1597955611000,5.598801534813808,-9.197630596271607,45.5502238702379
hokkaido_27,2020-08-25,1598388085000,9.1281201559141,-6.922914075216127,36.06630909317621
hokkaido_27,2020-09-01,1598992411000,5.442159020107946,-11.562427620478813,45.55041433012281
hokkaido_27,2020-09-06,1599424885000,9.14235354183089,-6.941212678935404,36.064165500375424
hokkaido_27,2020-09-18,1600461685000,9.336256713444888,-6.477316915282035,36.06209322254353
hokkaido_27,2020-09-30,1601498486000,8.75989479182238,-6.451234496994487,36.06455420599014
hokkaido_27,2020-10-12,1602535286000,8.72128146025709,-7.229139685194723,36.063582354100355
hokkaido_27,2020-10-24,1603572086000,8.742965566149532,-6.6701553140319545,36.067284416476724
hokkaido_27,2020-10-31,1604176413000,5.698202412577703,-7.31583034974524,45.54667196331602
hokkaido_27,2020-11-05,1604608886000,8.473179708629296,-6.377470621761718,36.06282468752568
hokkaido_27,2020-11-17,1605645686000,6.768250141064324,-7.004512664154484,36.06119867631669
hokkaido_27,2020-11-29,1606682485000,5.634776665890959,-6.892228377208054,36.06303629620973
hokkaido_27,2020-12-11,1607719285000,7.677038501571088,-7.793383649545403,36.06339567887643
hokkaido_27,2020-12-18,1608323611000,3.8434171507085546,-17.74414361140132,45.54676280474424
hokkaido_27,2020-12-23,1608756084000,6.110117452677132,-8.90327254341694,36.06810743470212
hokkaido_27,2020-12-30,1609360411000,4.105700707944117,-9.74276793245463,45.54422709800143
hokkaido_27,2021-01-04,1609792884000,3.4336089560839786,-7.3335524995032255,36.06674911551543
hokkaido_27,2021-01-16,1610829683000,6.366530517444006,-8.885844385799823,36.06313256706338
hokkaido_27,2021-01-28,1611866483000,5.265085622817777,-7.7874026492667765,36.05655575126175
hokkaido_27,2021-02-09,1612903282000,3.548471926860408,-8.100981274328928,36.057955582198225
hokkaido_27,2021-02-21,1613940082000,3.088911989704226,-7.358788124488593,36.06925999568058
hokkaido_27,2021-02-28,1614544409000,6.638444219416407,-6.907519797205171,45.548071933973915
hokkaido_27,2021-03-05,1614976882000,9.113544790643076,-7.2770588847344655,36.0728677282347
hokkaido_27,2021-03-12,1615581209000,1.4062902493124605,-10.60307774704762,45.54695856190691
hokkaido_27,2021-03-17,1616013682000,7.899902052447587,-10.606767065025455,36.07229415427896
hokkaido_27,2021-03-24,1616618009000,7.636279901108144,-20.28872265039654,45.55139175489007
hokkaido_27,2021-03-29,1617050482000,6.656443721810531,-8.987588586031558,36.06377534910655
hokkaido_27,2021-04-10,1618087283000,6.784983899690341,-8.613074634245379,36.06348761233968
hokkaido_27,2021-04-22,1619124083000,6.669100548045473,-8.638806219414342,36.06753714660917
hokkaido_27,2021-05-04,1620160884000,7.64443103534292,-8.310705037970424,36.06933870249994
hokkaido_27,2021-05-11,1620765211000,7.019705868202444,-8.033627887247219,45.545877543889006
hokkaido_27,2021-05-16,1621197684000,6.665978058028015,-7.727059436376697,36.0684019850451
hokkaido_27,2021-05-23,1621802011000,6.878110872231821,-8.726516446427363,45.54825252622462
hokkaido_27,2021-05-28,1622234485000,7.431456147065248,-7.9625254423228755,36.064263412275004
hokkaido_27,2021-06-09,1623271286000,6.2317481689710075,-7.3933362947248185,36.062820753297814
hokkaido_27,2021-06-16,1623875613000,2.54706638109854,-15.453917773679155,45.551181184033396
hokkaido_27,2021-06-21,1624308087000,6.936439305315665,-8.413331230645982,36.06431263784206
hokkaido_27,2021-07-03,1625344887000,6.884785677446929,-8.128700296437373,36.066509345468866
hokkaido_27,2021-07-10,1625949214000,7.100260189643794,-9.888608625665682,45.54753405212007
hokkaido_27,2021-07-15,1626381688000,5.924557500168345,-8.99339290101498,36.06736465491109
hokkaido_27,2021-07-22,1626986015000,7.2760521559759255,-8.78914470137913,45.54978915359034
hokkaido_27,2021-07-27,1627418489000,7.256681640927442,-7.897371139394377,36.07285886014151
hokkaido_27,2021-08-03,1628022816000,8.569540443646813,-10.113965710409886,45.54942993898016
hokkaido_27,2021-08-08,1628455289000,7.699464375996424,-7.688317470419395,36.06352802156245
hokkaido_27,2021-08-20,1629492090000,8.132219165083384,-6.894440381845186,36.06174550682606
hokkaido_27,2021-09-01,1630528905000,7.519626463557045,-8.16973402520346,35.57937444857554
hokkaido_27,2021-09-13,1631565705000,8.828699654902074,-8.330223131784853,35.57563596439766
hokkaido_27,2021-09-25,1632602506000,7.9238841922307275,-7.016380316362107,35.57156561495079
hokkaido_27,2021-10-07,1633639303000,7.470999748030047,-8.272087200160517,35.71151495307647
hokkaido_27,2021-10-19,1634676103000,8.097410043270587,-8.352688249116076,35.7092865236841
hokkaido_27,2021-10-31,1635712903000,7.7556585735093275,-8.979883849413794,35.713004293886726
hokkaido_27,2021-11-12,1636749703000,7.660174784930711,-8.109286464226944,35.71490622405358
hokkaido_27,2021-11-19,1637354007000,7.330951204403201,-9.094301562055671,45.523133120295995
hokkaido_27,2021-11-24,1637786503000,7.319458880426748,-7.953130216183779,35.7092688448516
hokkaido_27,2021-12-01,1638390806000,3.559640383740564,-21.980237686027625,45.52661053249696
hokkaido_27,2021-12-06,1638823302000,4.881306371222894,-7.797566048884469,35.70918136127843
hokkaido_27,2021-12-18,1639860102000,3.968373876342434,-7.3003851594360825,35.70746143978517
hokkaido_27,2021-12-30,1640896901000,3.7379689949093957,-10.013803661286154,35.71481778026954
hokkaido_27,2022-01-11,1641933701000,1.3198077084091246,-9.583065803005319,35.71348723609543
hokkaido_27,2022-01-23,1642970500000,4.806122556822423,-6.866345485400879,35.71326440909762
hokkaido_27,2022-02-04,1644007299000,5.021856792385925,-7.256031256215572,35.714358058204496
hokkaido_27,2022-02-16,1645044099000,1.8310627247184768,-6.769673600124105,35.71243498180342
hokkaido_27,2022-02-28,1646080899000,5.678880801151059,-6.847805336265224,35.711033199278674
hokkaido_27,2022-03-12,1647117699000,1.373597759239505,-8.617188424170669,35.71681403497252
hokkaido_27,2022-03-19,1647722003000,1.654358944458957,-10.652505703586886,45.52568874794635
hokkaido_27,2022-03-24,1648154500000,3.8249731409394765,-9.397005105052601,35.716058094268284
hokkaido_27,2022-03-31,1648758803000,6.365987686834756,-9.340601125165886,45.52643072231323
hokkaido_27,2022-04-05,1649191300000,4.319708158153466,-9.65800551178381,35.71702436988355
hokkaido_27,2022-04-12,1649795604000,7.379688012919684,-7.960916211248655,45.53135884705827
hokkaido_27,2022-04-17,1650228100000,2.774460004385056,-9.672622493017798,35.712572159057046
hokkaido_27,2022-04-24,1650832405000,6.325827692100663,-9.730032356342186,45.52949356960542
hokkaido_27,2022-04-29,1651264901000,2.1975046940436185,-10.136931519737994,35.71243366405702
hokkaido_27,2022-05-11,1652301701000,4.72682930966789,-9.287106866506212,35.71457811760179
hokkaido_27,2022-05-30,1653942807000,10.756562663328637,-6.62597122702228,45.52738742165346
hokkaido_27,2022-06-04,1654375303000,4.549189369759327,-10.913337115851272,35.71315739676809
hokkaido_27,2022-06-11,1654979608000,8.927365047099606,-8.3834565259846,45.5246164533399
hokkaido_27,2022-06-16,1655412104000,5.968679952905728,-8.092692238632587,35.71632853140722
hokkaido_27,2022-06-23,1656016408000,8.288625280889535,-9.301888937992404,45.52731031013257
hokkaido_27,2022-06-28,1656448905000,5.503130454462069,-7.8262197126376165,35.708894715342886
hokkaido_27,2022-07-05,1657053209000,12.486367986470183,-7.1158969152516445,45.53069795892003
hokkaido_27,2022-07-10,1657485705000,5.074418768897514,-9.554404942411482,35.71042771282593
hokkaido_27,2022-07-17,1658090010000,9.485272317646947,-18.371860607557164,45.52964635253364
hokkaido_27,2022-07-22,1658522506000,7.3107291542126145,-8.891052201638344,35.71604909561348
hokkaido_27,2022-07-29,1659126811000,8.82876869765476,-8.339102991255533,45.52717702474569
hokkaido_27,2022-08-03,1659559307000,5.625735363399773,-7.767308184209433,35.714224040905705
hokkaido_27,2022-08-10,1660163611000,12.31070115695525,-7.701656742048859,45.530425288679616
hokkaido_27,2022-08-15,1660596108000,7.396471473089211,-7.870858646740493,35.7137428462409
hokkaido_27,2022-08-22,1661200412000,8.291609910089585,-9.694840371261487,45.527296022357376
hokkaido_27,2022-08-27,1661632908000,3.749960901409072,-8.842536455982641,35.71100600329032
hokkaido_27,2022-09-03,1662237213000,9.223752207860652,-9.711424552654252,45.52382738874107
hokkaido_27,2022-09-08,1662669709000,4.51382340001427,-9.39636505058996,35.70422843970083
hokkaido_27,2022-09-15,1663274013000,11.67873102930534,-8.435901999895284,45.52866855120417
hokkaido_27,2022-09-20,1663706508000,7.27880021054762,-8.870154705052109,35.72962698169359
hokkaido_27,2022-10-02,1664743309000,7.002025026798922,-7.994392850129881,35.71433525355448
hokkaido_27,2022-10-14,1665780109000,8.096883693558983,-8.456388272016405,35.715107183789804
hokkaido_27,2022-10-26,1666816909000,8.204186802945518,-8.462974610461114,35.705375153446234
hokkaido_27,2022-11-07,1667853709000,6.034025767765966,-9.65729780409693,35.71445528704688
hokkaido_27,2022-11-19,1668890509000,7.526978319341985,-8.815919336201514,35.71063619520727
hokkaido_27,2022-11-26,1669494813000,7.123033361602947,-10.417293181968404,45.51871525606774
hokkaido_27,2022-12-01,1669927308000,4.345290178886657,-9.816282171967211,35.71661586961925
hokkaido_27,2022-12-08,1670531612000,4.777366780474781,-8.667957261848835,45.515406807793504
hokkaido_27,2022-12-13,1670964108000,2.767805009171239,-7.445660088687737,35.71251039807422
hokkaido_27,2022-12-25,1672000907000,2.1942247937732806,-11.327715337010813,35.71230261137992
hokkaido_27,2023-01-06,1673037706000,3.2691175852471024,-7.972564222473488,35.70928507269188
hokkaido_27,2023-01-18,1674074505000,2.790654860496572,-9.553054964155638,35.729424372628344
hokkaido_27,2023-01-30,1675111306000,2.8372712935177917,-9.781042938339718,35.70954080919527
hokkaido_27,2023-02-06,1675715609000,1.597481886963331,-10.31597853740545,45.526180381366544
hokkaido_27,2023-02-11,1676148105000,2.996015073970648,-9.085902162928864,35.71522999659242
hokkaido_27,2023-02-23,1677184905000,3.5760311865266123,-8.054040569670684,35.71939489893501
hokkaido_27,2023-03-02,1677789209000,2.6190600902983743,-11.104147087758534,45.52639526373358
hokkaido_27,2023-03-07,1678221705000,4.909504726468926,-10.399367861202446,35.71297736273872
hokkaido_27,2023-03-19,1679258505000,7.220214247831312,-9.875387832489832,35.7133007913033
hokkaido_27,2023-03-26,1679862809000,8.195052520176013,-11.04435380635438,45.53110263189706
hokkaido_27,2023-03-31,1680295305000,4.599636736894548,-9.694397593970171,35.71460055360699
hokkaido_27,2023-04-07,1680899610000,5.996318970011982,-8.716124739301389,45.524030967039
hokkaido_27,2023-04-12,1681332106000,6.271072622785148,-8.777717497952997,35.71484498069676
hokkaido_27,2023-04-24,1682368906000,7.770726563169211,-5.843794515252631,35.71410630684
hokkaido_27,2023-05-01,1682973211000,9.19513894673124,-9.188238584109103,45.52600194778674
hokkaido_27,2023-05-06,1683405707000,7.885747586632497,-6.150899999585939,35.705879001598156
hokkaido_27,2023-05-13,1684010011000,6.475505975685252,-9.608297815902084,45.52844192677439
hokkaido_27,2023-05-18,1684442508000,9.292181814719925,-6.150967379789438,35.70552689853752
hokkaido_27,2023-05-30,1685479308000,8.294038686555915,-6.278307080120329,35.70609336985524
hokkaido_27,2023-06-11,1686516109000,8.255403942403904,-5.410185483736778,35.715317512108065
hokkaido_27,2023-06-18,1687120413000,9.81152634201446,-9.346293295953911,45.525529556351536
hokkaido_27,2023-06-23,1687552909000,8.018654492066315,-5.738607182948791,35.711185965647076
hokkaido_27,2023-07-05,1688589710000,8.220256342023152,-5.845585587816378,35.712967170895624
hokkaido_27,2023-07-12,1689194014000,7.658882617724784,-9.149590475257353,45.528515673993276
hokkaido_27,2023-07-17,1689626511000,9.1297449657227,-6.180707152257429,35.71058648465861
hokkaido_27,2023-07-24,1690230815000,9.25364139423511,-9.486794526170787,45.52597444322374
hokkaido_27,2023-07-29,1690663311000,8.09021836371821,-6.141171593397939,35.71120805066041
hokkaido_27,2023-08-05,1691267616000,7.250756120415834,-8.140589340139805,45.52457061474436
hokkaido_27,2023-08-10,1691700111000,7.363143067862752,-5.390498846144743,35.72998409760898
hokkaido_27,2023-08-17,1692304417000,7.656321126357757,-8.733533441524903,45.52655657654364
hokkaido_27,2023-08-22,1692736913000,8.453154787767636,-5.993316304493716,35.718396478769726
hokkaido_27,2023-08-29,1693341217000,9.237944669930444,-8.502125544333477,45.52888208506058
hokkaido_27,2023-09-03,1693773714000,9.283855112944272,-6.459340738187738,35.71096726681733
hokkaido_27,2023-09-10,1694378018000,7.505812238870766,-10.530801240152458,45.528453065045504
hokkaido_27,2023-09-15,1694810514000,9.358602264705969,-6.584237314579603,35.708500717345075
hokkaido_27,2023-09-22,1695414818000,8.80820565907882,-10.805521597488086,45.52738860219989
hokkaido_27,2023-09-27,1695847314000,9.12717222405742,-7.244407472352181,35.71393668938572
hokkaido_27,2023-10-09,1696884114000,8.830962351887779,-7.254034997734892,35.71927953575271
hokkaido_27,2023-10-16,1697488418000,8.606439634496379,-11.002047606934159,45.52607829007237
hokkaido_27,2023-10-21,1697920914000,9.932430120609922,-7.2990533236746415,35.7103529558278
hokkaido_27,2023-11-02,1698957714000,9.790686160347292,-6.631226718624211,35.71465119292725
hokkaido_27,2023-11-14,1699994514000,9.835725125770258,-5.63003983966051,35.706006034298845
hokkaido_27,2023-11-26,1701031313000,7.773785226882778,-6.631787346254074,35.71450087585264
hokkaido_27,2023-12-08,1702068113000,6.036384566923875,-7.076939701190442,35.711254818012804
hokkaido_27,2023-12-15,1702672417000,5.759001611345711,-9.678581203785114,45.5225093725956
hokkaido_27,2023-12-20,1703104912000,4.983807740891597,-7.082589355319848,35.72623221702322
hokkaido_27,2024-01-01,1704141711000,6.867569542274157,-8.168608715219614,35.72045163181013
hokkaido_27,2024-01-08,1704746015000,5.598688760590965,-23.82430971808426,45.52768283120503
hokkaido_27,2024-01-13,1705178511000,5.3782064872966995,-7.746597398747341,35.70998173638901
hokkaido_27,2024-01-25,1706215311000,1.053322179996132,-6.592341536997039,35.70816445500111
hokkaido_27,2024-02-06,1707252110000,4.120720168418495,-8.33446630725554,35.71518627477757
hokkaido_27,2024-02-18,1708288910000,8.753804144332689,-7.929909416474055,35.714211164422416
hokkaido_27,2024-02-25,1708893214000,1.3814210284352917,-10.450813311885753,45.524406726721566
hokkaido_27,2024-03-01,1709325710000,5.317902978945165,-6.981645178595254,35.7157674820317
hokkaido_27,2024-03-13,1710362510000,5.5982133812099875,-8.433899463555521,35.71758126537118
hokkaido_27,2024-03-20,1710966814000,2.6604405396834174,-10.935540928869642,45.53080970127222
hokkaido_27,2024-03-25,1711399310000,5.378941855553049,-8.827421126238892,35.719090981706856
hokkaido_27,2024-04-01,1712003615000,8.004914178878828,-15.267212759585512,45.52995072505009
hokkaido_27,2024-04-06,1712436111000,6.257766100869771,-7.581979054118476,35.70891864257863
hokkaido_27,2024-04-18,1713472911000,6.042618972253047,-6.898186536936493,35.71071163232196
hokkaido_27,2024-04-25,1714077215000,6.2375096295701065,-8.543522394143007,45.522953634957176
hokkaido_27,2024-04-30,1714509712000,5.744573478757581,-6.950550664029253,35.710632189164734
hokkaido_27,2024-05-07,1715114016000,5.862716886763558,-8.0645596996202,45.51177537812426
hokkaido_27,2024-05-12,1715546511000,9.248950089743392,-7.826824511857481,35.708544591375876
hokkaido_27,2024-05-19,1716150815000,7.409376977024919,-6.6221374624162985,45.5135719331677
hokkaido_27,2024-05-24,1716583311000,10.167579103746004,-5.814976228910477,35.694599364352584
hokkaido_27,2024-05-31,1717187615000,6.494298406329798,-6.8647372407830725,45.51552337954743
hokkaido_27,2024-06-05,1717620111000,9.930610368974198,-6.1168581822148695,35.69689558314564
hokkaido_27,2024-06-12,1718224415000,9.451137270966708,-9.220397682235202,45.51623313762067
hokkaido_27,2024-06-17,1718656910000,8.532047308716297,-8.13031476066342,35.706423803588855
hokkaido_27,2024-06-24,1719261214000,9.4091847943041,-8.59391320645995,45.51282984821647
hokkaido_27,2024-06-29,1719693710000,8.481754548944744,-8.268335266120948,35.70323443982051
hokkaido_27,2024-07-06,1720298014000,8.139276599654414,-8.69433660419904,45.51029581858862
hokkaido_27,2024-07-11,1720730509000,4.803512742123414,-6.971629470913145,35.702855483546415
hokkaido_27,2024-07-18,1721334813000,6.83339956907502,-8.90824014425455,45.516547519414125
hokkaido_27,2024-07-23,1721767309000,4.8522842026521555,-6.896157737726387,35.70384951499188
hokkaido_27,2024-07-30,1722371613000,8.949996128615265,-8.733247386426083,45.520439508684376
hokkaido_27,2024-08-04,1722804109000,6.169663849537716,-6.058634568023271,35.70004678529177
hokkaido_27,2024-08-11,1723408413000,8.168350318860888,-9.1485431398559,45.52430634084374
hokkaido_27,2024-08-16,1723840909000,8.496312795606164,-9.445291932950832,35.708971056710745
hokkaido_27,2024-08-23,1724445213000,8.600465622478675,-9.312859084134008,45.528587638777914
hokkaido_27,2024-08-28,1724877709000,9.794115036774425,-8.745390511994115,35.71295313434969
hokkaido_27,2024-09-04,1725482013000,6.445982024567571,-7.503129036955926,45.530073602376284
hokkaido_27,2024-09-09,1725914510000,8.809009511069588,-7.805402155254845,35.718107700540564
hokkaido_27,2024-09-16,1726518814000,5.562064380248918,-9.358389087797569,45.52437557420015
hokkaido_27,2024-09-21,1726951310000,9.692716951849945,-6.728376014600717,35.7176171697479
hokkaido_27,2024-10-03,1727988110000,9.590966671814314,-7.542138505415026,35.71772183387248
hokkaido_27,2024-10-10,1728592415000,5.915653248512279,-11.51384164447149,45.530325772185414
hokkaido_27,2024-10-15,1729024910000,10.98681505647299,-7.36495681515615,35.716607033724934
hokkaido_27,2024-10-27,1730061711000,11.412173804037634,-7.608921996094601,35.71434524511478
hokkaido_27,2024-11-03,1730666014000,5.5694614276311425,-8.17007821366708,45.523851430888314
hokkaido_27,2024-11-08,1731098510000,10.34289095889582,-6.710887805422207,35.715896391435095
hokkaido_27,2024-11-15,1731702814000,3.5405754044688376,-7.993798683063518,45.520310023798395
hokkaido_27,2024-11-20,1732135309000,7.999474153430254,-6.791177671652887,35.708953121306315
hokkaido_27,2024-11-27,1732739613000,6.277869207876472,-13.603812252031453,45.51944393419156
hokkaido_27,2024-12-02,1733172109000,10.309559967593326,-6.280464115830897,35.70080473912376
hokkaido_27,2024-12-09,1733776412000,2.9872993112142785,-7.9571535117554415,45.518124570535676
hokkaido_27,2024-12-14,1734208908000,7.704318764961706,-7.077276093954984,35.697435297979524
hokkaido_27,2024-12-21,1734813211000,5.063020407335443,-6.626335430141478,45.51909697232012
hokkaido_27,2024-12-26,1735245707000,6.514236406923176,-6.298749489664878,35.70606084655823
hokkaido_27,2025-01-02,1735850010000,3.8989379825151094,-7.34394761345209,45.52120883399334
hokkaido_27,2025-01-07,1736282505000,4.78860625363284,-10.386532071851244,35.71027748408767
hokkaido_27,2025-01-14,1736886809000,5.285811526969312,-9.425344708336505,45.52241944698029
hokkaido_27,2025-01-19,1737319304000,9.660197422104044,-7.224435708365272,35.71091708944302
hokkaido_27,2025-01-26,1737923608000,4.837655713716857,-7.841742505345145,45.521696507352075
hokkaido_27,2025-01-31,1738356103000,5.923415969852995,-8.576261272429006,35.71368971038689
hokkaido_27,2025-02-07,1738960408000,4.306688901494987,-6.9670282368622996,45.525214795199304
hokkaido_27,2025-02-12,1739392903000,12.465877383123791,-6.33400832267652,35.70807020663252
hokkaido_27,2025-02-24,1740429703000,5.504640422686006,-8.396999178398055,35.71509533557433
hokkaido_27,2025-03-08,1741466503000,6.398408996753147,-10.652097985903886,35.71408007689196
hokkaido_27,2025-03-15,1742070807000,3.04911128999604,-8.164904637127815,45.524611415104104
hokkaido_27,2025-03-20,1742503304000,5.720453713156046,-9.901202277383659,35.711796278130215
hokkaido_27,2025-03-27,1743107607000,4.95261848405882,-8.871118732628567,45.524616897805124
hokkaido_27,2025-04-01,1743540104000,7.5452198297824635,-8.136706720317097,35.706905735199435
hokkaido_27,2025-04-08,1744144408000,6.055427398755723,-8.724154495557979,45.527209933502526
hokkaido_27,2025-04-13,1744576904000,6.690633192062794,-7.04958725044785,35.71096460649945
hokkaido_27,2025-04-20,1745181208000,5.33686311189386,-6.5908633778479855,45.526605309140486
hokkaido_27,2025-04-25,1745613704000,12.129285794475937,-6.875658206592425,35.70159499970657
hokkaido_27,2025-05-02,1746218008000,5.48797427544827,-7.6281293565550925,45.52196427689169
hokkaido_27,2025-05-07,1746650504000,10.351177095740882,-7.072868266581044,35.70291972700445
hokkaido_27,2025-05-14,1747254808000,6.011923442824423,-8.011941034476681,45.5122491316362
hokkaido_27,2025-05-19,1747687303000,9.486646894896264,-8.714743779479488,35.704420006525545
hokkaido_27,2025-05-26,1748291607000,6.0662482974240435,-8.156708713306742,45.507868787789015
hokkaido_27,2025-05-31,1748724103000,11.61116146829056,-6.556308085901729,35.69931621786609
hokkaido_27,2025-06-07,1749328407000,5.456267726597262,-8.255905848600523,45.5096169882661
hokkaido_27,2025-06-12,1749760902000,11.19535427315687,-7.286111065209179,35.69433105360751
hokkaido_27,2025-06-19,1750365206000,5.11098343340841,-7.870747148838512,45.513778746718955
hokkaido_27,2025-06-24,1750797702000,10.633958487600735,-7.7939723014428255,35.69237355572754
hokkaido_27,2025-07-01,1751402005000,5.651859567099323,-7.949856486681862,45.51360692113031
hokkaido_27,2025-07-06,1751834501000,10.804223701606604,-7.432608744819244,35.696940020936914
hokkaido_27,2025-07-13,1752438805000,4.244019745298226,-8.337768852119913,45.51183250427246
hokkaido_27,2025-07-18,1752871300000,7.5877652149450645,-9.23361007936941,35.70386517840043
hokkaido_27,2025-07-25,1753475604000,3.862124309331951,-9.231354097826761,45.515912019363576
hokkaido_27,2025-07-30,1753908100000,7.650798812947782,-7.782383702636066,35.705560514249996
hokkaido_27,2025-08-06,1754512404000,4.6331690393058595,-9.615462237155203,45.5174868850215
hokkaido_27,2025-08-11,1754944900000,10.095620801839036,-6.625097619285191,35.70508490771217
hokkaido_27,2025-08-18,1755549204000,4.043596713882639,-9.165092625277365,45.52587036308625
hokkaido_27,2025-08-23,1755981700000,8.729799974486863,-7.382082161014766,35.70702190171782
hokkaido_27,2025-08-30,1756586004000,5.257212137097841,-10.081219931618913,45.52961692055131
hokkaido_27,2025-09-04,1757018500000,9.15059576068061,-8.135545410222305,35.71395384651615
hokkaido_27,2025-09-11,1757622805000,4.587877878688649,-9.535119196018393,45.52556691102309
hokkaido_27,2025-09-16,1758055301000,9.287595664813189,-7.235593506426762,35.71920501952361
hokkaido_27,2025-09-28,1759092101000,10.236807422521467,-8.83805327004655,35.71816555167391
hokkaido_27,2025-10-05,1759696405000,8.312834431454537,-10.737476403726419,45.528741505170125
hokkaido_27,2025-10-10,1760128901000,9.116318752179366,-6.771423716474486,35.70487805581077
hokkaido_27,2025-10-17,1760733205000,5.980303582973576,-10.592367120896181,45.52907625487568
hokkaido_27,2025-10-22,1761165701000,9.307786223145257,-7.8014694683848145,35.70993211953946
hokkaido_27,2025-11-03,1762202501000,7.6468681137424115,-7.318965223424638,35.7074632143531
hokkaido_27,2025-11-10,1762806804000,5.088708537965959,-6.797426027814579,45.526098641911624
hokkaido_27,2025-11-15,1763239300000,9.560481672499861,-7.625153555508209,35.71034978086999
hokkaido_27,2025-11-22,1763843604000,4.354296734068972,-9.825169848452548,45.51201232910157
hokkaido_27,2025-11-27,1764276099000,7.250744556970933,-7.396495781224744,35.70771277945251
hokkaido_27,2025-12-04,1764880402000,5.228920531115661,-8.69849842589821,45.51744618158055
hokkaido_27,2025-12-09,1765312898000,6.008855799280208,-6.15378333793651,35.70210082317035
hokkaido_27,2025-12-16,1765917201000,2.2923787911956586,-6.394458677383069,45.51673088336069
hokkaido_27,2025-12-21,1766349697000,8.255040492237297,-7.615015058045468,35.6994291994103
hokkaido_27,2025-12-28,1766954000000,5.44294521937199,-9.11294351167808,45.52416657197111
hokkaido_27,2026-01-02,1767386495000,5.192943049311444,-8.049497047767742,35.70040068744867
hokkaido_27,2026-01-09,1767990799000,3.3482396725246053,-8.140412807756514,45.525892885249746
hokkaido_27,2026-01-14,1768423294000,3.7382571109379494,-7.458016219912267,35.70425193908358
hokkaido_27,2026-01-26,1769460094000,3.0562048625462466,-9.144426486812767,35.709953030672956
hokkaido_27,2026-02-02,1770064397000,3.816721681808692,-9.064882953653864,45.51561711783363
hokkaido_27,2026-02-07,1770496893000,5.031671171140553,-8.462461503517956,35.71137286534323
hokkaido_27,2026-02-14,1771101196000,3.002738939270544,-9.148757779286841,45.525707338140045
hokkaido_27,2026-02-19,1771533692000,3.1826860685384673,-10.850232397918658,35.710302722815314
hokkaido_27,2026-03-03,1772570492000,7.639039364153679,-7.524914129992244,35.71220607888684
hokkaido_27,2026-03-10,1773174796000,5.8333065581910155,-17.804039053612218,45.52923469960618
hokkaido_27,2026-03-15,1773607292000,7.2643083486418405,-10.560530604135765,35.71011060790646
hokkaido_27,2026-03-22,1774211596000,5.2900411971872225,-9.780848576427667,45.52654440950514
hokkaido_27,2026-04-03,1775248396000,5.2369646569363715,-10.287077989952929,45.522917897996585
hokkaido_27,2026-04-08,1775680892000,7.797531128507953,-9.546821457474438,35.71168679139972
hokkaido_27,2026-04-15,1776285196000,4.408900297378059,-9.386681903610981,45.51575432116695
hokkaido_27,2026-04-20,1776717693000,9.394558787363684,-7.764163924789091,35.702686963322186
hokkaido_27,2026-04-27,1777321996000,5.114723480359782,-8.623999740015659,45.51567603467162
hokkaido_27,2026-05-02,1777754492000,11.098077551944382,-7.1062936488287605,35.69899488880287
hokkaido_27,2026-05-09,1778358796000,6.304319046764651,-6.965651958053258,45.517656362121755
hokkaido_27,2026-05-14,1778791292000,10.798722393316096,-6.863295494051137,35.6964057408698
hokkaido_27,2026-05-21,1779395595000,5.353497561502223,-8.22622774537443,45.51522742300182
hokkaido_28,2017-02-18,1487450457000,1.7580669638990394,-8.583986670234019,35.94101015546763
hokkaido_28,2017-02-25,1488054783000,0.31243502487919167,-12.343175478685806,45.53037190606066
hokkaido_28,2017-03-02,1488487257090,2.578454438318049,-11.300194954236634,35.94319663259055
hokkaido_28,2017-03-09,1489091583000,0.7548991022505862,-12.16803847018769,45.533660119716515
hokkaido_28,2017-03-14,1489524057000,2.476691720288789,-10.471374648929412,35.93315986904677
hokkaido_28,2017-03-21,1490128384100,0.8065363013102944,-14.05109645659495,45.53921451657388
hokkaido_28,2017-03-26,1490560857000,5.389870620350943,-9.997679363349345,35.93278429993145
hokkaido_28,2017-04-02,1491165184000,1.8168928229066719,-10.770818426506917,45.53665842847655
hokkaido_28,2017-04-07,1491597658140,4.190608104541191,-9.214341587015527,35.93649063772973
hokkaido_28,2017-04-14,1492201985000,4.338030337764938,-10.59105583785791,45.53339200654719
hokkaido_28,2017-04-19,1492634458760,3.779963654566925,-9.227569174912258,35.938455893313225
hokkaido_28,2017-04-26,1493238785360,4.761098435434405,-10.176188434733179,45.532641726791304
hokkaido_28,2017-05-01,1493671259000,4.3723938234207775,-8.097408204101894,35.93613339396357
hokkaido_28,2017-05-08,1494275586310,4.933683490742935,-10.03375531569702,45.52853058910465
hokkaido_28,2017-05-13,1494708059970,3.83896801808751,-8.483878375621382,35.93203218551459
hokkaido_28,2017-05-20,1495312386000,4.784902848172604,-9.625101791640608,45.53337408571828
hokkaido_28,2017-05-25,1495744860000,3.2764091531945247,-9.619979392239175,35.93667707851844
hokkaido_28,2017-06-01,1496349187000,5.822351783751497,-9.606887508379165,45.53926104094991
hokkaido_28,2017-06-06,1496781661000,7.002004363702175,-8.472103237177537,35.93224623884267
hokkaido_28,2017-06-13,1497385988000,6.606555076481974,-9.590284649498523,45.53488254604929
hokkaido_28,2017-06-18,1497818461000,6.613037276589287,-8.03020061979437,35.93726464691286
hokkaido_28,2017-06-25,1498422789000,6.5723271651369535,-10.301291933726892,45.53083988533684
hokkaido_28,2017-06-30,1498855262000,5.4380106323705855,-7.885386188506981,35.93931894706957
hokkaido_28,2017-07-07,1499459589000,6.160162565356474,-9.492770435421404,45.53314429113442
hokkaido_28,2017-07-12,1499892063000,5.443381572952569,-8.572145518048027,35.9368701344087
hokkaido_28,2017-07-19,1500496390000,6.959361105024418,-8.948442708450372,45.53733683181864
hokkaido_28,2017-07-24,1500928864000,6.3539022395221005,-8.129828189701136,35.93645519174838
hokkaido_28,2017-07-31,1501533191000,6.508233609492646,-10.429149540333668,45.53322222930594
hokkaido_28,2017-08-05,1501965664000,6.8307216113593405,-9.034743987510293,35.93076350069026
hokkaido_28,2017-08-12,1502569991000,5.711339617858366,-10.043534660248644,45.53440248358103
hokkaido_28,2017-08-17,1503002465000,6.09888427207909,-8.7036552359647,35.93809124031453
hokkaido_28,2017-08-24,1503606792000,7.2011227123865895,-9.505887303547896,45.53174521075666
hokkaido_28,2017-08-29,1504039265000,8.083824541007,-7.437574350216622,35.937460704375326
hokkaido_28,2017-09-05,1504643592000,7.066503537782456,-9.182084670993556,45.532631156950664
hokkaido_28,2017-09-10,1505076066000,7.7743422408582346,-7.51374414014828,35.93549023430098
hokkaido_28,2017-09-17,1505680393000,7.335172036939977,-9.877156905880373,45.530934283912025
hokkaido_28,2017-09-22,1506112866000,7.2656071965081885,-7.4431281290835996,35.9359190940086
hokkaido_28,2017-09-29,1506717193000,7.390254428677651,-10.12178656045244,45.53535598674559
hokkaido_28,2017-10-04,1507149666000,5.610391358476256,-7.9400506420510535,35.93511908185816
hokkaido_28,2017-10-11,1507753993000,6.346850911089548,-11.00462222696319,45.53583261170691
hokkaido_28,2017-10-16,1508186467000,6.265779425973043,-8.122678740983178,35.93629670065969
hokkaido_28,2017-10-23,1508790793000,7.016276152324024,-11.398244175048372,45.5317300972145
hokkaido_28,2017-10-28,1509223267000,7.554169509157143,-8.135084891950546,35.93522232120425
hokkaido_28,2017-11-04,1509827593000,6.135055853958912,-11.19370990239092,45.529226009247026
hokkaido_28,2017-11-09,1510260066000,4.976852707694947,-8.550566116981887,35.93822949822442
hokkaido_28,2017-11-16,1510864393000,2.8265296631078507,-9.082526249820388,45.533187434736405
hokkaido_28,2017-11-21,1511296866000,7.00406238687715,-7.143727536414172,35.93257485261125
hokkaido_28,2017-11-28,1511901193000,6.103919130037067,-11.112653661221175,45.53005343709343
hokkaido_28,2017-12-03,1512333666000,4.9036757254513,-8.607399676018796,35.93266381037843
hokkaido_28,2017-12-10,1512937992000,2.8658958202202984,-10.01491009231702,45.53789548480715
hokkaido_28,2017-12-15,1513370465000,5.437370544879692,-9.772798060075244,35.932541282274336
hokkaido_28,2017-12-22,1513974791000,3.5635718856233183,-10.21393205256869,45.53619103771955
hokkaido_28,2017-12-27,1514407265000,5.32497770560596,-8.857465253271306,35.93975125855999
hokkaido_28,2018-01-03,1515011591000,2.506604785517133,-10.426382937989738,45.53216714614376
hokkaido_28,2018-01-08,1515444064000,7.9110057793241895,-7.325440271336423,35.938548878977336
hokkaido_28,2018-01-15,1516048391000,1.6788841660479346,-12.786427897879195,45.52943737543948
hokkaido_28,2018-01-20,1516480864000,2.9863695806686694,-9.58546469135946,35.93178787632749
hokkaido_28,2018-01-27,1517085190000,1.0810610563016925,-12.63373173233053,45.536134970277374
hokkaido_28,2018-02-01,1517517664000,2.622666348349632,-9.974757471647159,35.931162674162756
hokkaido_28,2018-02-08,1518121990000,1.2051371351102222,-11.438402119361736,45.534840691695194
hokkaido_28,2018-02-13,1518554463000,2.127390201024216,-9.574456616460363,35.930618258361505
hokkaido_28,2018-02-20,1519158790000,1.3130696773007573,-10.365098653792707,45.5364499489145
hokkaido_28,2018-02-25,1519591263000,1.1298795337734973,-10.237543380720703,35.93868426693478
hokkaido_28,2018-03-04,1520195590000,-3.0757928309791467,-13.417710028432076,45.53423436713942
hokkaido_28,2018-03-09,1520628063000,3.6877297340698862,-11.380348187694086,35.944208124317335
hokkaido_28,2018-03-16,1521232390000,1.1983786960193152,-12.650955781997244,45.530752070263176
hokkaido_28,2018-03-21,1521664863000,2.2407636189730837,-10.703515537621763,35.94410028596301
hokkaido_28,2018-03-28,1522269190000,2.2814983555453017,-12.290139200033614,45.5329087810752
hokkaido_28,2018-04-02,1522701664000,5.58442678978005,-8.468189533081624,35.937347918423754
hokkaido_28,2018-04-09,1523305991000,1.942291920677666,-12.724627315359811,45.5368294062759
hokkaido_28,2018-04-14,1523738464000,6.557275548642126,-8.429661148313174,35.934849481789165
hokkaido_28,2018-04-21,1524342791000,4.849902170027984,-10.4102530097421,45.54122944525256
hokkaido_28,2018-04-26,1524775265000,5.557834714001643,-8.636018499745754,35.93533057973647
hokkaido_28,2018-05-03,1525379592000,6.59567190682718,-9.655133131807212,45.53513447209288
hokkaido_28,2018-05-08,1525812065000,6.499961803435164,-7.781354176513598,35.93759513682217
hokkaido_28,2018-05-15,1526416392000,6.069879015379842,-10.060096670846148,45.52985302575057
hokkaido_28,2018-05-20,1526848866000,5.851772912718458,-8.150683818594926,35.93935736475409
hokkaido_28,2018-05-27,1527453193000,5.811222539784172,-10.02009922106662,45.533373266048926
hokkaido_28,2018-06-01,1527885667000,5.1934587208190965,-8.202435111439716,35.940719877466286
hokkaido_28,2018-06-08,1528489994000,5.141216438550965,-10.459028268212485,45.536657462175974
hokkaido_28,2018-06-13,1528922468000,8.292174967731942,-9.393270992882016,35.93169528096312
hokkaido_28,2018-06-20,1529526795000,5.652835828144349,-11.403368143664942,45.53886029869619
hokkaido_28,2018-06-25,1529959268000,8.835043699197787,-6.999479810810303,35.93309143479305
hokkaido_28,2018-07-02,1530563595000,5.707483087012259,-10.781243447538264,45.537736672547354
hokkaido_28,2018-07-14,1531600396000,4.690720062986825,-10.713989558481357,45.533053442516184
hokkaido_28,2018-07-19,1532032870000,8.375194457647613,-8.700502699348945,35.94009438610386
hokkaido_28,2018-07-26,1532637197000,6.073735159363236,-9.675762168869914,45.53386262990007
hokkaido_28,2018-07-31,1533069670000,8.133100780625695,-8.538237260960859,35.9420947982307
hokkaido_28,2018-08-07,1533673997000,4.687187970025065,-10.13726595991021,45.520983160168505
hokkaido_28,2018-08-12,1534106471000,7.7174381361206486,-7.70019881391233,35.935411030633176
hokkaido_28,2018-08-19,1534710798000,5.576345625227917,-10.348335635525384,45.53771088749827
hokkaido_28,2018-08-24,1535143272000,7.981116066912699,-8.437582230134769,35.92421262272927
hokkaido_28,2018-08-31,1535747599000,6.6181601748025125,-11.05035311777132,45.532602879688
hokkaido_28,2018-09-05,1536180072000,7.879979712031345,-8.046195213135206,35.93492489192731
hokkaido_28,2018-09-12,1536784399000,5.833611985338305,-10.373607665657063,45.5361266511275
hokkaido_28,2018-09-17,1537216873000,7.0374080504722505,-8.04178937275165,35.938046654290325
hokkaido_28,2018-09-24,1537821199000,5.589246773906359,-12.388433021645447,45.532713696101496
hokkaido_28,2018-09-29,1538253673000,7.352750952715611,-7.765465031580009,35.937747589814585
hokkaido_28,2018-10-06,1538858000000,5.8685182295501,-10.520718990580583,45.53538512335884
hokkaido_28,2018-10-11,1539290473000,6.602950140183351,-8.854226527283135,35.93345222913569
hokkaido_28,2018-10-18,1539894800000,6.339418899398642,-10.21485479120866,45.53437207285718
hokkaido_28,2018-10-23,1540327273000,5.694619667168373,-9.260100591381931,35.93388115034093
hokkaido_28,2018-10-30,1540931600000,6.495763656991864,-10.09908457635688,45.53424368621654
hokkaido_28,2018-11-04,1541364073000,6.471957514254247,-8.460217096397782,35.93356424221737
hokkaido_28,2018-11-11,1541968400000,6.396044469736634,-10.58248292062588,45.53033341862559
hokkaido_28,2018-11-16,1542400873000,4.241061326769167,-9.826525716839333,35.93772213619372
hokkaido_28,2018-11-23,1543005199000,4.037374242038228,-8.430548761566017,45.53060235765245
hokkaido_28,2018-11-28,1543437672000,3.5304347112401677,-9.891662509562018,35.939478149506584
hokkaido_28,2018-12-05,1544041999000,3.60497882091322,-8.121002841285234,45.52679577474639
hokkaido_28,2018-12-10,1544474472000,3.0102409146847635,-7.200523684626897,35.93429283899935
hokkaido_28,2018-12-22,1545511272000,5.096893265120869,-9.724168160446883,35.929591344146104
hokkaido_28,2018-12-29,1546115598000,3.3267743747401646,-10.65716663539398,45.53492634459597
hokkaido_28,2019-01-03,1546548071000,4.821787438195617,-9.693784101267632,35.932221709742684
hokkaido_28,2019-01-10,1547152397000,3.173768769008889,-10.210033086034903,45.53455030048561
hokkaido_28,2019-01-15,1547584871000,4.9340685380176215,-9.324027454545499,35.938974897171256
hokkaido_28,2019-01-22,1548189197000,3.832263115546999,-10.188550675908807,45.52922959298799
hokkaido_28,2019-01-27,1548621671000,2.4023808903741877,-9.595433781338782,35.93481015522245
hokkaido_28,2019-02-03,1549225997000,5.1364566350717995,-11.343111164361083,45.532622312036196
hokkaido_28,2019-02-08,1549658470000,0.29249423257127266,-8.539247636712986,35.93619973098643
hokkaido_28,2019-02-15,1550262797000,3.2979603416109837,-10.668567960461736,45.53527233691204
hokkaido_28,2019-02-20,1550695270000,2.2495106213367833,-10.052524766697157,35.93156363102536
hokkaido_28,2019-02-27,1551299597000,2.5078445467743435,-11.396493092829214,45.53348238829149
hokkaido_28,2019-03-04,1551732070000,1.95628359086911,-12.053821897509579,35.92767198223992
hokkaido_28,2019-03-11,1552336396000,3.7881343061254076,-10.228835016327148,45.534427248942634
hokkaido_28,2019-03-16,1552768870000,6.5215513978472925,-10.494827580939873,35.93766802340752
hokkaido_28,2019-03-23,1553373197000,1.4840627601771994,-10.692250229816475,45.530758902515
hokkaido_28,2019-03-28,1553805670000,3.0749992445344856,-11.253644132752017,35.93764130727483
hokkaido_28,2019-04-04,1554409997000,3.4785601756741755,-10.382837586587794,45.527145502927716
hokkaido_28,2019-04-09,1554842470000,4.60714861624173,-10.355608707820336,35.93947999434038
hokkaido_28,2019-04-16,1555446797000,4.904887459533588,-8.932340123454997,45.52832840591711
hokkaido_28,2019-04-21,1555879271000,3.479412549775273,-10.52514279851814,35.931242216476285
hokkaido_28,2019-04-28,1556483598000,4.252099146989441,-9.442186816471864,45.53111712202222
hokkaido_28,2019-05-03,1556916071000,5.250477732117741,-9.219714782356663,35.928041568013526
hokkaido_28,2019-05-10,1557520398000,5.790881532403659,-9.669296960733327,45.540154356178434
hokkaido_28,2019-05-15,1557952872000,4.893403788156577,-9.060862418620037,35.93340306447799
hokkaido_28,2019-05-22,1558557199000,6.647522302919677,-8.019743967803791,45.531707165408925
hokkaido_28,2019-06-03,1559593999000,5.887901087657143,-9.02859727758477,45.53007379448229
hokkaido_28,2019-06-08,1560026473000,4.691086803814589,-8.492554731390985,35.941810027144484
hokkaido_28,2019-06-15,1560630800000,6.551863290699426,-9.022792733514589,45.534728925976545
hokkaido_28,2019-06-20,1561063274000,3.176215791143809,-8.914879323650824,35.937910771225454
hokkaido_28,2019-06-27,1561667601000,7.069081957970729,-9.601400611540134,45.53569444316243
hokkaido_28,2019-07-02,1562100075000,6.5432380152469864,-8.833904269318467,35.93197151298184
hokkaido_28,2019-07-09,1562704402000,7.439369468068456,-9.620414066094394,45.53912894978924
hokkaido_28,2019-07-14,1563136875000,6.564491717113317,-8.128830681451392,35.93375096594796
hokkaido_28,2019-07-21,1563741202000,6.708272320994007,-11.251024085041964,45.534641975490665
hokkaido_28,2019-07-26,1564173676000,3.9224143573629506,-8.337752209432592,35.93915302544513
hokkaido_28,2019-08-02,1564778003000,6.8563793032464115,-11.269262370693713,45.5336179463223
hokkaido_28,2019-08-07,1565210477000,5.751878805311237,-9.169742538831718,35.93821435302856
hokkaido_28,2019-08-14,1565814804000,6.4584538959060405,-9.66067147654178,45.53144311374768
hokkaido_28,2019-08-19,1566247278000,5.772268675472109,-8.671297524790578,35.933329357389404
hokkaido_28,2019-08-26,1566851605000,7.31065546487511,-10.304861068500793,45.53439130532621
hokkaido_28,2019-09-07,1567888405000,6.61067743266703,-11.283639032942109,45.536131192972874
hokkaido_28,2019-09-12,1568320879000,6.149323112574663,-8.426412215760143,35.937521097973146
hokkaido_28,2019-09-19,1568925206000,5.935018061826718,-11.11496490612075,45.53528883596354
hokkaido_28,2019-09-24,1569357679000,8.030286901523379,-9.162879344300984,35.93275748401665
hokkaido_28,2019-10-01,1569962006000,6.358584714208268,-10.187103845176374,45.528910605241414
hokkaido_28,2019-10-06,1570394480000,7.643102345776684,-7.61673073362596,35.936979815131764
hokkaido_28,2019-10-13,1570998806000,6.566437905034485,-8.987952903068367,45.53407345064622
hokkaido_28,2019-10-18,1571431279000,7.164264919402388,-8.29110144113402,35.93889164635044
hokkaido_28,2019-10-25,1572035606000,5.072806076354995,-10.805852728320115,45.537062269128164
hokkaido_28,2019-10-30,1572468080000,7.807292965661398,-8.009880917649923,35.93337997128265
hokkaido_28,2019-11-06,1573072406000,5.072403313417742,-9.728502510578409,45.53373573553012
hokkaido_28,2019-11-11,1573504880000,8.300917561052879,-9.309077092845707,35.931643423885525
hokkaido_28,2019-11-18,1574109206000,5.423355583633801,-10.079585112649383,45.534103214692564
hokkaido_28,2019-11-23,1574541679000,6.307388491701132,-13.620811150126459,35.93376943950002
hokkaido_28,2019-11-30,1575146006000,3.1444690611441994,-11.722786794970784,45.524829184463854
hokkaido_28,2019-12-05,1575578479000,5.069782834456307,-12.42466003816228,35.93995916908504
hokkaido_28,2019-12-12,1576182805000,1.792823273237557,-13.06508959881351,45.52307086828982
hokkaido_28,2019-12-17,1576615278000,6.257216255211037,-13.266502774091075,35.93610208011368
hokkaido_28,2019-12-24,1577219605000,1.5130400548076386,-12.2515697806605,45.523183954931255
hokkaido_28,2019-12-29,1577652078000,2.875153019882928,-10.779069111464754,35.93099062384535
hokkaido_28,2020-01-05,1578256404000,1.119330422355148,-12.269462863084023,45.53538611132689
hokkaido_28,2020-01-10,1578688877000,0.4064191886584841,-11.852301574855653,35.92846593872219
hokkaido_28,2020-01-17,1579293204000,2.211482438807096,-15.198272515381824,45.53769820534421
hokkaido_28,2020-01-22,1579725677000,1.0514468738033944,-13.169697164141233,35.9320068883732
hokkaido_28,2020-01-29,1580330003000,0.8611054941859285,-11.992357825300152,45.54424463404288
hokkaido_28,2020-02-03,1580762477000,0.21966601678981584,-12.114064790047893,36.05613214942672
hokkaido_28,2020-02-10,1581366803000,-0.6210972876344266,-12.536318683070773,45.536004055864495
hokkaido_28,2020-02-15,1581799276000,1.0438400078319783,-11.220176320323551,36.05937295434162
hokkaido_28,2020-02-22,1582403603000,-0.5080012624588749,-12.628766133543863,45.53818537075802
hokkaido_28,2020-02-27,1582836076000,0.7845513190811993,-12.248451166220683,36.056891585234276
hokkaido_28,2020-03-05,1583440403000,3.2120313961829354,-14.392417025558116,45.540632499926026
hokkaido_28,2020-03-10,1583872876000,2.718032485368804,-10.58263179709283,36.0484927336118
hokkaido_28,2020-03-17,1584477203000,1.5729461131451727,-11.833370218526161,45.54222535759247
hokkaido_28,2020-03-22,1584909676000,2.938035070966549,-10.93388973315779,36.04959522285848
hokkaido_28,2020-03-29,1585514003000,2.7142551996254607,-11.924550267784653,45.54278688216802
hokkaido_28,2020-04-03,1585946477000,4.862009191969173,-12.164341241396828,36.056051501214604
hokkaido_28,2020-04-10,1586550803000,1.776247168105339,-11.317504775830662,45.54237469310753
hokkaido_28,2020-04-15,1586983277000,4.2661659476694265,-12.303499610929864,36.05904232032083
hokkaido_28,2020-04-22,1587587604000,2.4453034611554383,-11.668960151560436,45.53663748876617
hokkaido_28,2020-04-27,1588020078000,5.155135561752249,-11.32616898230802,36.05805078782255
hokkaido_28,2020-05-04,1588624404000,4.744002706331407,-11.243683140941565,45.54015374159566
hokkaido_28,2020-05-09,1589056878000,2.539931450302201,-11.143770613412523,36.0593559639822
hokkaido_28,2020-05-16,1589661205000,4.949421427197947,-11.409657490701312,45.54373494386915
hokkaido_28,2020-05-21,1590093679000,3.2001733061952575,-10.537083302423543,36.05449682908743
hokkaido_28,2020-05-28,1590698006000,5.2162813433240895,-12.996672440148103,45.54656674653056
hokkaido_28,2020-06-02,1591130479000,1.657225047845056,-11.175371562454165,36.057806480964224
hokkaido_28,2020-06-09,1591734807000,4.175664409035638,-12.202095055596805,45.54295585834275
hokkaido_28,2020-06-14,1592167280000,2.0222276339212826,-11.420144225951494,36.055389855398126
hokkaido_28,2020-06-21,1592771607000,4.4051224066489665,-13.525619388768764,45.53723748486451
hokkaido_28,2020-06-26,1593204081000,1.0134420145738228,-9.540897345739653,36.05944040930134
hokkaido_28,2020-07-03,1593808408000,5.590809961869003,-12.571695185134727,45.54146559573521
hokkaido_28,2020-07-08,1594240882000,1.992924711828145,-10.65993222507931,36.05850745065751
hokkaido_28,2020-07-15,1594845209000,4.926434006401182,-11.373259392806549,45.545224949072804
hokkaido_28,2020-07-20,1595277682000,1.338284834647455,-11.003242253252829,36.05236204278614
hokkaido_28,2020-07-27,1595882010000,4.899027022053974,-13.42062183703882,45.53919550346607
hokkaido_28,2020-08-01,1596314483000,0.45944868090738794,-12.359064842987017,36.05005413704074
hokkaido_28,2020-08-08,1596918810000,5.071169488528483,-11.756611290316322,45.54269294723344
hokkaido_28,2020-08-13,1597351284000,1.5154110193363624,-9.82520955535882,36.05754001596629
hokkaido_28,2020-08-20,1597955611000,5.466820095672485,-13.265824683133735,45.54124454851818
hokkaido_28,2020-08-25,1598388085000,1.8034291190925391,-10.67806465978301,36.05620572328326
hokkaido_28,2020-09-01,1598992411000,5.32405235750534,-13.339219678696493,45.54143200486964
hokkaido_28,2020-09-06,1599424885000,1.7220541797213906,-10.608877720609403,36.05407015790843
hokkaido_28,2020-09-13,1600029212000,5.118621433328245,-12.932938089299073,45.540864680126475
hokkaido_28,2020-09-18,1600461685000,1.2521461957437814,-10.137381965394798,36.05199632785381
hokkaido_28,2020-09-25,1601066012000,5.601191277829417,-12.17243820571976,45.541458250849786
hokkaido_28,2020-09-30,1601498486000,5.543703160800306,-10.357907722679123,36.054460035381915
hokkaido_28,2020-10-07,1602102813000,4.530315596730129,-12.380905250167789,45.53944306344696
hokkaido_28,2020-10-12,1602535286000,7.035718760893053,-9.953038155987604,36.05347520481071
hokkaido_28,2020-10-19,1603139613000,4.709532187418812,-10.431030767980884,45.54079084151633
hokkaido_28,2020-10-24,1603572086000,7.413910903847608,-10.232613494176341,36.0571843025229
hokkaido_28,2020-10-31,1604176413000,5.02035124302936,-12.378608613352414,45.53767081594919
hokkaido_28,2020-11-05,1604608886000,6.138692184084335,-11.11663918191785,36.0527333737287
hokkaido_28,2020-11-12,1605213212000,1.620753664571,-12.990318774975552,45.54161295562622
hokkaido_28,2020-11-17,1605645686000,5.839129660638353,-12.644969503524392,36.05110438908893
hokkaido_28,2020-11-24,1606250012000,6.145307549330261,-16.73281010073403,45.54708145699776
hokkaido_28,2020-11-29,1606682485000,2.4697852824042057,-12.053787580471555,36.0529314491741
hokkaido_28,2020-12-06,1607286812000,1.8111608793675056,-11.709148083426427,45.54087239183303
hokkaido_28,2020-12-11,1607719285000,1.6730046674673196,-10.24540155600916,36.053293914270995
hokkaido_28,2020-12-18,1608323611000,2.542766479200975,-10.892355302767616,45.537768547907184
hokkaido_28,2020-12-23,1608756084000,3.4664517094507645,-11.449901528408217,36.05801434492799
hokkaido_28,2020-12-30,1609360411000,3.6630467839964616,-11.264502895545128,45.53522231130887
hokkaido_28,2021-01-04,1609792884000,3.9076962433956797,-10.471751091698014,36.056645864138666
hokkaido_28,2021-01-11,1610397210000,1.6147422586704636,-11.197644236115382,45.538363267304234
hokkaido_28,2021-01-16,1610829683000,5.1305916427844505,-8.64052870596265,36.053033333410156
hokkaido_28,2021-01-23,1611434009000,2.2628434791019805,-13.825817840980939,45.54291173825957
hokkaido_28,2021-01-28,1611866483000,5.238707113018783,-10.469955605559171,36.04644949402473
hokkaido_28,2021-02-04,1612470809000,2.272574512876141,-11.346232833482674,45.543412392356174
hokkaido_28,2021-02-09,1612903282000,3.6995244784145624,-8.644294872733452,36.04784801956421
hokkaido_28,2021-02-16,1613507609000,5.193516573819247,-12.171224486949933,45.54305470117286
hokkaido_28,2021-02-21,1613940082000,4.793647767817153,-12.489193204371247,36.05916363648694
hokkaido_28,2021-02-28,1614544409000,2.658694891248866,-13.076418177658926,45.539075736614194
hokkaido_28,2021-03-05,1614976882000,2.8262556859353802,-11.873942382524291,36.06277187617138
hokkaido_28,2021-03-12,1615581209000,2.4997513012123878,-12.788498478751466,45.537954072819424
hokkaido_28,2021-03-17,1616013682000,5.474202264960982,-12.961564052681819,36.062193221152306
hokkaido_28,2021-03-24,1616618009000,2.6636245036697868,-10.039246017391786,45.54241247443212
hokkaido_28,2021-03-29,1617050482000,5.004414887528585,-10.627908138144504,36.05367937471486
hokkaido_28,2021-04-05,1617654809000,3.564622873460657,-10.76203541731631,45.544568488872834
hokkaido_28,2021-04-10,1618087283000,7.142991110893935,-10.862311164106622,36.053384007905656
hokkaido_28,2021-04-17,1618691610000,4.02899929820533,-12.019817579308093,45.54585129907149
hokkaido_28,2021-04-22,1619124083000,7.023466177730235,-9.947222598421499,36.05744228104819
hokkaido_28,2021-04-29,1619728410000,3.229541345030957,-11.213819873770118,45.54469118108645
hokkaido_28,2021-05-04,1620160884000,6.460425223788453,-8.30274633575173,36.059229343593834
hokkaido_28,2021-05-11,1620765211000,4.925670030759616,-10.214445263020234,45.53686156998406
hokkaido_28,2021-05-16,1621197684000,9.106446599177051,-7.21275807630399,36.058300234135004
hokkaido_28,2021-05-23,1621802011000,4.450344206991276,-11.891532374005676,45.539263007761704
hokkaido_28,2021-05-28,1622234485000,8.455283531138354,-8.721299861671461,36.05416378940221
hokkaido_28,2021-06-04,1622838812000,5.240884992605761,-11.697075510079216,45.544305628416545
hokkaido_28,2021-06-09,1623271286000,7.249673698297252,-7.952612695334717,36.05270955943099
hokkaido_28,2021-06-16,1623875613000,4.985874180445685,-10.663459150854004,45.54220736928184
hokkaido_28,2021-06-21,1624308087000,7.438636149449002,-8.656292393343534,36.0542144112769
hokkaido_28,2021-06-28,1624912414000,4.351173032566379,-10.536484352065655,45.54242828627974
hokkaido_28,2021-07-03,1625344887000,7.61331069829788,-9.41686505417642,36.05641551538141
hokkaido_28,2021-07-10,1625949214000,4.734408820649611,-11.573543223772303,45.53852566012487
hokkaido_28,2021-07-15,1626381688000,7.77404571397159,-8.111980096986551,36.057269949844624
hokkaido_28,2021-07-22,1626986015000,4.250641745056349,-10.294281817315438,45.54080463618651
hokkaido_28,2021-07-27,1627418489000,5.838069977727534,-9.07309701117233,36.06275243998152
hokkaido_28,2021-08-03,1628022816000,3.5273316186897206,-10.670667331276164,45.54043342282074
hokkaido_28,2021-08-08,1628455289000,5.855308933130725,-8.593126750638726,36.053417564088505
hokkaido_28,2021-08-15,1629059616000,5.393092733897892,-11.470622919711332,45.541903537202444
hokkaido_28,2021-08-20,1629492090000,7.67660912993641,-8.969481359914527,36.051650612949715
hokkaido_28,2021-08-27,1630096417000,4.793183681540184,-11.202020926800051,45.54203954542048
hokkaido_28,2021-09-01,1630528905000,7.376373875769373,-8.322360659601976,35.57000567568325
hokkaido_28,2021-09-08,1631133218000,4.11027324300377,-13.056586618210591,45.54286826314747
hokkaido_28,2021-09-13,1631565705000,7.421500539576883,-7.677050143692432,35.56626381307041
hokkaido_28,2021-09-20,1632170018000,4.114123642741571,-10.712810901007682,45.54112151296516
hokkaido_28,2021-09-25,1632602506000,7.176948327073619,-8.801348872843795,35.56219317701568
hokkaido_28,2021-10-02,1633206818000,4.6678331916361655,-12.081585146302375,45.540343710068676
hokkaido_28,2021-10-07,1633639303000,8.528199092909489,-8.791951512412952,35.702122288601636
hokkaido_28,2021-10-14,1634243607000,5.380571034308694,-11.888644839287569,45.52217010288304
hokkaido_28,2021-10-19,1634676103000,8.610431338515395,-8.995341310915498,35.69989706895244
hokkaido_28,2021-10-26,1635280407000,5.245039638624916,-11.824770869840437,45.5187376233924
hokkaido_28,2021-10-31,1635712903000,7.293664197920351,-8.410017097798663,35.703628601043334
hokkaido_28,2021-11-07,1636317207000,4.649667106398421,-11.55438430995077,45.51922664338115
hokkaido_28,2021-11-12,1636749703000,7.9854291062342115,-8.026146538856604,35.70552003956805
hokkaido_28,2021-11-19,1637354007000,4.997092518813927,-12.306383114643891,45.51378899716251
hokkaido_28,2021-11-24,1637786503000,6.4655669812652174,-10.138384442972905,35.699877570566514
hokkaido_28,2021-12-01,1638390806000,3.9105018291309426,-10.255589370708247,45.51728421345938
hokkaido_28,2021-12-06,1638823302000,4.844260412845661,-9.379045004622652,35.699801599969774
hokkaido_28,2021-12-13,1639427606000,3.2056472842689883,-9.12504658905122,45.51465618097319
hokkaido_28,2021-12-18,1639860102000,2.3859615438027726,-9.615404834334113,35.69807906789559
hokkaido_28,2021-12-25,1640464405000,1.7703456128647614,-12.108228760232285,45.51678385185473
hokkaido_28,2021-12-30,1640896901000,3.6970008614654484,-10.522368983083075,35.7054408240429
hokkaido_28,2022-01-06,1641501205000,0.9116870939856109,-10.572556134459129,45.51358147568954
hokkaido_28,2022-01-11,1641933701000,-2.233532828360102,-12.999069888197736,35.704096562205606
hokkaido_28,2022-01-18,1642538004000,-2.4016506875654104,-12.381519493500223,45.519054174375
hokkaido_28,2022-01-23,1642970500000,2.0766737256075625,-9.68490966552954,35.70388807445252
hokkaido_28,2022-01-30,1643574804000,0.03249618830759556,-11.651824045590557,45.51743718339633
hokkaido_28,2022-02-04,1644007299000,0.2276166941685407,-10.195442114868843,35.70497079791445
hokkaido_28,2022-02-11,1644611603000,0.8491710903458909,-12.529948491640576,45.52108303307522
hokkaido_28,2022-02-16,1645044099000,-0.50147903052175,-11.536578137432272,35.703055302719804
hokkaido_28,2022-02-23,1645648403000,-2.5500681804668655,-13.219481208563531,45.52104049990876
hokkaido_28,2022-02-28,1646080899000,-0.6481728600223791,-10.964635162806994,35.70165268942892
hokkaido_28,2022-03-07,1646685203000,-1.9810364509795584,-13.928624576106825,45.52244429477427
hokkaido_28,2022-03-12,1647117699000,0.8889443748697995,-12.753818163080139,35.70742491040691
hokkaido_28,2022-03-19,1647722003000,-0.6655627712942219,-12.606001023626611,45.51635252089874
hokkaido_28,2022-03-24,1648154500000,5.577368187255823,-9.228325483389556,35.70667940793532
hokkaido_28,2022-03-31,1648758803000,1.8406414082905829,-12.059573700719318,45.51709461077322
hokkaido_28,2022-04-05,1649191300000,2.277799059069579,-8.909957294496287,35.70763357151303
hokkaido_28,2022-04-12,1649795604000,4.246912785973592,-11.406624160339781,45.52204973471286
hokkaido_28,2022-04-17,1650228100000,5.671458821233679,-9.11166212112438,35.70319338238036
hokkaido_28,2022-04-24,1650832405000,3.5675707725709414,-11.069319270766536,45.520184419593036
hokkaido_28,2022-04-29,1651264901000,4.991538644485293,-10.174617232714585,35.70304280507435
hokkaido_28,2022-05-11,1652301701000,7.271644425163285,-9.399360854005451,35.70518775742417
hokkaido_28,2022-05-18,1652906006000,5.240724678808135,-11.29696096798836,45.528402397961614
hokkaido_28,2022-05-30,1653942807000,4.595615090529523,-9.452975253299252,45.518053042091346
hokkaido_28,2022-06-04,1654375303000,7.5676968227306505,-9.26627873481785,35.703776823002585
hokkaido_28,2022-06-11,1654979608000,4.289412797179817,-11.237373050556307,45.51526536644592
hokkaido_28,2022-06-16,1655412104000,8.78921154895066,-8.589101746751528,35.706948097765164
hokkaido_28,2022-06-23,1656016408000,3.8838194458097015,-12.58999577498398,45.51797779626006
hokkaido_28,2022-06-28,1656448905000,5.625382340712872,-9.462586965028004,35.699512225168014
hokkaido_28,2022-07-05,1657053209000,4.505579829788575,-10.156018023461518,45.521391082282385
hokkaido_28,2022-07-10,1657485705000,8.24138573717249,-9.689390423683099,35.701045409224555
hokkaido_28,2022-07-17,1658090010000,4.483432391711415,-10.299449035783999,45.520331857854686
hokkaido_28,2022-07-22,1658522506000,10.451409405766007,-10.305846058410356,35.70665664241464
hokkaido_28,2022-07-29,1659126811000,5.420814030039949,-10.026996300147882,45.51785203306156
hokkaido_28,2022-08-03,1659559307000,7.2006273941400405,-10.899601622052066,35.7048412521905
hokkaido_28,2022-08-10,1660163611000,4.337536978624542,-11.038644587732245,45.521102444427186
hokkaido_28,2022-08-15,1660596108000,9.75161123390608,-9.266123449643123,35.70435499604852
hokkaido_28,2022-08-22,1661200412000,4.547314142217086,-10.6891766702222,45.517958723787615
hokkaido_28,2022-08-27,1661632908000,7.605445947273761,-10.110454307776553,35.7016124112802
hokkaido_28,2022-09-03,1662237213000,4.838825865543532,-10.235603083142188,45.51448486133765
hokkaido_28,2022-09-08,1662669709000,4.6650101700190945,-9.39417228063269,35.69484683087505
hokkaido_28,2022-09-15,1663274013000,4.7925501629076175,-10.277566847874796,45.51934512453046
hokkaido_28,2022-09-20,1663706508000,7.488878277439747,-11.30713788686334,35.72024846520266
hokkaido_28,2022-09-27,1664310813000,4.7896510618185255,-10.360897141879763,45.52027403111653
hokkaido_28,2022-10-02,1664743309000,5.430087783579079,-10.538135641290472,35.70494536120483
hokkaido_28,2022-10-09,1665347613000,3.7082670560608832,-10.91149958335477,45.52005650891658
hokkaido_28,2022-10-14,1665780109000,6.371084693146918,-10.944261245259984,35.705729183895166
hokkaido_28,2022-10-21,1666384413000,3.2047671331338687,-10.425632188838064,45.52332861389777
hokkaido_28,2022-10-26,1666816909000,6.787757153669802,-10.296039749950667,35.69598368874274
hokkaido_28,2022-11-02,1667421213000,7.435430138279129,-15.71530965387814,45.526817098244884
hokkaido_28,2022-11-07,1667853709000,7.199422686089769,-11.282108774557765,35.705076989921295
hokkaido_28,2022-11-14,1668458013000,3.874302204421639,-10.485018684817362,45.52204083134174
hokkaido_28,2022-11-19,1668890509000,8.417337542286612,-11.17336354346984,35.70125780623746
hokkaido_28,2022-11-26,1669494813000,3.466409018095759,-10.643482708802765,45.50933050984084
hokkaido_28,2022-12-01,1669927308000,3.673776878772101,-8.021183427407205,35.70722791095112
hokkaido_28,2022-12-08,1670531612000,3.337588875982293,-8.952054924989215,45.50611857067542
hokkaido_28,2022-12-13,1670964108000,4.953500099264467,-10.496363627741202,35.70313426668975
hokkaido_28,2022-12-20,1671568411000,3.9195898369990316,-11.079442673549861,45.52095082898834
hokkaido_28,2022-12-25,1672000907000,3.056866709813985,-10.54222967885357,35.70292640176379
hokkaido_28,2023-01-01,1672605211000,2.9184107915909774,-9.96652687914412,45.51402980341004
hokkaido_28,2023-01-06,1673037706000,3.1435226084997403,-8.83795279041647,35.699907770230254
hokkaido_28,2023-01-18,1674074505000,2.825430964112237,-11.050022182325145,35.72004128466723
hokkaido_28,2023-01-25,1674678810000,4.30667643202405,-10.559750170161687,45.5202732746017
hokkaido_28,2023-01-30,1675111306000,1.9001716864578166,-9.089421210391166,35.7001619067062
hokkaido_28,2023-02-06,1675715609000,1.9695764895742585,-10.32607470585643,45.51684960587158
hokkaido_28,2023-02-11,1676148105000,1.8133393941020413,-10.481631351646584,35.705851573358636
hokkaido_28,2023-02-18,1676752409000,1.0436206198903981,-11.531530044544937,45.520069811411105
hokkaido_28,2023-02-23,1677184905000,3.8955645145651188,-10.73337329048492,35.710016851450234
hokkaido_28,2023-03-02,1677789209000,1.780971528810301,-12.712125199350574,45.51707048660869
hokkaido_28,2023-03-07,1678221705000,4.684061794512885,-9.422409227623191,35.703598097410435
hokkaido_28,2023-03-19,1679258505000,6.148566028373769,-10.905981157937324,35.703908320989825
hokkaido_28,2023-03-26,1679862809000,3.133905562077058,-10.366373980184969,45.52178409371989
hokkaido_28,2023-03-31,1680295305000,5.946706413430347,-10.659400664430809,35.7052174290319
hokkaido_28,2023-04-07,1680899610000,2.897473980306659,-10.120307169500208,45.514682813027676
hokkaido_28,2023-04-12,1681332106000,4.352187011900459,-9.506637496306286,35.705454473520525
hokkaido_28,2023-04-19,1681936409000,4.528904803489306,-9.395830796527019,45.52845002375972
hokkaido_28,2023-04-24,1682368906000,4.020311298709242,-10.332391667534639,35.70472502775976
hokkaido_28,2023-05-01,1682973211000,4.449045749481791,-10.107600242363148,45.51665157733409
hokkaido_28,2023-05-06,1683405707000,7.627070734068509,-8.666848688915387,35.696490723019856
hokkaido_28,2023-05-13,1684010011000,3.915300995252471,-8.908442412926782,45.519117385426185
hokkaido_28,2023-05-18,1684442508000,7.177231242088993,-8.444342093032004,35.69613663188468
hokkaido_28,2023-05-25,1685046812000,4.959073047675436,-8.817527184186048,45.522025872202754
hokkaido_28,2023-05-30,1685479308000,7.852602442996769,-8.241184765743213,35.696712456096655
hokkaido_28,2023-06-06,1686083612000,4.360855891341634,-8.636001061085725,45.52561612396209
hokkaido_28,2023-06-11,1686516109000,7.431984391306942,-9.44893178641218,35.70592880094771
hokkaido_28,2023-06-18,1687120413000,4.266951205331058,-9.024390506466002,45.51618861246407
hokkaido_28,2023-06-23,1687552909000,5.780940378754745,-9.224974025949486,35.70180580524483
hokkaido_28,2023-06-30,1688157213000,4.357210198525545,-9.86655094201521,45.520971592930294
hokkaido_28,2023-07-05,1688589710000,6.738597154435265,-11.065570437399042,35.703573722083505
hokkaido_28,2023-07-12,1689194014000,4.57086102023231,-10.153076940007416,45.519196739474545
hokkaido_28,2023-07-17,1689626511000,6.407338751693252,-9.628288748884712,35.701193142979314
hokkaido_28,2023-07-24,1690230815000,4.580563155699695,-11.311736280524116,45.51664083820923
hokkaido_28,2023-07-29,1690663311000,6.207529490453751,-10.821039900528334,35.70181920019754
hokkaido_28,2023-08-05,1691267616000,4.622577879007889,-11.20143246408989,45.515216451241386
hokkaido_28,2023-08-10,1691700111000,6.044865535383421,-9.3624584337115,35.72060783156532
hokkaido_28,2023-08-17,1692304417000,5.122288627653585,-10.958829987072006,45.51722823458715
hokkaido_28,2023-08-22,1692736913000,4.3117199049784825,-9.895330569885736,35.70901226621685
hokkaido_28,2023-08-29,1693341217000,4.345146330335156,-10.427642745564924,45.51955538177184
hokkaido_28,2023-09-03,1693773714000,6.069558998891135,-8.759234920840674,35.701575290428295
hokkaido_28,2023-09-10,1694378018000,4.981099190208107,-10.191798185289748,45.519125770573474
hokkaido_28,2023-09-15,1694810514000,6.292703950123134,-9.078704611321633,35.69910818158942
hokkaido_28,2023-09-22,1695414818000,4.6715034004645215,-10.510375965269871,45.51805316460443
hokkaido_28,2023-09-27,1695847314000,6.8532862518553035,-9.368052468338155,35.70455853089797
hokkaido_28,2023-10-04,1696451618000,3.818365052269829,-10.854847384226105,45.52557258012679
hokkaido_28,2023-10-09,1696884114000,7.250590850806645,-9.75584218471531,35.70990358047115
hokkaido_28,2023-10-16,1697488418000,4.8998123597465835,-10.553568570850448,45.516736443869625
hokkaido_28,2023-10-21,1697920914000,7.467237573302253,-10.135648415511522,35.70097113696432
hokkaido_28,2023-11-02,1698957714000,6.016872516712974,-9.883693499295791,35.70527534315185
hokkaido_28,2023-11-14,1699994514000,6.8260759125676564,-10.021743970044492,35.69662398582856
hokkaido_28,2023-11-21,1700598818000,4.520939032285319,-11.538551380237108,45.5189596837629
hokkaido_28,2023-11-26,1701031313000,4.979026771610174,-9.105613099183225,35.70512374544473
hokkaido_28,2023-12-03,1701635617000,3.807347730328831,-10.669660051468558,45.517890661166014
hokkaido_28,2023-12-08,1702068113000,7.257637241917666,-9.586993757528592,35.70186291911876
hokkaido_28,2023-12-15,1702672417000,2.6637149690464628,-12.055883499356927,45.513159340858856
hokkaido_28,2023-12-20,1703104912000,3.8256318224329973,-8.999541382802652,35.716848400407514
hokkaido_28,2023-12-27,1703709215000,2.0922322902903345,-10.828670919574527,45.52038567741398
hokkaido_28,2024-01-01,1704141711000,4.12070596658792,-8.381953704039438,35.7110778697576
hokkaido_28,2024-01-08,1704746015000,2.4303773266735944,-10.953659105160373,45.51835966833148
hokkaido_28,2024-01-13,1705178511000,3.1953893551979773,-11.108075569724333,35.7006017409152
hokkaido_28,2024-01-20,1705782815000,1.7253900846968555,-11.556954538693264,45.52084679433829
hokkaido_28,2024-01-25,1706215311000,0.8612822237842682,-11.567786744697125,35.69877245662189
hokkaido_28,2024-02-01,1706819614000,-1.031951381035936,-12.316033018265683,45.52121030005802
hokkaido_28,2024-02-06,1707252110000,3.4174768692206383,-10.055005716478469,35.70580518657428
hokkaido_28,2024-02-13,1707856414000,-0.37817985084265604,-12.910296701581487,45.5227250811981
hokkaido_28,2024-02-18,1708288910000,1.324169418906254,-11.204731505572981,35.70481915860146
hokkaido_28,2024-02-25,1708893214000,0.6094471604482422,-12.307217028164624,45.51506233408423
hokkaido_28,2024-03-01,1709325710000,2.4593722288425437,-12.122513135913971,35.70638633573897
hokkaido_28,2024-03-08,1709930014000,-0.5631216915947017,-12.024570651146437,45.524425791673195
hokkaido_28,2024-03-13,1710362510000,4.259013885525257,-11.203543772139543,35.70819267818348
hokkaido_28,2024-03-20,1710966814000,-0.1565201903172006,-11.997838213882524,45.52149982032306
hokkaido_28,2024-03-25,1711399310000,4.041752886215859,-10.950777455123097,35.7097117237209
hokkaido_28,2024-04-01,1712003615000,3.495998959545505,-12.623098956257586,45.52064427220544
hokkaido_28,2024-04-06,1712436111000,6.473504094380039,-11.258293563978118,35.69953683759826
hokkaido_28,2024-04-18,1713472911000,3.9884072244123128,-9.871280036793811,35.70133114112001
hokkaido_28,2024-04-25,1714077215000,6.065678974646282,-10.090977168826447,45.51360601180718
hokkaido_28,2024-04-30,1714509712000,7.452298068100797,-9.59046808690446,35.70123997709288
hokkaido_28,2024-05-07,1715114016000,5.226307199738687,-10.650931885132227,45.502357030815006
hokkaido_28,2024-05-12,1715546511000,8.376512942077778,-9.211789995795705,35.69915369661373
hokkaido_28,2024-05-19,1716150815000,4.863208740414698,-9.763620187983165,45.50416157381683
hokkaido_28,2024-05-24,1716583311000,8.710241081758081,-10.013366648050948,35.68520165414895
hokkaido_28,2024-05-31,1717187615000,5.1990903073476,-11.347380339735507,45.5061161196379
hokkaido_28,2024-06-05,1717620111000,8.063404503869311,-9.803887846274593,35.68749755677539
hokkaido_28,2024-06-12,1718224415000,5.673309316962879,-10.125344117068842,45.50683143918182
hokkaido_28,2024-06-17,1718656910000,8.239383561748198,-8.346909522853418,35.69707657938134
hokkaido_28,2024-06-24,1719261214000,6.315654549658499,-11.86469744922154,45.503413337884936
hokkaido_28,2024-06-29,1719693710000,7.083147427479438,-9.953799314817333,35.69385262869132
hokkaido_28,2024-07-06,1720298014000,6.0896958274434745,-10.42421960955281,45.500859771228825
hokkaido_28,2024-07-11,1720730509000,7.387939077154383,-8.878500400289944,35.6934743692536
hokkaido_28,2024-07-18,1721334813000,3.9331715445788373,-10.319189498954453,45.50714461671652
hokkaido_28,2024-07-23,1721767309000,6.76782725352173,-8.369779355391032,35.694468537517054
hokkaido_28,2024-07-30,1722371613000,5.057849160910591,-10.411332616843442,45.51105936828996
hokkaido_28,2024-08-04,1722804109000,9.050334720545235,-8.96780069190222,35.69066035502083
hokkaido_28,2024-08-11,1723408413000,4.791584481701869,-10.31615543525132,45.51495857084642
hokkaido_28,2024-08-16,1723840909000,8.441205331243749,-8.977117397109073,35.69957699899149
hokkaido_28,2024-08-23,1724445213000,4.874348510842707,-11.119863393377495,45.51925230768142
hokkaido_28,2024-08-28,1724877709000,7.336701305003862,-9.764549416638625,35.70357144827795
hokkaido_28,2024-09-04,1725482013000,4.581170876263135,-9.902670234783523,45.520761903603045
hokkaido_28,2024-09-09,1725914510000,6.796743348863806,-9.00866194971114,35.70872664504613
hokkaido_28,2024-09-16,1726518814000,4.887168262338038,-11.457579198604524,45.515024716673516
hokkaido_28,2024-09-21,1726951310000,5.7648068211517804,-9.10570784398511,35.70823457266114
hokkaido_28,2024-09-28,1727555614000,3.576697461465566,-13.1760358942308,45.526744999096934
hokkaido_28,2024-10-03,1727988110000,6.891734132753292,-8.960211818283053,35.70834711974245
hokkaido_28,2024-10-10,1728592415000,4.1808808442581595,-10.476975665759454,45.521012565255056
hokkaido_28,2024-10-15,1729024910000,6.944451479628749,-9.063907475723106,35.707217596881215
hokkaido_28,2024-10-22,1729629214000,2.6697269225509044,-11.886594620434964,45.525446422455246
hokkaido_28,2024-10-27,1730061711000,8.013007883210102,-8.735493200109584,35.70496855936084
hokkaido_28,2024-11-03,1730666014000,4.82699875734295,-10.785187028065897,45.51450434016333
hokkaido_28,2024-11-08,1731098510000,7.220079590950044,-8.834731368020973,35.70652035965299
hokkaido_28,2024-11-15,1731702814000,4.946748412159958,-11.022332164087947,45.510939094900145
hokkaido_28,2024-11-20,1732135309000,6.377339725522678,-9.119167028703904,35.69956337928386
hokkaido_28,2024-11-27,1732739613000,4.917175267144736,-10.257937803046776,45.51019906650748
hokkaido_28,2024-12-02,1733172109000,7.056364807139462,-8.92818867853657,35.691422028764975
hokkaido_28,2024-12-09,1733776412000,3.246642649871093,-9.742578873194168,45.50887182038779
hokkaido_28,2024-12-14,1734208908000,4.431933231506162,-8.009207858482684,35.6880417271015
hokkaido_28,2024-12-21,1734813211000,3.008624919700956,-11.456770121446294,45.509847102803775
hokkaido_28,2024-12-26,1735245707000,5.056802993733262,-10.257908032132146,35.6966692247046
hokkaido_28,2025-01-02,1735850010000,3.2487092170191487,-10.649804724354851,45.511843181056776
hokkaido_28,2025-01-07,1736282505000,3.6973171468764265,-9.379354506092765,35.70089685697793
hokkaido_28,2025-01-14,1736886809000,2.96357476764179,-12.346900758100697,45.513065473052315
hokkaido_28,2025-01-19,1737319304000,6.732198025243826,-10.897016898528479,35.70153495122467
hokkaido_28,2025-01-26,1737923608000,0.003999278162247611,-13.370489089226208,45.51233897829788
hokkaido_28,2025-01-31,1738356103000,2.097311854770969,-10.577530318148298,35.70430335358512
hokkaido_28,2025-02-07,1738960408000,2.3184837935239293,-11.358572795829142,45.51587074705697
hokkaido_28,2025-02-12,1739392903000,7.982520629599711,-10.926344674143632,35.69868864810829
hokkaido_28,2025-02-19,1739997207000,-0.24375399630968653,-12.08722374267249,45.52615721798772
hokkaido_28,2025-02-24,1740429703000,2.2829580261474716,-10.315725304801257,35.70570363672881
hokkaido_28,2025-03-03,1741034007000,2.9120383530170466,-12.457099862548098,45.52144335466907
hokkaido_28,2025-03-08,1741466503000,6.127936869263185,-10.142094411052385,35.70470152935164
hokkaido_28,2025-03-15,1742070807000,2.6761803071345915,-11.83438569712176,45.51526317078849
hokkaido_28,2025-03-20,1742503304000,4.80957083116635,-10.45454945601888,35.70241641266177
hokkaido_28,2025-03-27,1743107607000,2.218245404548426,-12.521859127388243,45.515280071868645
hokkaido_28,2025-04-01,1743540104000,5.237685096295307,-9.944723197716442,35.69751816134777
hokkaido_28,2025-04-08,1744144408000,3.958096741883528,-10.495897970724227,45.51788472878408
hokkaido_28,2025-04-13,1744576904000,6.451067856629689,-9.519671395191812,35.70157442655695
hokkaido_28,2025-04-20,1745181208000,5.838834511732442,-10.588084953290567,45.51727550031683
hokkaido_28,2025-04-25,1745613704000,8.98984549177227,-8.806407443731262,35.69221376693747
hokkaido_28,2025-05-02,1746218008000,4.3076114032414665,-10.845408860632114,45.51260772245679
hokkaido_28,2025-05-07,1746650504000,9.353160915155348,-8.409601698537523,35.69353562110504
hokkaido_28,2025-05-14,1747254808000,5.567182267121582,-9.990590076034056,45.50283881475006
hokkaido_28,2025-05-19,1747687303000,8.82470645588005,-8.750133022065924,35.69503039000971
hokkaido_28,2025-05-26,1748291607000,5.7730643034469775,-10.456692965219853,45.49842063438151
hokkaido_28,2025-05-31,1748724103000,9.128314975642093,-9.217279165865524,35.689933930524454
hokkaido_28,2025-06-07,1749328407000,5.775877384248973,-9.617442006935741,45.500183741380106
hokkaido_28,2025-06-12,1749760902000,9.838075201726571,-10.489702672196499,35.68494452043014
hokkaido_28,2025-06-19,1750365206000,4.546061476531302,-9.820634075469123,45.50435750579372
hokkaido_28,2025-06-24,1750797702000,9.791911918689008,-9.280458956268342,35.68297746874447
hokkaido_28,2025-07-01,1751402005000,4.336508505340899,-10.698915933992176,45.504188486704194
hokkaido_28,2025-07-06,1751834501000,8.457100316281894,-8.932575464475642,35.6875562557963
hokkaido_28,2025-07-13,1752438805000,5.368091961612203,-10.749014861090034,45.50240994078209
hokkaido_28,2025-07-18,1752871300000,9.546712427962515,-8.075732909054114,35.69448373850109
hokkaido_28,2025-07-25,1753475604000,4.2765371078646535,-11.404712574738483,45.506519107070474
hokkaido_28,2025-07-30,1753908100000,9.54214372987651,-8.678963047404952,35.69616595027423
hokkaido_28,2025-08-06,1754512404000,5.024727967497655,-11.824152162617562,45.508102882443914
hokkaido_28,2025-08-11,1754944900000,8.183120850008091,-8.005587633182042,35.695691997989954
hokkaido_28,2025-08-18,1755549204000,5.202101478313168,-10.28229248095127,45.51653719035044
hokkaido_28,2025-08-23,1755981700000,9.37974341863122,-9.120159689385932,35.697630373431295
hokkaido_28,2025-08-30,1756586004000,5.238959698586672,-10.814017450885046,45.52029874439618
hokkaido_28,2025-09-04,1757018500000,8.35303911923904,-9.237212803871637,35.704561446048146
hokkaido_28,2025-09-11,1757622805000,4.658622693225763,-11.062289320533049,45.51622118896856
hokkaido_28,2025-09-16,1758055301000,8.06906876512744,-10.541986124174594,35.70982607414594
hokkaido_28,2025-09-23,1758659605000,5.425060109960854,-9.692863979630634,45.521211970305394
hokkaido_28,2025-09-28,1759092101000,9.232189366729589,-7.458764625104723,35.70877879526813
hokkaido_28,2025-10-05,1759696405000,4.143745654877558,-10.657457365830576,45.51941778051709
hokkaido_28,2025-10-10,1760128901000,4.868211255994481,-10.023288429319676,35.69549846552781
hokkaido_28,2025-10-17,1760733205000,5.497932577324068,-10.439016127958274,45.51975193730107
hokkaido_28,2025-10-22,1761165701000,5.021741181224523,-9.97525054235327,35.70055151988774
hokkaido_28,2025-10-29,1761770005000,4.757921332571808,-10.565628201828886,45.51959269615962
hokkaido_28,2025-11-03,1762202501000,5.92105869406955,-8.95312501459358,35.698083118245314
hokkaido_28,2025-11-10,1762806804000,5.3050172618526075,-10.442227344454551,45.51676588673434
hokkaido_28,2025-11-15,1763239300000,7.673180818664793,-8.335149432970367,35.70096194628372
hokkaido_28,2025-11-22,1763843604000,4.095164067610342,-10.614582402123558,45.502593439163455
hokkaido_28,2025-11-27,1764276099000,4.9823269518691795,-9.475778274127801,35.698330967453806
hokkaido_28,2025-12-04,1764880402000,3.3895458878324423,-9.638127704284292,45.50806665545737
hokkaido_28,2025-12-09,1765312898000,4.992805341470751,-8.24733992907838,35.69270661479297
hokkaido_28,2025-12-16,1765917201000,2.5697386588417483,-10.81293570301939,45.50734797177303
hokkaido_28,2025-12-21,1766349697000,4.6815920187942455,-10.261056710402702,35.69003340682012
hokkaido_28,2025-12-28,1766954000000,2.3541197650809043,-10.10701811749293,45.514826878932425
hokkaido_28,2026-01-02,1767386495000,3.9806619733512254,-11.218364815675761,35.69102078796881
hokkaido_28,2026-01-09,1767990799000,1.29925781741511,-11.253205149387052,45.51656402162235
hokkaido_28,2026-01-14,1768423294000,4.371355681664328,-12.774837322648622,35.69486745867136
hokkaido_28,2026-01-26,1769460094000,2.010270186738521,-11.201912894171196,35.70057153518791
hokkaido_28,2026-02-02,1770064397000,0.9307137299666027,-12.358404152212561,45.50622026602717
hokkaido_28,2026-02-07,1770496893000,3.4981476744596236,-10.546417886181414,35.701991381536374
hokkaido_28,2026-02-14,1771101196000,1.7524074368335232,-11.137389666078938,45.51636866701958
hokkaido_28,2026-02-19,1771533692000,0.32508097559496923,-11.778989491784417,35.70092081140589
hokkaido_28,2026-02-26,1772137996000,2.6360542035876477,-11.964539967418167,45.52021341507065
hokkaido_28,2026-03-03,1772570492000,6.236718745957188,-10.255747501782444,35.70281548856485
hokkaido_28,2026-03-10,1773174796000,0.2706280429117159,-12.078299452585371,45.519912527142914
hokkaido_28,2026-03-15,1773607292000,4.418045673288913,-11.365660809518472,35.70072978549533
hokkaido_28,2026-03-22,1774211596000,3.3583382920162603,-11.34361173075703,45.51721638755681
hokkaido_28,2026-04-03,1775248396000,3.1338605986750845,-10.508164888253622,45.513572239769644
hokkaido_28,2026-04-08,1775680892000,5.9777074127619,-9.524774798366048,35.702296036229
hokkaido_28,2026-04-15,1776285196000,2.9156820632208293,-12.037382413106029,45.50635147248793
hokkaido_28,2026-04-20,1776717693000,4.833742531875941,-8.042639496936863,35.693295219358205
hokkaido_28,2026-04-27,1777321996000,4.081514460453897,-10.64783600290696,45.50626852520077
hokkaido_28,2026-05-02,1777754492000,6.528681037542183,-8.698129254109936,35.68960809495715
hokkaido_28,2026-05-09,1778358796000,5.7670180058950145,-11.048515590397985,45.50826446375928
hokkaido_28,2026-05-14,1778791292000,6.300755872122079,-8.649689334412434,35.687015188337334
hokkaido_28,2026-05-21,1779395595000,4.19724679011135,-10.58455447535949,45.505819304883666
hokkaido_29,2017-02-18,1487450457000,1.5650765983325337,-3.460675086570334,35.954014678085265
hokkaido_29,2017-02-25,1488054783000,1.6049183046280373,-8.30817976651465,45.54263989718628
hokkaido_29,2017-03-02,1488487257090,5.071258133716555,-2.8692580943315478,35.956204676705276
hokkaido_29,2017-03-09,1489091583000,3.448748319000472,-9.324250754957982,45.54590111757729
hokkaido_29,2017-03-14,1489524057000,2.7104986775568074,-2.4503290191072207,35.94617088780259
hokkaido_29,2017-03-21,1490128384100,-5.438137134032761,-40.8791009158802,45.551403593694246
hokkaido_29,2017-03-26,1490560857000,5.609971091012434,-3.8796665101278105,35.945796317637054
hokkaido_29,2017-04-02,1491165184000,2.900194260481776,-9.714181601633943,45.54887847777037
hokkaido_29,2017-04-07,1491597658140,4.956228892043137,-3.266576533384755,35.9495018173338
hokkaido_29,2017-04-14,1492201985000,5.138211073123496,-8.735965285482763,45.54563480552977
hokkaido_29,2017-04-19,1492634458760,6.748228940840282,-2.418189892410789,35.951463291972146
hokkaido_29,2017-04-26,1493238785360,6.709585829205394,-8.574015965229442,45.544899479284425
hokkaido_29,2017-05-01,1493671259000,6.834733596259003,-2.101635664276692,35.94914285488149
hokkaido_29,2017-05-08,1494275586310,6.4488636893489595,-8.821057663363797,45.54082752852625
hokkaido_29,2017-05-13,1494708059970,6.497979843274317,-2.047184319240034,35.94504326577129
hokkaido_29,2017-05-20,1495312386000,6.210380633514279,-8.34716202750758,45.54562535141454
hokkaido_29,2017-05-25,1495744860000,7.24595336116622,-1.5083452206123726,35.94968575416155
hokkaido_29,2017-06-01,1496349187000,-20.38989959341831,-51.99937200611565,45.551440790835876
hokkaido_29,2017-06-06,1496781661000,7.949601443344329,-1.427098449692116,35.94525665807774
hokkaido_29,2017-06-13,1497385988000,6.36185971924372,-9.028198816027642,45.54711823556031
hokkaido_29,2017-06-18,1497818461000,7.735356013488328,-1.3072912183989527,35.95027195344628
hokkaido_29,2017-06-25,1498422789000,6.834752597073839,-9.65449876003617,45.54312348119595
hokkaido_29,2017-06-30,1498855262000,7.555852909037144,-1.435941867176307,35.95232847439047
hokkaido_29,2017-07-07,1499459589000,6.231278006471246,-9.71100115844569,45.545399960856834
hokkaido_29,2017-07-12,1499892063000,8.088008528525007,-1.5619175953490259,35.949880074395075
hokkaido_29,2017-07-19,1500496390000,5.6799469764104265,-10.269969512699857,45.549549819002635
hokkaido_29,2017-07-24,1500928864000,9.137840534585367,-1.163863018797317,35.94946281650823
hokkaido_29,2017-07-31,1501533191000,6.2328704559287385,-9.01009641398279,45.545467846127174
hokkaido_29,2017-08-05,1501965664000,7.711457664056737,-2.1677492779957563,35.9437713453539
hokkaido_29,2017-08-12,1502569991000,5.494344710953661,-8.705602036016844,45.546639394461444
hokkaido_29,2017-08-17,1503002465000,7.94691999631436,-1.6714362056116776,35.951100726388646
hokkaido_29,2017-08-24,1503606792000,6.032272965202811,-8.04581843279042,45.54400305651459
hokkaido_29,2017-08-29,1504039265000,9.053762610514516,-1.6540999973204296,35.95047178586646
hokkaido_29,2017-09-05,1504643592000,5.865265590146726,-8.937974150840589,45.544881189774635
hokkaido_29,2017-09-10,1505076066000,9.267139906051243,-1.2239098189911115,35.948500174148954
hokkaido_29,2017-09-17,1505680393000,5.327103259792203,-8.409068342610006,45.543203211611456
hokkaido_29,2017-09-22,1506112866000,8.313973761375177,-1.8715705950677421,35.94892913636193
hokkaido_29,2017-09-29,1506717193000,1.1157147574453183,-10.989200830516399,45.54757256755594
hokkaido_29,2017-10-04,1507149666000,8.415780677880319,-2.014816217637731,35.94812933629621
hokkaido_29,2017-10-11,1507753993000,-4.845640536910087,-28.40091103897092,45.54803097052811
hokkaido_29,2017-10-16,1508186467000,8.420252261313127,-2.044894718253577,35.949305807144114
hokkaido_29,2017-10-23,1508790793000,4.930676308190288,-5.99958548409974,45.54397674924511
hokkaido_29,2017-10-28,1509223267000,8.266111000179892,-2.040678889230664,35.9482277318051
hokkaido_29,2017-11-04,1509827593000,5.731899711076758,-6.380352404741748,45.54149532240895
hokkaido_29,2017-11-09,1510260066000,8.218873787528185,-2.752203572632814,35.951238575197394
hokkaido_29,2017-11-16,1510864393000,1.9354699546127436,-10.203050902831553,45.54540552373221
hokkaido_29,2017-11-21,1511296866000,7.183975043660535,-1.6787964691090191,35.94558565425042
hokkaido_29,2017-11-28,1511901193000,-30.48309162774567,-51.217280290002705,45.54216992510619
hokkaido_29,2017-12-03,1512333666000,7.01838787999631,-2.7218799291211937,35.94567157824031
hokkaido_29,2017-12-15,1513370465000,4.481217142996382,-3.9995351917651845,35.94554693245212
hokkaido_29,2017-12-27,1514407265000,3.30962643484909,-4.102973240510904,35.952759246208416
hokkaido_29,2018-01-03,1515011591000,-0.523462846918758,-10.016967518847446,45.54439959831491
hokkaido_29,2018-01-08,1515444064000,3.9568916583945617,-3.3891270372871456,35.95155908606199
hokkaido_29,2018-01-15,1516048391000,3.4809801888233194,-9.038847033341126,45.54169939060405
hokkaido_29,2018-01-20,1516480864000,1.8062661575755918,-2.7137284084320497,35.94479830538324
hokkaido_29,2018-01-27,1517085190000,-21.193387228849147,-50.81866957837908,45.5483294253879
hokkaido_29,2018-02-01,1517517664000,3.043566121916251,-2.735690492570111,35.94417246897356
hokkaido_29,2018-02-08,1518121990000,-3.2577006875597663,-30.265668470022227,45.54704341233378
hokkaido_29,2018-02-13,1518554463000,2.6191511565370247,-3.8392905715855683,35.94362997112853
hokkaido_29,2018-02-20,1519158790000,-4.338194337896805,-41.899912350245316,45.54863823072865
hokkaido_29,2018-02-25,1519591263000,3.0316386082569844,-3.107670126005512,35.95169372851498
hokkaido_29,2018-03-04,1520195590000,2.0805641225860056,-10.284264979836365,45.546465136428694
hokkaido_29,2018-03-09,1520628063000,4.547825671016453,-1.6919286904616369,35.957217849706794
hokkaido_29,2018-03-16,1521232390000,12.640170085849212,-13.209733227503976,45.543022333816886
hokkaido_29,2018-03-21,1521664863000,4.069042841609783,-3.743104456074245,35.95710729353598
hokkaido_29,2018-04-02,1522701664000,3.3733239382077334,-4.739571021553097,35.950354061350026
hokkaido_29,2018-04-14,1523738464000,7.95012176969342,-3.8372977057691258,35.947861898935
hokkaido_29,2018-04-26,1524775265000,7.051700837005008,-3.368652267816539,35.948337240761965
hokkaido_29,2018-05-08,1525812065000,7.415885116661294,-3.4893094275995957,35.95060440908787
hokkaido_29,2018-05-15,1526416392000,7.433542092304687,-7.080726118433267,45.54214129374695
hokkaido_29,2018-05-20,1526848866000,6.623624181243447,-3.8285986094539206,35.95236497267674
hokkaido_29,2018-06-01,1527885667000,6.460427549055849,-3.361180014895806,35.95372840725331
hokkaido_29,2018-06-13,1528922468000,7.573415882486919,-3.2116075880903643,35.944705786585516
hokkaido_29,2018-06-25,1529959268000,8.536760133012143,-2.9032785583537617,35.94610273567991
hokkaido_29,2018-07-19,1532032870000,8.173042699842505,-2.5974923491100568,35.95310402378519
hokkaido_29,2018-07-31,1533069670000,7.709986357438645,-4.106475941163937,35.95510299231831
hokkaido_29,2018-08-12,1534106471000,6.270343996652196,-4.187118001697163,35.94842106341255
hokkaido_29,2018-08-24,1535143272000,4.384009372474175,-4.529486943153034,35.93712700763522
hokkaido_29,2018-09-05,1536180072000,6.9443568906889315,-4.492254094508992,35.94793427703068
hokkaido_29,2018-09-17,1537216873000,5.258140069771989,-4.909739765802895,35.95105003655823
hokkaido_29,2018-09-29,1538253673000,4.538972099896529,-3.762254204152902,35.950755106423244
hokkaido_29,2018-10-11,1539290473000,5.985893746573242,-4.0414086845669255,35.94646362172057
hokkaido_29,2018-10-23,1540327273000,4.805160403925335,-4.69938445852063,35.94689294040335
hokkaido_29,2018-11-04,1541364073000,5.437217676509987,-3.8196320927166676,35.946571095372825
hokkaido_29,2018-11-16,1542400873000,5.255780371344991,-4.079709787000152,35.95073181719425
hokkaido_29,2018-11-28,1543437672000,5.081684534705913,-4.041397278619885,35.95248608990394
hokkaido_29,2018-12-05,1544041999000,3.206968683983827,-13.138389711941576,45.539083579517495
hokkaido_29,2018-12-10,1544474472000,3.0104103543264786,-5.212025647875386,35.94730147559738
hokkaido_29,2018-12-22,1545511272000,7.557067866626081,-4.388943994785108,35.94260280134221
hokkaido_29,2019-01-03,1546548071000,3.268839145045821,-5.302267900669935,35.9452330262403
hokkaido_29,2019-01-15,1547584871000,5.789671455741943,-4.3249135610639655,35.95198375804419
hokkaido_29,2019-01-27,1548621671000,4.778169063916256,-4.384801328059728,35.947819597218064
hokkaido_29,2019-02-03,1549225997000,7.300054827231512,-5.528066956735515,45.54492601728798
hokkaido_29,2019-02-08,1549658470000,5.147575009017978,-6.5882548190948915,35.94920871770126
hokkaido_29,2019-02-20,1550695270000,5.540175694197545,-4.900744371268661,35.944571003745985
hokkaido_29,2019-03-04,1551732070000,4.790741442850288,-5.169887095322826,35.9406832003685
hokkaido_29,2019-03-16,1552768870000,4.629637945022656,-4.2386409440252475,35.9506768380268
hokkaido_29,2019-03-23,1553373197000,5.500392261743584,-4.805866067646927,45.54305151975441
hokkaido_29,2019-03-28,1553805670000,4.778993465677406,-4.069516695279111,35.950648412906986
hokkaido_29,2019-04-04,1554409997000,3.901896418130891,-7.747253426096671,45.5394765665768
hokkaido_29,2019-04-09,1554842470000,6.108567017218817,-5.292150571170289,35.952488925818244
hokkaido_29,2019-04-16,1555446797000,4.9298828425700005,-7.126585731075394,45.54063264002516
hokkaido_29,2019-04-21,1555879271000,8.550157278172072,-3.721575964402956,35.944251947897975
hokkaido_29,2019-05-03,1556916071000,8.130194812565742,-3.6296187424989963,35.94105335578178
hokkaido_29,2019-05-15,1557952872000,8.111585572497653,-3.769554965543109,35.946412947166785
hokkaido_29,2019-06-03,1559593999000,4.955806944759439,-6.866683617195549,45.54236313522535
hokkaido_29,2019-06-08,1560026473000,6.845865722286762,-4.186258176173325,35.95481609720407
hokkaido_29,2019-06-20,1561063274000,7.881000421128179,-5.036800621330833,35.95091956365897
hokkaido_29,2019-07-02,1562100075000,7.044081866489595,-4.719058565784847,35.94497991926059
hokkaido_29,2019-07-14,1563136875000,7.14969985624874,-5.437029891323086,35.94675708024481
hokkaido_29,2019-07-26,1564173676000,6.25698938279807,-5.201393635372536,35.952164796993785
hokkaido_29,2019-08-07,1565210477000,6.846944982227992,-4.750035749760648,35.95122448127888
hokkaido_29,2019-08-19,1566247278000,8.219334206530403,-4.038056854082907,35.946340111219264
hokkaido_29,2019-09-12,1568320879000,7.822612827267364,-5.019451623188336,35.95052984064275
hokkaido_29,2019-09-24,1569357679000,7.80659123021806,-4.7848469508700715,35.945764931739156
hokkaido_29,2019-10-01,1569962006000,11.447294519425098,-13.359679502070538,45.54119260630815
hokkaido_29,2019-10-06,1570394480000,6.8394569413745385,-4.824602841482403,35.94998767902124
hokkaido_29,2019-10-18,1571431279000,7.106775893132408,-3.9462679223806134,35.95190236255377
hokkaido_29,2019-10-30,1572468080000,7.642963719673817,-4.112333640426659,35.94639132306185
hokkaido_29,2019-11-11,1573504880000,8.38538634621102,-3.891121437420771,35.94465186736616
hokkaido_29,2019-11-23,1574541679000,5.488896161925009,-3.7415784946746813,35.94678140120074
hokkaido_29,2019-12-05,1575578479000,4.364391164915067,-1.8379393218703004,35.952967074005265
hokkaido_29,2019-12-17,1576615278000,5.234449860585016,-3.725842217138498,35.94911099693747
hokkaido_29,2019-12-29,1577652078000,5.574723797411055,-2.230150653005644,35.94400234688747
hokkaido_29,2020-01-10,1578688877000,2.538154012009547,-3.983681021513278,35.941479463998945
hokkaido_29,2020-01-22,1579725677000,6.948400880272859,-3.2604819854739926,35.94501727731418
hokkaido_29,2020-02-03,1580762477000,7.092333369463471,-4.206392125214757,36.06930143491186
hokkaido_29,2020-02-10,1581366803000,5.99113861169658,-22.25486499111631,45.54811341471575
hokkaido_29,2020-02-15,1581799276000,5.481210933583711,-3.2409918572581224,36.07253634522743
hokkaido_29,2020-02-27,1582836076000,2.5725157076098752,-3.2944683673465303,36.070056409432915
hokkaido_29,2020-03-10,1583872876000,6.726725085230674,-4.163256629994615,36.06166494280479
hokkaido_29,2020-03-22,1584909676000,4.623640796030598,-4.027723150884028,36.06276570970046
hokkaido_29,2020-04-03,1585946477000,4.6315371998887915,-3.9214760478481674,36.06921994435768
hokkaido_29,2020-04-15,1586983277000,5.207172512193458,-2.7571047134772866,36.07221162755521
hokkaido_29,2020-04-22,1587587604000,5.495756186298967,-6.698125995922869,45.54875801027834
hokkaido_29,2020-04-27,1588020078000,6.322704561907298,-4.279717246507009,36.07121472647258
hokkaido_29,2020-05-09,1589056878000,7.0227405854913165,-3.0698864811058013,36.07252576836878
hokkaido_29,2020-05-21,1590093679000,6.340413200403624,-3.301409539372427,36.067667441022216
hokkaido_29,2020-06-02,1591130479000,6.346592718911808,-3.9534363957381897,36.07097213257675
hokkaido_29,2020-06-14,1592167280000,6.301194930430985,-4.202713242362579,36.06855844805416
hokkaido_29,2020-06-21,1592771607000,4.55725642780639,-7.605858043054343,45.54934057627672
hokkaido_29,2020-06-26,1593204081000,7.046495640317232,-4.399936242946181,36.07261128388036
hokkaido_29,2020-07-08,1594240882000,6.747347842880768,-3.084464500298619,36.0716753728608
hokkaido_29,2020-07-20,1595277682000,6.424337958317134,-3.62991245638973,36.06552907778741
hokkaido_29,2020-08-01,1596314483000,7.126235803962466,-3.6232694239292655,36.063224290789975
hokkaido_29,2020-08-13,1597351284000,6.664992199405007,-3.797540245556657,36.0707103030131
hokkaido_29,2020-08-25,1598388085000,6.199235086838819,-4.535232940667417,36.06937435651066
hokkaido_29,2020-09-06,1599424885000,6.945778920597813,-3.53852235972515,36.06724017488763
hokkaido_29,2020-09-18,1600461685000,7.6560964597752434,-3.305701440580343,36.06515986006556
hokkaido_29,2020-09-30,1601498486000,7.85924619510732,-3.7537741178338306,36.06763010570368
hokkaido_29,2020-10-12,1602535286000,6.9602447421088085,-3.0691656307081634,36.066643571342986
hokkaido_29,2020-10-24,1603572086000,7.388202867807745,-3.9393189025275275,36.070350935310735
hokkaido_29,2020-11-05,1604608886000,7.4684614728184195,-3.6378716060205845,36.06590141501422
hokkaido_29,2020-11-17,1605645686000,5.030104560592376,-3.817617928096537,36.06427108456389
hokkaido_29,2020-11-29,1606682485000,4.7072069597388495,-2.776155463226214,36.06610087908765
hokkaido_29,2020-12-11,1607719285000,5.702258647542188,-3.5813163955163994,36.06645891163743
hokkaido_29,2020-12-23,1608756084000,6.916214704476756,-4.230758212255278,36.07117935134332
hokkaido_29,2021-01-04,1609792884000,7.041837804660735,-3.873754716726586,36.06981627249198
hokkaido_29,2021-01-16,1610829683000,7.142845275600107,-3.778145189866169,36.066203528290906
hokkaido_29,2021-01-28,1611866483000,6.709523654702197,-2.3170101958598996,36.05961815875644
hokkaido_29,2021-02-09,1612903282000,4.957949202545144,-2.2502687878070193,36.06101659411512
hokkaido_29,2021-02-21,1613940082000,5.862183774246356,-3.4216007123855054,36.07233347338299
hokkaido_29,2021-03-05,1614976882000,11.699818474241575,-1.8580032029574947,36.07594232628591
hokkaido_29,2021-03-12,1615581209000,13.431475494607923,-10.64055080587735,45.55005625175708
hokkaido_29,2021-03-17,1616013682000,3.4422544759364557,-4.16159167702293,36.07535807163253
hokkaido_29,2021-03-29,1617050482000,2.9230820883449566,-4.52367154985584,36.06685042915816
hokkaido_29,2021-04-10,1618087283000,6.207524147602501,-3.2992662515468014,36.066554551462765
hokkaido_29,2021-04-22,1619124083000,5.549798905463383,-2.6813967970397883,36.070610104943974
hokkaido_29,2021-05-04,1620160884000,5.720540481922731,-2.666744498196008,36.072397245539236
hokkaido_29,2021-05-11,1620765211000,3.356892615448979,-8.60867045515641,45.54897374511126
hokkaido_29,2021-05-16,1621197684000,4.9046371944281,-4.575205068973175,36.071464554761064
hokkaido_29,2021-05-28,1622234485000,6.424165942118215,-2.0719447494263283,36.06733006966059
hokkaido_29,2021-06-09,1623271286000,6.289697272660144,-3.1863313407054443,36.0658806586988
hokkaido_29,2021-06-21,1624308087000,6.339363013752652,-3.7806348215278414,36.06738697882491
hokkaido_29,2021-07-03,1625344887000,6.199533489944618,-3.825992318402853,36.06958371641562
hokkaido_29,2021-07-10,1625949214000,8.583117347484288,-16.714837468366667,45.5506235223717
hokkaido_29,2021-07-15,1626381688000,6.350028576013712,-4.211142846561969,36.07043921412411
hokkaido_29,2021-07-27,1627418489000,6.559174165517836,-4.910154892844509,36.075920895079584
hokkaido_29,2021-08-08,1628455289000,6.093358469827735,-4.976624603255229,36.06658884519807
hokkaido_29,2021-08-20,1629492090000,6.384326832640839,-4.307660219010529,36.064818926502596
hokkaido_29,2021-09-01,1630528905000,7.002359596575785,-4.3561746740504255,35.582110964578256
hokkaido_29,2021-09-13,1631565705000,7.042816903595999,-4.323942205451913,35.57836753459892
hokkaido_29,2021-09-25,1632602506000,7.388118166132887,-4.280106232081929,35.574298776200116
hokkaido_29,2021-10-07,1633639303000,6.775304982817288,-3.4137661757644313,35.71445446577432
hokkaido_29,2021-10-19,1634676103000,6.8105317417389415,-3.7481181283602223,35.71222706118609
hokkaido_29,2021-10-31,1635712903000,6.992868379788176,-2.870847778365884,35.71596153875795
hokkaido_29,2021-11-12,1636749703000,7.115862633046375,-3.1382033301010126,35.717854360550774
hokkaido_29,2021-11-19,1637354007000,5.02904597666296,-4.834640934454834,45.52637374307074
hokkaido_29,2021-11-24,1637786503000,6.229981152071661,-2.0521801483499185,35.712209026179394
hokkaido_29,2021-12-06,1638823302000,6.87643326800654,-2.626715059702287,35.71213113892492
hokkaido_29,2021-12-18,1639860102000,5.938295538270362,-3.091520554486504,35.71040777824728
hokkaido_29,2021-12-30,1640896901000,5.212905307061953,-2.3876015150040004,35.71777199455936
hokkaido_29,2022-01-11,1641933701000,0.2673101314149643,-5.447425366653369,35.716430968406144
hokkaido_29,2022-01-23,1642970500000,4.105787298564104,-1.8963191140440596,35.716222745315164
hokkaido_29,2022-02-04,1644007299000,3.7637631460740457,-1.8456992541899342,35.71730660920097
hokkaido_29,2022-02-16,1645044099000,1.8538498662801224,-2.717448824367957,35.71538549093515
hokkaido_29,2022-02-28,1646080899000,1.1889418447158253,-3.782331028435464,35.713982323191
hokkaido_29,2022-03-12,1647117699000,4.526721563833938,-3.2447949615434997,35.71975391132494
hokkaido_29,2022-03-19,1647722003000,2.094668576565457,-7.021700417579617,45.5289233913549
hokkaido_29,2022-03-24,1648154500000,4.046962501586989,-1.7436691271442921,35.71901237658842
hokkaido_29,2022-03-31,1648758803000,6.883340156711151,-3.9907398596963723,45.52966154433424
hokkaido_29,2022-04-05,1649191300000,3.0483479443422845,-3.31867273199223,35.719963942248405
hokkaido_29,2022-04-17,1650228100000,5.068567127993528,-3.584992422938578,35.715524083385574
hokkaido_29,2022-04-29,1651264901000,5.0426915605817335,-3.3193646723719152,35.71537369794132
hokkaido_29,2022-05-11,1652301701000,5.5742095633488375,-3.1947907799047672,35.71751681907354
hokkaido_29,2022-06-04,1654375303000,6.041355519630249,-3.807290455054838,35.716107651639525
hokkaido_29,2022-06-11,1654979608000,5.004976012476845,-6.147657332222645,45.527839479286285
hokkaido_29,2022-06-16,1655412104000,5.650807143783643,-3.5603871830165765,35.71927880383329
hokkaido_29,2022-06-28,1656448905000,6.320475674753406,-3.36358780391072,35.711840131539155
hokkaido_29,2022-07-10,1657485705000,6.446046725134527,-3.134117391561238,35.713378162445764
hokkaido_29,2022-07-22,1658522506000,5.208439170342877,-3.473480724563985,35.71898735448745
hokkaido_29,2022-07-29,1659126811000,11.937893725975528,-18.558632408098518,45.53040721043627
hokkaido_29,2022-08-03,1659559307000,6.22550625948071,-3.4763030041392655,35.71717301694571
hokkaido_29,2022-08-15,1660596108000,6.880063202430963,-2.466856153852323,35.71668703163764
hokkaido_29,2022-08-27,1661632908000,6.216190488646699,-4.002148838710839,35.713945241185435
hokkaido_29,2022-09-03,1662237213000,4.587974615604319,-7.643412070300945,45.52706692221673
hokkaido_29,2022-09-08,1662669709000,6.491510457160977,-3.7853696758416433,35.70718132025224
hokkaido_29,2022-09-20,1663706508000,6.73375968462404,-3.6374206709495924,35.73257667347065
hokkaido_29,2022-10-02,1664743309000,6.617368793020717,-3.251912734553932,35.71727650379497
hokkaido_29,2022-10-14,1665780109000,6.478375841085198,-3.996243421333546,35.71805773879543
hokkaido_29,2022-10-26,1666816909000,5.680198889420574,-3.529085438914855,35.70831790599564
hokkaido_29,2022-11-07,1667853709000,6.2952492954132016,-3.6017549457274924,35.71741072870618
hokkaido_29,2022-11-19,1668890509000,6.129558493127203,-3.152106028502808,35.71359311510612
hokkaido_29,2022-11-26,1669494813000,5.7083162252399795,-6.4613065973776225,45.52195226493112
hokkaido_29,2022-12-01,1669927308000,5.113711750123817,-2.3168898378762925,35.71956400767198
hokkaido_29,2022-12-08,1670531612000,4.021142588945284,-5.055683874476943,45.51860981831577
hokkaido_29,2022-12-13,1670964108000,4.556448044307246,-2.600946964608311,35.71546911889549
hokkaido_29,2022-12-25,1672000907000,2.9244795598442583,-3.4999569044603627,35.715259883446656
hokkaido_29,2023-01-06,1673037706000,4.616879392847463,-4.276502989732442,35.71223923173295
hokkaido_29,2023-01-18,1674074505000,5.481206729839218,-2.6810880589304276,35.73237226541386
hokkaido_29,2023-01-30,1675111306000,4.680688644364667,-2.4399016482193874,35.71249191364295
hokkaido_29,2023-02-11,1676148105000,3.956126867281538,-3.0441332348865515,35.71818827155916
hokkaido_29,2023-02-23,1677184905000,4.190916203186965,-3.9329410134234344,35.72234509896452
hokkaido_29,2023-03-07,1678221705000,4.1823242176438,-2.7867871169321625,35.71592798483493
hokkaido_29,2023-03-19,1679258505000,4.6206193015049655,-3.890856179273031,35.71623876160765
hokkaido_29,2023-03-31,1680295305000,3.3811736278632543,-3.140330397810116,35.717541775173615
hokkaido_29,2023-04-07,1680899610000,3.77396448865256,-7.6549581385781105,45.52727127999784
hokkaido_29,2023-04-12,1681332106000,6.671694317531683,-4.066604605790677,35.71778622032588
hokkaido_29,2023-04-24,1682368906000,6.264040742491927,-4.004421793713171,35.717050204351246
hokkaido_29,2023-05-01,1682973211000,6.291383517985851,-5.604578036842616,45.52922689825509
hokkaido_29,2023-05-06,1683405707000,6.30561261394479,-2.8397937962729696,35.70882685597173
hokkaido_29,2023-05-18,1684442508000,6.250399272767774,-3.6621088419063477,35.708467494309545
hokkaido_29,2023-05-30,1685479308000,6.072279162761217,-4.154185367292959,35.70904547579375
hokkaido_29,2023-06-11,1686516109000,5.723587410587918,-3.2340611532927475,35.718264045368194
hokkaido_29,2023-06-18,1687120413000,5.540215343324288,-5.643260962999242,45.52876399647106
hokkaido_29,2023-06-23,1687552909000,5.568945087216463,-4.181960231186561,35.7141369693975
hokkaido_29,2023-07-05,1688589710000,6.137127551355662,-3.0674437532096213,35.71590517698863
hokkaido_29,2023-07-17,1689626511000,6.64421746377259,-3.033565048084025,35.713525295643045
hokkaido_29,2023-07-24,1690230815000,5.5653555372561465,-3.5649253237934997,45.529208106255105
hokkaido_29,2023-07-29,1690663311000,6.414128215762872,-3.8653783605207694,35.714148171916264
hokkaido_29,2023-08-05,1691267616000,5.041359344493192,-5.970479857858087,45.52780203659236
hokkaido_29,2023-08-10,1691700111000,6.650430291527154,-4.566211943745999,35.732933187003084
hokkaido_29,2023-08-17,1692304417000,9.178364040703487,-22.25615603626286,45.52978822543145
hokkaido_29,2023-08-22,1692736913000,5.803404550593465,-4.523086723810389,35.72134460393643
hokkaido_29,2023-09-03,1693773714000,6.240100635745679,-3.7657293154357703,35.71390700797751
hokkaido_29,2023-09-15,1694810514000,6.602086141345635,-3.519996830873364,35.71143946651498
hokkaido_29,2023-09-27,1695847314000,6.264490603000741,-3.3392560242301625,35.716889602198755
hokkaido_29,2023-10-09,1696884114000,7.0785263061521615,-3.7029760282353066,35.722236465096096
hokkaido_29,2023-10-21,1697920914000,6.2269975609374875,-4.063202304727873,35.7132980949203
hokkaido_29,2023-11-02,1698957714000,6.258622232917489,-3.0788240407395264,35.71760598515204
hokkaido_29,2023-11-14,1699994514000,5.848626792000823,-4.32569185276733,35.70895682475101
hokkaido_29,2023-11-26,1701031313000,5.064538910588244,-3.252216140334928,35.71745825421093
hokkaido_29,2023-12-08,1702068113000,5.14444384851832,-3.7875920186262033,35.71419841188373
hokkaido_29,2023-12-15,1702672417000,5.782832611587398,-4.797825164321788,45.525746691679906
hokkaido_29,2023-12-20,1703104912000,5.095678766846617,-2.603710335063395,35.729181286204245
hokkaido_29,2024-01-01,1704141711000,3.5319480247066637,-3.963922315933966,35.72341022136527
hokkaido_29,2024-01-13,1705178511000,4.29315629264873,-3.3640142282224246,35.712931214737715
hokkaido_29,2024-01-25,1706215311000,1.6882945362118555,-6.225264523137779,35.711104650505135
hokkaido_29,2024-02-06,1707252110000,3.725431781708337,-2.7144895267763904,35.71813615901851
hokkaido_29,2024-02-18,1708288910000,5.532419595503967,-4.927313443561717,35.717151526272175
hokkaido_29,2024-02-25,1708893214000,-0.06175990568599269,-9.09781810621108,45.527648037458796
hokkaido_29,2024-03-01,1709325710000,2.88540084391089,-4.4703642921181235,35.71871984870066
hokkaido_29,2024-03-13,1710362510000,0.808287545615038,-4.4135086149392455,35.72052619086373
hokkaido_29,2024-03-25,1711399310000,3.2165558604872606,-3.447685676140521,35.72203862348548
hokkaido_29,2024-04-06,1712436111000,3.0187817124700955,-4.454547428362942,35.71186732531413
hokkaido_29,2024-04-18,1713472911000,6.232996348161492,-3.9798495583687314,35.71366178813571
hokkaido_29,2024-04-25,1714077215000,6.973356393483668,-7.670041798382649,45.526195977133135
hokkaido_29,2024-04-30,1714509712000,6.221447180903041,-3.7138312754032525,35.71357158471156
hokkaido_29,2024-05-07,1715114016000,7.397014886978676,-7.741176323963704,45.51503701422869
hokkaido_29,2024-05-12,1715546511000,7.626043515457854,-2.8350205677486784,35.71148442470058
hokkaido_29,2024-05-19,1716150815000,6.50910677294969,-7.6187290424363106,45.51682465170463
hokkaido_29,2024-05-24,1716583311000,5.464004202955357,-4.417425941490028,35.69753896824186
hokkaido_29,2024-05-31,1717187615000,6.519301936462873,-8.261055131510949,45.518767682343544
hokkaido_29,2024-06-05,1717620111000,4.096480974350049,-5.715794570937013,35.699835411848895
hokkaido_29,2024-06-12,1718224415000,7.0495464323164585,-7.289164680666854,45.51947749099701
hokkaido_29,2024-06-17,1718656910000,8.40388040922715,-2.18587270311237,35.70946710185345
hokkaido_29,2024-06-24,1719261214000,6.007254077176878,-8.735114426879349,45.51608128206381
hokkaido_29,2024-06-29,1719693710000,7.125204384585212,-2.893242176453442,35.70618763833445
hokkaido_29,2024-07-06,1720298014000,6.716644554701653,-8.812100383174915,45.51355288377033
hokkaido_29,2024-07-11,1720730509000,7.32570713014895,-3.1236767192754913,35.70580795621073
hokkaido_29,2024-07-18,1721334813000,5.421333346242416,-8.010882395529515,45.51979260685467
hokkaido_29,2024-07-23,1721767309000,7.005912901176247,-3.2949704215057163,35.70680391485042
hokkaido_29,2024-07-30,1722371613000,6.636335995544454,-8.898183464913734,45.52367937521535
hokkaido_29,2024-08-04,1722804109000,6.846623023045879,-3.9336672675916162,35.70299266136383
hokkaido_29,2024-08-11,1723408413000,6.2932753014689835,-8.367137242105432,45.527548477481105
hokkaido_29,2024-08-16,1723840909000,6.962572791266853,-3.296843003511411,35.71190957965274
hokkaido_29,2024-08-23,1724445213000,9.349107410107905,-9.798337038244474,45.53180776097949
hokkaido_29,2024-08-28,1724877709000,8.722821109085773,-2.545166453310034,35.715902560361954
hokkaido_29,2024-09-09,1725914510000,7.378852499054302,-2.82306811608745,35.72105221062754
hokkaido_29,2024-09-16,1726518814000,3.900788616525827,-7.326032674278907,45.527606617180474
hokkaido_29,2024-09-21,1726951310000,7.980129370790839,-3.729293177810528,35.72056393486341
hokkaido_29,2024-10-03,1727988110000,9.11760419286619,-4.025618603089327,35.72068188656114
hokkaido_29,2024-10-15,1729024910000,9.4703203063661,-2.380486719628014,35.71955104014028
hokkaido_29,2024-10-27,1730061711000,8.657022517664496,-2.833164995318007,35.71730427523201
hokkaido_29,2024-11-03,1730666014000,7.731891787210927,-2.8932903457179844,45.52709096185306
hokkaido_29,2024-11-08,1731098510000,8.478741057805104,-3.5597833957533713,35.718853385624435
hokkaido_29,2024-11-15,1731702814000,5.384307096971299,-6.5169856423931,45.52354484789299
hokkaido_29,2024-11-20,1732135309000,7.863961344804019,-3.189298193199178,35.71189290904208
hokkaido_29,2024-12-02,1733172109000,7.851240150327179,-3.0114354985833196,35.70375323261871
hokkaido_29,2024-12-14,1734208908000,6.787623232246437,-2.3769692807580856,35.70037725050328
hokkaido_29,2024-12-26,1735245707000,3.9275904877751033,-3.1727720300734763,35.70900326892583
hokkaido_29,2025-01-02,1735850010000,4.4216368231646195,-5.630766561957934,45.524445527584774
hokkaido_29,2025-01-07,1736282505000,5.046368017559732,-3.0230066844001877,35.71322664698648
hokkaido_29,2025-01-14,1736886809000,0.9702805077962708,-8.78875193039391,45.525662403079686
hokkaido_29,2025-01-19,1737319304000,6.519760355950131,-3.870013098446269,35.713862052330605
hokkaido_29,2025-01-26,1737923608000,2.779349229903775,-6.659449715905167,45.524944509599855
hokkaido_29,2025-01-31,1738356103000,4.371231341136563,-3.5579137071734706,35.71663700443546
hokkaido_29,2025-02-07,1738960408000,7.8839537800801684,-6.686245992629167,45.52844159704811
hokkaido_29,2025-02-12,1739392903000,9.781775177437462,-2.1900735247973304,35.71102184848107
hokkaido_29,2025-02-24,1740429703000,4.801579169484541,-2.9439533045435735,35.71803506048305
hokkaido_29,2025-03-08,1741466503000,4.862332330943381,-4.072993060288721,35.71703265180493
hokkaido_29,2025-03-15,1742070807000,4.255474146312807,-6.550098143534169,45.527848734416565
hokkaido_29,2025-03-20,1742503304000,5.842355989463529,-2.9248908716895805,35.71474861217445
hokkaido_29,2025-03-27,1743107607000,6.151253988871608,-5.709240876015118,45.52785450336885
hokkaido_29,2025-04-01,1743540104000,6.473724227820667,-2.9887657226720026,35.70985140339643
hokkaido_29,2025-04-08,1744144408000,3.9413226452908696,-6.842040253597398,45.530443810607125
hokkaido_29,2025-04-13,1744576904000,6.726921893972003,-2.4727892227317483,35.71390754095277
hokkaido_29,2025-04-20,1745181208000,6.823500344964832,-8.001766875189306,45.52983812959201
hokkaido_29,2025-04-25,1745613704000,7.5782925512921295,-2.9611764877310427,35.704548447077684
hokkaido_29,2025-05-02,1746218008000,4.402786537960708,-6.306680737417638,45.525206509781114
hokkaido_29,2025-05-07,1746650504000,7.977763083188236,-2.336505622199757,35.70587236979051
hokkaido_29,2025-05-14,1747254808000,5.1741804205897175,-9.145796439778863,45.515513348463855
hokkaido_29,2025-05-19,1747687303000,6.111422156098888,-2.3514540273916724,35.70736550358893
hokkaido_29,2025-05-26,1748291607000,5.439680255642678,-8.068435518185897,45.51112753667116
hokkaido_29,2025-05-31,1748724103000,6.861130285262096,-3.1642638925904034,35.702268949392625
hokkaido_29,2025-06-07,1749328407000,4.548446719773225,-8.630246090675914,45.51287516609567
hokkaido_29,2025-06-12,1749760902000,5.10983617402293,-4.203508019023717,35.69727905698921
hokkaido_29,2025-06-19,1750365206000,4.844949439334348,-8.673611207038173,45.51702732282895
hokkaido_29,2025-06-24,1750797702000,6.047699563981368,-3.480410188710244,35.69531453527586
hokkaido_29,2025-07-01,1751402005000,4.337355438402468,-8.345114302340665,45.5168555261053
hokkaido_29,2025-07-06,1751834501000,4.959119655135569,-4.559050699815672,35.6998919621804
hokkaido_29,2025-07-13,1752438805000,3.936673730048628,-8.608786860649872,45.5150841660933
hokkaido_29,2025-07-18,1752871300000,6.13707957010694,-2.995917597896615,35.7068182218422
hokkaido_29,2025-07-25,1753475604000,4.115537004555416,-8.891816851580419,45.51916447449348
hokkaido_29,2025-07-30,1753908100000,5.760698400490725,-2.983400630169586,35.70850193873875
hokkaido_29,2025-08-06,1754512404000,5.042128269524287,-8.157127453748847,45.520729237004
hokkaido_29,2025-08-11,1754944900000,5.989010696988986,-3.2941025358063816,35.708025489857974
hokkaido_29,2025-08-18,1755549204000,1.3574943678344473,-8.494554109657319,45.52910807064216
hokkaido_29,2025-08-23,1755981700000,6.3003907894623,-3.124777997892996,35.70996113855737
hokkaido_29,2025-09-04,1757018500000,6.626018293083725,-3.3075360276314734,35.71689269126501
hokkaido_29,2025-09-11,1757622805000,7.270081690065503,-3.469750265648344,45.52878829733706
hokkaido_29,2025-09-16,1758055301000,6.59896159671089,-2.7303364637523804,35.722160888505044
hokkaido_29,2025-09-28,1759092101000,6.05578572122961,-2.33429625291533,35.72111064974134
hokkaido_29,2025-10-10,1760128901000,5.733306384435164,-3.122433074494717,35.70783082875619
hokkaido_29,2025-10-22,1761165701000,5.712709724837412,-2.989338034562841,35.712879402217716
hokkaido_29,2025-11-03,1762202501000,5.699131982477875,-2.825175633065596,35.71041608203401
hokkaido_29,2025-11-15,1763239300000,6.265321125857382,-2.03237703907615,35.713297610042076
hokkaido_29,2025-11-22,1763843604000,5.8232958763419775,-7.82780305241498,45.51526169421384
hokkaido_29,2025-11-27,1764276099000,6.165409986281533,-3.3150201534474877,35.71066218044908
hokkaido_29,2025-12-04,1764880402000,5.094572632777484,-7.466702187931661,45.52069053102632
hokkaido_29,2025-12-09,1765312898000,4.634103082340056,-3.7540585389504284,35.7050387244397
hokkaido_29,2025-12-16,1765917201000,3.2597617749067713,-7.68312715238695,45.5199758792121
hokkaido_29,2025-12-21,1766349697000,6.598175267603483,-2.034894257573465,35.70236993356395
hokkaido_29,2026-01-02,1767386495000,5.239499020363028,-2.8177707541026322,35.70335566932492
hokkaido_29,2026-01-14,1768423294000,4.24825178771745,-2.8174982252461716,35.707196496977005
hokkaido_29,2026-01-26,1769460094000,4.331590736810699,-2.4359583873789337,35.712903841989885
hokkaido_29,2026-02-02,1770064397000,1.4925527735125323,-6.409537246796451,45.51887485795219
hokkaido_29,2026-02-07,1770496893000,3.193443395262168,-1.6861231726341541,35.71432416910494
hokkaido_29,2026-02-19,1771533692000,4.430825185370141,-2.9580175207829287,35.71324796453059
hokkaido_29,2026-03-03,1772570492000,4.074853253576328,-3.570688795979017,35.71514659762021
hokkaido_29,2026-03-15,1773607292000,3.928385592808249,-2.6449464463562062,35.71306100992055
hokkaido_29,2026-03-22,1774211596000,11.459198691457573,-15.501883790606648,45.52978056043339
hokkaido_29,2026-04-03,1775248396000,5.042142509568029,-6.886438071180128,45.52615296590308
hokkaido_29,2026-04-08,1775680892000,6.531110899156624,-2.6966418470847264,35.7146276107942
hokkaido_29,2026-04-15,1776285196000,6.131616524891722,-7.838360662371852,45.51900016493422
hokkaido_29,2026-04-20,1776717693000,7.410903047658843,-2.029044251384707,35.7056306136444
hokkaido_29,2026-04-27,1777321996000,6.39137735740407,-6.840355418109209,45.51892656764078
hokkaido_29,2026-05-02,1777754492000,9.382672281961637,-3.2180033476284025,35.701944942281706
hokkaido_29,2026-05-09,1778358796000,7.3459348156648065,-6.177169262341846,45.52089518495244
hokkaido_29,2026-05-14,1778791292000,8.130121152613338,-4.243014048474819,35.69935404418527
hokkaido_29,2026-05-21,1779395595000,5.754512827573915,-6.324138908719141,45.51847273430376
hokkaido_30,2017-02-18,1487450457000,1.8413087453661754,-10.432223085754229,35.94378340299694
hokkaido_30,2017-02-25,1488054783000,-0.5470989984462115,-11.544878887051617,45.53336272629021
hokkaido_30,2017-03-02,1488487257090,2.120225683464081,-9.470487366917427,35.94597662121612
hokkaido_30,2017-03-09,1489091583000,1.501341176984098,-12.273301685733852,45.536651494071506
hokkaido_30,2017-03-14,1489524057000,2.656680017545967,-9.684762000300793,35.93593642163817
hokkaido_30,2017-03-21,1490128384100,1.7491326943229029,-12.422377108166293,45.542190796773724
hokkaido_30,2017-03-26,1490560857000,3.238299049853298,-10.76756450761328,35.93556218928678
hokkaido_30,2017-04-02,1491165184000,0.518624045395334,-11.276674451667711,45.5396381354279
hokkaido_30,2017-04-07,1491597658140,6.153713927147687,-9.193161814245961,35.93927101490469
hokkaido_30,2017-04-14,1492201985000,3.930481112309603,-10.756376830471083,45.53638103071875
hokkaido_30,2017-04-19,1492634458760,5.652555813110999,-10.117403714652982,35.9412275513238
hokkaido_30,2017-04-26,1493238785360,3.174084014477339,-11.625839996079819,45.53563182509516
hokkaido_30,2017-05-01,1493671259000,5.501403133285371,-9.97644274631596,35.93891279355444
hokkaido_30,2017-05-08,1494275586310,3.503926582802332,-11.717128866597093,45.53153327419714
hokkaido_30,2017-05-13,1494708059970,6.071104967473932,-9.06330619500058,35.93481174684049
hokkaido_30,2017-05-20,1495312386000,4.987329038579078,-11.105313428197817,45.53636462515875
hokkaido_30,2017-05-25,1495744860000,5.979996708846396,-8.658428822301294,35.939454576159626
hokkaido_30,2017-06-01,1496349187000,4.332804464107012,-10.318199363262908,45.54222718749382
hokkaido_30,2017-06-06,1496781661000,5.892602732950142,-8.804623800072156,35.93502462822797
hokkaido_30,2017-06-13,1497385988000,4.938299829374152,-12.05490853659698,45.537871299717445
hokkaido_30,2017-06-18,1497818461000,5.196794655196482,-7.2746676027620865,35.940040002451276
hokkaido_30,2017-06-25,1498422789000,3.4841158301145807,-10.97749209892451,45.53383920109841
hokkaido_30,2017-06-30,1498855262000,5.776024218692353,-8.532058740897995,35.94209875324221
hokkaido_30,2017-07-07,1499459589000,4.8867134737309055,-11.33487542392629,45.53613880812676
hokkaido_30,2017-07-12,1499892063000,5.397765384020924,-9.011334618408005,35.93964983444877
hokkaido_30,2017-07-19,1500496390000,4.393045438517964,-11.330381540449954,45.54031141493056
hokkaido_30,2017-07-24,1500928864000,5.77275532993268,-8.612180480348108,35.93922100668484
hokkaido_30,2017-07-31,1501533191000,4.183701080208196,-11.705582745853789,45.53621332313638
hokkaido_30,2017-08-05,1501965664000,5.22371797210936,-7.490671371839735,35.933532397016585
hokkaido_30,2017-08-12,1502569991000,5.163293902558107,-11.410704117949155,45.5373875643027
hokkaido_30,2017-08-17,1503002465000,5.237225025639558,-8.341664980974965,35.940863839245154
hokkaido_30,2017-08-24,1503606792000,4.700569739168559,-11.718994503214669,45.53473165516323
hokkaido_30,2017-08-29,1504039265000,5.7876206598266355,-7.247999474471543,35.94023877006741
hokkaido_30,2017-09-05,1504643592000,4.865181822456769,-12.335469132930147,45.53562040855903
hokkaido_30,2017-09-10,1505076066000,5.679811642699354,-8.378723293437046,35.93826761051102
hokkaido_30,2017-09-17,1505680393000,4.536353065616416,-12.403081898618744,45.53392215922884
hokkaido_30,2017-09-22,1506112866000,5.485630933558727,-7.584415453183478,35.938698375631816
hokkaido_30,2017-09-29,1506717193000,4.047035550461383,-10.067845908925225,45.53833898910368
hokkaido_30,2017-10-04,1507149666000,6.7623091809896065,-8.714824843281779,35.93789762368351
hokkaido_30,2017-10-11,1507753993000,4.358087633739798,-10.819005190492476,45.538812834268924
hokkaido_30,2017-10-16,1508186467000,6.245794606226871,-9.148573291439856,35.939074487595626
hokkaido_30,2017-10-23,1508790793000,4.833807732563548,-10.28574187681683,45.53471205286568
hokkaido_30,2017-10-28,1509223267000,6.009725336508795,-9.79899885370778,35.937992556022884
hokkaido_30,2017-11-04,1509827593000,4.808427326633092,-10.244569535424105,45.532215727619906
hokkaido_30,2017-11-09,1510260066000,5.357383083680444,-9.275078877016995,35.94100633241288
hokkaido_30,2017-11-16,1510864393000,3.3615722587147117,-9.719894581631122,45.53616613466268
hokkaido_30,2017-11-21,1511296866000,3.7233324038861513,-8.787971484348683,35.93535084023422
hokkaido_30,2017-11-28,1511901193000,3.902790299294473,-11.271687841905257,45.53300632073881
hokkaido_30,2017-12-03,1512333666000,5.515136524541539,-9.411721837753552,35.935434892990294
hokkaido_30,2017-12-10,1512937992000,-0.04503392671976236,-12.27991068076218,45.54086559721568
hokkaido_30,2017-12-15,1513370465000,1.6291816272614719,-10.052590875578847,35.935309364810614
hokkaido_30,2017-12-22,1513974791000,1.3554420347982314,-13.420299054588591,45.539162939569
hokkaido_30,2017-12-27,1514407265000,2.603348145583939,-12.193798828207472,35.94252480460861
hokkaido_30,2018-01-03,1515011591000,1.0649170406753015,-10.986568300078675,45.535153366017866
hokkaido_30,2018-01-08,1515444064000,5.9817737718769735,-9.687426745258293,35.941328990435366
hokkaido_30,2018-01-15,1516048391000,1.8434500293640466,-14.04532414710714,45.53242385259704
hokkaido_30,2018-01-20,1516480864000,2.379829750060081,-11.710746336927766,35.934558432398795
hokkaido_30,2018-01-27,1517085190000,-1.00252420384918,-13.36306627359711,45.539113563119656
hokkaido_30,2018-02-01,1517517664000,0.5469972591547033,-10.793234743556518,35.93394092914186
hokkaido_30,2018-02-08,1518121990000,0.408404644188783,-14.523260307929135,45.537822550729125
hokkaido_30,2018-02-13,1518554463000,-0.8965253813110677,-11.79837389916145,35.93339338973345
hokkaido_30,2018-02-20,1519158790000,-2.0200268618787987,-12.253169522474494,45.539419452726584
hokkaido_30,2018-02-25,1519591263000,0.16012051254155704,-8.733460803328363,35.94146259121215
hokkaido_30,2018-03-04,1520195590000,1.594299546412271,-14.195152844887078,45.53722148531372
hokkaido_30,2018-03-09,1520628063000,2.982936252264506,-11.369331410958075,35.94698944122648
hokkaido_30,2018-03-16,1521232390000,2.5849687115475306,-12.019354612944566,45.533742032357665
hokkaido_30,2018-03-21,1521664863000,1.3970285531349245,-10.786754751761888,35.94687682864492
hokkaido_30,2018-03-28,1522269190000,2.419675491909867,-13.405135775882146,45.535895734188706
hokkaido_30,2018-04-02,1522701664000,1.281497682960468,-9.545364083677867,35.940116693325066
hokkaido_30,2018-04-09,1523305991000,1.087018361874542,-12.606098732485712,45.539813534515076
hokkaido_30,2018-04-14,1523738464000,5.517323271190536,-9.110763177762262,35.93762885567924
hokkaido_30,2018-04-26,1524775265000,3.052334187703984,-9.435149965352867,35.93810345024607
hokkaido_30,2018-05-03,1525379592000,5.022849199299589,-12.453194024135957,45.538123033232814
hokkaido_30,2018-05-08,1525812065000,4.500686192587874,-9.230036028387168,35.94037332897139
hokkaido_30,2018-05-15,1526416392000,4.085584658290103,-14.031854141628415,45.5328535109632
hokkaido_30,2018-05-20,1526848866000,3.3258582308610647,-9.67473924601424,35.942133991917174
hokkaido_30,2018-05-27,1527453193000,3.2684377392520303,-13.635433258020287,45.53636406261108
hokkaido_30,2018-06-01,1527885667000,3.2774057419644147,-10.681626651809683,35.9434983733206
hokkaido_30,2018-06-08,1528489994000,2.936062970724863,-13.529629587467971,45.53963661425228
hokkaido_30,2018-06-13,1528922468000,5.1165907109075155,-9.221348606823067,35.93446961127113
hokkaido_30,2018-06-20,1529526795000,4.155507357001185,-12.525368465617468,45.54183564142704
hokkaido_30,2018-06-25,1529959268000,4.7978192077745865,-8.466418550724372,35.93586993439028
hokkaido_30,2018-07-02,1530563595000,4.088528641185163,-13.293585708115456,45.54071680344973
hokkaido_30,2018-07-14,1531600396000,4.8216473528525245,-12.579900278088061,45.53603368430542
hokkaido_30,2018-07-19,1532032870000,5.638735971856742,-9.745568445864691,35.94287507497407
hokkaido_30,2018-07-26,1532637197000,5.5392026974314,-12.52490325182139,45.536842813202846
hokkaido_30,2018-07-31,1533069670000,5.331899491093946,-8.315865656646942,35.944873899191315
hokkaido_30,2018-08-07,1533673997000,6.314840062808623,-11.697923648294779,45.5240399518351
hokkaido_30,2018-08-12,1534106471000,6.545054620045022,-9.014340605738791,35.938191076573744
hokkaido_30,2018-08-19,1534710798000,4.39598800614504,-13.020050781778036,45.54069151219189
hokkaido_30,2018-08-24,1535143272000,7.16894198948164,-8.893884804157302,35.92684824018014
hokkaido_30,2018-08-31,1535747599000,4.350372677786732,-11.550134879150036,45.5355984278647
hokkaido_30,2018-09-05,1536180072000,8.354907733927362,-8.636751486373749,35.937703912417675
hokkaido_30,2018-09-12,1536784399000,2.6590967872916926,-12.299902033993005,45.539102554321296
hokkaido_30,2018-09-17,1537216873000,5.972708800730884,-9.833836239657833,35.94081767191178
hokkaido_30,2018-09-24,1537821199000,2.8652921753925873,-11.068917462899597,45.53570356382514
hokkaido_30,2018-09-29,1538253673000,5.637587579524666,-8.550524873996086,35.940523845092386
hokkaido_30,2018-10-06,1538858000000,5.125605948734757,-11.865202585520723,45.53836636022036
hokkaido_30,2018-10-11,1539290473000,7.2475967334284395,-7.766955723459121,35.93622665898686
hokkaido_30,2018-10-18,1539894800000,0.01841950695389073,-11.54681970302846,45.537353425203705
hokkaido_30,2018-10-23,1540327273000,5.296830846239264,-9.568668534787482,35.936660564569884
hokkaido_30,2018-10-30,1540931600000,0.7018823575872674,-12.361918702613998,45.537224995426996
hokkaido_30,2018-11-04,1541364073000,6.455351426323982,-9.544298632374154,35.936331845678474
hokkaido_30,2018-11-11,1541968400000,2.606202369663182,-13.015944847265315,45.533326885241145
hokkaido_30,2018-11-16,1542400873000,6.286229791552806,-10.288748341471074,35.94050050056731
hokkaido_30,2018-11-23,1543005199000,1.6944141403664335,-9.189528066200202,45.53358659653657
hokkaido_30,2018-11-28,1543437672000,4.751585930734464,-11.169353570836263,35.94225397188962
hokkaido_30,2018-12-05,1544041999000,4.626063772396844,-12.028395835364499,45.529795271141346
hokkaido_30,2018-12-10,1544474472000,1.80139514097511,-10.845481888541393,35.937064512865994
hokkaido_30,2018-12-22,1545511272000,2.3028184410911736,-10.049796022250153,35.932370246708494
hokkaido_30,2018-12-29,1546115598000,4.172281042260887,-10.895214305396493,45.5379034049684
hokkaido_30,2019-01-03,1546548071000,4.0674101574372585,-11.378851054199524,35.93499879523061
hokkaido_30,2019-01-10,1547152397000,0.12392483374750195,-11.853588847992347,45.53752240057447
hokkaido_30,2019-01-15,1547584871000,1.8197892609374307,-12.434648796147233,35.94175328649656
hokkaido_30,2019-01-22,1548189197000,1.7013373278492436,-12.86994141314478,45.53221860661542
hokkaido_30,2019-01-27,1548621671000,4.702336823038557,-10.509498415950873,35.93758675526504
hokkaido_30,2019-02-03,1549225997000,3.8896879016734185,-13.168419815103864,45.53562169163673
hokkaido_30,2019-02-08,1549658470000,1.0498388335927717,-12.179018750563301,35.938976505032315
hokkaido_30,2019-02-15,1550262797000,0.8986835364198391,-13.324589942487197,45.538248987679516
hokkaido_30,2019-02-20,1550695270000,6.601601151451322,-13.257324552969894,35.93433048739093
hokkaido_30,2019-02-27,1551299597000,1.1232458932689375,-13.72291441902785,45.53646927604582
hokkaido_30,2019-03-04,1551732070000,3.4621433671028967,-10.082084836885615,35.9304481223663
hokkaido_30,2019-03-11,1552336396000,2.949812130981665,-14.426324184274776,45.537413387340955
hokkaido_30,2019-03-16,1552768870000,5.422454362964749,-11.341252426576116,35.94044358813658
hokkaido_30,2019-03-23,1553373197000,2.3354898427267727,-13.003332309266675,45.5337594095866
hokkaido_30,2019-03-28,1553805670000,4.432785565193578,-13.236579189272135,35.94040919400014
hokkaido_30,2019-04-04,1554409997000,3.4962969376122954,-14.215595416813956,45.53015257706421
hokkaido_30,2019-04-09,1554842470000,1.6099829673063588,-12.694361048032105,35.94224851634489
hokkaido_30,2019-04-16,1555446797000,2.183274853096841,-14.218766377730951,45.53133327893924
hokkaido_30,2019-04-21,1555879271000,0.3118754657882736,-11.874100608385445,35.93402117047109
hokkaido_30,2019-04-28,1556483598000,2.4054630943830353,-13.638474377846519,45.53411127345974
hokkaido_30,2019-05-03,1556916071000,1.9253214579511637,-11.446434876343321,35.930817904748764
hokkaido_30,2019-05-15,1557952872000,1.6197397950173462,-12.529531157060267,35.93617679085113
hokkaido_30,2019-05-22,1558557199000,1.9440609744307704,-13.82674211562135,45.53469951857657
hokkaido_30,2019-06-03,1559593999000,1.5365258422961843,-11.678740657116599,45.533073557978106
hokkaido_30,2019-06-08,1560026473000,6.917470227264764,-10.606976556073244,35.94458675615808
hokkaido_30,2019-06-15,1560630800000,2.0976290468387586,-12.612666735261577,45.5377168892417
hokkaido_30,2019-06-20,1561063274000,6.069091624455931,-11.53012112491274,35.94069025954027
hokkaido_30,2019-06-27,1561667601000,2.8464308612110374,-12.511525792672217,45.53867660303641
hokkaido_30,2019-07-02,1562100075000,6.16989057689096,-11.764384488368673,35.934739063552584
hokkaido_30,2019-07-09,1562704402000,2.3883845581564955,-13.026032901717919,45.54210752005529
hokkaido_30,2019-07-14,1563136875000,8.444029510905846,-8.639073061869793,35.93652190869443
hokkaido_30,2019-07-21,1563741202000,5.021725832429525,-12.239338729233927,45.5376197808765
hokkaido_30,2019-07-26,1564173676000,8.381004440933458,-8.037158500480778,35.94193294723243
hokkaido_30,2019-08-02,1564778003000,5.321281661355711,-12.566350352790272,45.536599987350506
hokkaido_30,2019-08-07,1565210477000,7.36037496187311,-8.663985522873139,35.94099124886094
hokkaido_30,2019-08-14,1565814804000,4.229016093477315,-12.043331300312614,45.53443126389181
hokkaido_30,2019-08-19,1566247278000,7.489333967507177,-8.49865893242909,35.936106312503945
hokkaido_30,2019-08-26,1566851605000,4.749112149415822,-11.393273529481661,45.537379423005675
hokkaido_30,2019-09-07,1567888405000,5.823366305202597,-11.664447638766651,45.53910537408134
hokkaido_30,2019-09-12,1568320879000,7.080262231271913,-8.086344094805343,35.94028998511786
hokkaido_30,2019-09-19,1568925206000,3.6909843145312715,-13.255993899499607,45.53826471861558
hokkaido_30,2019-09-24,1569357679000,7.720242602574583,-7.553857841927658,35.93552531202713
hokkaido_30,2019-10-01,1569962006000,4.543676874440606,-11.918159754056589,45.53191035569317
hokkaido_30,2019-10-06,1570394480000,7.911235680852779,-8.049732020374686,35.9397477452442
hokkaido_30,2019-10-13,1570998806000,4.558511900362,-11.898659875606054,45.5370491636207
hokkaido_30,2019-10-18,1571431279000,8.000434900374986,-9.236918336113717,35.94167158929945
hokkaido_30,2019-10-25,1572035606000,10.306575037744361,-13.300628054782829,45.54003574111578
hokkaido_30,2019-10-30,1572468080000,8.596364451823126,-8.585979461292439,35.93615994286745
hokkaido_30,2019-11-06,1573072406000,3.4002720338953174,-12.4420016932103,45.536711139891096
hokkaido_30,2019-11-11,1573504880000,6.691373550871134,-10.97841101612005,35.934418858687735
hokkaido_30,2019-11-18,1574109206000,3.114123837274091,-10.924445795176188,45.53708676408088
hokkaido_30,2019-11-23,1574541679000,5.133681963625236,-9.587916994989829,35.9365458127896
hokkaido_30,2019-11-30,1575146006000,3.5019610693183516,-10.520707799918048,45.52779940672595
hokkaido_30,2019-12-05,1575578479000,4.4010777201293,-9.43933287619922,35.94273775119976
hokkaido_30,2019-12-12,1576182805000,3.807425717523424,-11.83824248616525,45.52604500166839
hokkaido_30,2019-12-17,1576615278000,4.038683615807387,-10.081512940025139,35.93888052706287
hokkaido_30,2019-12-24,1577219605000,2.560029727287615,-11.437458822375158,45.526149735116554
hokkaido_30,2019-12-29,1577652078000,2.367743413556492,-9.304000369421777,35.933772171619495
hokkaido_30,2020-01-05,1578256404000,6.221534215037467,-14.243660829879724,45.5383625165681
hokkaido_30,2020-01-10,1578688877000,3.281644565462679,-9.806138764980108,35.93124655387924
hokkaido_30,2020-01-22,1579725677000,3.241803372576696,-11.00145755301538,35.93478264395646
hokkaido_30,2020-01-29,1580330003000,8.14887744505323,-12.43695859648491,45.54711050626674
hokkaido_30,2020-02-03,1580762477000,3.4134071665956727,-9.241791396735795,36.05893809711369
hokkaido_30,2020-02-10,1581366803000,0.9967635668034537,-10.100206689238911,45.53889774915017
hokkaido_30,2020-02-15,1581799276000,2.158612057775979,-10.138356980612919,36.06217720890758
hokkaido_30,2020-02-22,1582403603000,0.7063351930561128,-13.05352405557044,45.54106904927966
hokkaido_30,2020-02-27,1582836076000,-0.011719618576041918,-12.199296953329961,36.05969420539009
hokkaido_30,2020-03-05,1583440403000,-0.183977170348025,-13.270155405475315,45.54351843708693
hokkaido_30,2020-03-10,1583872876000,9.230662483107976,-9.300133882032743,36.051305051039805
hokkaido_30,2020-03-17,1584477203000,4.414341581113773,-10.095581540051176,45.54509671734725
hokkaido_30,2020-03-22,1584909676000,5.118661820527736,-10.68475877981694,36.05240760033653
hokkaido_30,2020-03-29,1585514003000,4.930853064739853,-11.150736716323356,45.545670684487305
hokkaido_30,2020-04-03,1585946477000,4.013431328774845,-9.743682089892483,36.058864993427555
hokkaido_30,2020-04-10,1586550803000,4.994401109215569,-11.179253380881446,45.54524574349156
hokkaido_30,2020-04-15,1586983277000,3.1873364874756716,-10.320385496402624,36.061854763720596
hokkaido_30,2020-04-22,1587587604000,4.453968726893741,-11.748900113335372,45.53952905520044
hokkaido_30,2020-04-27,1588020078000,6.469666371651234,-8.831904703745455,36.06085329872341
hokkaido_30,2020-05-04,1588624404000,5.1597728512399,-11.747902983723161,45.543039361218234
hokkaido_30,2020-05-09,1589056878000,6.525828061760847,-9.477654666874795,36.06217027013768
hokkaido_30,2020-05-16,1589661205000,4.859302595627902,-11.973791601026726,45.546608679844496
hokkaido_30,2020-05-21,1590093679000,4.09779724728623,-9.633046874721172,36.05730970623424
hokkaido_30,2020-05-28,1590698006000,5.71342729672215,-12.476013264816839,45.54943677043376
hokkaido_30,2020-06-02,1591130479000,5.497230006485259,-10.296242409235917,36.060611332673986
hokkaido_30,2020-06-09,1591734807000,4.1251418624955285,-12.858439870010752,45.54583045166608
hokkaido_30,2020-06-14,1592167280000,4.225299682658482,-10.392340099276375,36.05820081768241
hokkaido_30,2020-06-21,1592771607000,4.578228288110688,-12.72790892713241,45.540130055385085
hokkaido_30,2020-06-26,1593204081000,5.5391215923933075,-8.873725900641292,36.062252882614885
hokkaido_30,2020-07-03,1593808408000,5.666987692699727,-13.415857567515431,45.54434130149435
hokkaido_30,2020-07-08,1594240882000,6.372235738163154,-8.245569967471463,36.06131947125001
hokkaido_30,2020-07-15,1594845209000,4.442093278029784,-12.139607714026834,45.54809279683577
hokkaido_30,2020-07-20,1595277682000,6.375891161025831,-9.58220189832491,36.05516177835055
hokkaido_30,2020-07-27,1595882010000,4.924874322434706,-13.24489764496169,45.54207403508212
hokkaido_30,2020-08-01,1596314483000,6.197733833711238,-9.841030911471607,36.05286535809892
hokkaido_30,2020-08-08,1596918810000,4.714649696334132,-13.142284122953537,45.54557371534882
hokkaido_30,2020-08-13,1597351284000,6.424021000619273,-8.911948430995208,36.060353535842594
hokkaido_30,2020-08-20,1597955611000,4.663643668825711,-12.485231488812317,45.54412898076767
hokkaido_30,2020-08-25,1598388085000,6.159368053524462,-10.54086331966672,36.059019892528816
hokkaido_30,2020-09-01,1598992411000,5.363052048886798,-11.723566152098673,45.544312743213034
hokkaido_30,2020-09-06,1599424885000,6.988316413627786,-9.625921406425666,36.05688081138444
hokkaido_30,2020-09-13,1600029212000,5.494004274876791,-13.171046713610918,45.5437429114643
hokkaido_30,2020-09-18,1600461685000,6.490307807509393,-9.037825635839335,36.054798645075046
hokkaido_30,2020-09-25,1601066012000,4.969678364850868,-12.173888497110275,45.54433617729861
hokkaido_30,2020-09-30,1601498486000,5.007753260264951,-8.161269026957747,36.057266698790635
hokkaido_30,2020-10-07,1602102813000,5.259966785634343,-13.532485671687137,45.54232959065706
hokkaido_30,2020-10-12,1602535286000,5.96679222533579,-8.07424727741561,36.05628842055195
hokkaido_30,2020-10-19,1603139613000,4.224423897065443,-12.676442108969521,45.54366351814222
hokkaido_30,2020-10-24,1603572086000,5.418586660115904,-6.909841635814077,36.05999244278333
hokkaido_30,2020-10-31,1604176413000,4.56422588143558,-12.127286326052223,45.540557949988234
hokkaido_30,2020-11-05,1604608886000,5.503806175532934,-8.643571592119294,36.055539530296336
hokkaido_30,2020-11-12,1605213212000,2.8073900727818355,-12.214206020218226,45.544490237765835
hokkaido_30,2020-11-17,1605645686000,4.656570416680812,-8.295170392652603,36.05390764782233
hokkaido_30,2020-11-29,1606682485000,5.610737877002905,-10.389649795233215,36.05574383037941
hokkaido_30,2020-12-06,1607286812000,2.338006930027206,-13.526411923714967,45.54375330324411
hokkaido_30,2020-12-11,1607719285000,5.398229407049338,-9.704527260533249,36.056102855972966
hokkaido_30,2020-12-18,1608323611000,3.7295910578023936,-12.91673338801994,45.5406549072883
hokkaido_30,2020-12-23,1608756084000,5.604615292369756,-10.777802870778972,36.060817802523225
hokkaido_30,2020-12-30,1609360411000,2.0293454369315067,-13.677137951496812,45.53810969518746
hokkaido_30,2021-01-04,1609792884000,4.324841374546982,-9.096329537361173,36.059461211387564
hokkaido_30,2021-01-11,1610397210000,2.0596001832049122,-12.920092354484597,45.54124088021426
hokkaido_30,2021-01-16,1610829683000,1.9566834002112894,-10.101978896717306,36.05584563854201
hokkaido_30,2021-01-23,1611434009000,0.7896410845944134,-19.236884221620755,45.54578039929475
hokkaido_30,2021-01-28,1611866483000,2.4529124648195784,-10.607427392604366,36.04925875284642
hokkaido_30,2021-02-04,1612470809000,7.759145671875669,-14.593418793686633,45.546281818045216
hokkaido_30,2021-02-09,1612903282000,2.996489541253889,-12.979210505162552,36.050658356305
hokkaido_30,2021-02-16,1613507609000,-0.9920768672760368,-12.5617625119124,45.54592856542964
hokkaido_30,2021-02-21,1613940082000,4.9183280514556555,-12.05398208979296,36.06197887874657
hokkaido_30,2021-02-28,1614544409000,1.039822853856972,-13.894606248115357,45.54196303363381
hokkaido_30,2021-03-05,1614976882000,4.098007334202494,-10.127133136662694,36.06558751799581
hokkaido_30,2021-03-12,1615581209000,2.0219001577543576,-12.805766713659121,45.540838981287315
hokkaido_30,2021-03-17,1616013682000,6.133070308939323,-13.576804206608829,36.06500358141297
hokkaido_30,2021-03-24,1616618009000,0.47345144133573447,-13.607221189234195,45.545295448634675
hokkaido_30,2021-03-29,1617050482000,5.513185432475216,-12.595221610278836,36.05648845830749
hokkaido_30,2021-04-05,1617654809000,-0.07831049186407368,-11.766376561347984,45.547446099685615
hokkaido_30,2021-04-10,1618087283000,4.5490288683636955,-8.44278466141227,36.05619796666565
hokkaido_30,2021-04-17,1618691610000,7.92583191028124,-11.631484606110579,45.54872011868751
hokkaido_30,2021-04-22,1619124083000,5.569039672952974,-8.792861539241846,36.06024888136759
hokkaido_30,2021-04-29,1619728410000,3.2862572522731344,-12.862782315520658,45.54756095921702
hokkaido_30,2021-05-04,1620160884000,6.842287791410665,-10.031310622040362,36.06204364210899
hokkaido_30,2021-05-11,1620765211000,4.473464659448202,-12.738069268862118,45.53975599577933
hokkaido_30,2021-05-16,1621197684000,8.95503844833062,-10.245566667020466,36.06110876523532
hokkaido_30,2021-05-23,1621802011000,5.340022310789597,-11.991447034546026,45.54214239526056
hokkaido_30,2021-05-28,1622234485000,7.1739566775299775,-9.118316268665339,36.05696774068287
hokkaido_30,2021-06-04,1622838812000,5.70280636124639,-12.279350930195431,45.54717197340992
hokkaido_30,2021-06-09,1623271286000,6.594758635739923,-9.848573255589468,36.055523155912454
hokkaido_30,2021-06-16,1623875613000,5.941536579482706,-11.706589293470532,45.5450895807369
hokkaido_30,2021-06-21,1624308087000,6.861473266916789,-8.369085108009807,36.05702590171892
hokkaido_30,2021-06-28,1624912414000,4.789849660184382,-11.791565269024625,45.54531090997607
hokkaido_30,2021-07-03,1625344887000,5.865297577107566,-8.615575230177225,36.05922246345514
hokkaido_30,2021-07-10,1625949214000,5.9510731214826365,-11.917885513271948,45.54141073637381
hokkaido_30,2021-07-15,1626381688000,6.785997292017295,-7.726232380551199,36.06007861339837
hokkaido_30,2021-07-22,1626986015000,4.998354740446918,-11.460339698551522,45.54368918899287
hokkaido_30,2021-07-27,1627418489000,6.278393393623206,-9.013138218001544,36.06556763826163
hokkaido_30,2021-08-03,1628022816000,5.583128106539321,-11.94411247315532,45.54332028979716
hokkaido_30,2021-08-08,1628455289000,4.973386628969572,-8.419587907166411,36.056230514535635
hokkaido_30,2021-08-15,1629059616000,5.504819125318421,-11.335363503512388,45.544784936792894
hokkaido_30,2021-08-20,1629492090000,7.09903250909414,-8.690831367098491,36.054460620668245
hokkaido_30,2021-08-27,1630096417000,6.036378649568348,-10.77698291825199,45.54491494871863
hokkaido_30,2021-09-01,1630528905000,6.1857546869441284,-9.294879774018666,35.572510168428686
hokkaido_30,2021-09-08,1631133218000,6.482916181942641,-12.567962374244779,45.54574535937955
hokkaido_30,2021-09-13,1631565705000,6.488978076044098,-8.892724189957395,35.5687688850281
hokkaido_30,2021-09-20,1632170018000,5.121167252460126,-10.846290581309509,45.54399989705559
hokkaido_30,2021-09-25,1632602506000,5.935735238110282,-9.066323278930378,35.56470017371441
hokkaido_30,2021-10-02,1633206818000,5.472880360587682,-11.568876769168991,45.54321961935925
hokkaido_30,2021-10-07,1633639303000,7.989390151613494,-9.29359455927299,35.70483344074016
hokkaido_30,2021-10-14,1634243607000,6.982288484192018,-11.26521878740723,45.525172866343
hokkaido_30,2021-10-19,1634676103000,8.87433855620885,-9.876878122025909,35.70260423868865
hokkaido_30,2021-10-26,1635280407000,6.036436991852016,-11.753370937772434,45.52174026476931
hokkaido_30,2021-10-31,1635712903000,7.43571586410877,-7.941173262923412,35.70633886856905
hokkaido_30,2021-11-07,1636317207000,5.650125587735283,-11.270654360435147,45.522229122647474
hokkaido_30,2021-11-12,1636749703000,7.275615008865769,-8.486631760255909,35.70823919785161
hokkaido_30,2021-11-19,1637354007000,5.112770957510531,-12.012617402693111,45.51680648011326
hokkaido_30,2021-11-24,1637786503000,6.173100969170072,-8.859479415877203,35.70258981732857
hokkaido_30,2021-12-01,1638390806000,3.954003183647255,-12.069088617914687,45.52029071944349
hokkaido_30,2021-12-06,1638823302000,4.775553910945036,-10.05756742116923,35.70250358951304
hokkaido_30,2021-12-13,1639427606000,1.4672833822807425,-11.086169221869723,45.51763260097269
hokkaido_30,2021-12-18,1639860102000,3.539761810363755,-8.97192406049601,35.70078092401679
hokkaido_30,2021-12-30,1640896901000,4.874009160652566,-7.8105362627370996,35.708149444888335
hokkaido_30,2022-01-06,1641501205000,0.2393206834465882,-12.86968270975622,45.51656217611731
hokkaido_30,2022-01-11,1641933701000,-1.7920150662355325,-13.208448509989113,35.70681480165193
hokkaido_30,2022-01-18,1642538004000,-1.6172543928907301,-12.974736900304176,45.52205930029855
hokkaido_30,2022-01-23,1642970500000,0.45712664748297943,-10.789403334630473,35.70660099899425
hokkaido_30,2022-01-30,1643574804000,-1.00062844054746,-12.681071661867044,45.520438804241145
hokkaido_30,2022-02-04,1644007299000,1.6597839671758126,-9.204369467834319,35.70768980308088
hokkaido_30,2022-02-11,1644611603000,-0.799140730157264,-10.889800553328326,45.52408886148472
hokkaido_30,2022-02-16,1645044099000,-0.643485918013196,-11.539881413240085,35.70575779810178
hokkaido_30,2022-02-23,1645648403000,-2.5590120974434383,-14.050754849844427,45.52404505458079
hokkaido_30,2022-02-28,1646080899000,-1.7532884398924065,-13.21503725373846,35.70435556560718
hokkaido_30,2022-03-07,1646685203000,-2.7093382132451076,-12.892410121576365,45.52544806192302
hokkaido_30,2022-03-12,1647117699000,-1.0104484118603079,-13.649032309884372,35.710133332531875
hokkaido_30,2022-03-19,1647722003000,-0.5942712782826055,-12.93097249812493,45.51935757573857
hokkaido_30,2022-03-24,1648154500000,5.869685579604671,-6.887955243220834,35.70938782689061
hokkaido_30,2022-03-31,1648758803000,2.6072175585813544,-11.36040055301494,45.520109160036675
hokkaido_30,2022-04-05,1649191300000,4.25272366556302,-9.77350618592335,35.710344140828866
hokkaido_30,2022-04-12,1649795604000,3.4221901511631545,-12.289177197729709,45.525056782732115
hokkaido_30,2022-04-17,1650228100000,3.986150208250956,-10.84733699288784,35.705902101152226
hokkaido_30,2022-04-24,1650832405000,2.6027237101660603,-12.959700582979403,45.52318136988561
hokkaido_30,2022-04-29,1651264901000,3.5062607571533695,-8.605422561360221,35.705752077731255
hokkaido_30,2022-05-11,1652301701000,4.7363988994354616,-9.966464039716053,35.707898094503875
hokkaido_30,2022-05-30,1653942807000,5.95769125522032,-11.419076098311555,45.521064809153124
hokkaido_30,2022-06-04,1654375303000,6.811635392343154,-9.800015383631507,35.706485498702584
hokkaido_30,2022-06-11,1654979608000,5.812661154344558,-11.893717722858941,45.51828258527508
hokkaido_30,2022-06-16,1655412104000,7.040173214698267,-9.753051880514896,35.70965743002126
hokkaido_30,2022-06-23,1656016408000,6.099948703514569,-12.607194171858922,45.52098459180134
hokkaido_30,2022-06-28,1656448905000,8.454840260607927,-9.94847159360113,35.702213794692796
hokkaido_30,2022-07-05,1657053209000,6.783130986534392,-12.348149899350213,45.52438688268568
hokkaido_30,2022-07-10,1657485705000,7.762836829235015,-9.88346364921058,35.703756019388756
hokkaido_30,2022-07-17,1658090010000,7.137565507167007,-12.42259038484776,45.52333732601895
hokkaido_30,2022-07-22,1658522506000,8.45737360608563,-9.226252012918046,35.709366861721776
hokkaido_30,2022-07-29,1659126811000,5.83626563226421,-13.506336548531767,45.52085517180755
hokkaido_30,2022-08-03,1659559307000,7.395962971713227,-9.59117767980853,35.707552893059
hokkaido_30,2022-08-10,1660163611000,7.40259740288531,-11.645043683175448,45.52411212712731
hokkaido_30,2022-08-15,1660596108000,7.884015696515022,-8.79681533964815,35.70706570945766
hokkaido_30,2022-08-22,1661200412000,6.951324133891389,-12.606527826398453,45.5209704152645
hokkaido_30,2022-08-27,1661632908000,7.251477046957939,-9.633171458596184,35.70432586839602
hokkaido_30,2022-09-03,1662237213000,6.073765420625204,-12.662979713810206,45.5174977179969
hokkaido_30,2022-09-08,1662669709000,7.081502615851183,-10.147494852470542,35.69755345389057
hokkaido_30,2022-09-15,1663274013000,5.1774536005587155,-12.028090261018038,45.522348830097854
hokkaido_30,2022-09-20,1663706508000,7.125001952914203,-8.335220680835357,35.72295821668934
hokkaido_30,2022-09-27,1664310813000,6.684479614436126,-11.677266592660917,45.52327499204544
hokkaido_30,2022-10-02,1664743309000,6.485817997887739,-8.315209066134539,35.70765565030487
hokkaido_30,2022-10-09,1665347613000,6.974925513262481,-12.427964265859048,45.52306513100717
hokkaido_30,2022-10-14,1665780109000,6.821667502023866,-8.450664257408905,35.70843664972203
hokkaido_30,2022-10-21,1666384413000,8.57388003068748,-16.695996856434192,45.5263319723572
hokkaido_30,2022-10-26,1666816909000,5.821295972437081,-8.521357291662111,35.69869529904561
hokkaido_30,2022-11-07,1667853709000,4.780594326902993,-8.433854824970895,35.707792463060066
hokkaido_30,2022-11-14,1668458013000,9.715898359463113,-11.93843493057803,45.52503674326883
hokkaido_30,2022-11-19,1668890509000,7.106652999107719,-9.08066879447529,35.70397158705963
hokkaido_30,2022-11-26,1669494813000,6.179784674467625,-11.842064766584201,45.51235907693842
hokkaido_30,2022-12-01,1669927308000,2.9873353423362605,-9.513543800755242,35.70994775406038
hokkaido_30,2022-12-08,1670531612000,4.475949990777383,-11.536010083290625,45.50911308973184
hokkaido_30,2022-12-13,1670964108000,4.412609632310288,-9.736078318057492,35.70584275781783
hokkaido_30,2022-12-20,1671568411000,-0.48734157366060277,-11.739342796654428,45.523957570908166
hokkaido_30,2022-12-25,1672000907000,0.8276114773981619,-10.450382540191525,35.70563452518348
hokkaido_30,2023-01-01,1672605211000,1.7000106884957604,-11.005274915829037,45.51699956669482
hokkaido_30,2023-01-06,1673037706000,3.406677482016542,-10.131358708783566,35.702613499825674
hokkaido_30,2023-01-18,1674074505000,3.3033403428517847,-10.29188948838692,35.722757214582444
hokkaido_30,2023-01-25,1674678810000,1.9733935446250899,-11.953235611814195,45.52327830150874
hokkaido_30,2023-01-30,1675111306000,2.943488279899354,-7.586301581286756,35.70286857845616
hokkaido_30,2023-02-06,1675715609000,0.12156929217227047,-12.2417559103937,45.51986344321275
hokkaido_30,2023-02-11,1676148105000,0.935425974444367,-10.672365193977404,35.70856781221683
hokkaido_30,2023-02-18,1676752409000,1.3391351957344526,-13.84954357914175,45.523068796557205
hokkaido_30,2023-02-23,1677184905000,1.1389078827330812,-10.345335143026944,35.71272513116694
hokkaido_30,2023-03-02,1677789209000,2.3474046869766902,-14.091356578936766,45.52007599292934
hokkaido_30,2023-03-07,1678221705000,4.74018738188609,-11.182675500516911,35.706303185686
hokkaido_30,2023-03-19,1679258505000,6.2583851334066205,-10.84352538615095,35.70661966615065
hokkaido_30,2023-03-26,1679862809000,3.164055781181228,-13.194344995330024,45.52479331880783
hokkaido_30,2023-03-31,1680295305000,3.8295826823213037,-12.345348381155969,35.70792064188755
hokkaido_30,2023-04-07,1680899610000,2.3609872424606273,-13.265806306384137,45.517693158664436
hokkaido_30,2023-04-12,1681332106000,5.740062405213828,-9.643356264250327,35.708166176381745
hokkaido_30,2023-04-19,1681936409000,5.468177737479767,-12.985792981246103,45.531447346696396
hokkaido_30,2023-04-24,1682368906000,4.690033804048449,-10.457528463208929,35.70742657719825
hokkaido_30,2023-05-01,1682973211000,5.531363435180679,-12.876275691857519,45.5196694470242
hokkaido_30,2023-05-06,1683405707000,7.709026197895643,-9.407788839087798,35.69920288027237
hokkaido_30,2023-05-13,1684010011000,4.973169859482934,-12.976435176445296,45.52212803809028
hokkaido_30,2023-05-18,1684442508000,7.037962185440562,-9.142613070083591,35.69884422078534
hokkaido_30,2023-05-25,1685046812000,5.1918418885111155,-12.857777745234358,45.52502074039343
hokkaido_30,2023-05-30,1685479308000,6.386944970849246,-9.312953906535094,35.699421099969356
hokkaido_30,2023-06-06,1686083612000,9.172967013608384,-14.258548697135133,45.52860698044903
hokkaido_30,2023-06-11,1686516109000,6.867320071221679,-8.790427577518477,35.70864499880373
hokkaido_30,2023-06-18,1687120413000,5.259296361894583,-13.561928723113759,45.51920492960982
hokkaido_30,2023-06-23,1687552909000,5.719879295031258,-9.00948076976839,35.704513936054354
hokkaido_30,2023-06-30,1688157213000,7.328842126989616,-12.453919564772727,45.523976846683006
hokkaido_30,2023-07-05,1688589710000,7.895731094302585,-9.358051695650657,35.70628668126491
hokkaido_30,2023-07-12,1689194014000,7.215712911402602,-13.420383307317895,45.52220694513209
hokkaido_30,2023-07-17,1689626511000,7.719813837094151,-8.474176814828919,35.703905183457515
hokkaido_30,2023-07-24,1690230815000,5.807422097683584,-13.072343311987566,45.51965425394191
hokkaido_30,2023-07-29,1690663311000,5.8362095329798205,-9.355681846219555,35.704526100544015
hokkaido_30,2023-08-05,1691267616000,5.684518043152254,-14.035001103334759,45.5182352601639
hokkaido_30,2023-08-10,1691700111000,5.611152585454526,-9.092251433228808,35.72331791591625
hokkaido_30,2023-08-17,1692304417000,5.15531306990112,-13.186617740500358,45.52024128233457
hokkaido_30,2023-08-22,1692736913000,5.313577852392752,-8.988794681129786,35.711724498309
hokkaido_30,2023-08-29,1693341217000,6.87277844516065,-13.08523030595661,45.522566999832044
hokkaido_30,2023-09-03,1693773714000,6.654181612443684,-9.314822414678094,35.7042873478167
hokkaido_30,2023-09-10,1694378018000,6.604261681888441,-11.818504648916692,45.5221360122394
hokkaido_30,2023-09-15,1694810514000,6.678399838396829,-8.506428950409587,35.70181738795223
hokkaido_30,2023-09-22,1695414818000,5.144787389693289,-13.453930631915807,45.5210642966151
hokkaido_30,2023-09-27,1695847314000,5.579316608893227,-8.545561376418442,35.707265087391676
hokkaido_30,2023-10-04,1696451618000,8.873457542129058,-16.136038798831798,45.52857212806124
hokkaido_30,2023-10-09,1696884114000,7.64963477065039,-5.488003046705037,35.71261875114055
hokkaido_30,2023-10-16,1697488418000,5.0735903467263945,-12.906238521256315,45.51975093925569
hokkaido_30,2023-10-21,1697920914000,6.2535139237770325,-8.412601480472986,35.70367250623753
hokkaido_30,2023-11-02,1698957714000,6.169070127665384,-8.291430505592723,35.70798314571767
hokkaido_30,2023-11-14,1699994514000,7.131504733168096,-10.065933369256662,35.69933430234727
hokkaido_30,2023-11-21,1700598818000,5.696954614141384,-11.011598156615833,45.52196979907872
hokkaido_30,2023-11-26,1701031313000,4.0987955067417206,-9.16966221518668,35.70783867909238
hokkaido_30,2023-12-03,1701635617000,2.8337636022184864,-12.10685778832987,45.52090347632345
hokkaido_30,2023-12-08,1702068113000,3.806587192512926,-10.638398887262907,35.704581647243316
hokkaido_30,2023-12-15,1702672417000,2.4665674931706474,-11.966819666773858,45.51617920670793
hokkaido_30,2023-12-20,1703104912000,4.3907660077892725,-11.085253003898078,35.71956809724695
hokkaido_30,2023-12-27,1703709215000,1.4929087465568722,-13.573305215858277,45.523393537695604
hokkaido_30,2024-01-01,1704141711000,2.8025351660533175,-7.945505432476399,35.713789817397156
hokkaido_30,2024-01-08,1704746015000,2.44278451533987,-12.278708749679057,45.52136210436004
hokkaido_30,2024-01-13,1705178511000,4.565180359806377,-10.274126166469632,35.70330408432179
hokkaido_30,2024-01-20,1705782815000,-0.26445037214121764,-12.676908770549892,45.523849678424874
hokkaido_30,2024-01-25,1706215311000,0.33416336844152905,-12.569968061849915,35.70148193874791
hokkaido_30,2024-02-01,1706819614000,-0.5979411161945055,-11.809152470366712,45.524204655575815
hokkaido_30,2024-02-06,1707252110000,1.5288568899448316,-10.979973749374318,35.70851474929295
hokkaido_30,2024-02-13,1707856414000,0.541545656601328,-14.233571505189058,45.52572781646698
hokkaido_30,2024-02-18,1708288910000,-0.7644012599095868,-13.156794459484885,35.70753171464218
hokkaido_30,2024-02-25,1708893214000,-0.24675398306862192,-13.223525213212824,45.51807276819054
hokkaido_30,2024-03-01,1709325710000,1.6547660603782341,-9.935459396369202,35.70909551082355
hokkaido_30,2024-03-08,1709930014000,-0.1690398948438388,-13.827414573490246,45.527427535282655
hokkaido_30,2024-03-13,1710362510000,1.8960848678772129,-12.3198118501913,35.71090969509548
hokkaido_30,2024-03-20,1710966814000,-0.5658909160106698,-12.933655510304565,45.52450360112971
hokkaido_30,2024-03-25,1711399310000,4.258154913563831,-11.214627825960221,35.71241283705682
hokkaido_30,2024-04-01,1712003615000,1.3881282759644975,-11.65985393493854,45.52364057580573
hokkaido_30,2024-04-06,1712436111000,1.1682989460236943,-10.962870264550999,35.70223878518761
hokkaido_30,2024-04-18,1713472911000,4.470291736354404,-10.396668025479642,35.704041511856374
hokkaido_30,2024-04-25,1714077215000,5.472580769922618,-10.799442436960943,45.51662307893387
hokkaido_30,2024-04-30,1714509712000,3.5264158857740373,-9.85902305570395,35.70395044529888
hokkaido_30,2024-05-07,1715114016000,5.641022153517059,-12.322331966452639,45.50538892036118
hokkaido_30,2024-05-12,1715546511000,5.182047925328153,-10.054604836858566,35.70186157411444
hokkaido_30,2024-05-19,1716150815000,5.009974000674162,-11.711563280041391,45.50719803099873
hokkaido_30,2024-05-24,1716583311000,5.014917511542902,-9.687187542237513,35.68791276397273
hokkaido_30,2024-05-31,1717187615000,4.7354425851920965,-11.689462061003546,45.50915101054223
hokkaido_30,2024-06-05,1717620111000,5.500836003479881,-9.776456132185304,35.69021121940228
hokkaido_30,2024-06-12,1718224415000,5.299961799686428,-10.592148196854913,45.50986352401046
hokkaido_30,2024-06-17,1718656910000,7.01628796517762,-10.141149662870507,35.69987174076706
hokkaido_30,2024-06-24,1719261214000,6.5785096555709455,-10.311939965811368,45.50644772480079
hokkaido_30,2024-06-29,1719693710000,5.097320369204727,-11.243077744494157,35.69656179562247
hokkaido_30,2024-07-06,1720298014000,6.169067878009093,-11.08159196687124,45.5038990142465
hokkaido_30,2024-07-11,1720730509000,5.13669896340051,-10.604004865852728,35.696175876710655
hokkaido_30,2024-07-18,1721334813000,5.163088267925303,-11.814418406543748,45.51017729698311
hokkaido_30,2024-07-23,1721767309000,5.178701474187235,-9.843094719749496,35.69717487056495
hokkaido_30,2024-07-30,1722371613000,6.504584378841464,-11.75593071217394,45.514086798881465
hokkaido_30,2024-08-04,1722804109000,5.962850564164423,-11.157696180885702,35.69336375109098
hokkaido_30,2024-08-11,1723408413000,4.996213581213873,-11.375926157667916,45.517972859013575
hokkaido_30,2024-08-16,1723840909000,5.3950586567076355,-10.640451750081088,35.70228974785928
hokkaido_30,2024-08-23,1724445213000,7.081292395118071,-13.38744096043913,45.52226340852669
hokkaido_30,2024-08-28,1724877709000,7.511192165114544,-11.155432760471866,35.70627407273123
hokkaido_30,2024-09-04,1725482013000,6.401923761363356,-13.10453046180798,45.52376909352314
hokkaido_30,2024-09-09,1725914510000,6.033339495146093,-10.878452695387285,35.71142707183271
hokkaido_30,2024-09-16,1726518814000,7.135096799652521,-12.47929481674231,45.51803552771792
hokkaido_30,2024-09-21,1726951310000,6.3497775313332125,-9.957593737155367,35.710943638796955
hokkaido_30,2024-09-28,1727555614000,9.28662903433276,-16.279066812728633,45.52974040644207
hokkaido_30,2024-10-03,1727988110000,6.779853815831939,-10.345817674827481,35.71106134665133
hokkaido_30,2024-10-10,1728592415000,5.035279356817904,-12.460479494128156,45.52402060108429
hokkaido_30,2024-10-15,1729024910000,7.452470650080003,-11.444071915538354,35.709934919229326
hokkaido_30,2024-10-27,1730061711000,6.73670253947779,-9.891408011126384,35.707682588168346
hokkaido_30,2024-11-03,1730666014000,6.080029076539365,-11.921832318784748,45.517523640116
hokkaido_30,2024-11-08,1731098510000,5.6895149506170615,-10.426894512872265,35.70923350146746
hokkaido_30,2024-11-15,1731702814000,5.14625597729471,-13.360030186839511,45.51396273024735
hokkaido_30,2024-11-20,1732135309000,3.993412850152592,-10.577809768059483,35.70227092225255
hokkaido_30,2024-11-27,1732739613000,5.746299502563566,-13.440168247367831,45.513180627191204
hokkaido_30,2024-12-02,1733172109000,5.304900548762781,-9.98256380668108,35.69412508456722
hokkaido_30,2024-12-09,1733776412000,4.13131425739873,-12.612370106552822,45.51185334034455
hokkaido_30,2024-12-14,1734208908000,5.812099251408578,-10.000608394122688,35.69075489063467
hokkaido_30,2024-12-21,1734813211000,4.172695396129836,-12.292156917792322,45.51282969233966
hokkaido_30,2024-12-26,1735245707000,4.307115146830989,-9.67135729685089,35.699381138846896
hokkaido_30,2025-01-02,1735850010000,3.8883256211425477,-11.783039996049853,45.514859055191344
hokkaido_30,2025-01-07,1736282505000,3.3101470724490287,-10.766517294958584,35.70359874055786
hokkaido_30,2025-01-14,1736886809000,3.0723838097810643,-14.25780131099647,45.516077236520644
hokkaido_30,2025-01-19,1737319304000,6.177890320947599,-8.84997421743255,35.704236320994774
hokkaido_30,2025-01-26,1737923608000,1.9451477903194117,-12.894499876129872,45.51535775664845
hokkaido_30,2025-01-31,1738356103000,3.8256336045246067,-9.331358954064829,35.70701612780842
hokkaido_30,2025-02-07,1738960408000,0.8196755732375987,-13.402163688698455,45.51888561710979
hokkaido_30,2025-02-12,1739392903000,6.303187074546247,-12.729011200574798,35.70139430427514
hokkaido_30,2025-02-24,1740429703000,2.662023400540583,-11.701399492681759,35.70841752795768
hokkaido_30,2025-03-03,1741034007000,2.0871073372348055,-12.238880909539498,45.52444693363074
hokkaido_30,2025-03-08,1741466503000,4.099330207477725,-11.291817790157491,35.70741084244527
hokkaido_30,2025-03-15,1742070807000,2.6074279062884744,-13.420320798165369,45.51828377156807
hokkaido_30,2025-03-20,1742503304000,5.407530893726864,-10.29161666288436,35.7051259264534
hokkaido_30,2025-03-27,1743107607000,2.021513681340195,-11.864515954869477,45.518289607327986
hokkaido_30,2025-04-01,1743540104000,5.0677628250147215,-8.831454609734022,35.70022925597713
hokkaido_30,2025-04-08,1744144408000,2.8450052129772487,-11.985571602590223,45.52088793491122
hokkaido_30,2025-04-13,1744576904000,2.5712881283498317,-10.14871405355029,35.704286931813144
hokkaido_30,2025-04-20,1745181208000,6.348519980594106,-11.821584658090309,45.52028885196267
hokkaido_30,2025-04-25,1745613704000,6.7179423900639454,-9.060531026334932,35.694918489330924
hokkaido_30,2025-05-02,1746218008000,6.39984681976259,-12.426674295407834,45.51561778769343
hokkaido_30,2025-05-07,1746650504000,5.425186960484157,-10.222154221577322,35.69624469804118
hokkaido_30,2025-05-14,1747254808000,4.788907569460542,-12.918462869301717,45.50587330153787
hokkaido_30,2025-05-19,1747687303000,5.622815696230463,-9.97919393473218,35.697741458371645
hokkaido_30,2025-05-26,1748291607000,5.591431510673058,-12.43669298143384,45.50146785786987
hokkaido_30,2025-05-31,1748724103000,5.276487016246285,-10.530986988498814,35.69263640278517
hokkaido_30,2025-06-07,1749328407000,5.928682310518633,-12.431337141332907,45.50322133277417
hokkaido_30,2025-06-12,1749760902000,6.358675490102661,-9.670000187650619,35.68764795046096
hokkaido_30,2025-06-19,1750365206000,5.114568514072869,-13.289366568970628,45.507397093259556
hokkaido_30,2025-06-24,1750797702000,6.433844317160075,-10.09117090763959,35.68568667674774
hokkaido_30,2025-07-01,1751402005000,4.833167900810626,-12.836723676102485,45.50722700758657
hokkaido_30,2025-07-06,1751834501000,5.988095066397801,-9.518696470177035,35.690264581020095
hokkaido_30,2025-07-13,1752438805000,3.9657015904970723,-13.21433194611657,45.50544960156147
hokkaido_30,2025-07-18,1752871300000,6.110391448197309,-8.513288024087615,35.69719222732757
hokkaido_30,2025-07-25,1753475604000,5.26271365688452,-12.159592023836614,45.50954153812293
hokkaido_30,2025-07-30,1753908100000,5.159492344433365,-9.724591346054508,35.6988794424328
hokkaido_30,2025-08-06,1754512404000,6.266771866708169,-13.104194940538813,45.51112328045684
hokkaido_30,2025-08-11,1754944900000,5.791097671333453,-10.610425020101335,35.698404938911224
hokkaido_30,2025-08-18,1755549204000,6.612698142567125,-12.546633112618434,45.51954879791562
hokkaido_30,2025-08-23,1755981700000,6.056465528609528,-9.81857293582255,35.70034007192816
hokkaido_30,2025-08-30,1756586004000,6.067813414509755,-13.66519004037604,45.52330139366646
hokkaido_30,2025-09-04,1757018500000,6.673785583933872,-11.001630023448367,35.70727234827096
hokkaido_30,2025-09-11,1757622805000,4.732503042108895,-12.980522017259917,45.51923611034048
hokkaido_30,2025-09-16,1758055301000,5.757963902605938,-10.847049261294268,35.71254312303332
hokkaido_30,2025-09-23,1758659605000,5.430205442675927,-12.310616430085906,45.52421626292537
hokkaido_30,2025-09-28,1759092101000,5.976920144564655,-11.07431268485098,35.71149249723093
hokkaido_30,2025-10-05,1759696405000,5.775029785336967,-13.651725307743211,45.522428442787486
hokkaido_30,2025-10-10,1760128901000,4.460433499920432,-10.362168954775127,35.69820400663262
hokkaido_30,2025-10-17,1760733205000,6.369998163917372,-13.160234600744168,45.5227607347663
hokkaido_30,2025-10-22,1761165701000,5.84231543323863,-10.917052088302858,35.703251325730186
hokkaido_30,2025-10-29,1761770005000,4.654194745312509,-12.87407545517373,45.52259894399932
hokkaido_30,2025-11-03,1762202501000,3.9002317057645794,-10.6651940241503,35.70078990914675
hokkaido_30,2025-11-10,1762806804000,4.550581114110876,-11.803289758839904,45.519780823982764
hokkaido_30,2025-11-15,1763239300000,5.746974690866726,-10.364578434192605,35.703676767335764
hokkaido_30,2025-11-22,1763843604000,2.2365238818556534,-12.84275285451254,45.50563206242339
hokkaido_30,2025-11-27,1764276099000,3.791934855321659,-11.03458347422899,35.70104313455786
hokkaido_30,2025-12-04,1764880402000,4.066585557622904,-11.783013283337613,45.51108655027547
hokkaido_30,2025-12-09,1765312898000,4.086433339469755,-9.53323195295638,35.69541774535169
hokkaido_30,2025-12-16,1765917201000,2.6642485045142,-13.071660170426497,45.510370022760995
hokkaido_30,2025-12-21,1766349697000,6.219847283652601,-8.216223609146473,35.692745912197836
hokkaido_30,2025-12-28,1766954000000,2.887615379856329,-12.424876285112914,45.51783502417318
hokkaido_30,2026-01-02,1767386495000,4.954813944343562,-8.926369465255977,35.69372805481512
hokkaido_30,2026-01-09,1767990799000,2.5400375340109766,-12.732864653597323,45.51957673666284
hokkaido_30,2026-01-14,1768423294000,2.594300972597201,-11.05762893810328,35.697570144190934
hokkaido_30,2026-01-26,1769460094000,0.8295222150439316,-10.129873853568117,35.70327523545538
hokkaido_30,2026-02-02,1770064397000,-0.3104110510146798,-12.788200663567865,45.50924786850631
hokkaido_30,2026-02-07,1770496893000,0.32166479811109144,-11.431256815234072,35.704701419985184
hokkaido_30,2026-02-14,1771101196000,-0.61085917458157,-12.802649076611981,45.519383306021645
hokkaido_30,2026-02-19,1771533692000,0.04625372027931716,-11.71432076654545,35.70362266190584
hokkaido_30,2026-02-26,1772137996000,1.1898349958487062,-13.626969627549455,45.52322097022323
hokkaido_30,2026-03-03,1772570492000,5.157294507865354,-10.975276546909585,35.70552495772659
hokkaido_30,2026-03-10,1773174796000,2.7554602570456823,-13.598333798560482,45.52292076342033
hokkaido_30,2026-03-15,1773607292000,4.026191568102108,-12.14024922982373,35.7034343409808
hokkaido_30,2026-03-22,1774211596000,2.6892084661254074,-11.852182195324213,45.520225645195985
hokkaido_30,2026-04-03,1775248396000,2.4089650555055564,-13.067216976216692,45.516581482143316
hokkaido_30,2026-04-08,1775680892000,3.914995008745087,-8.710024184810914,35.705007107602576
hokkaido_30,2026-04-15,1776285196000,3.1540306295498453,-13.526325065477439,45.509380238686255
hokkaido_30,2026-04-20,1776717693000,3.8687669933260542,-9.082550879481433,35.69600724498544
hokkaido_30,2026-04-27,1777321996000,2.9492434074721983,-12.215016225982309,45.509302985665784
hokkaido_30,2026-05-02,1777754492000,5.544430167508457,-10.171842374271968,35.69232014765202
hokkaido_30,2026-05-09,1778358796000,6.4370625776027985,-12.910603756699349,45.51129510346291
hokkaido_30,2026-05-14,1778791292000,1.16317677999736,-13.414822040116455,35.68972743500874
hokkaido_30,2026-05-21,1779395595000,2.8885704488460067,-13.95292813120753,45.50885464105554
